native_code,learner_code,url,article_id,title,published_date,grade,school_stage,genre_label,source_label,han_count,topic_tier,topic_score,status,reason,text_hash,query,nominal_length
NY2,Y2,https://www.zuowen.com/e/20120522/4fbb7662c0239.shtml,2245096,“心”的教育方式,2012-05-22,高一,高中,议论文,作文网原创,348,精确,119,入选,,fee1760e2145192a0f36750e21ac965f1a4434f740ec4c02ebaa16c81cbbde44,高中栏目:https://www.zuowen.com/gaozhong/gaoyi/yilunwen/,350
NY2,Y2,https://www.zuowen.com/e/20090926/4b8bd34a67573.shtml,1048870,心心相印,2009-09-26,高三,高中,议论文,网络资源,550,精确,114,入选,,037c90ec0744b076ef7ba18e23e1594b8ef1b6ca6e9d24cbc231fd5ee3c265df,高中栏目:https://www.zuowen.com/gaozhong/gaosan/yilunwen/,650
NY2,Y2,https://www.zuowen.com/e/20100420/4bcdc2fc85bed.shtml,1478515,在孩子的角度谈教育问题,2010-04-20,高一,高中,议论文,作文网,1666,精确,118,拒绝,正文汉字数超出200-787,1a0a4047af04b6c72f822ccbdc1a2bca72c0d113a0b527ced98f6dee542d8b4b,高中栏目:https://www.zuowen.com/gaozhong/gaoyi/yilunwen/,1500
NY2,Y2,https://www.zuowen.com/e/20140102/52c57d1f8ef9d.shtml,2592223,“杯”聚人生,2014-01-02,高一,高中,议论文,作文网原创,681,不匹配,11,拒绝,主题不匹配,4d32e6d6d4f51348f85c699fe99e34eefe7ce60670ea3de243f0e6d4530496bb,高中栏目:https://www.zuowen.com/gaozhong/gaoyi/yilunwen/,800
NY2,Y2,https://www.zuowen.com/e/20180424/5adf351f756c4.shtml,2971463,勿忘初心,2018-04-24,高三,高中,话题作文,作文网高中作文文库（作文网原创）,685,不匹配,2,拒绝,体裁不是议论文,7886e07c87c457faa9d98aaeb6c9c467717614c6e6247ba224a1522e830db098,高中作文文库:https://www.zuowen.com/wk/gz-0-6-18-0-2.html,750
NY2,Y2,https://www.zuowen.com/e/20190729/5d3eb223a1da2.shtml,,高一议论文作文：致富与学历,2019-07-29,,,,作文网高中年级栏目,0,,0.0,失败,未找到 con_content 正文,,高中栏目:https://www.zuowen.com/gaozhong/gaoyi/yilunwen/,650
NY2,Y2,https://www.zuowen.com/e/20250515/68258a340bc51.shtml,3348645,高一议论文：“杯”聚人生,2025-05-15,高一,高中,议论文,网络转载,681,不匹配,11,拒绝,主题不匹配,4d32e6d6d4f51348f85c699fe99e34eefe7ce60670ea3de243f0e6d4530496bb,高中栏目:https://www.zuowen.com/gaozhong/gaoyi/yilunwen/,800
NY2,Y2,https://www.zuowen.com/e/20250603/683e5e35b942a.shtml,3349876,高二议论文：论惩戒 12,2025-06-03,高二,高中,议论文,网络转载,820,精确,114,拒绝,正文汉字数超出200-787,ccf0ffcfc62414fe5d7e95b4ebb7cca8f2f4d93a1b6979e89885d2c15f379942,高中栏目:https://www.zuowen.com/gaozhong/gaoer/yilunwen/,900
NY2,Y2,https://www.zuowen.com/e/20140902/540578296b462.shtml,2719440,2014年开学第一课观后感：父母应该教给孩子什么,2014-09-02,未标注,未核验,,作文网整理,945,精确,118,拒绝,面包屑不属于允许的高中或初中备选作文,e09bf67430a091b0b08fbb67ef45d795fba69be649fbf397e790571b077be123,父母是孩子的第一任老师,1200
NY2,Y2,https://www.zuowen.com/e/20140916/5417e9919b5af.shtml,2722282,[开学第一课]父母，我们的老师,2014-09-16,初一,未核验,,作文网原创,527,精确,116,拒绝,面包屑不属于允许的高中或初中备选作文,1c85564e0c8754d4bfc94f9f31b067e7fabed47f63e505ed2af6a0b56a5e3e8d,父母是孩子的第一任老师,600
NY2,Y2,https://www.zuowen.com/e/20090922/4b8bd314926cb.shtml,1028122,留一道缝隙,2009-09-22,高一,高中,议论文,网络资源,542,不匹配,11,拒绝,主题不匹配,1e78ac08f72fed628a658a0257d358f7ef77c897fafd23b2cdd75eefe813bfc9,高中栏目:https://www.zuowen.com/gaozhong/gaoyi/yilunwen/,600
NY2,Y2,https://www.zuowen.com/e/20120409/4f823dad2a0ed.shtml,2218346,没有最好，只有最合适,2012-04-09,高一,高中,议论文,作文网原创,796,近似,87,拒绝,正文汉字数超出200-787,6c19f491a9c3c6d53e60586bb5c0b0ac9d1e657a92ccd35741d50656592009d4,高中栏目:https://www.zuowen.com/gaozhong/gaoyi/yilunwen/,900
NY2,Y2,https://www.zuowen.com/e/20090919/4b8bd00b05281.shtml,1013617,人生应记住的五句话,2009-09-19,高三,高中,议论文,网络资源,782,不匹配,9,拒绝,主题不匹配,8776727918bb4b63def3ef70ba160d0e7e19b201f0053a4b6f12a01310e68215,高中栏目:https://www.zuowen.com/gaozhong/gaosan/yilunwen/,800
NY2,Y2,https://www.zuowen.com/e/20090921/4b8bd30c05cc7.shtml,1024111,决定人生命运的5句话,2009-09-21,高三,高中,议论文,网络资源,1485,宽泛,29,拒绝,正文汉字数超出200-787,f3f7e2f86d5f7dba3060bede574259c00c12ac0a3e97181d400be3be3c25dafe,高中栏目:https://www.zuowen.com/gaozhong/gaosan/yilunwen/,1500
NY2,Y2,https://www.zuowen.com/e/20140630/53b165d0acc4c.shtml,2698181,印记,2014-06-30,高三,高中,议论文,作文网原创,1418,近似,85,拒绝,正文汉字数超出200-787,6f721822732524b832db5e60681d73e0383e7c7a2babdfe872d14fd89357bd1d,高中栏目:https://www.zuowen.com/gaozhong/gaosan/yilunwen/,1500
NY2,Y2,https://www.zuowen.com/e/20141222/54979ef847045.shtml,2740048,孤独为伴,2014-12-22,高二,高中,议论文,作文网原创,971,宽泛,41,拒绝,正文汉字数超出200-787,e90e4fd69801230c44a5519ace8a959d4f0bf3eda4f3c428decc26dfe949fa6d,高中栏目:https://www.zuowen.com/gaozhong/gaoer/yilunwen/,1200
NY2,Y2,https://www.zuowen.com/e/20190710/5d258ce804bd8.shtml,3023994,高二议论文作文：父与虎,2019-07-10,高二,高中,议论文,网络资源,982,近似,86,拒绝,正文汉字数超出200-787,f6320737b45748a88b483594a872bfec16a93dc578b485d6f5b3e7b75208f7e6,高中栏目:https://www.zuowen.com/gaozhong/gaoer/yilunwen/,1000
NY2,Y2,https://www.zuowen.com/e/20210306/604390ebe230f.shtml,3118455,高三议论文：父母老师的成长教育,2021-03-06,高三,高中,议论文,网络资源,749,精确,130,入选,,a6e33ebaab85a8974279f59d9f63473d2a0b229db8386751ac216cf159f02674,高中栏目:https://www.zuowen.com/gaozhong/gaosan/yilunwen/,800
NY2,Y2,https://www.zuowen.com/e/20210306/604390e70f7f6.shtml,3118454,高三议论文：家教如土，师教如雨,2021-03-06,高三,高中,议论文,网络资源,771,近似,90,候选,,7fb88966b96d2f77aed773433b1ff1accebc544d2aed3286f2d528dc79405ac6,高中栏目:https://www.zuowen.com/gaozhong/gaosan/yilunwen/,800
NY2,Y2,https://www.zuowen.com/e/20230211/63e780fc59177.shtml,3203549,高一议论文：里边·外边,2023-02-11,高一,高中,议论文,网络资源,559,宽泛,32,入选,,15a6a002ef6d32712f2938e3c64ea365d6470e2937bb244090c6e60bdacae664,高中栏目:https://www.zuowen.com/gaozhong/gaoyi/yilunwen/,650
NY2,Y2,https://www.zuowen.com/e/20250610/68479b4e1f0a0.shtml,3351170,高三议论文：家风 4,2025-06-10,高三,高中,议论文,网络转载,775,近似,92,候选,,2f2fc55aafebeda58b88c074c951e69abb7d7abd8ffa183600c426af21047f76,高中栏目:https://www.zuowen.com/gaozhong/gaosan/yilunwen/,800
NY2,Y2,https://www.zuowen.com/e/20250610/68479af26d3aa.shtml,3351167,高三议论文：家风 1,2025-06-10,高三,高中,议论文,网络转载,876,近似,87,拒绝,正文汉字数超出200-787,cabe15059905c9076aa46cdbd6433d0cefdd631f6c2bcc3e8b241119b650edc7,高中栏目:https://www.zuowen.com/gaozhong/gaosan/yilunwen/,1000
NY2,Y2,https://www.zuowen.com/e/20250610/68479b2b9cc1a.shtml,3351169,高三议论文：家风 3,2025-06-10,高三,高中,议论文,网络转载,699,近似,87,拒绝,标准化题目重复,98ee3f4cd0b7ae99f75065e6ca52a73b6d74ac0c2ff110d9e64d593ad5cf5e96,高中栏目:https://www.zuowen.com/gaozhong/gaosan/yilunwen/,800
NY2,Y2,https://www.zuowen.com/e/20250610/68479b696b9de.shtml,3351171,高三议论文：家风 5,2025-06-10,高三,高中,议论文,网络转载,765,近似,85,拒绝,标准化题目重复,f4c2e706a9236e70c6f7f7866cba1256fba3c6f8b80f14fc9e1ead54f339a856,高中栏目:https://www.zuowen.com/gaozhong/gaosan/yilunwen/,800
NY2,Y2,https://www.zuowen.com/e/20250603/683e5d40b457e.shtml,3349869,高二议论文：论惩戒 5,2025-06-03,高二,高中,议论文,网络转载,771,近似,85,入选,,313c79ca23ccc923d61a8652eea2bc7a1aabbf57607815df7d71b35bdc22fdfc,高中栏目:https://www.zuowen.com/gaozhong/gaoer/yilunwen/,900
NY2,Y2,https://www.zuowen.com/e/20120808/5021f85f60101.shtml,2298876,言传身教,2012-08-08,未标注,未核验,,作文网原创,355,近似,78,拒绝,面包屑不属于允许的高中或初中备选作文,7816176d7bb781d7e526c0edf07d3a1bb7feae0e3dd8bf8637c5d1d3bfe78872,言传身教,450
NY2,Y2,https://www.zuowen.com/e/20141023/5448c1715618a.shtml,2729794,好家风伴我成长,2014-10-23,初二,未核验,,作文网原创,1156,近似,94,拒绝,面包屑不属于允许的高中或初中备选作文,e2ed30cb94186154466d80d6fd6ea7109caef85be0e81c5a1bd89008026680b4,高中 家风,1200
NY2,Y2,https://www.zuowen.com/e/20141010/543782afb6b16.shtml,2725797,好家风给我的教育,2014-10-10,初二,初中,叙事作文,作文网原创,665,近似,88,拒绝,面包屑不属于允许的高中或初中备选作文,d32b1f42860cacb2f2c85eeca20634e46586c9b37f9d753e0c534dc5134c21b4,高中 家风,800
NY2,Y2,https://www.zuowen.com/e/20140417/534f7fc710a90.shtml,2658010,我的好家风,2014-04-17,未标注,未核验,话题作文,转载,654,近似,88,拒绝,面包屑不属于允许的高中或初中备选作文,7cf2cb249607c647e49a57ead24b902bdbcd2766031d2bef35b6cc1000c0c96c,高中 家风,750
NY2,Y2,https://www.zuowen.com/e/20140531/53899cb1a08d0.shtml,2683433,家风,2014-05-31,未标注,未核验,,作文网原创,401,近似,86,拒绝,面包屑不属于允许的高中或初中备选作文,0b8e2e620d7c2367410d71b05dbd2a0236ec9bd0e57ead537d8064f4607b69ff,高中 家风,450
NY2,Y2,https://www.zuowen.com/e/20140923/54211fc96cec9.shtml,2724166,我家的家风,2014-09-23,未标注,未核验,叙事作文,作文网原创,510,近似,86,拒绝,面包屑不属于允许的高中或初中备选作文,a2ef5fecfb1089ac5d81a80f3aa24292dc2845bda39e90ec7ceee93e65c0a0ae,高中 家风,600
NY2,Y2,https://www.zuowen.com/e/20141205/548118e936ab9.shtml,2736610,家风伴我成长,2014-12-05,未标注,未核验,叙事作文,作文网原创,559,近似,85,拒绝,面包屑不属于允许的高中或初中备选作文,675a18ec1868caa7c7a3757ce39f44bc057733d9fc59b383e56dd5468966b916,高中 家风,650
NY2,Y2,https://www.zuowen.com/e/20141205/54817877ad5c3.shtml,2736822,家风伴我成长,2014-12-05,未标注,未核验,,作文网原创,457,近似,86,拒绝,面包屑不属于允许的高中或初中备选作文,e8267d593b2b92a0d3bdb03b69e8f56a363d39e45ee6bffef9fb001217dc3f82,高中 家风,500
NY2,Y2,https://www.zuowen.com/e/20141202/547d193698a03.shtml,2735565,家风伴我成长,2014-12-02,未标注,未核验,,作文网原创,541,近似,85,拒绝,面包屑不属于允许的高中或初中备选作文,c1c45945cba91b6b8d031508a83a11fedd116b514d6f4431cf3cd7369b1171a6,高中 家风,650
NY2,Y2,https://www.zuowen.com/e/20140421/5354c9fcc81e0.shtml,2661858,我家的家风,2014-04-21,未标注,未核验,叙事作文,作文网原创,646,近似,81,拒绝,面包屑不属于允许的高中或初中备选作文,fb285b6079d63b3f7e7b8bdd2a87920b3be9b47260261442331f9bb95a733a1c,高中 家风,750
NY2,Y2,https://www.zuowen.com/e/20140829/54005b1a23089.shtml,2718859,家训、家风伴我成长,2014-08-29,初二,初中,,作文网整理,911,精确,118,拒绝,面包屑不属于允许的高中或初中备选作文,65fb3e23d07574d09a99576e6ea97582303582df8c30361dadb59ed739f5a0d1,高中 家风,
NY2,Y2,https://www.zuowen.com/e/20141128/54782ee8ef5f4.shtml,2735304,好家风成就了我,2014-11-28,未标注,未核验,,作文网原创,786,近似,88,拒绝,面包屑不属于允许的高中或初中备选作文,a52ce8cca1a34a52641c9c70309b0b961f88125b2ded0da2488e33c82c4556b3,高中 家风,900
NY2,Y2,https://www.zuowen.com/e/20150204/54d1906829a57.shtml,2747652,晒家风,2015-02-04,初二,初中,叙事作文,作文网原创,464,近似,87,拒绝,面包屑不属于允许的高中或初中备选作文,77d1ca883fb9182c7705295f86ea9e1993c5ad1c4404d609d696dc23df44463d,高中 家风,500
NY2,Y2,https://www.zuowen.com/e/20150303/54f5be39c04ee.shtml,2748932,优良家风的好处,2015-03-03,初二,初中,议论文,作文网原创,545,近似,85,拒绝,面包屑不属于允许的高中或初中备选作文,6311ce3f5b63505dc7912f5cf0931a04852bc428a8b3abcdab6b03d3051f8e8c,高中 家风,700
NY2,Y2,https://www.zuowen.com/e/20150811/55c9a8b7bfe97.shtml,2783937,我的好家风,2015-08-11,初三,初中,叙事作文,作文网原创,1105,近似,88,拒绝,面包屑不属于允许的高中或初中备选作文,5724b0ed9c073a8b6e2cc6c655c09d644226a3c57037c68c86aa50f812c282e3,高中 家风,1200
NY2,Y2,https://www.zuowen.com/e/20150511/55507d3f975a2.shtml,2768257,家风,2015-05-11,未标注,未核验,,作文网原创,198,近似,85,拒绝,面包屑不属于允许的高中或初中备选作文,4fe9cec0f3f948e1af76fc1a686b25da8b75e3aa10e16a3b81e442f9dabcf3b3,高中 家风,300
NY2,Y2,https://www.zuowen.com/e/20150126/54c5f9638128c.shtml,2746079,我家的家风,2015-01-26,未标注,未核验,,作文网原创,953,近似,87,拒绝,面包屑不属于允许的高中或初中备选作文,4f4b7793eb302c2a343678fa7830275e0394185a21774ad406523dea53deb5a2,高中 家风,1200
NY2,Y2,https://www.zuowen.com/e/20150710/559fd3765965a.shtml,2778995,家风伴我成长,2015-07-10,初一,未核验,,作文网原创,799,近似,84,拒绝,面包屑不属于允许的高中或初中备选作文,275469c46a35c5150fb9faff753a58227f17d124b8041cdc63946cf9865f6f26,高中 家风,900
NY2,Y2,https://www.zuowen.com/e/20150811/55c9a7dae2cfa.shtml,2783921,我说我的家风家训,2015-08-11,未标注,未核验,叙事作文,作文网原创,592,近似,87,拒绝,面包屑不属于允许的高中或初中备选作文,7956c19ce14d90d4424a0b8ea2f4de1386d1a41554cb86fc093e258e68b9cec5,高中 家风,650
NY2,Y2,https://www.zuowen.com/e/20150413/552b8731181d2.shtml,2758865,我家的家风家训,2015-04-13,未标注,未核验,,作文网原创,521,近似,86,拒绝,面包屑不属于允许的高中或初中备选作文,904e036f5c91fd5cca35e5082b4564bdc24eb3c11bdc6e90a1177e0446ecca6d,高中 家风,600
NY2,Y2,https://www.zuowen.com/e/20160108/568f7245d0b1a.shtml,2802624,议论文论据：家风,2016-01-08,未标注,未核验,议论文,作文网整理,885,近似,88,拒绝,面包屑不属于允许的高中或初中备选作文,ef29a9b275773d6be59b5faaa07952def88686ee1672c63241d91bd718fe5bdc,高中 家风,
NY2,Y2,https://www.zuowen.com/e/20160509/572f6f5d95fd9.shtml,2917360,好家风伴我行,2016-05-09,初二,初中,,作文网原创,899,近似,86,拒绝,面包屑不属于允许的高中或初中备选作文,67f47f83e146525a58470b901d31ea70581e0e3914f5c91c81903f8981585dfa,高中 家风,1200
NY2,Y2,https://www.zuowen.com/e/20161229/586476f18ef58.shtml,2939055,我的家风,2016-12-29,未标注,未核验,,作文网原创,387,近似,83,拒绝,面包屑不属于允许的高中或初中备选作文,f41dd329d421314182bf6ea031d76d811f3d6b72681514a96936884f33bbd892,高中 家风,550
NY2,Y2,https://www.zuowen.com/e/20160221/56c9454067af2.shtml,2887124,我们的家风,2016-02-21,未标注,未核验,,作文网原创,474,近似,84,拒绝,面包屑不属于允许的高中或初中备选作文,b79dbeb23408c28452f5c2560f64eb1286de177a7307cacbcef3ffd007d8fc66,高中 家风,550
NY2,Y2,https://www.zuowen.com/e/20160525/57456708a0b62.shtml,2919336,我的家风故事,2016-05-25,未标注,未核验,,作文网原创,956,近似,82,拒绝,面包屑不属于允许的高中或初中备选作文,304e94d76e8c51de8111c4ee57a0de6477db7e893d525fca336d656da7783b6d,高中 家风,1200
NY2,Y2,https://www.zuowen.com/e/20160316/56e981561b5ac.shtml,2912458,家风,2016-03-16,高一,高中,叙事作文,作文网原创,700,近似,84,拒绝,体裁不是议论文,1e480254368e69c11f80232722f148b467898c24dd225d977f3ef4f1b76b3e39,高中 家风,800
NY2,Y2,https://www.zuowen.com/e/20170810/598bc2aab2039.shtml,2951402,家风,2017-08-10,未标注,未核验,话题作文,本站原创,807,近似,88,拒绝,面包屑不属于允许的高中或初中备选作文,1aa6d2ab8ccfb524284314305f6a8d530df009dfc8dd9bdf9bbbbb6fd7a1e7c6,高中 家风,900
NY2,Y2,https://www.zuowen.com/e/20170808/59892a3c9454f.shtml,2951270,家风,2017-08-08,未标注,未核验,,作文网原创,813,近似,88,拒绝,面包屑不属于允许的高中或初中备选作文,588c0a6dc0f8aee15f9c0a1fdb66223156bd0c6435243334600a0d9cfc88781e,高中 家风,900
NY2,Y2,https://www.zuowen.com/e/20170414/58f07d4caed6c.shtml,2944155,家风家训?言传身教,2017-04-14,初一,未核验,,作文网原创,701,近似,92,拒绝,面包屑不属于允许的高中或初中备选作文,dc9b21ddd18713bcece96ed10be70c6f9440d4b164121160cc90e94d5acfeb90,言传身教,800
NY2,Y2,https://www.zuowen.com/e/20170922/59c4c367d2dcc.shtml,2953973,我的家风故事,2017-09-22,初一,初中,叙事作文,本站原创,961,近似,87,拒绝,面包屑不属于允许的高中或初中备选作文,8194434f51f1cde80bb0299a70eca48eda9f1811983bf6f5ac7b40ece3f5e1f5,高中 家风,1000
NY2,Y2,https://www.zuowen.com/e/20170320/58cf9e827dcf7.shtml,2942680,我的家风家训,2017-03-20,未标注,未核验,,作文网原创,279,近似,86,拒绝,面包屑不属于允许的高中或初中备选作文,75aa71da17085ff45e6f1d263fc2591a8be77633d31507be62ad90b295a7e682,高中 家风,300
NY2,Y2,https://www.zuowen.com/e/20170310/58c26f1899efb.shtml,2942270,说说我的家风,2017-03-10,未标注,未核验,,作文网原创,856,近似,89,拒绝,面包屑不属于允许的高中或初中备选作文,82aaf4525b764bbbade744830a58ccc7241b9e2a755a4224d303f85511ce40a7,高中 家风,1000
NY2,Y2,https://www.zuowen.com/e/20170209/589c2e5a406d7.shtml,2940844,好家风好家训,2017-02-09,初二,未核验,,作文网原创,660,近似,82,拒绝,面包屑不属于允许的高中或初中备选作文,7a248ae32e4e12307ac423464d2dc9b7422cc823036d53cea3b76dcb9ed51b43,高中 家风,750
NY2,Y2,https://www.zuowen.com/e/20180131/5a715b7f3a895.shtml,2964158,家风家训•言传身教,2018-01-31,未标注,未核验,,本站原创,701,近似,92,拒绝,面包屑不属于允许的高中或初中备选作文,d4b773d893b5f1044663b79f3b09690343235fba2d38f1d68b02d968516715fe,言传身教,750
NY2,Y2,https://www.zuowen.com/e/20180131/5a715d6ca71ce.shtml,2964166,我的家风故事,2018-01-31,未标注,未核验,,本站原创,961,近似,87,拒绝,面包屑不属于允许的高中或初中备选作文,8194434f51f1cde80bb0299a70eca48eda9f1811983bf6f5ac7b40ece3f5e1f5,高中 家风,1000
NY2,Y2,https://www.zuowen.com/e/20180131/5a715d9f618b5.shtml,2964167,我家的家风,2018-01-31,未标注,未核验,,本站原创,618,近似,87,拒绝,面包屑不属于允许的高中或初中备选作文,35ade12b01b887d2961520a3426781f82f4f547fc0776bcd59ed47a22d3d111c,高中 家风,700
NY2,Y2,https://www.zuowen.com/e/20180131/5a715f808216d.shtml,2964169,好家风激励我成长,2018-01-31,未标注,未核验,,本站原创,673,近似,90,拒绝,面包屑不属于允许的高中或初中备选作文,066d1c4f69d82e7fab33ccba958588931fe47ea07fce17ea3a9dee40377f0ab5,高中 家风,750
NY2,Y2,https://www.zuowen.com/e/20180131/5a715ba851891.shtml,2964159,我的家风家训,2018-01-31,未标注,未核验,,本站原创,273,近似,85,拒绝,面包屑不属于允许的高中或初中备选作文,bef916fe9e75c42d36d532a00d8a830fb35e7e2952840442371c890330f58657,高中 家风,300
NY2,Y2,https://www.zuowen.com/e/20180911/5b978a31a842d.shtml,3009255,时事论据：家风,2018-09-11,未标注,未核验,,作文网整理,665,近似,88,拒绝,面包屑不属于允许的高中或初中备选作文,16ab3afc4c001374aedd824cb7d46e38d348d25cce2fa52d50b83ad832dd94f2,高中 家风,750
NY2,Y2,https://www.zuowen.com/e/20181123/5bf7b2cfb98a5.shtml,3012887,我家的家风家训,2018-11-23,未标注,未核验,,本站原创,312,近似,85,拒绝,面包屑不属于允许的高中或初中备选作文,52e89e9a328642fe9bffdf802746d549593a9e226e554404dd0861c37c0f97e4,高中 家风,350
NY2,Y2,https://www.zuowen.com/e/20180122/5a65824d66706.shtml,2963267,我的家风,2018-01-22,未标注,未核验,叙事作文,本站原创,382,近似,83,拒绝,面包屑不属于允许的高中或初中备选作文,4b6a0447af62f6e2acfc88fe424784ad5f2965f3e5e9f5f88aeb3e5260178a07,高中 家风,400
NY2,Y2,https://www.zuowen.com/e/20180313/5aa7915adfff1.shtml,2967409,我家的家风,2018-03-13,初一,未核验,,作文网原创,531,近似,89,拒绝,面包屑不属于允许的高中或初中备选作文,2d77e813a57f3612386fb83af1d0995b0da3bc965a89e9cb8150abfada2d5614,高中 家风,600
NY2,Y2,https://www.zuowen.com/e/20180419/5ad7f45f72e5e.shtml,2970645,家风,2018-04-19,未标注,未核验,,作文网原创,581,不匹配,5,拒绝,面包屑不属于允许的高中或初中备选作文,ce3c6a31590f4ac84ec6f0f6d513d206c85c9b9e24be92979625497a23e4eb1e,高中 家风,700
NY2,Y2,https://www.zuowen.com/e/20180619/5b286e90781dc.shtml,2981987,家风,2018-06-19,未标注,未核验,,本站原创,378,近似,86,拒绝,面包屑不属于允许的高中或初中备选作文,ef750b6aea56c25924b6b52a3326d63f299b7e054c6b36b19304b12b67e8114a,高中 家风,450
NY2,Y2,https://www.zuowen.com/e/20181123/5bf7b1ce62322.shtml,3012885,家风伴我成长,2018-11-23,未标注,未核验,话题作文,本站原创,471,近似,87,拒绝,面包屑不属于允许的高中或初中备选作文,18d5fe6247953c66339fc164e35c787fa368171e8d1d4d0756f147c5a1fc82b6,高中 家风,550
NY2,Y2,https://www.zuowen.com/e/20180131/5a715cb4caba2.shtml,2964162,我家的家风家训,2018-01-31,未标注,未核验,,本站原创,1054,近似,84,拒绝,面包屑不属于允许的高中或初中备选作文,0449de9fcaccc0f6efd1cc2db679d3ad309e858a1e03e2a6b7be95422260b902,高中 家风,1200
NY2,Y2,https://www.zuowen.com/e/20180408/5ac9c331e0bce.shtml,2969269,家风，家教，家训,2018-04-08,未标注,未核验,,本站原创,657,近似,88,拒绝,面包屑不属于允许的高中或初中备选作文,b710fde1fc314ec96fab7665cbdeea5e733d18cdf2d2da79fb5def02a5df8e13,高中 家风,750
NY2,Y2,https://www.zuowen.com/e/20200128/5e303096b8a62.shtml,3051593,关于家风家训 的作文：家风,2020-01-28,未标注,未核验,,网络资源,368,近似,87,拒绝,面包屑不属于允许的高中或初中备选作文,0d770e0637162bfd9a9bd27920b40f048c29347ffbb0dc6cdfb8775964e91c12,高中 家风,450
NY2,Y2,https://www.zuowen.com/e/20200128/5e302c52ad996.shtml,3051571,关于家风家训 的作文：我家家风家训,2020-01-28,未标注,未核验,,网络资源,601,近似,89,拒绝,面包屑不属于允许的高中或初中备选作文,61a81bb2c78dbaddd95d8847bca8eac9c0e117b37e6b023c44f9ba4c31842f4e,高中 家风,700
NY2,Y2,https://www.zuowen.com/e/20200312/5e6a0d8251fe9.shtml,3066375,关于风的作文：家风,2020-03-12,未标注,未核验,,网络资源,547,近似,87,拒绝,面包屑不属于允许的高中或初中备选作文,a0b2503f424aa7f75d3ee9b2adae9bcc3247847688a6c6d79d2b36a17bb1cbb4,高中 家风,650
NY2,Y2,https://www.zuowen.com/e/20200128/5e302bd2355b6.shtml,3051568,关于家风家训 的作文：我家的家风家训,2020-01-28,未标注,未核验,,网络资源,487,近似,89,拒绝,面包屑不属于允许的高中或初中备选作文,ce0527d8f0db2e1dbccd3a58b91900406a093dbcea9efd289366b0650a99756f,高中 家风,550
NY2,Y2,https://www.zuowen.com/e/20200128/5e30318eaca96.shtml,3051597,关于家风家训 的作文：家风伴我成长,2020-01-28,未标注,未核验,,网络资源,468,近似,88,拒绝,面包屑不属于允许的高中或初中备选作文,7372224dbc1300bd5ddfd5dbef19c40d1389acb7b2669bea2d9ff34beb9a7100,高中 家风,550
NY2,Y2,https://www.zuowen.com/e/20200128/5e3033f1a6189.shtml,3051608,关于家风家训 的作文：家风家训家规,2020-01-28,未标注,未核验,,网络资源,436,近似,85,拒绝,面包屑不属于允许的高中或初中备选作文,c1248cb0ed834c968963cfa09a0116a37f4b25d8d0fbec277d070c771b660917,高中 家风,500
NY2,Y2,https://www.zuowen.com/e/20200128/5e30354ac9f3f.shtml,3051618,关于家风家训 的作文：家风家训,2020-01-28,未标注,未核验,,网络资源,662,近似,86,拒绝,面包屑不属于允许的高中或初中备选作文,a49b1d4217dfa02ac563f650c706b9894721aeac3d6ab696e0c5db2e6bd4e41f,高中 家风,800
NY2,Y2,https://www.zuowen.com/e/20200128/5e302c33690ae.shtml,3051570,关于家风家训 的作文：我家家风家训,2020-01-28,未标注,未核验,,网络资源,586,近似,89,拒绝,面包屑不属于允许的高中或初中备选作文,3b89b7c9f6709b346e898cc1a838ee04761cb76ff1e17e81442eee2d02224d59,高中 家风,650
NY2,Y2,https://www.zuowen.com/e/20200128/5e302c6d9a084.shtml,3051572,关于家风家训 的作文：我家家风家训,2020-01-28,未标注,未核验,,网络资源,511,近似,87,拒绝,面包屑不属于允许的高中或初中备选作文,b461809fc5b2598c1ea927031e3f1e18efbd2134ddbfc88690fcf30c619b1906,高中 家风,600
NY2,Y2,https://www.zuowen.com/e/20200128/5e302cb86184b.shtml,3051574,关于家风家训 的作文：时光流转家风永传,2020-01-28,未标注,未核验,,网络资源,886,近似,86,拒绝,面包屑不属于允许的高中或初中备选作文,8ee4fb380c745d34ed45dec6be2b118f1e7235e895747636e00e97688708e624,高中 家风,1000
NY2,Y2,https://www.zuowen.com/e/20200128/5e302dab1e897.shtml,3051580,关于家风家训 的作文：我的家风家训,2020-01-28,未标注,未核验,,网络资源,553,精确,117,拒绝,面包屑不属于允许的高中或初中备选作文,076fb73e0e39bc9790c12f66a98fd490a9da21cf24d8d19c444afd11fe74ec2a,高中 家风,650
NY2,Y2,https://www.zuowen.com/e/20200128/5e302ec946133.shtml,3051584,关于家风家训 的作文：家风,2020-01-28,未标注,未核验,,网络资源,841,近似,87,拒绝,面包屑不属于允许的高中或初中备选作文,b2ceee699d38ce2829218cd92dff19a47f6d3527820515824db3f401264c805a,高中 家风,900
NY2,Y2,https://www.zuowen.com/e/20200128/5e302fd0ddae3.shtml,3051590,关于家风家训 的作文：家风助我成长,2020-01-28,未标注,未核验,,网络资源,644,近似,86,拒绝,面包屑不属于允许的高中或初中备选作文,d5adf4baca28e9ae0b8ae113e9ee8f5181196fda2f8e8863a22c9e544127d5ea,高中 家风,750
NY2,Y2,https://www.zuowen.com/e/20200128/5e303023cf301.shtml,3051592,关于家风家训 的作文：我的家风,2020-01-28,未标注,未核验,,网络资源,435,近似,87,拒绝,面包屑不属于允许的高中或初中备选作文,3057167ae20fe76b58fb12889c8cc38df1b90e849acbbeea34147578d260f188,高中 家风,500
NY2,Y2,https://www.zuowen.com/e/20200128/5e30346c0c316.shtml,3051611,关于家风家训 的作文：家风家训,2020-01-28,未标注,未核验,,网络资源,583,近似,86,拒绝,面包屑不属于允许的高中或初中备选作文,cbe9cbdb3a75720bcb42e0ae8c9f1931e6c80b2c7a8a87f97875f77ecda77247,高中 家风,700
NY2,Y2,https://www.zuowen.com/e/20200128/5e30360f62978.shtml,3051621,关于家风家训 的作文：家风家训,2020-01-28,未标注,未核验,,网络资源,568,近似,89,拒绝,面包屑不属于允许的高中或初中备选作文,25b7d6d5d4a68c54b8d28fd022604d23bb7897b0748954b8e5e1ea2dbc73ace2,高中 家风,650
NY2,Y2,https://www.zuowen.com/e/20200128/5e302d620681b.shtml,3051578,关于家风家训 的作文：我的家风家训,2020-01-28,未标注,未核验,,网络资源,543,近似,85,拒绝,面包屑不属于允许的高中或初中备选作文,0a5e1b87f0bc7bcdec8297d660cc38750275ca5729b5dd42a629400094c34a53,高中 家风,650
NY2,Y2,https://www.zuowen.com/e/20200128/5e302e1cf0aa2.shtml,3051583,关于家风家训 的作文：我的家风家训,2020-01-28,未标注,未核验,,网络资源,744,近似,87,拒绝,面包屑不属于允许的高中或初中备选作文,7c0307f0851fdd8c0feb6c1446d23654d334ba1b76372833a99786ef816bcb82,高中 家风,800
NY2,Y2,https://www.zuowen.com/e/20200128/5e302ef1e3da3.shtml,3051585,关于家风家训 的作文：家风,2020-01-28,未标注,未核验,,网络资源,668,近似,88,拒绝,面包屑不属于允许的高中或初中备选作文,e02839bdbff4295c07fb24242d5cde1a6ec34064ae1432539b90288959814607,高中 家风,800
NY2,Y2,https://www.zuowen.com/e/20200128/5e303353a83a3.shtml,3051604,关于家风家训 的作文：家风家训,2020-01-28,未标注,未核验,,网络资源,452,近似,86,拒绝,面包屑不属于允许的高中或初中备选作文,28da728c416d1f94d6441cfc34c7d22eef2e4a050fbf380abf45bb4489b011b2,高中 家风,550
NY2,Y2,https://www.zuowen.com/e/20200128/5e3034d484681.shtml,3051614,关于家风家训 的作文：家风家训,2020-01-28,未标注,未核验,,网络资源,892,近似,88,拒绝,面包屑不属于允许的高中或初中备选作文,774d77588e36e9a7e4b3a5a1a51b7227383eb2cac72b11be14942f2649ac13b8,高中 家风,1000
NY2,Y2,https://www.zuowen.com/e/20200128/5e303524c0892.shtml,3051617,关于家风家训 的作文：家风家训,2020-01-28,未标注,未核验,,网络资源,821,近似,86,拒绝,面包屑不属于允许的高中或初中备选作文,bac42b2319e61cb35f7ab2ec4feeb1dcf25d694e6127c0da8e52fad3f86fa58f,高中 家风,900
NY2,Y2,https://www.zuowen.com/e/20200128/5e3031b2de014.shtml,3051598,关于家风家训 的作文：我的家风,2020-01-28,未标注,未核验,,网络资源,191,近似,82,拒绝,面包屑不属于允许的高中或初中备选作文,b022e7ce029b65c68d115d6704be53d1ed96637ceed3fc375bc162e683035dbc,高中 家风,250
NY2,Y2,https://www.zuowen.com/e/20200128/5e30350be333b.shtml,3051616,关于家风家训 的作文：家风家训,2020-01-28,未标注,未核验,,网络资源,818,近似,87,拒绝,面包屑不属于允许的高中或初中备选作文,d6f23da8c8c357513fca32785b8eb0486650efdf20f299564327b13256f63e39,高中 家风,900
NY2,Y2,https://www.zuowen.com/e/20200128/5e3036797680b.shtml,3051623,关于家风家训 的作文：家风家训,2020-01-28,未标注,未核验,,网络资源,636,近似,85,拒绝,面包屑不属于允许的高中或初中备选作文,d9cedec7c78ff1523221868360657d8ccee1db032731095d485db1a407b2fb6a,高中 家风,750
NY2,Y2,https://www.zuowen.com/e/20200312/5e6a0d80a2aa1.shtml,3066374,关于风的作文：家风,2020-03-12,未标注,未核验,,网络资源,525,近似,86,拒绝,面包屑不属于允许的高中或初中备选作文,04bb6e89ba17095d743598032e68ff4b52baa40563cd87e9c17bee1ea772f736,高中 家风,600
NY2,Y2,https://www.zuowen.com/e/20200128/5e302fff356be.shtml,3051591,关于家风家训 的作文：家风,2020-01-28,未标注,未核验,,网络资源,719,近似,85,拒绝,面包屑不属于允许的高中或初中备选作文,054268509486fac417bdde9b8c13e01f3f3a3ba782f752ac972e75c127b94831,高中 家风,800
NY2,Y2,https://www.zuowen.com/e/20200128/5e3031f55113c.shtml,3051599,关于家风家训 的作文：文明家风伴我成长,2020-01-28,未标注,未核验,,网络资源,591,近似,83,拒绝,面包屑不属于允许的高中或初中备选作文,a5301f6491f5bd53f0c41069af2a786cbc91d75e286b92a501c93fd415f2a540,高中 家风,700
NY2,Y2,https://www.zuowen.com/e/20200128/5e3034993d0f0.shtml,3051612,关于家风家训 的作文：家风家训,2020-01-28,未标注,未核验,,网络资源,856,近似,88,拒绝,面包屑不属于允许的高中或初中备选作文,43d5f8123d4cfad287bd264195e99505f8b3f82ef9457bfde13bc0c5abaa62c7,高中 家风,1000
NY2,Y2,https://www.zuowen.com/e/20200128/5e3035f53b118.shtml,3051620,关于家风家训 的作文：家风家训,2020-01-28,未标注,未核验,,网络资源,681,近似,86,拒绝,面包屑不属于允许的高中或初中备选作文,3f80b8d7fe35784b6bfc60af0157d69de752d06e036d18af3f8bdafb62e1d3fc,高中 家风,800
NY2,Y2,https://www.zuowen.com/e/20200128/5e302d07b83b3.shtml,3051576,关于家风家训 的作文：我家家风家训,2020-01-28,未标注,未核验,,网络资源,987,近似,82,拒绝,面包屑不属于允许的高中或初中备选作文,8a5d2e866755203bb5e88566e7923003de2a88d56d23c88166038b9adffda43f,高中 家风,1200
NY2,Y2,https://www.zuowen.com/e/20200128/5e302de92a45f.shtml,3051582,关于家风家训 的作文：我的家风家训,2020-01-28,未标注,未核验,,网络资源,354,近似,80,拒绝,面包屑不属于允许的高中或初中备选作文,6f335d9edb6a715ce6e9854b1cacf7ea0c8e2fcc2b40997790a082cc5deeac20,高中 家风,400
NY2,Y2,https://www.zuowen.com/e/20200128/5e3030c41313d.shtml,3051594,关于家风家训 的作文：家风家训,2020-01-28,未标注,未核验,,网络资源,1075,近似,86,拒绝,面包屑不属于允许的高中或初中备选作文,f8547a87b026837f59faf63058a00e22c81b80581bc0dcb9401f3e0f62ae978b,高中 家风,1200
NY2,Y2,https://www.zuowen.com/e/20200128/5e3034b4de504.shtml,3051613,关于家风家训 的作文：家风家训,2020-01-28,未标注,未核验,,网络资源,821,近似,93,拒绝,面包屑不属于允许的高中或初中备选作文,039ab40d878df9a2b89c010f334a46e00fe93e9905c95473a015b08805e1cb7e,高中 家风,900
NY2,Y2,https://www.zuowen.com/e/20200128/5e30362961ea9.shtml,3051622,关于家风家训 的作文：家风家训,2020-01-28,未标注,未核验,,网络资源,568,近似,85,拒绝,面包屑不属于允许的高中或初中备选作文,de63e0cfed88f6d2641d03f8bf3a71a293ecd765bb74ed3d3670da55b9b859b7,高中 家风,700
NY2,Y2,https://www.zuowen.com/e/20090916/4b8bcfeca11c5.shtml,1002947,人生的驿站,2009-09-16,高三,高中,议论文,网络资源,692,扩展,65,入选,,b47c078361629aed1788ba00b025980befdc4330abdb2c20612c8bc56d713927,高中栏目:https://www.zuowen.com/gaozhong/gaosan/yilunwen/,800
NY2,Y2,https://www.zuowen.com/e/20090918/4b8bd005c9ca3.shtml,1011814,责任,2009-09-18,高三,高中,议论文,网络资源,699,扩展,57,入选,,a77f1222fc8dab5c5154718ff2ae2567f6e09e7f5aad173616923c735fb77236,高中栏目:https://www.zuowen.com/gaozhong/gaosan/yilunwen/,800
NY2,Y2,https://www.zuowen.com/e/20091013/4b8bd3bd94aa3.shtml,1091605,高中议论文范文： 议健康,2009-10-13,高三,高中,议论文,网络资源,500,扩展,62,拒绝,排除来源类别：范文,64043e6ce8912f8ef4144efea3ee79f9f6665649aae62fb6de1b0f029fa4a236,高中栏目:https://www.zuowen.com/gaozhong/gaosan/yilunwen/,550
NY2,Y2,https://www.zuowen.com/e/20120202/4f29f24ccaa02.shtml,2173969,在家长会上的演讲,2012-02-02,高一,高中,议论文,作文网原创,545,扩展,60,入选,,8d06dc6940c51b4104dab6dd03cc6ef0c32f6bfe7f3dec9ba695f241175343cf,高中栏目:https://www.zuowen.com/gaozhong/gaoyi/yilunwen/,650
NY2,Y2,https://www.zuowen.com/e/20090827/4b8bcea3df4b2.shtml,888646,教育,2009-08-27,高二,高中,议论文,网络资源,961,扩展,62,拒绝,正文汉字数超出200-787,0d901a8d446efad12744a181c2546f00e6e487b2a4e505868e0f8ad1cab15cac,高中栏目:https://www.zuowen.com/gaozhong/gaoer/yilunwen/,1200
NY2,Y2,https://www.zuowen.com/e/20090918/4b8bd004e473b.shtml,1011515,成长,2009-09-18,高三,高中,议论文,网络资源,535,宽泛,41,入选,,161c3baead2977db60e492320da5d4bf19e3bf755505209de70328ff7e376267,高中栏目:https://www.zuowen.com/gaozhong/gaosan/yilunwen/,600
NY2,Y2,https://www.zuowen.com/e/20091012/4b8bd3b778dee.shtml,1089198,高中议论文范文： 教育名牌能撑起一片蓝天,2009-10-12,高三,高中,议论文,网络资源,2192,扩展,58,拒绝,排除来源类别：范文,27a7ccf5243798e0227df544686ea4d3617f2290dff282d176e04f3d73393873,高中栏目:https://www.zuowen.com/gaozhong/gaosan/yilunwen/,2000
NY2,Y2,https://www.zuowen.com/e/20100507/4be3abf12f178.shtml,1485261,荡不起来的秋千,2010-05-07,高一,高中,议论文,作文网,518,不匹配,5,拒绝,主题不匹配,3ba9fd0213edbc5f1b6c33c6e228b622becb485942949d28b2509195929fdf67,高中栏目:https://www.zuowen.com/gaozhong/gaoyi/yilunwen/,600
NY2,Y2,https://www.zuowen.com/e/20111229/4efc36c24a462.shtml,2157025,晚了？其实还不晚,2011-12-29,高三,高中,议论文,作文网原创,1274,不匹配,4,拒绝,正文汉字数超出200-787,410c8754048c078b40f5c763a61401fe557d15eb5c32746d2d342ae2e38536e1,高中栏目:https://www.zuowen.com/gaozhong/gaosan/yilunwen/,1500
NY2,Y2,https://www.zuowen.com/e/20090819/4b8bce1e4355c.shtml,841832,中国的教育如何,2009-08-19,高一,高中,议论文,网络资源,889,近似,90,拒绝,正文汉字数超出200-787,122e0ca27a41a1c95ebfba86d8a2f69655d34b5ae508743e1e50378c5aeb8c8f,高中栏目:https://www.zuowen.com/gaozhong/gaoyi/yilunwen/,900
NY2,Y2,https://www.zuowen.com/e/20090914/4b8bcfd0bf1bb.shtml,992856,责任与心,2009-09-14,高二,高中,议论文,网络资源,535,不匹配,5,入选,主题不匹配,461975322c5cd52255b944ff2508dc81d6a062f9c0802a2ac6a47c017489e8e0,高中栏目:https://www.zuowen.com/gaozhong/gaoer/yilunwen/,600
NY2,Y2,https://www.zuowen.com/e/20090921/4b8bd308d5c94.shtml,1022684,秋后所想,2009-09-21,高三,高中,议论文,网络资源,624,扩展,58,入选,,1abd0bd5a4dfbd14f03467b9c7c40141f4a79c7ab5d7cc28c4b69f26edf03613,高中栏目:https://www.zuowen.com/gaozhong/gaosan/yilunwen/,650
NY2,Y2,https://www.zuowen.com/e/20090918/4b8bd000838fc.shtml,1009926,给花一个绽放的机会,2009-09-18,高二,高中,议论文,网络资源,363,不匹配,2,拒绝,主题不匹配,7f1d983c6beec0eaac798598de5242824f91600c06219f42a048348c11af4c85,高中栏目:https://www.zuowen.com/gaozhong/gaoer/yilunwen/,400
NY2,Y2,https://www.zuowen.com/e/20090923/4b8bd32670281.shtml,1034451,中国感恩教育，为何如此受人冷落,2009-09-23,高三,高中,议论文,网络资源,1008,扩展,57,拒绝,正文汉字数超出200-787,e1282225c25a33976693f4c9f9317958a7ba72b23ec85906e4780ed5b8f3c5f8,高中栏目:https://www.zuowen.com/gaozhong/gaosan/yilunwen/,1200
NY2,Y2,https://www.zuowen.com/e/20091010/4b8bd3a821936.shtml,1083548,全面中的片面,2009-10-10,高三,高中,议论文,网络资源,780,不匹配,2,拒绝,主题不匹配,a9255622cf1b7223da814a699ac995621818479a82a4651103cc7aae67fb2f9d,高中栏目:https://www.zuowen.com/gaozhong/gaosan/yilunwen/,800
NY2,Y2,https://www.zuowen.com/e/20111018/4e9d476d1e1e3.shtml,2075229,当我们成长,2011-10-18,高一,高中,议论文,作文网原创,599,宽泛,38,入选,,8684410fe50725cb45495d5742fa7c6dcdae11a90771aa4508962a020f8b108d,高中栏目:https://www.zuowen.com/gaozhong/gaoyi/yilunwen/,700
NY2,Y2,https://www.zuowen.com/e/20090909/4b8bcf88b9b58.shtml,967890,责任,2009-09-09,高一,高中,议论文,网络资源,824,扩展,55,拒绝,正文汉字数超出200-787,085777757d31b4392d1d67ba0693d3f3e4ff9144e29bc4a64c1293153b95e303,高中栏目:https://www.zuowen.com/gaozhong/gaoyi/yilunwen/,900
NY2,Y2,https://www.zuowen.com/e/20090918/4b8bd0055d5d2.shtml,1011665,在卡通中成长,2009-09-18,高三,高中,议论文,网络资源,805,扩展,56,拒绝,正文汉字数超出200-787,884491ab8d59934fcc8c9c81a1151e1da0235adccde4dce7850df22deab5034e,高中栏目:https://www.zuowen.com/gaozhong/gaosan/yilunwen/,900
NY2,Y2,https://www.zuowen.com/e/20090921/4b8bd30856585.shtml,1022458,笑对成长,2009-09-21,高三,高中,议论文,网络资源,753,扩展,56,候选,,c9b1ecc4c70b2312fc7e19dba3b7d1aeef9f5a7e2b49d5011d19207fa25a314a,高中栏目:https://www.zuowen.com/gaozhong/gaosan/yilunwen/,800
NY2,Y2,https://www.zuowen.com/e/20090927/4b8bd34f1c465.shtml,1050662,水之韵,2009-09-27,高三,高中,议论文,网络资源,850,不匹配,5,拒绝,正文汉字数超出200-787,b27accd9f1e67f260f41d3686c3f363bfd128ec02e638d50cf4a8cbdbf2d79d5,高中栏目:https://www.zuowen.com/gaozhong/gaosan/yilunwen/,900
NY2,Y2,https://www.zuowen.com/e/20091002/4b8bd36e4ef08.shtml,1063370,渴望自由,2009-10-02,高一,高中,议论文,网络资源,261,宽泛,37,入选,,1c4c4582c617cf1f5dd09f65af51b3e09d73c7975dc3c79ce18bfb7961c740ed,高中栏目:https://www.zuowen.com/gaozhong/gaoyi/yilunwen/,300
NY2,Y2,https://www.zuowen.com/e/20091025/4b8bd434b56a5.shtml,1137524,信心,2009-10-25,高三,高中,议论文,网络资源,219,不匹配,5,拒绝,主题不匹配,da54cc46cef42d1c4daa7e52d159706236de09607d57cd40ef98c6bbcd9970f6,高中栏目:https://www.zuowen.com/gaozhong/gaosan/yilunwen/,250
NY2,Y2,https://www.zuowen.com/e/20100721/4c46c446ae3ad.shtml,1691436,追求属于自己的,2010-07-21,高三,高中,议论文,作文网,436,宽泛,33,入选,,3954363c6224b97c8d2456af3c4209c70e184ffe85857d74c9eef42dfa0ad1ac,高中栏目:https://www.zuowen.com/gaozhong/gaosan/yilunwen/,500
NY2,Y2,https://www.zuowen.com/e/20110315/4d7f05fbb6c44.shtml,1830961,成长的烦恼,2011-03-15,高二,高中,议论文,E度作文网原创,448,宽泛,38,入选,,7e235dd59a8fec3010b7e6da161430da72d25fcf5204f11ca569604b355ee562,高中栏目:https://www.zuowen.com/gaozhong/gaoer/yilunwen/,550
NY2,Y2,https://www.zuowen.com/e/20090917/4b8bcff2cf368.shtml,1005177,理解,2009-09-17,高三,高中,议论文,网络资源,707,宽泛,35,候选,,836fac1d304f402ab488733bdfc30001cd5c8f8abbdcc07430af30c38749063f,高中栏目:https://www.zuowen.com/gaozhong/gaosan/yilunwen/,800
NY2,Y2,https://www.zuowen.com/e/20090919/4b8bd00d0faec.shtml,1014300,科技,2009-09-19,高三,高中,议论文,网络资源,746,不匹配,3,拒绝,主题不匹配,4b3cf03a325b42c765cea6349d3b04829459b3e5f3718cf0ee9ff51239d87fb4,高中栏目:https://www.zuowen.com/gaozhong/gaosan/yilunwen/,800
NY2,Y2,https://www.zuowen.com/e/20130405/515e3b3226817.shtml,2424990,清明时节雨纷纷，路上行人欲上坟。,2013-04-05,高三,高中,议论文,作文网原创,776,扩展,61,候选,,e37783a9f7575f27b99e1144b47bc659bb3e6da1efd3ce0439ad529e87a22145,高中栏目:https://www.zuowen.com/gaozhong/gaosan/yilunwen/,800
NY2,Y2,https://www.zuowen.com/e/20130808/5202f566648c5.shtml,2502171,祈愿千里共婵娟,2013-08-08,高一,高中,议论文,作文网原创,389,不匹配,7,拒绝,主题不匹配,d90c2145c2116c60e22aece5039682eaaddcbeb5dbc2faeb88ea7830003a60a4,高中栏目:https://www.zuowen.com/gaozhong/gaoyi/yilunwen/,450
NY2,Y2,https://www.zuowen.com/e/20140827/53fd889ce4500.shtml,2717790,学贵于勤,2014-08-27,高二,高中,议论文,作文网整理,998,不匹配,7,拒绝,正文汉字数超出200-787,cdd17e7952f897a737571ccdccd5ad26ef00a10dd4118510b7fbc5cab3813f3e,高中栏目:https://www.zuowen.com/gaozhong/gaoer/yilunwen/,1200
NY2,Y2,https://www.zuowen.com/e/20140120/52dce646d0f21.shtml,2603511,心怀责任，铸造不朽人生,2014-01-20,高三,高中,议论文,作文网原创,765,不匹配,2,入选,主题不匹配,fdaacf70089c5ed546002be55daf136cae63a05fd97fb38538f3c7d663639d65,高中栏目:https://www.zuowen.com/gaozhong/gaosan/yilunwen/,800
NY2,Y2,https://www.zuowen.com/e/20140704/53b6322f780ae.shtml,,心在，责任便在,2014-07-04,,,,作文网高中年级栏目,0,,0.0,失败,未找到 con_content 正文,,高中栏目:https://www.zuowen.com/gaozhong/gaoer/yilunwen/,3000
NY2,Y2,https://www.zuowen.com/e/20140929/542910eb849f6.shtml,2725170,我是一个人,2014-09-29,高二,高中,议论文,作文网原创,762,扩展,58,入选,,1f34a408e6a6b5b03c3704cf464fdeea88873199d34dd0d63f1506a4004fc679,高中栏目:https://www.zuowen.com/gaozhong/gaoer/yilunwen/,900
NY2,Y2,https://www.zuowen.com/e/20140210/52f8541355c86.shtml,2610217,有一种爱叫放手,2014-02-10,高三,高中,议论文,作文网原创,753,不匹配,2,拒绝,主题不匹配,26be8805201473a9a1d291581ec2ca56d32b947b70ec260aa64ddc3b8d46fb59,高中栏目:https://www.zuowen.com/gaozhong/gaosan/yilunwen/,800
NY2,Y2,https://www.zuowen.com/e/20230214/63eb982b9b668.shtml,3204664,高三议论文：温暖的网,2023-02-14,高三,高中,议论文,网络资源,657,不匹配,5,拒绝,主题不匹配,ab4e6f5b023939166c982258cc75a1f08e98a109fdc1ecc437072a2798890dd8,高中栏目:https://www.zuowen.com/gaozhong/gaosan/yilunwen/,750
NY2,Y2,https://www.zuowen.com/e/20091105/4b8bd49c29ad1.shtml,1177657,高中生感恩节作文1700字：感恩父母要的是磕一个头,2009-11-05,未标注,未核验,,网络资源,1537,扩展,66,拒绝,面包屑不属于允许的高中或初中备选作文,98274dc938f310b02fa49bffd82875f10602bff039cca37998c2ea1b481206e6,高中 父母榜样,1500
NY2,Y2,https://www.zuowen.com/e/20110509/4dc7379101933.shtml,1871148,我身边的榜样,2011-05-09,初一,初中,写人作文,作文网原创,471,宽泛,37,拒绝,面包屑不属于允许的高中或初中备选作文,3d077662abfd956655fa82ad35bdb2ba98edff9b17ea67515cf1c8c16d5c1470,父母榜样,550
NY2,Y2,https://www.zuowen.com/e/20090804/4b8bcd6b43810.shtml,779337,榜样,2009-08-04,高三,高中,叙事作文,网络资源,1787,不匹配,3,拒绝,体裁不是议论文,1bcdb860a7c7ec50985d11990d9a22245362a32ccdd3fc34e15546e771f5632f,父母榜样,2000
NY2,Y2,https://www.zuowen.com/e/20090804/4b8bcd6fb71dd.shtml,780918,榜样,2009-08-04,初一,初中,议论文,网络资源,831,不匹配,3,拒绝,面包屑不属于允许的高中或初中备选作文,242f69b7272e70edb93702b208821909832ab23eda38c70ceaaf31508758b368,父母榜样,1000
NY2,Y2,https://www.zuowen.com/e/20111221/4ef15e67a43a5.shtml,2150562,永远的榜样,2011-12-21,未标注,未核验,写人作文,作文网原创,851,不匹配,3,拒绝,面包屑不属于允许的高中或初中备选作文,ea9a11233b41d293b148a202fba262ce5214efd519c0c13afccb1bf019c549de,父母榜样,900
NY2,Y2,https://www.zuowen.com/e/20120116/4f138a94b6d16.shtml,2166463,榜样,2012-01-16,初一,初中,写人作文,作文网原创,590,不匹配,3,拒绝,面包屑不属于允许的高中或初中备选作文,a982c7cba7cc648711269fe065127ab993a1424bb83fc5aedbe213e0719296b2,父母榜样,650
NY2,Y2,https://www.zuowen.com/e/20120321/4f6966a9af574.shtml,2208428,雷锋，我们的榜样,2012-03-21,未标注,未核验,写人作文,作文网原创,242,宽泛,36,拒绝,面包屑不属于允许的高中或初中备选作文,7fe88adc6efbfff260aee52f5c33b89198a23e29cfc10a9428be13d1aa83d244,父母榜样,250
NY2,Y2,https://www.zuowen.com/e/20140411/5347e6a89d7b3.shtml,2652858,成长，因父母的陪伴而精彩,2014-04-11,初一,初中,叙事作文,作文网原创,642,扩展,65,拒绝,面包屑不属于允许的高中或初中备选作文,8d73ac927867ac6fa3df0c060f9cb7f4ca630f84c571b33d097958967837189a,高中 父母 陪伴 成长,750
NY2,Y2,https://www.zuowen.com/e/20150107/54aca19204790.shtml,2742298,我心中的榜样,2015-01-07,未标注,未核验,写人作文,作文网原创,532,不匹配,3,拒绝,面包屑不属于允许的高中或初中备选作文,563af9c5b3d8ec43558c33ff34f618c2e00540ee58273a5e8d00fce9bc13c206,父母榜样,600
NY2,Y2,https://www.zuowen.com/e/20150331/551a0b615a4fd.shtml,2756411,您是我的榜样,2015-03-31,初一,初中,,作文网原创,492,不匹配,4,拒绝,面包屑不属于允许的高中或初中备选作文,7a97be2e24b3bdf750c9416ba229249f0204b9a5c2dbc034b02a1585e503d191,父母榜样,750
NY2,Y2,https://www.zuowen.com/e/20160226/56cfee71d2263.shtml,2897457,以身作则 心平气和,2016-02-26,未标注,未核验,,作文网整合,531,扩展,54,拒绝,面包屑不属于允许的高中或初中备选作文,a1f2cbde3e4c5185f1753409470a7940ef37d185d7c63b35b2143e341983ff65,以身作则,
NY2,Y2,https://www.zuowen.com/e/20170418/58f5a3acafabd.shtml,2944254,我有一个榜样,2017-04-18,高一,未核验,,作文网原创,604,扩展,54,入选,面包屑不属于允许的高中或初中备选作文,69a7f09a155369a6877248749a1beaae388b675e75d2989706b7ed2eef8666f5,父母榜样,650
NY2,Y2,https://www.zuowen.com/e/20180803/5b64136c60e5f.shtml,2998511,2014年《开学第一课》观后感：父母对孩子的教育,2018-08-03,未标注,未核验,,作文网整理,560,近似,91,拒绝,面包屑不属于允许的高中或初中备选作文,93e184eab7c0d42c7f37a841b93f074d9e9a44872ebb4fb484e9fe1268f3fb51,父母是孩子的第一任老师,600
NY2,Y2,https://www.zuowen.com/e/20180914/5b9b40eacc9cf.shtml,3009888,教育家名人故事：张伯苓先生以身作则戒烟,2018-09-14,未标注,未核验,,本站原创,205,扩展,48,拒绝,面包屑不属于允许的高中或初中备选作文,05a0ec2f51255390e8dac1e45835073a77889bf725899ecfc9e8d48ff2fe9c5e,以身作则,250
NY2,Y2,https://www.zuowen.com/e/20200521/5ec63e5097b6f.shtml,3082696,人教版高中第三册二单元作文：不能不孝敬父母的理由,2020-05-21,未标注,高中,,本站原创,789,扩展,59,拒绝,正文汉字数超出200-787,cb6e160745a0deddaefb47547f584fc3e613da9f2a28bb3a918e48f9677a7b08,高中 父母榜样,900
NY2,Y2,https://www.zuowen.com/e/20111122/4ecb0ba40840a.shtml,2126359,致广大老师的一封信,2011-11-22,高一,高中,议论文,作文网原创,764,宽泛,47,候选,,075ecdff3b8a59f80df13e9ccf90ef23420bce09116660d88e96149b3ea68b10,高中栏目:https://www.zuowen.com/gaozhong/gaoyi/yilunwen/,800
NY2,Y2,https://www.zuowen.com/e/20091228/4b8bd66ea1e00.shtml,1356001,中国强则少年更强,2009-12-28,高三,高中,议论文,本站原创,1074,宽泛,41,拒绝,正文汉字数超出200-787,382f7dbccaf725803ef7045015eb7a52215b379f54cec9db486fe76295ac66d4,高中栏目:https://www.zuowen.com/gaozhong/gaosan/yilunwen/,1200
NY2,Y2,https://www.zuowen.com/e/20090921/4b8bd30c00ab6.shtml,1024104,个人眼中的中国教育,2009-09-21,高三,高中,议论文,网络资源,464,宽泛,45,入选,,124da3523e1c16e57fbe26b75ccf9a0f656cb4e13e6ed0490fd7fb77525460ec,高中栏目:https://www.zuowen.com/gaozhong/gaosan/yilunwen/,500
NY2,Y2,https://www.zuowen.com/e/20090922/4b8bd31c91516.shtml,1031189,论中国教育,2009-09-22,高二,高中,议论文,网络资源,1086,宽泛,39,拒绝,正文汉字数超出200-787,84540c3b7e3c473d07eab97c34cb6f7f2ad36312f828163ad9601544218d084a,高中栏目:https://www.zuowen.com/gaozhong/gaoer/yilunwen/,1200
NY2,Y2,https://www.zuowen.com/e/20090924/4b8bd335046d8.shtml,1039842,中国教育何去何从,2009-09-24,高三,高中,议论文,网络资源,336,宽泛,45,入选,,efaea736db1b14662ff105c8f8355465972fdea6c56d9ff4f6aae590ac5c3bc6,高中栏目:https://www.zuowen.com/gaozhong/gaosan/yilunwen/,350
NY2,Y2,https://www.zuowen.com/e/20090924/4b8bd3372037d.shtml,1040630,中国教育何去何从,2009-09-24,高三,高中,议论文,网络资源,352,宽泛,45,拒绝,标准化题目重复,a4ae47e47621e1b45394253387709044ee883b981b9be5d9e334a80c545f987b,高中栏目:https://www.zuowen.com/gaozhong/gaosan/yilunwen/,350
NY2,Y2,https://www.zuowen.com/e/20090928/4b8bd35b7e053.shtml,1055315,应试教育的历史发展与性质变化,2009-09-28,高三,高中,议论文,网络资源,1420,宽泛,38,拒绝,正文汉字数超出200-787,7e341dc4aed86dc4d0056ac2be1a0dd69b211d843451ef4b90b45f94319a7117,高中栏目:https://www.zuowen.com/gaozhong/gaosan/yilunwen/,1500
NY2,Y2,https://www.zuowen.com/e/20100613/4c1470fe09db9.shtml,1660662,小议教育,2010-06-13,高一,高中,议论文,作文网,681,宽泛,42,候选,,80d0a65c78c9bfde2e3fc7fe4ceae4717fa5a6be8d79fefdfb07b5b04d4fd9c4,高中栏目:https://www.zuowen.com/gaozhong/gaoyi/yilunwen/,750
NY2,Y2,https://www.zuowen.com/e/20090913/4b8bcfc0018a5.shtml,986876,主动与被动,2009-09-13,高二,高中,议论文,网络资源,996,宽泛,41,拒绝,正文汉字数超出200-787,81a3413e5893c32d9547b27e59a7796cbe77a3e903427e63390b1b53e0c4a4ca,高中栏目:https://www.zuowen.com/gaozhong/gaoer/yilunwen/,1200
NY2,Y2,https://www.zuowen.com/e/20091026/4b8bd43fa8369.shtml,1141367,成长的感觉,2009-10-26,高三,高中,议论文,网络资源,660,宽泛,41,候选,,bc71027d2d2ed4300bbc49051ed8120781fd2acfeaf626517949c008dd94c857,高中栏目:https://www.zuowen.com/gaozhong/gaosan/yilunwen/,750
NY2,Y2,https://www.zuowen.com/e/20110315/4d7f18a34b248.shtml,1831066,关爱——地震后的感想,2011-03-15,高一,高中,议论文,E度作文网原创,828,宽泛,39,拒绝,正文汉字数超出200-787,e9f4d9f872975227aae92c719029a7f57940e9518fa800c5fdd2100ca3b0ef86,高中栏目:https://www.zuowen.com/gaozhong/gaoyi/yilunwen/,900
NY2,Y2,https://www.zuowen.com/e/20090812/4b8bcdd3477f7.shtml,814671,我们都在成长,2009-08-12,高一,高中,议论文,网络资源,198,宽泛,37,拒绝,正文汉字数超出200-787,b41be507578c68db373a3a36b6e7337f11d18e8ecfbb28f6215213543aacb2ad,高中栏目:https://www.zuowen.com/gaozhong/gaoyi/yilunwen/,200
NY2,Y2,https://www.zuowen.com/e/20090819/4b8bce21ae531.shtml,843005,关于独立，关于依靠,2009-08-19,高二,高中,议论文,网络资源,688,扩展,61,入选,,1fe3155dab89101257cc31d089896094018bb48ad8b0f89b1594d2296c5ef98e,高中栏目:https://www.zuowen.com/gaozhong/gaoer/yilunwen/,750
NY2,Y2,https://www.zuowen.com/e/20090917/4b8bcff60aa9b.shtml,1006382,生命里的渴望,2009-09-17,高一,高中,议论文,网络资源,621,宽泛,37,入选,,7e32b172e0480ca25355dc302cc0a66ed5cde4540381a954369d92a55a3f8177,高中栏目:https://www.zuowen.com/gaozhong/gaoyi/yilunwen/,700
NY2,Y2,https://www.zuowen.com/e/20090918/4b8bd00315431.shtml,1010865,逆境中真的可以成才吗？,2009-09-18,高三,高中,议论文,网络资源,664,宽泛,41,候选,,67c0b1f42060f17eaa6eaec3807eb1200d722946fecb930e7af49d52caf247e7,高中栏目:https://www.zuowen.com/gaozhong/gaosan/yilunwen/,750
NY2,Y2,https://www.zuowen.com/e/20090926/4b8bd34a2d748.shtml,1048784,论当代大学生的素质,2009-09-26,高一,高中,议论文,网络资源,978,宽泛,42,拒绝,正文汉字数超出200-787,c751aab0709c65dd6905218446b185eff409486822777e067530f0f0f348d208,高中栏目:https://www.zuowen.com/gaozhong/gaoyi/yilunwen/,1000
NY2,Y2,https://www.zuowen.com/e/20090928/4b8bd35b1ec40.shtml,1055149,逆境与成材,2009-09-28,高三,高中,议论文,网络资源,727,宽泛,38,候选,,5144e11609584cd4b877865f58312afc0db712c0a6b0c8d200afed7a119a9e3d,高中栏目:https://www.zuowen.com/gaozhong/gaosan/yilunwen/,800
NY2,Y2,https://www.zuowen.com/e/20091214/4b8bd5fa206a4.shtml,1310822,学会独立,2009-12-14,高二,高中,议论文,本站原创,657,宽泛,36,入选,,ec1cbc4066686f91966e2c9d98233eb57cb2b94bccd2fb4849d4fd4929293017,高中栏目:https://www.zuowen.com/gaozhong/gaoer/yilunwen/,750
NY2,Y2,https://www.zuowen.com/e/20111026/4ea79fbf180d1.shtml,2082233,中国教育改革，更待何时？,2011-10-26,高三,高中,议论文,作文网原创,1725,宽泛,44,拒绝,正文汉字数超出200-787,93f9d2d7e0fee030616f481264fc55eba9ffdab59cec9992503640792f71f518,高中栏目:https://www.zuowen.com/gaozhong/gaosan/yilunwen/,2000
NY2,Y2,https://www.zuowen.com/e/20121108/509a8825a6a34.shtml,2344767,论成长,2012-11-08,高二,高中,议论文,作文网原创,708,宽泛,40,入选,,645e21e14be8a753ca13e63de0acae2d33f747f583098cdf0896ecb02f18296d,高中栏目:https://www.zuowen.com/gaozhong/gaoer/yilunwen/,800
NY2,Y2,https://www.zuowen.com/e/20090916/4b8bcfe6c0a4a.shtml,1000597,中国现代的教育问题,2009-09-16,高三,高中,议论文,网络资源,1176,宽泛,42,拒绝,正文汉字数超出200-787,33a1dc5b34fa2b50a7611c12578270ccc24e0e2d793fe533a63c26789142fec3,高中栏目:https://www.zuowen.com/gaozhong/gaosan/yilunwen/,1200
NY2,Y2,https://www.zuowen.com/e/20090916/4b8bcfe71a322.shtml,1000726,教育,2009-09-16,高三,高中,议论文,网络资源,1176,宽泛,42,拒绝,正文汉字数超出200-787,3ffc3e668101f4e1d0cc800585d8cafc71b6a51d82c15e09e3f7903c0fd3d2c2,高中栏目:https://www.zuowen.com/gaozhong/gaosan/yilunwen/,1200
NY2,Y2,https://www.zuowen.com/e/20090918/4b8bd00407301.shtml,1011204,教育问题,2009-09-18,高三,高中,议论文,网络资源,1351,宽泛,38,拒绝,正文汉字数超出200-787,a4e86cd6a3ba2924c6383884d7885d2bbb224a2eff03074f239c039e675bac21,高中栏目:https://www.zuowen.com/gaozhong/gaosan/yilunwen/,1500
NY2,Y2,https://www.zuowen.com/e/20090921/4b8bd30612836.shtml,1021555,“名利”渐欲迷人眼,2009-09-21,高一,高中,议论文,网络资源,336,宽泛,41,入选,,f3b8a8eab4dff0a0f573e2a853a92d12fc499ea661d244f0dafe88c486fc6dea,高中栏目:https://www.zuowen.com/gaozhong/gaoyi/yilunwen/,350
NY2,Y2,https://www.zuowen.com/e/20090927/4b8bd350027d1.shtml,1050971,中国教育,2009-09-27,高三,高中,议论文,网络资源,2156,宽泛,42,拒绝,正文汉字数超出200-787,606a36412c30f2885577ae170fe48beecc8ae30ea89ba8d9cca5b88222fa5078,高中栏目:https://www.zuowen.com/gaozhong/gaosan/yilunwen/,2000
NY2,Y2,https://www.zuowen.com/e/20090928/4b8bd360d301c.shtml,1057324,感知挫折,2009-09-28,高三,高中,议论文,网络资源,540,宽泛,40,入选,,3d5f6fa00d65973059aaf3f1b9f297ddbb8bf29d21b1105ccad2d0f3f889934c,高中栏目:https://www.zuowen.com/gaozhong/gaosan/yilunwen/,600
NY2,Y2,https://www.zuowen.com/e/20100830/4c7b75993e4bf.shtml,1739098,走向自立人生,2010-08-30,高一,高中,议论文,作文网,528,扩展,56,入选,,a8496f9547e6bca5b4b1565a04c69490f9bb4322f47d6f37d9543eeee52f33a2,高中栏目:https://www.zuowen.com/gaozhong/gaoyi/yilunwen/,600
NY2,Y2,https://www.zuowen.com/e/20090602/4b8bcaa56c1b9.shtml,533208,成长的路,2009-06-02,高二,高中,议论文,网络,875,宽泛,41,拒绝,正文汉字数超出200-787,3197ed230c1af7299d9c75bd2b680cdd2898ac037bab1fabe3d9fe33227fa566,高中栏目:https://www.zuowen.com/gaozhong/gaoer/yilunwen/,900
NY2,Y2,https://www.zuowen.com/e/20090625/4b8bcbb9e47af.shtml,629275,像花儿一样成长,2009-06-25,高二,高中,议论文,网络资源,388,宽泛,35,入选,,65f649e1ced37035e4aa2d9f8e8062c372fe41087533bcd7cc4f5cb0aa91d527,高中栏目:https://www.zuowen.com/gaozhong/gaoer/yilunwen/,450
NY2,Y2,https://www.zuowen.com/e/20090916/4b8bcfe98c258.shtml,1001855,教师的问题,2009-09-16,高三,高中,议论文,网络资源,1296,宽泛,45,拒绝,正文汉字数超出200-787,1a6d576e69fe0a660178640e938f6e72816015a0f374ec0d7b4152dd2eb6b540,高中栏目:https://www.zuowen.com/gaozhong/gaosan/yilunwen/,1500
NY2,Y2,https://www.zuowen.com/e/20090916/4b8bcfed78e26.shtml,1003241,一定是成长,2009-09-16,高三,高中,议论文,网络资源,924,宽泛,41,拒绝,正文汉字数超出200-787,7193f3c3e5d9268119d7f9fb24993028c786f7c408911f1940f9020dbe3dd4aa,高中栏目:https://www.zuowen.com/gaozhong/gaosan/yilunwen/,1000
NY2,Y2,https://www.zuowen.com/e/20090917/4b8bcff8d6fb7.shtml,1007404,论“寒”风,2009-09-17,高二,高中,议论文,网络资源,687,不匹配,3,拒绝,主题不匹配,289c294df4a6a775622ecec0a36f6e96e4b2b55995fc8f43059e419dd17ee3b3,高中栏目:https://www.zuowen.com/gaozhong/gaoer/yilunwen/,750
NY2,Y2,https://www.zuowen.com/e/20090925/4b8bd344c5fed.shtml,1046867,消逝的青春,2009-09-25,高三,高中,议论文,网络资源,602,宽泛,38,候选,,8ab4a5d375983e114c20b1a6005173352341dc284fef2a1436cff96eaf34e969,高中栏目:https://www.zuowen.com/gaozhong/gaosan/yilunwen/,650
NY2,Y2,https://www.zuowen.com/e/20091010/4b8bd3a9c8807.shtml,1084175,对现行教育的感想,2009-10-10,高二,高中,议论文,网络资源,306,宽泛,33,入选,,5a9090088044b5c47a4684f06fb05f0f09722f5d72d108bd749d8f3d878508e1,高中栏目:https://www.zuowen.com/gaozhong/gaoer/yilunwen/,350
NY2,Y2,https://www.zuowen.com/e/20110215/4d59d600acc01.shtml,1814254,哪天才是教师节？,2011-02-15,高三,高中,议论文,作文网,812,宽泛,42,拒绝,正文汉字数超出200-787,443b8f6584b8e115060acf217505c0de6be2171585e7b45261e06a6793877798,高中栏目:https://www.zuowen.com/gaozhong/gaosan/yilunwen/,900
NY2,Y2,https://www.zuowen.com/e/20120528/4fc35b9659436.shtml,2248710,教育 成才 希望,2012-05-28,高一,高中,议论文,作文网原创,906,宽泛,38,拒绝,正文汉字数超出200-787,a8391379a0d1dfcd67737ba0cf58d1f900c44a53b775fa7e8595225ca7896bea,高中栏目:https://www.zuowen.com/gaozhong/gaoyi/yilunwen/,1000
NY2,Y2,https://www.zuowen.com/e/20121026/508a3e477076c.shtml,2338179,心怀感恩,2012-10-26,高二,高中,议论文,作文网原创,655,扩展,56,入选,,bf5db3b832174b9ff6907906170ef6dc70dfb4167bec0b715949a93e9a34ab1d,高中栏目:https://www.zuowen.com/gaozhong/gaoer/yilunwen/,750
NY2,Y2,https://www.zuowen.com/e/20090801/4b8bcd5155eed.shtml,770603,栀子飞扬,2009-08-01,高一,高中,议论文,网络资源,681,不匹配,3,拒绝,主题不匹配,a991977f72772d46ebe8fb6e6b7035b703600b87a8e21d2e318aa5eef1882aa8,高中栏目:https://www.zuowen.com/gaozhong/gaoyi/yilunwen/,750
NY2,Y2,https://www.zuowen.com/e/20090918/4b8bd001c6cd0.shtml,1010410,也说读书,2009-09-18,高三,高中,议论文,网络资源,1304,宽泛,42,拒绝,正文汉字数超出200-787,8ecb31645c79ecc5867278501966cdb62ee2cb9ccababbaca0676780ef4a30c8,高中栏目:https://www.zuowen.com/gaozhong/gaosan/yilunwen/,1500
NY2,Y2,https://www.zuowen.com/e/20090918/4b8bd00470944.shtml,1011356,90后，我的青春我做主,2009-09-18,高三,高中,议论文,网络资源,505,宽泛,34,入选,,0802926471e6f0774cd1557bc4badb07b116ea06dd71812dbd450615941cab4b,高中栏目:https://www.zuowen.com/gaozhong/gaosan/yilunwen/,650
NY2,Y2,https://www.zuowen.com/e/20090921/4b8bd30b539a1.shtml,1023884,谈教育,2009-09-21,高三,高中,议论文,网络资源,928,宽泛,36,拒绝,正文汉字数超出200-787,b61e6581304dfe7abe576d792547b60030456b2d322fa9216672dfed5c36554f,高中栏目:https://www.zuowen.com/gaozhong/gaosan/yilunwen/,1000
NY2,Y2,https://www.zuowen.com/e/20090922/4b8bd31c24492.shtml,1031040,感恩,2009-09-22,高二,高中,议论文,网络资源,817,扩展,54,拒绝,正文汉字数超出200-787,70b4b0b7a2f6fc16256b3f566564ea382c06b1bd59c6ff64a8b5b641609ca77b,高中栏目:https://www.zuowen.com/gaozhong/gaoer/yilunwen/,900
NY2,Y2,https://www.zuowen.com/e/20090927/4b8bd34f20ac1.shtml,1050668,做只蜗牛,2009-09-27,高三,高中,议论文,网络资源,479,不匹配,4,拒绝,主题不匹配,a0378eb9f535a20021360d4331f80a4ee7e0880271f2d3431431dbf5779ceb3f,高中栏目:https://www.zuowen.com/gaozhong/gaosan/yilunwen/,500
NY2,Y2,https://www.zuowen.com/e/20100730/4c5262a73c549.shtml,1716228,成长寄语,2010-07-30,高三,高中,议论文,作文网,487,宽泛,38,入选,,f32a68020e647b866ed0741800a8bc8c2f9110f5af6db14e55513dfb3a60198d,高中栏目:https://www.zuowen.com/gaozhong/gaosan/yilunwen/,550
NY2,Y2,https://www.zuowen.com/e/20110425/4db529ded75df.shtml,1859986,读书是唯一的出路吗,2011-04-25,高三,高中,议论文,作文网原创,930,不匹配,4,拒绝,正文汉字数超出200-787,2b12b3bf98e6b3dd2fb4187a22a9fd04c2a394d4933b22ec6adc4d6bd644bc72,高中栏目:https://www.zuowen.com/gaozhong/gaosan/yilunwen/,1000
NY2,Y2,https://www.zuowen.com/e/20090625/4b8bcbb9876c6.shtml,629140,你我共成长,2009-06-25,高二,高中,议论文,网络资源,939,扩展,58,拒绝,正文汉字数超出200-787,4781f7b3c7d1e7d9398ec76789853d9c732a24acf89ff1608e8594518eb14bcf,高中栏目:https://www.zuowen.com/gaozhong/gaoer/yilunwen/,1000
NY2,Y2,https://www.zuowen.com/e/20090801/4b8bcd5824f25.shtml,772653,自由之光,2009-08-01,高一,高中,议论文,网络资源,662,宽泛,38,候选,,b0841bf6d9db9eee0caa233f04b4f22e1bf1f450ac3b407fa057d3d1584b853f,高中栏目:https://www.zuowen.com/gaozhong/gaoyi/yilunwen/,750
NY2,Y2,https://www.zuowen.com/e/20090822/4b8bce4b9665e.shtml,857254,好学与成长,2009-08-22,高二,高中,议论文,网络资源,813,宽泛,36,拒绝,正文汉字数超出200-787,8c52266d57b32e8a319f84af7d62ebd9e7561410631cb9487cf69c17bbb116a8,高中栏目:https://www.zuowen.com/gaozhong/gaoer/yilunwen/,900
NY2,Y2,https://www.zuowen.com/e/20090916/4b8bcfe7383c3.shtml,1000782,爱的感动,2009-09-16,高二,高中,议论文,网络资源,685,宽泛,41,入选,,12043615e7414c597448191eb4dbfc4930283d76c53cb333f5926d71d7a14501,高中栏目:https://www.zuowen.com/gaozhong/gaoer/yilunwen/,800
NY2,Y2,https://www.zuowen.com/e/20090916/4b8bcfebc8d81.shtml,1002649,眼睛,2009-09-16,高二,高中,议论文,网络资源,714,宽泛,36,候选,,e8e1cd884ddfc33d461a9b1d8b2d0b752981e363dd8fb7d8c3dc4ba804d6f7a3,高中栏目:https://www.zuowen.com/gaozhong/gaoer/yilunwen/,800
NY2,Y2,https://www.zuowen.com/e/20090917/4b8bcff6250a4.shtml,1006427,成长,2009-09-17,高三,高中,议论文,网络资源,884,宽泛,38,拒绝,正文汉字数超出200-787,ec9961ff782f44e4896901c16c39a126549b0c471e331bc3b022561d3ed97564,高中栏目:https://www.zuowen.com/gaozhong/gaosan/yilunwen/,1000
NY2,Y2,https://www.zuowen.com/e/20090927/4b8bd35194190.shtml,1051642,生活的绳索,2009-09-27,高三,高中,议论文,网络资源,654,扩展,61,入选,,105987c88fed2d1d2b5d0e3084156bbf469d3d61a9467e823c46fe0c9e1da7bf,高中栏目:https://www.zuowen.com/gaozhong/gaosan/yilunwen/,750
NY2,Y2,https://www.zuowen.com/e/20091010/4b8bd3a99247b.shtml,1084096,太把大学生当小学生看,2009-10-10,高二,高中,议论文,网络资源,891,宽泛,41,拒绝,正文汉字数超出200-787,572b8bb6a98774b736aa2293882a469927cb4115349307552b29c2f09099f64b,高中栏目:https://www.zuowen.com/gaozhong/gaoer/yilunwen/,1000
NY2,Y2,https://www.zuowen.com/e/20090825/4b8bce74e8ae5.shtml,871320,善恶的认识,2009-08-25,高二,高中,议论文,网络资源,826,不匹配,2,拒绝,正文汉字数超出200-787,d49dc0f81cd68c5912de0898f7702100aaa8f48fcfbac7c609b1bd915e37da04,高中栏目:https://www.zuowen.com/gaozhong/gaoer/yilunwen/,900
NY2,Y2,https://www.zuowen.com/e/20090825/4b8bce792bdce.shtml,872920,论中国教育界,2009-08-25,高二,高中,议论文,网络资源,269,宽泛,38,入选,,d78f7c1e434aa07cf3b4136fcc812513418c18e458a04ebd721f54dda13ebad2,高中栏目:https://www.zuowen.com/gaozhong/gaoer/yilunwen/,300
NY2,Y2,https://www.zuowen.com/e/20090917/4b8bcfef3d337.shtml,1003843,少年谈责任,2009-09-17,高三,高中,议论文,网络资源,668,宽泛,31,入选,跨组正文哈希重复，保留于NY1：少年谈责任,cb5ba205c55fa67557b26e6b0109687c40916029dbd3921e4c242b90385687e3,高中栏目:https://www.zuowen.com/gaozhong/gaosan/yilunwen/,750
NY2,Y2,https://www.zuowen.com/e/20090917/4b8bcff25f1e2.shtml,1005005,文章,2009-09-17,高三,高中,议论文,网络资源,1032,宽泛,33,拒绝,正文汉字数超出200-787,7d28be1d539cb94f4aadfd3144d8490116ee6df035648486000b32d58ea93af1,高中栏目:https://www.zuowen.com/gaozhong/gaosan/yilunwen/,1200
NY2,Y2,https://www.zuowen.com/e/20090918/4b8bd0054a509.shtml,1011639,成长的感觉,2009-09-18,高三,高中,议论文,网络资源,631,宽泛,36,拒绝,标准化题目重复,aefb81ac83bbc876ce3ac988c0d5ca25620b402369835230b4835655ebc223dc,高中栏目:https://www.zuowen.com/gaozhong/gaosan/yilunwen/,750
NY2,Y2,https://www.zuowen.com/e/20090920/4b8bd3007e6ea.shtml,1019492,约束,2009-09-20,高三,高中,议论文,网络资源,820,不匹配,2,拒绝,正文汉字数超出200-787,6932db411720b9b2185606b45c455f7e932ce6123fb5702a63f7de538bd12c3b,高中栏目:https://www.zuowen.com/gaozhong/gaosan/yilunwen/,900
NY2,Y2,https://www.zuowen.com/e/20090923/4b8bd32edf6db.shtml,1037446,“人文教育”我们做到了吗?,2009-09-23,高三,高中,议论文,网络资源,1035,宽泛,41,拒绝,正文汉字数超出200-787,82cce1836e71cb635faf44d802ad97edb42d34c9e12808db93e81769710f34d7,高中栏目:https://www.zuowen.com/gaozhong/gaosan/yilunwen/,1200
NY2,Y2,https://www.zuowen.com/e/20090924/4b8bd3352b815.shtml,1039907,我们所定义的成长,2009-09-24,高三,高中,议论文,网络资源,1206,宽泛,40,拒绝,正文汉字数超出200-787,48a672bce3d2c1ae21d3169f0d035be34fe0a870b91f81879cbfd99f7f667e45,高中栏目:https://www.zuowen.com/gaozhong/gaosan/yilunwen/,1200
NY2,Y2,https://www.zuowen.com/e/20090927/4b8bd354d1db9.shtml,1052847,论中国教育体制,2009-09-27,高三,高中,议论文,网络资源,1163,宽泛,40,拒绝,正文汉字数超出200-787,e8ae09102e055967a844cd1c252010b75da1da6c5f07ad35cd8c6a9e163981c5,高中栏目:https://www.zuowen.com/gaozhong/gaosan/yilunwen/,1200
NY2,Y2,https://www.zuowen.com/e/20090928/4b8bd35c4fba4.shtml,1055614,化茧成蝶的——成长之痛,2009-09-28,高三,高中,议论文,网络资源,540,宽泛,35,入选,,aaa65cd00811f8a542c1f8e87228045a29858a85b6a10dbd960f2b65bd73c03d,高中栏目:https://www.zuowen.com/gaozhong/gaosan/yilunwen/,600
NY2,Y2,https://www.zuowen.com/e/20090928/4b8bd36073af6.shtml,1057193,苦难中成长——讲述中国的成长日记,2009-09-28,高三,高中,议论文,网络资源,1395,宽泛,36,拒绝,正文汉字数超出200-787,6724f5cd95c594d57ebe4b0f5b33d642626a7c50e0db8dc48bdda3a6ed3bae7e,高中栏目:https://www.zuowen.com/gaozhong/gaosan/yilunwen/,1500
NY2,Y2,https://www.zuowen.com/e/20091010/4b8bd3aa10718.shtml,1084265,成长,2009-10-10,高二,高中,议论文,网络资源,789,宽泛,36,拒绝,正文汉字数超出200-787,8cd3a9a65698dbf41e449bc27a0b5a17b53c291a667f6fce077dc35db6de96ab,高中栏目:https://www.zuowen.com/gaozhong/gaoer/yilunwen/,900
NY2,Y2,https://www.zuowen.com/e/20091013/4b8bd3be2e8dc.shtml,1091841,高中议论文范文： 警惕人生的习惯,2009-10-13,高三,高中,议论文,网络资源,894,宽泛,33,拒绝,排除来源类别：范文,34825206fca02ef2429f4502b4e352e3ad5aa8a27732d3beea6038bbce1605a8,高中栏目:https://www.zuowen.com/gaozhong/gaosan/yilunwen/,1000
NY2,Y2,https://www.zuowen.com/e/20091013/4b8bd3c3a2fe2.shtml,1093649,向往自由,2009-10-13,高一,高中,议论文,网络资源,428,宽泛,34,入选,,1f76430675913cddc45fa80ffffb5270f46152268dd5cb2186e3ee18251021ae,高中栏目:https://www.zuowen.com/gaozhong/gaoyi/yilunwen/,450
NY2,Y2,https://www.zuowen.com/e/20091014/4b8bd3cc391d9.shtml,1096902,责任,2009-10-14,高三,高中,议论文,网络资源,359,不匹配,3,拒绝,主题不匹配,0dd5bc98175dd0c2e9cc3d103fc3c336c96fdfceba980958e6c0f83eea2a140a,高中栏目:https://www.zuowen.com/gaozhong/gaosan/yilunwen/,400
NY2,Y2,https://www.zuowen.com/e/20100806/4c5bc1bb80224.shtml,1721974,责任的界限,2010-08-06,高一,高中,议论文,作文网,1425,宽泛,37,拒绝,正文汉字数超出200-787,6efda64b5932fc38fbd857ae257f868cdc53ccd798c076694b66cb8ae0af63c7,高中栏目:https://www.zuowen.com/gaozhong/gaoyi/yilunwen/,1200
NY2,Y2,https://www.zuowen.com/e/20121018/508016d320785.shtml,2333385,责任,2012-10-18,高三,高中,议论文,作文网原创,1060,宽泛,44,拒绝,正文汉字数超出200-787,70772ace8b76039875d2d99e40762aea015893544c993c175d8e297f67b9d58e,高中栏目:https://www.zuowen.com/gaozhong/gaosan/yilunwen/,1200
NY2,Y2,https://www.zuowen.com/e/20090828/4b8bceaddf185.shtml,891908,安全饮食,2009-08-28,高二,高中,议论文,网络资源,614,不匹配,3,拒绝,主题不匹配,b728aff5320e51e0c1cde41b04937c25ac0b9d50b79dfdc12ebaae5e03929c1f,高中栏目:https://www.zuowen.com/gaozhong/gaoer/yilunwen/,650
NY2,Y2,https://www.zuowen.com/e/20090919/4b8bd00b29c9f.shtml,1013671,我脑海中的世界,2009-09-19,高三,高中,议论文,网络资源,681,不匹配,5,拒绝,主题不匹配,b7c6c1679fc5a26412d6eb0467233f770f6e9912b336ea96e3a2a7a3b69908d4,高中栏目:https://www.zuowen.com/gaozhong/gaosan/yilunwen/,750
NY2,Y2,https://www.zuowen.com/e/20110828/4e5a1e58450c1.shtml,2025641,找回单纯,2011-08-28,高二,高中,议论文,作文网原创,864,不匹配,3,拒绝,正文汉字数超出200-787,451c685d778009202a5bab527656ad85fc327e07acce8f023238674ae7ddeeef,高中栏目:https://www.zuowen.com/gaozhong/gaoer/yilunwen/,1000
NY2,Y2,https://www.zuowen.com/e/20120925/5060e4bc27f08.shtml,2323560,榜样在哪里？,2012-09-25,高二,高中,议论文,作文网原创,709,宽泛,39,入选,,7b762447e069041c15a3da3eac12fb50d34f95f16071d695757caaa864d871a2,高中栏目:https://www.zuowen.com/gaozhong/gaoer/yilunwen/,800
NY2,Y2,https://www.zuowen.com/e/20090512/4b8bca28dfc94.shtml,490400,寻属于我们的路,2009-05-12,高二,高中,议论文,网络资源,350,不匹配,2,拒绝,主题不匹配,40c12790a5f93abe1f6e4995bb75271278d800040f5d5e0870f4ea72588a1dc8,高中栏目:https://www.zuowen.com/gaozhong/gaoer/yilunwen/,400
NY2,Y2,https://www.zuowen.com/e/20090625/4b8bcbb971710.shtml,629104,成长的心曲,2009-06-25,高二,高中,议论文,网络资源,1110,宽泛,35,拒绝,正文汉字数超出200-787,15b49f08e17ef911d855ef989b231ea511494287f304f01240e056910c21b8ab,高中栏目:https://www.zuowen.com/gaozhong/gaoer/yilunwen/,1200
NY2,Y2,https://www.zuowen.com/e/20090828/4b8bceb4b78fe.shtml,894363,人与树,2009-08-28,高二,高中,议论文,网络资源,648,不匹配,3,拒绝,主题不匹配,b88079e0963b1c64a9eba4680c5596a3332bb8513d594b9ba2403f276e2463b7,高中栏目:https://www.zuowen.com/gaozhong/gaoer/yilunwen/,800
NY2,Y2,https://www.zuowen.com/e/20090901/4b8bcef403627.shtml,915498,名利与生命,2009-09-01,高二,高中,议论文,网络资源,503,不匹配,3,拒绝,主题不匹配,0033354c123a8fe2a147aba1f6351edc790b2a15adccac4e4fc68cb8ebd3f5bb,高中栏目:https://www.zuowen.com/gaozhong/gaoer/yilunwen/,650
NY2,Y2,https://www.zuowen.com/e/20090908/4b8bcf763e95b.shtml,961359,独立,2009-09-08,高二,高中,议论文,网络资源,685,宽泛,35,入选,,d0561237e3df6c5f5260340623ed37e838095d55ffe6a72d3166f8331c558d79,高中栏目:https://www.zuowen.com/gaozhong/gaoer/yilunwen/,800
NY2,Y2,https://www.zuowen.com/e/20090916/4b8bcfe6347f2.shtml,1000353,谁懂“90后”,2009-09-16,高三,高中,议论文,网络资源,454,宽泛,36,入选,,28b5e98c4488aabc56ca48b408ecbd00f8fbf6fdb67403d2f9c621ef9deb1860,高中栏目:https://www.zuowen.com/gaozhong/gaosan/yilunwen/,500
NY2,Y2,https://www.zuowen.com/e/20090918/4b8bd003d51e3.shtml,1011150,辩意何为,2009-09-18,高二,高中,议论文,网络资源,1101,不匹配,2,拒绝,正文汉字数超出200-787,baf1e8c3234edd3b6fe81689126b7818a23436d3dc3944a15368843dc8a970a6,高中栏目:https://www.zuowen.com/gaozhong/gaoer/yilunwen/,1200
NY2,Y2,https://www.zuowen.com/e/20090919/4b8bd009be1f2.shtml,1013181,从语文试卷看语文教育,2009-09-19,高三,高中,议论文,网络资源,2033,宽泛,38,拒绝,正文汉字数超出200-787,3b3067dc6a28320161c176357e1202293f24f2fdeee10faba6da3fad336428fc,高中栏目:https://www.zuowen.com/gaozhong/gaosan/yilunwen/,2000
NY2,Y2,https://www.zuowen.com/e/20090920/4b8bd0178f0a2.shtml,1017782,时间与自由,2009-09-20,高三,高中,议论文,网络资源,657,宽泛,38,候选,,9a62e19d52d7f04b3990ae895a5b19eef46f7c63d1ce17de63dd72034c6608a4,高中栏目:https://www.zuowen.com/gaozhong/gaosan/yilunwen/,750
NY2,Y2,https://www.zuowen.com/e/20090921/4b8bd30f94f01.shtml,1025400,珍惜幸福,2009-09-21,高三,高中,议论文,网络资源,709,扩展,62,候选,,b9bd55da3e5e53b173d99779f67311c738528900e91dea4f79995605f31bbe4a,高中栏目:https://www.zuowen.com/gaozhong/gaosan/yilunwen/,800
NY2,Y2,https://www.zuowen.com/e/20090924/4b8bd3336b10a.shtml,1039189,“90后”论战,2009-09-24,高三,高中,议论文,本站原创,573,宽泛,34,候选,,d45d0b215213cfc6a2da994a8dd50f9276a90175299e5791c896e55cda26cbbe,高中栏目:https://www.zuowen.com/gaozhong/gaosan/yilunwen/,650
NY2,Y2,https://www.zuowen.com/e/20090926/4b8bd34acafda.shtml,1049040,谈包容,2009-09-26,高二,高中,议论文,网络资源,787,不匹配,4,拒绝,主题不匹配,2d76ff155a04bcec3c5997e8d3c15c3b4046780deba8849875bbdfa06568bfb2,高中栏目:https://www.zuowen.com/gaozhong/gaoer/yilunwen/,900
NY2,Y2,https://www.zuowen.com/e/20091010/4b8bd3ab108b0.shtml,1084655,人生,2009-10-10,高三,高中,议论文,网络资源,1142,宽泛,38,拒绝,正文汉字数超出200-787,0a3db3fab63aedade07cf285d8541747476773122f69d65f1a49aa1e32834fa2,高中栏目:https://www.zuowen.com/gaozhong/gaosan/yilunwen/,1200
NY2,Y2,https://www.zuowen.com/e/20091012/4b8bd3b71f53f.shtml,1089045,高中议论文范文： 成长需要悉心的呵护,2009-10-12,高三,高中,议论文,网络资源,959,宽泛,36,拒绝,排除来源类别：范文,be003bd3e61523bcac8f86eca7226b1529d0a1913a5aa0585db34bdb31ed64ca,高中栏目:https://www.zuowen.com/gaozhong/gaosan/yilunwen/,1000
NY2,Y2,https://www.zuowen.com/e/20091013/4b8bd3bd48788.shtml,1091454,高中议论文范文： 失败是成功之母,2009-10-13,高三,高中,议论文,网络资源,1150,不匹配,2,拒绝,排除来源类别：范文,cd33e2f21783c89f73edd747c4ca9816b75eab9be5c6f7414c4c657f4d3a8dab,高中栏目:https://www.zuowen.com/gaozhong/gaosan/yilunwen/,1200
NY2,Y2,https://www.zuowen.com/e/20091022/4b8bd41e1434e.shtml,1129192,成长感悟,2009-10-22,高二,高中,议论文,网络资源,719,宽泛,39,候选,,a5976752036300353cdc2ac18b78a83bb7419d2cfd28530c51b0c25e234eebd1,高中栏目:https://www.zuowen.com/gaozhong/gaoer/yilunwen/,800
NY2,Y2,https://www.zuowen.com/e/20091025/4b8bd434d4eb4.shtml,1137568,成长,2009-10-25,高三,高中,议论文,网络资源,535,宽泛,31,拒绝,标准化题目重复,b3876fd293ae4c130323479d8c58ccf59f78400e9b4a86e1c361b85f32ca7a48,高中栏目:https://www.zuowen.com/gaozhong/gaosan/yilunwen/,600
NY2,Y2,https://www.zuowen.com/e/20091027/4b8bd44a8c068.shtml,1145674,自由不是放纵,2009-10-27,高三,高中,议论文,网络资源,971,宽泛,36,拒绝,正文汉字数超出200-787,3a05f256b01f8d6ed1a089dbb05ee9ae9d14d7dbaf3a3ea03e4f28f5495cbd81,高中栏目:https://www.zuowen.com/gaozhong/gaosan/yilunwen/,1200
NY2,Y2,https://www.zuowen.com/e/20091221/4b8bd63d867a1.shtml,1336923,90后看责任,2009-12-21,高一,高中,议论文,本站原创,1749,不匹配,2,拒绝,正文汉字数超出200-787,b3c77d4085536394a9d4d6115ac67981fcd5bd21782a43d5c270aa91b7ad57d9,高中栏目:https://www.zuowen.com/gaozhong/gaoyi/yilunwen/,2000
NY2,Y2,https://www.zuowen.com/e/20100624/4c23304b9522d.shtml,1667928,支持高中文理分班,2010-06-24,高二,高中,议论文,作文网,1272,不匹配,2,拒绝,正文汉字数超出200-787,4d50e053f6e1671d6736bdd683e677838873bc96d9584c4ed7ca872b30072fd0,高中栏目:https://www.zuowen.com/gaozhong/gaoer/yilunwen/,1500
NY2,Y2,https://www.zuowen.com/e/20120502/4fa0dd6e65cb5.shtml,2233216,文之有理,2012-05-02,高一,高中,议论文,作文网原创,932,宽泛,34,拒绝,正文汉字数超出200-787,bc900af1b073db17d2c5317497512f4bec8cbcceaebd48398698109546bf5199,高中栏目:https://www.zuowen.com/gaozhong/gaoyi/yilunwen/,1200
NY2,Y2,https://www.zuowen.com/e/20090625/4b8bcbb95c312.shtml,629072,感恩母亲恩情,2009-06-25,高二,高中,议论文,网络资源,882,宽泛,29,拒绝,正文汉字数超出200-787,d4f992661e16b8d8d71717d3b3fd36e1e3122a80785326935366e8efec9d21c8,高中栏目:https://www.zuowen.com/gaozhong/gaoer/yilunwen/,1000
NY2,Y2,https://www.zuowen.com/e/20090826/4b8bce86b7855.shtml,878293,人生哲理,2009-08-26,高二,高中,议论文,网络资源,483,不匹配,2,拒绝,主题不匹配,be7e8a9603796cc3233d2fa53401c87ddf81741c2c4a1c0f757757859db23888,高中栏目:https://www.zuowen.com/gaozhong/gaoer/yilunwen/,550
NY2,Y2,https://www.zuowen.com/e/20090918/4b8bd00017211.shtml,1009755,让我们做个“坏”孩子,2009-09-18,高三,高中,议论文,网络资源,457,不匹配,2,拒绝,主题不匹配,d3747f04d0ba92e016ea7241830e4e4ee571a34e2f4d4fa0e078043feb437eda,高中栏目:https://www.zuowen.com/gaozhong/gaosan/yilunwen/,500
NY2,Y2,https://www.zuowen.com/e/20090918/4b8bd001b8e14.shtml,1010391,90后的意志,2009-09-18,高三,高中,议论文,网络资源,590,不匹配,3,拒绝,主题不匹配,cbd63be0ad2b98fc42750fb7885836176b17fb7a5792a2c0f61ff486444d14d7,高中栏目:https://www.zuowen.com/gaozhong/gaosan/yilunwen/,700
NY2,Y2,https://www.zuowen.com/e/20090919/4b8bd0110ee29.shtml,1015657,沟通,2009-09-19,高三,高中,议论文,网络资源,1251,不匹配,2,拒绝,正文汉字数超出200-787,fcffc543a5633d6e222b672312aedeb8a292018e9655c490e7dec39c5196a2dd,高中栏目:https://www.zuowen.com/gaozhong/gaosan/yilunwen/,1500
NY2,Y2,https://www.zuowen.com/e/20100803/4c57fb3d57176.shtml,1719016,交往,2010-08-03,高三,高中,议论文,作文网,728,不匹配,2,拒绝,主题不匹配,006ab14561374a027268545b757a44f028f700a718655b0844fd5eaf2b16b036,高中栏目:https://www.zuowen.com/gaozhong/gaosan/yilunwen/,800
NY2,Y2,https://www.zuowen.com/e/20120808/5021ed48ee3d6.shtml,2298741,举手之劳,2012-08-08,高三,高中,议论文,作文网原创,1017,宽泛,33,拒绝,正文汉字数超出200-787,dfacc869086d2a4ff6d83d953199349d93269bb9259ba31db47f5212957a77b3,高中栏目:https://www.zuowen.com/gaozhong/gaosan/yilunwen/,1200
NY2,Y2,https://www.zuowen.com/e/20130730/51f7c1b8a09f0.shtml,2497739,我的中国梦,2013-07-30,高二,高中,议论文,作文网原创,702,宽泛,42,候选,,daf0efcb20e401d39105a2ebe799858a11c51f032b09ad3458a1de0f008db172,高中栏目:https://www.zuowen.com/gaozhong/gaoer/yilunwen/,800
NY2,Y2,https://www.zuowen.com/e/20130803/51fcd9c515bc0.shtml,2499906,神圣的教师,2013-08-03,高二,高中,议论文,作文网原创,1770,宽泛,44,拒绝,正文汉字数超出200-787,dc3a6437277f04a8de0991835afccfacc6ebdbd91fef6601c8f34f014af07b96,高中栏目:https://www.zuowen.com/gaozhong/gaoer/yilunwen/,2000
NY2,Y2,https://www.zuowen.com/e/20131201/529b56a3cd6d5.shtml,,教师应谨防暴戾倾向,2013-12-01,,,,作文网高中年级栏目,0,,0.0,失败,未找到 con_content 正文,,高中栏目:https://www.zuowen.com/gaozhong/gaosan/yilunwen/,3000
NY2,Y2,https://www.zuowen.com/e/20130902/52248fb9792df.shtml,2515510,最真切易懂的教导,2013-09-02,高三,高中,议论文,作文网原创,656,宽泛,41,候选,,44719766957ff2233f26361275db0d79ff7b69d9316997ee201568088d26d255,高中栏目:https://www.zuowen.com/gaozhong/gaosan/yilunwen/,750
NY2,Y2,https://www.zuowen.com/e/20130106/50e97a7b924d2.shtml,2377595,青春无悔,2013-01-06,高一,高中,议论文,作文网原创,925,宽泛,40,拒绝,正文汉字数超出200-787,3dc9cdf5a9a0885e32e5cca69738dade29749e4bfc59b6ce7a0bf96ef178ed77,高中栏目:https://www.zuowen.com/gaozhong/gaoyi/yilunwen/,1000
NY2,Y2,https://www.zuowen.com/e/20130517/51961635ada2c.shtml,2453246,论中国高中教育之现状,2013-05-17,高二,高中,议论文,作文网原创,936,宽泛,44,拒绝,正文汉字数超出200-787,07510038279703d0eb45e38cea81cbddae9b2ab2234115440472d20b2883be7b,高中栏目:https://www.zuowen.com/gaozhong/gaoer/yilunwen/,1000
NY2,Y2,https://www.zuowen.com/e/20130808/5202f566015d9.shtml,2502168,论应试教育,2013-08-08,高一,高中,议论文,作文网原创,633,宽泛,40,入选,,5aed92725c2f44561be953df450e10ed95d5804d231b60b695d45b196eba7784,高中栏目:https://www.zuowen.com/gaozhong/gaoyi/yilunwen/,700
NY2,Y2,https://www.zuowen.com/e/20131226/52bbb332cb3e1.shtml,2586271,当代社会的教育问题,2013-12-26,高一,高中,议论文,作文网原创,1092,扩展,61,拒绝,正文汉字数超出200-787,15a52fe4ef699fe960c1d37b70d327e2dc2c1da7bf501e5f499b9eaaf77db8c6,高中栏目:https://www.zuowen.com/gaozhong/gaoyi/yilunwen/,1200
NY2,Y2,https://www.zuowen.com/e/20131011/525763324f528.shtml,,人人生而平等,2013-10-11,,,,作文网高中年级栏目,0,,0.0,失败,未找到 con_content 正文,,高中栏目:https://www.zuowen.com/gaozhong/gaoyi/yilunwen/,900
NY2,Y2,https://www.zuowen.com/e/20131011/5257633261cd0.shtml,2535146,进击的巨人,2013-10-11,高一,高中,议论文,作文网原创,321,宽泛,33,入选,,00a9188d369d3c203367ec17def53754632c186e6ca3b41ba8ad28f08be3229b,高中栏目:https://www.zuowen.com/gaozhong/gaoyi/yilunwen/,400
NY2,Y2,https://www.zuowen.com/e/20130111/50f01a095bb26.shtml,2381447,教育方面怪现象,2013-01-11,高三,高中,议论文,作文网原创,1135,宽泛,38,拒绝,正文汉字数超出200-787,fb538030e06548b881aa07f09357f269ada7eedb6d3a3d1bf50a3c4b4c296ff6,高中栏目:https://www.zuowen.com/gaozhong/gaosan/yilunwen/,1200
NY2,Y2,https://www.zuowen.com/e/20130306/513736fc89185.shtml,2407708,论人生渐变过程,2013-03-06,高一,高中,议论文,作文网原创,730,宽泛,39,候选,,61ca3c47a4505b4dd075c52eda7a770f4018b5ae4c6be4b03b63e51a1fe52fe9,高中栏目:https://www.zuowen.com/gaozhong/gaoyi/yilunwen/,800
NY2,Y2,https://www.zuowen.com/e/20130724/51ef84f8a27a5.shtml,2494435,我要属于我的自由,2013-07-24,高二,高中,议论文,作文网原创,219,宽泛,33,入选,,cf45bbc74f7c3ed66547fb73afbdf0dd3d7352b6070eefa327c5fa2b7e22d00f,高中栏目:https://www.zuowen.com/gaozhong/gaoer/yilunwen/,250
NY2,Y2,https://www.zuowen.com/e/20130420/51729e46556e9.shtml,2434975,生命因‘攀登’而美丽,2013-04-20,高三,高中,议论文,作文网原创,717,不匹配,2,拒绝,主题不匹配,9c0f8e0f2c7b481c7b39b430f5a56c18e3b76fcd87bce608a55b0b79f1a34cdc,高中栏目:https://www.zuowen.com/gaozhong/gaosan/yilunwen/,900
NY2,Y2,https://www.zuowen.com/e/20130713/51e0da54a45c7.shtml,2488527,生命是一朵永不言弃的花,2013-07-13,高一,高中,议论文,作文网原创,751,宽泛,40,候选,,40417c520ac31c9da3b8a54c588d9d17f57205d14b24c8922d35c370515a79c0,高中栏目:https://www.zuowen.com/gaozhong/gaoyi/yilunwen/,800
NY2,Y2,https://www.zuowen.com/e/20130806/52006ceda33d8.shtml,2501196,生存状态,2013-08-06,高三,高中,议论文,作文网原创,703,宽泛,29,候选,,add8ce3e31e0e4f04cb075cfdd0bd37db9bd1702c9a0dd3f472b7bc6e709548a,高中栏目:https://www.zuowen.com/gaozhong/gaosan/yilunwen/,750
NY2,Y2,https://www.zuowen.com/e/20131204/529eadc01d5be.shtml,2569071,在失败中成长,2013-12-04,高三,高中,议论文,作文网原创,356,宽泛,33,入选,,a16d8915489d174b96a893b2079b82b663afa5918becbc4d913f56ea11047ae1,高中栏目:https://www.zuowen.com/gaozhong/gaosan/yilunwen/,400
NY2,Y2,https://www.zuowen.com/e/20140219/5304167d0c28f.shtml,,创业之星,2014-02-19,,,,作文网高中年级栏目,0,,0.0,失败,未找到 con_content 正文,,高中栏目:https://www.zuowen.com/gaozhong/gaoyi/yilunwen/,2000
NY2,Y2,https://www.zuowen.com/e/20140904/540829cd62ad4.shtml,2719961,环境，不是束缚你的理,2014-09-04,高三,高中,议论文,作文网整理,664,宽泛,36,候选,,a24bbc2f50d41f6a3bd0df7e42d3860877b171d91e334ac2422fc63b3507861a,高中栏目:https://www.zuowen.com/gaozhong/gaosan/yilunwen/,800
NY2,Y2,https://www.zuowen.com/e/20140413/534aa429349e2.shtml,2655265,成长与成功,2014-04-13,高一,高中,议论文,作文网原创,660,宽泛,38,候选,,4c459a7e2f4622b85326df2403c21c6c7359d5c43b6b24d9ebbad23902c9ba29,高中栏目:https://www.zuowen.com/gaozhong/gaoyi/yilunwen/,700
NY2,Y2,https://www.zuowen.com/e/20140829/5400614c67c2e.shtml,2718880,谁的责任,2014-08-29,高一,高中,议论文,作文网整理,645,扩展,57,入选,,0c92f4efe547eba10e0ec13e067e78e37531b443a274354aa0e43977e0c4ef1b,高中栏目:https://www.zuowen.com/gaozhong/gaoyi/yilunwen/,
NY2,Y2,https://www.zuowen.com/e/20140904/54082ad2c3fbb.shtml,2719966,思考出真知,2014-09-04,高三,高中,议论文,作文网整理,793,不匹配,4,拒绝,正文汉字数超出200-787,f3d2f3369fc75f44d64e43e23b0de951c47ad177e12d588bafc9148f3fa3c6ef,高中栏目:https://www.zuowen.com/gaozhong/gaosan/yilunwen/,900
NY2,Y2,https://www.zuowen.com/e/20140219/53048e0a36bd8.shtml,2617988,今年，高三,2014-02-19,高三,高中,议论文,作文网原创,754,不匹配,2,拒绝,主题不匹配,0018ce4fe7d5a1848114781518d58b75cd1e4828dc42d6dddd581104c3bd4c2d,高中栏目:https://www.zuowen.com/gaozhong/gaosan/yilunwen/,800
NY2,Y2,https://www.zuowen.com/e/20140219/53048e0bd0cd4.shtml,2617990,给你正能量,2014-02-19,高三,高中,议论文,作文网原创,601,宽泛,36,候选,,3487b2790a643cae128eb9b68728f2ace5d004e50c5450859e7b321b713b1f1b,高中栏目:https://www.zuowen.com/gaozhong/gaosan/yilunwen/,700
NY2,Y2,https://www.zuowen.com/e/20140323/532ea79bb59e8.shtml,2641236,读书使我成长,2014-03-23,高一,高中,议论文,转载,481,宽泛,28,入选,,692eb0e95e874831888819e3eb0472374c9c861c47c6d58db596877f33143b6b,高中栏目:https://www.zuowen.com/gaozhong/gaoyi/yilunwen/,650
NY2,Y2,https://www.zuowen.com/e/20140420/5353b8bf36dd8.shtml,2661253,陪伴一生的是心情,2014-04-20,高一,高中,议论文,作文网原创,1124,宽泛,31,拒绝,正文汉字数超出200-787,66148a7b59b7b3bee570ee6b9343d04ce1bc1f7e3fae9dae4d22a8608ef9e941,高中栏目:https://www.zuowen.com/gaozhong/gaoyi/yilunwen/,1200
NY2,Y2,https://www.zuowen.com/e/20141011/5438cdce6e339.shtml,2726193,梦想天空分外蓝,2014-10-11,高三,高中,议论文,作文网原创,740,不匹配,2,拒绝,主题不匹配,437440b784507cd30c136d9c4f3893dd5acba23d55637d3f5a1f4f9d2e81dd28,高中栏目:https://www.zuowen.com/gaozhong/gaosan/yilunwen/,800
NY2,Y2,https://www.zuowen.com/e/20150309/54fd4e40262bd.shtml,2750973,我的成长因书法而精彩,2015-03-09,高一,高中,议论文,作文网原创,970,宽泛,38,拒绝,正文汉字数超出200-787,13fc71eb4bb2acb67bfb4beff1c8cdce4cfae917e6e646683922d9c9550f045b,高中栏目:https://www.zuowen.com/gaozhong/gaoyi/yilunwen/,1000
NY2,Y2,https://www.zuowen.com/e/20150308/54fbd4b2c4662.shtml,2750336,走在路上,2015-03-08,高二,高中,议论文,作文网原创,697,宽泛,45,候选,,e1e73d0470e155723b17269b10a4b26a4f2230cd99a938ae03324900e499aff4,高中栏目:https://www.zuowen.com/gaozhong/gaoer/yilunwen/,800
NY2,Y2,https://www.zuowen.com/e/20150306/54f943c05eaf2.shtml,2749324,翡冷翠的枷锁,2015-03-06,高一,高中,议论文,作文网原创,715,宽泛,37,候选,,08e9e07bd98db233058671c311ec3f5a783ebd87aceceef95d844685b07e676c,高中栏目:https://www.zuowen.com/gaozhong/gaoyi/yilunwen/,800
NY2,Y2,https://www.zuowen.com/e/20150316/55069e9721402.shtml,2754187,爱在天空下,2015-03-16,高一,高中,议论文,作文网原创,892,不匹配,4,拒绝,正文汉字数超出200-787,40e4d662a9d678766693476fd44013cc21a290d970af1a8bcfddc0edeecc0c44,高中栏目:https://www.zuowen.com/gaozhong/gaoyi/yilunwen/,2000
NY2,Y2,https://www.zuowen.com/e/20150804/55c06326b1c0a.shtml,2782964,心之所向,2015-08-04,高三,高中,议论文,作文网原创,507,不匹配,3,拒绝,主题不匹配,f5f6dd6db9cf8ad12cef4665889b7e417242d2beb949ff28604d316e12ed31e5,高中栏目:https://www.zuowen.com/gaozhong/gaosan/yilunwen/,750
NY2,Y2,https://www.zuowen.com/e/20150704/5596c1b465218.shtml,2776233,长大了，它来了,2015-07-04,高一,高中,议论文,作文网原创,626,不匹配,3,拒绝,主题不匹配,f97426ef69d86e4a2ddd6f1e3e726a464ef750e9722fe2f832620d2e0029d397,高中栏目:https://www.zuowen.com/gaozhong/gaoyi/yilunwen/,750
NY2,Y2,https://www.zuowen.com/e/20150704/5597d4f3e5a7e.shtml,2776932,土壤的大地,2015-07-04,高三,高中,议论文,作文网原创,708,不匹配,3,拒绝,主题不匹配,ac0e94126f003b9b18a810cbe8e606548509e719e962042802c2b9b55a1c5255,高中栏目:https://www.zuowen.com/gaozhong/gaosan/yilunwen/,800
NY2,Y2,https://www.zuowen.com/e/20150704/5597f9fd5ba87.shtml,2777580,土壤的大地,2015-07-04,高三,高中,议论文,作文网原创,708,不匹配,3,拒绝,主题不匹配,d695c18e5444e8201c0d4519d47beab9421da7753b46475f2879d6ed79d187f8,高中栏目:https://www.zuowen.com/gaozhong/gaosan/yilunwen/,800
NY2,Y2,https://www.zuowen.com/e/20151207/566555d39ecd8.shtml,2798670,缅怀陶行知,2015-12-07,高一,高中,议论文,作文网原创,618,不匹配,2,拒绝,主题不匹配,5d9c3318120698f0d933f81c841b5be62f9b630966720e6807cb8926a2ecbb7b,高中栏目:https://www.zuowen.com/gaozhong/gaoyi/yilunwen/,750
NY2,Y2,https://www.zuowen.com/e/20170719/596f33fa18251.shtml,2949784,[我的成长]在孤寂中成长,2017-07-19,高一,高中,议论文,作文网高中作文文库（作文网原创）,396,宽泛,29,入选,,0ba3bacacd5c682173fc3c17da7ad3f16e9f3f9514b0b14622588a9ab5cad8d8,高中作文文库:https://www.zuowen.com/wk/gz-0-9-15-0-2.html,600
NY2,Y2,https://www.zuowen.com/e/20180829/5b863c6d657e5.shtml,3005221,成长，也需要选择,2018-08-29,高二,高中,议论文,作文网整理,856,宽泛,36,拒绝,正文汉字数超出200-787,8022da7918a6065a6c725bada42ed435cb2fd525224b7471ec4c9b21e078ef33,高中栏目:https://www.zuowen.com/gaozhong/gaoer/yilunwen/,900
NY2,Y2,https://www.zuowen.com/e/20190712/5d289cf8c98be.shtml,3024446,高三议论文作文：成长需要挫折,2019-07-12,高三,高中,议论文,网络资源,785,宽泛,38,候选,,d402fe1bf5a89a0d8c1da8e15c2fcefe01a5b8015de95f4c41bed727653dc0b1,高中栏目:https://www.zuowen.com/gaozhong/gaosan/yilunwen/,900
NY2,Y2,https://www.zuowen.com/e/20190904/5d6f82aa7b03d.shtml,,高一议论文作文：做习惯的主人,2019-09-04,,,,作文网高中年级栏目,0,,0.0,失败,未找到 con_content 正文,,高中栏目:https://www.zuowen.com/gaozhong/gaoyi/yilunwen/,900
NY2,Y2,https://www.zuowen.com/e/20190710/5d258d47c6384.shtml,3023996,高二议论文作文：成长的诱惑,2019-07-10,高二,高中,议论文,网络资源,767,宽泛,36,候选,,127a6e6d72225ec5592b9b202e7bb0a884ff0ab8f3fc31967e5355b4a99f52ed,高中栏目:https://www.zuowen.com/gaozhong/gaoer/yilunwen/,800
NY2,Y2,https://www.zuowen.com/e/20190904/5d6f858d8f08e.shtml,3034599,高一议论文作文：谈中学生的社会责任感,2019-09-04,高一,高中,议论文,网络资源,829,宽泛,40,拒绝,正文汉字数超出200-787,1083591e24bb5c450e0829a473eee8ac827af20b3005c2e7b0132954c5aeb8ed,高中栏目:https://www.zuowen.com/gaozhong/gaoyi/yilunwen/,900
NY2,Y2,https://www.zuowen.com/e/20190706/5d2065f513a52.shtml,3022919,高三议论文：当人生遭遇不自由时,2019-07-06,高三,高中,议论文,网络资源,729,宽泛,37,候选,,fe9cffe85d408468cbb63b57f1d80414758a60198c7e219460151fe68ef5632d,高中栏目:https://www.zuowen.com/gaozhong/gaosan/yilunwen/,800
NY2,Y2,https://www.zuowen.com/e/20190712/5d289d6001403.shtml,3024448,高三议论文作文：在逆境中成长,2019-07-12,高三,高中,议论文,网络资源,767,宽泛,36,候选,,71610847027f2af3caaebac02c2bd304043bd51bdd1c24af12dee020fc4626a3,高中栏目:https://www.zuowen.com/gaozhong/gaosan/yilunwen/,800
NY2,Y2,https://www.zuowen.com/e/20190730/5d3fde2be8f63.shtml,3027280,高二议论文作文：人生处处有选择,2019-07-30,高二,高中,议论文,网络资源,627,不匹配,4,拒绝,主题不匹配,be90b43643844c9d53e133e4fefb78b5cfac94b829646aded514410a84c60609,高中栏目:https://www.zuowen.com/gaozhong/gaoer/yilunwen/,700
NY2,Y2,https://www.zuowen.com/e/20190904/5d6f83acd2c65.shtml,3034586,高一议论文作文：我的故事及背后的中国式教育,2019-09-04,高一,高中,议论文,网络资源,685,宽泛,36,候选,,44f29c6c7106923eb1ccd08355cc9b89d85dfcf872dd27765c861f5b3a1d93db,高中栏目:https://www.zuowen.com/gaozhong/gaoyi/yilunwen/,750
NY2,Y2,https://www.zuowen.com/e/20200608/5eddd7c80b892.shtml,3088851,高二议论文：幸福的“四独娃”,2020-06-08,高二,高中,议论文,网络资源,1528,宽泛,41,拒绝,正文汉字数超出200-787,b3d6773fb85435ad734b85016270cc666af753517db358fb6772531e6f526282,高中栏目:https://www.zuowen.com/gaozhong/gaoer/yilunwen/,1500
NY2,Y2,https://www.zuowen.com/e/20200608/5eddd83dc1afa.shtml,3088857,高二议论文：只要我喜欢,2020-06-08,高二,高中,议论文,网络资源,800,扩展,55,拒绝,正文汉字数超出200-787,e25279a384a4dc24abd8891f9e73ddc26afb1bdbc14fb198f73dbcb1f36e6223,高中栏目:https://www.zuowen.com/gaozhong/gaoer/yilunwen/,900
NY2,Y2,https://www.zuowen.com/e/20210306/604390df085e9.shtml,,高三议论文：有容乃大,2021-03-06,,,,作文网高中年级栏目,0,,0.0,失败,未找到 con_content 正文,,高中栏目:https://www.zuowen.com/gaozhong/gaosan/yilunwen/,800
NY2,Y2,https://www.zuowen.com/e/20210306/604386b214d5d.shtml,3118383,高一议论文：我渴望翅膀,2021-03-06,高一,高中,议论文,网络资源,508,宽泛,37,入选,,62182f332e4f49f3096b53522fba8438756c4425396f4e85d14d3b16109c95b7,高中栏目:https://www.zuowen.com/gaozhong/gaoyi/yilunwen/,600
NY2,Y2,https://www.zuowen.com/e/20210306/604390dc820d5.shtml,3118450,高三议论文：政策倾斜应三思,2021-03-06,高三,高中,议论文,网络资源,817,宽泛,37,拒绝,正文汉字数超出200-787,2a3cd51a4472354f4be1259f6592dedee5b92189822c306c0967da690daa9370,高中栏目:https://www.zuowen.com/gaozhong/gaosan/yilunwen/,900
NY2,Y2,https://www.zuowen.com/e/20210306/604386afad83e.shtml,3118382,高一议论文：美丽的谎言,2021-03-06,高一,高中,议论文,网络资源,488,不匹配,4,拒绝,主题不匹配,0f67a6936816cbc9dfd5759c424949b7f251a2d4b0650421946b2d799a651891,高中栏目:https://www.zuowen.com/gaozhong/gaoyi/yilunwen/,600
NY2,Y2,https://www.zuowen.com/e/20230214/63eb2cffc5140.shtml,3204548,高二议论文：素质教育,2023-02-14,高二,高中,议论文,网络资源,716,宽泛,38,拒绝,跨组正文哈希重复，保留于NY1：高二议论文：素质教育,d5e039d3e826cedc8b5e733f5bf01b7c003eac69d94290ef65c477b152558eed,高中栏目:https://www.zuowen.com/gaozhong/gaoer/yilunwen/,800
NY2,Y2,https://www.zuowen.com/e/20230211/63e77782da521.shtml,3203515,高一议论文：弘扬民族精神,2023-02-11,高一,高中,议论文,网络资源,780,宽泛,33,候选,,47d58b8a7fa7bef60dd765b62299605ab890898f612ac36d38787b7c8b8050c4,高中栏目:https://www.zuowen.com/gaozhong/gaoyi/yilunwen/,900
NY2,Y2,https://www.zuowen.com/e/20230211/63e77a3b701d1.shtml,3203524,高一议论文：愿做低头的麦穗,2023-02-11,高一,高中,议论文,网络资源,835,不匹配,2,拒绝,正文汉字数超出200-787,e32930bfe9903bce1adfb6a1a308f7d024f29958338ba4e4e734c4da603f590b,高中栏目:https://www.zuowen.com/gaozhong/gaoyi/yilunwen/,900
NY2,Y2,https://www.zuowen.com/e/20230211/63e780c3adbfe.shtml,3203548,高一议论文：弘扬民族精神,2023-02-11,高一,高中,议论文,网络资源,780,宽泛,33,拒绝,正文哈希重复,47d58b8a7fa7bef60dd765b62299605ab890898f612ac36d38787b7c8b8050c4,高中栏目:https://www.zuowen.com/gaozhong/gaoyi/yilunwen/,900
NY2,Y2,https://www.zuowen.com/e/20230211/63e789e97f898.shtml,3203581,高一议论文：人生的竞争,2023-02-11,高一,高中,议论文,网络资源,672,不匹配,2,拒绝,主题不匹配,4a747350bed1e6122189bc2b584c876213410c6ffa7862de80c8ad22387653dc,高中栏目:https://www.zuowen.com/gaozhong/gaoyi/yilunwen/,800
NY2,Y2,https://www.zuowen.com/e/20250603/683e5dca5accc.shtml,3349873,高二议论文：论惩戒 9,2025-06-03,高二,高中,议论文,网络转载,806,宽泛,46,拒绝,正文汉字数超出200-787,a1a5a3379c662aec8098ea40cca021371cdbd0f9c78e914123bc4bab87b913f0,高中栏目:https://www.zuowen.com/gaozhong/gaoer/yilunwen/,900
NY2,Y2,https://www.zuowen.com/e/20250603/683e5c7be7401.shtml,3349866,高二议论文：论惩戒 2,2025-06-03,高二,高中,议论文,网络转载,749,宽泛,47,拒绝,标准化题目重复,5cd2b3fe8f7e18375fbbe0d3bce4a9215be5490c3e1e544bd16c931314139961,高中栏目:https://www.zuowen.com/gaozhong/gaoer/yilunwen/,800
NY2,Y2,https://www.zuowen.com/e/20250603/683e5da382d6b.shtml,3349872,高二议论文：论惩戒 8,2025-06-03,高二,高中,议论文,网络转载,768,宽泛,47,拒绝,标准化题目重复,be835081f1e2f728d87e006e2b49c04fe0c058e56e97c56ac76ab5b0822d1d81,高中栏目:https://www.zuowen.com/gaozhong/gaoer/yilunwen/,900
NY2,Y2,https://www.zuowen.com/e/20250603/683e5c3c3d1f1.shtml,3349865,高二议论文：论惩戒 1,2025-06-03,高二,高中,议论文,网络转载,910,宽泛,45,拒绝,正文汉字数超出200-787,95a059da95bf926e01c49c3aad4e7579631b73489d81eb9b5a9ce6ecc8674879,高中栏目:https://www.zuowen.com/gaozhong/gaoer/yilunwen/,1000
NY2,Y2,https://www.zuowen.com/e/20250603/683e5d255d9c4.shtml,3349868,高二议论文：论惩戒 4,2025-06-03,高二,高中,议论文,网络转载,746,宽泛,45,拒绝,标准化题目重复,c7aeedf883ae4d285344f6ffdfc98eaa37fc34aa5911363ac29fb6088a921af9,高中栏目:https://www.zuowen.com/gaozhong/gaoer/yilunwen/,800
NY2,Y2,https://www.zuowen.com/e/20250603/683e5dee44157.shtml,3349874,高二议论文：论惩戒 10,2025-06-03,高二,高中,议论文,网络转载,711,宽泛,45,拒绝,标准化题目重复,cd55380f829e4eb057bf582ab2b10622e26ce0fe664739351c457db8d3cb2e72,高中栏目:https://www.zuowen.com/gaozhong/gaoer/yilunwen/,800
NY2,Y2,https://www.zuowen.com/e/20250603/683e5d6026564.shtml,3349870,高二议论文：论惩戒 6,2025-06-03,高二,高中,议论文,网络转载,699,宽泛,42,拒绝,标准化题目重复,6e4d443034dd8ba274f8b1ef33683ae1b1d898978845736ca998be7d6de11e89,高中栏目:https://www.zuowen.com/gaozhong/gaoer/yilunwen/,800
NY2,Y2,https://www.zuowen.com/e/20250603/683e5e8e91642.shtml,3349878,高二议论文：论惩戒 14,2025-06-03,高二,高中,议论文,网络转载,901,扩展,53,拒绝,正文汉字数超出200-787,84bf7c9f4c8de2a6fa4592d18e328db207bb87ee5e7052350ce7b651958a3d6e,高中栏目:https://www.zuowen.com/gaozhong/gaoer/yilunwen/,1000
NY2,Y2,https://www.zuowen.com/e/20250515/68258929429f4.shtml,3348640,高一议论文：战胜自我 16,2025-05-15,高一,高中,议论文,网络转载,723,不匹配,2,拒绝,主题不匹配,a39beb793de4e7ac2f91a34b4127babb651c5375465cf75c9af7d265fbac3ff4,高中栏目:https://www.zuowen.com/gaozhong/gaoyi/yilunwen/,800
NY2,Y2,https://www.zuowen.com/e/20250603/683e4f51ef651.shtml,3349823,高二议论文：改变自己 7,2025-06-03,高二,高中,议论文,网络转载,626,宽泛,41,候选,,9b70737b389b0b2aaed36ccf76d91c6b83ad7569b6828a2d0e3f0fa566a20dc2,高中栏目:https://www.zuowen.com/gaozhong/gaoer/yilunwen/,700
NY2,Y2,https://www.zuowen.com/e/20090814/4b8bcde5886a5.shtml,821167,她是我学习的榜样,2009-08-14,未标注,未核验,,网络资源,571,宽泛,40,拒绝,面包屑不属于允许的高中或初中备选作文,5263c450f995ebc067aa9ffcdb9ff5a82d698e775694cc94a4f05aea8ee99482,父母榜样,650
NY2,Y2,https://www.zuowen.com/e/20100624/4c2313b57cb27.shtml,1667779,我的好榜样,2010-06-24,未标注,未核验,写人作文,作文网,443,不匹配,3,拒绝,面包屑不属于允许的高中或初中备选作文,fff5c5b68dabafaf8b14ba618eb11350161caf8054d35055297724a4100cbd0f,父母榜样,500
NY2,Y2,https://www.zuowen.com/e/20120501/4f9f952d81e2f.shtml,2232253,榜样就在身边,2012-05-01,未标注,未核验,,作文网原创,439,宽泛,44,拒绝,面包屑不属于允许的高中或初中备选作文,01e9d2d973a93cb67f883682782b713781d2790df148e83f0b93eda681e90eb2,父母榜样,600
NY2,Y2,https://www.zuowen.com/e/20120401/4f77c6383e773.shtml,2215519,其实榜样就在我身边,2012-04-01,初一,初中,写人作文,作文网原创,259,不匹配,5,拒绝,面包屑不属于允许的高中或初中备选作文,8b4cec514f7dce118c26710b9e389b62af9e2b521cc80172a06df32e2c846bc3,父母榜样,300
NY2,Y2,https://www.zuowen.com/e/20121007/5070fb2aad6da.shtml,2327744,哦，我的榜样,2012-10-07,未标注,未核验,写人作文,作文网原创,257,不匹配,3,拒绝,面包屑不属于允许的高中或初中备选作文,e67fd2815911ef5b40ee53c7abc0c8979cb4787a357d0c895875f8a8ec2e1b86,父母榜样,300
NY2,Y2,https://www.zuowen.com/e/20100826/4c763be485f8a.shtml,1737190,榜样的力量,2010-08-26,高三,高中,话题作文,作文网,559,不匹配,2,拒绝,主题不匹配,25eb87c44ce07cc6941639aef251f9893b7d07aa4b4eec6a80932f72d2ee6b19,父母榜样,600
NY2,Y2,https://www.zuowen.com/e/20120209/4f33949ade9d6.shtml,2179954,我身边的榜样,2012-02-09,初一,初中,话题作文,作文网原创,539,宽泛,37,拒绝,面包屑不属于允许的高中或初中备选作文,2231948e56fb2361d74c0190cc73812879b4a6f3615499369499f009d1f1f041,父母榜样,600
NY2,Y2,https://www.zuowen.com/e/20120605/4fcdaedf0787d.shtml,2254353,真正的榜样,2012-06-05,未标注,未核验,写人作文,作文网原创,1323,不匹配,2,拒绝,面包屑不属于允许的高中或初中备选作文,dc122fd369257854f5a8ec8c53ae8b3ca2b49f4f2223e2fa66502bc88b4badcd,父母榜样,1500
NY2,Y2,https://www.zuowen.com/e/20110627/4e083c0b60366.shtml,1939459,雷锋——榜样,2011-06-27,初二,初中,,E度作文网原创,496,不匹配,3,拒绝,面包屑不属于允许的高中或初中备选作文,84cd2c421ff6c0d3ee7a95f5383484e56cbc845ad522622de0d3cb44d56580d1,父母榜样,600
NY2,Y2,https://www.zuowen.com/e/20130417/516e911b82756.shtml,2432845,学习雷锋，好榜样。,2013-04-17,初一,初中,写人作文,作文网原创,688,宽泛,39,拒绝,面包屑不属于允许的高中或初中备选作文,816477f639eff0b8d4fdfae70828606ceacc819c0ebebc043ee7fd3823d817f9,父母榜样,750
NY2,Y2,https://www.zuowen.com/e/20130506/5187961722afc.shtml,2444577,榜样,2013-05-06,未标注,未核验,写人作文,作文网原创,287,不匹配,3,拒绝,面包屑不属于允许的高中或初中备选作文,c644870b7ef912e8e6b873b1f0b42212a0aba2d548af94efd16bf2e4c7988e82,父母榜样,350
NY2,Y2,https://www.zuowen.com/e/20131128/5296ef9967a23.shtml,2564748,榜样的力量,2013-11-28,未标注,未核验,叙事作文,转载,572,宽泛,37,拒绝,面包屑不属于允许的高中或初中备选作文,8a99f43f866cc71f21a33875637aa5886919152ca068e9b9d776800b917ddf70,父母榜样,600
NY2,Y2,https://www.zuowen.com/e/20130906/5229ce371af31.shtml,2518077,榜样就在我身边,2013-09-06,初一,初中,,作文网原创,432,不匹配,4,拒绝,面包屑不属于允许的高中或初中备选作文,a99e9003a1d36de98a55b43381564827e80c836a59a73f14531cb9f76af548c4,父母榜样,450
NY2,Y2,https://www.zuowen.com/e/20131230/52c17c878c7a9.shtml,2590121,你是我的榜样,2013-12-30,初二,初中,写人作文,作文网原创,493,不匹配,2,拒绝,面包屑不属于允许的高中或初中备选作文,28dbf98247cbb6f75435b6a23854898417f70a0a183fbeafa0a685ba3ab00de0,父母榜样,550
NY2,Y2,https://www.zuowen.com/e/20130312/513f2a292b74f.shtml,2410494,雷锋，我学习的榜样,2013-03-12,初一,初中,,作文网原创,427,宽泛,28,拒绝,面包屑不属于允许的高中或初中备选作文,ec0696aef26c60f7a3183e3be02e38fda6a60e6991cfc105209438946dccb76a,父母榜样,500
NY2,Y2,https://www.zuowen.com/e/20130822/5216304bc6d6a.shtml,2509959,榜样,2013-08-22,未标注,未核验,叙事作文,作文网原创,451,不匹配,4,拒绝,面包屑不属于允许的高中或初中备选作文,ecb39a8a480e1e8ee591f957e955c133b2ad0cfdfb0425e3be4f9568ee92797d,父母榜样,500
NY2,Y2,https://www.zuowen.com/e/20131126/5294ba30595f1.shtml,2563747,身边学习榜样,2013-11-26,初二,初中,写人作文,作文网原创,683,宽泛,30,拒绝,面包屑不属于允许的高中或初中备选作文,7af773edbea00a7044257335b4913995780efb1f7f396686ed77b21034236de6,父母榜样,800
NY2,Y2,https://www.zuowen.com/e/20130615/51bc791633721.shtml,2472742,榜样，就在我身边,2013-06-15,未标注,未核验,叙事作文,作文网原创,452,不匹配,2,拒绝,面包屑不属于允许的高中或初中备选作文,8346b810227d7d9018ae0b82a918378447ab0e609d53c492138a63a182961be8,父母榜样,500
NY2,Y2,https://www.zuowen.com/e/20140328/533546993b47e.shtml,2643711,他是我的好榜样,2014-03-28,未标注,未核验,写人作文,作文网原创,459,宽泛,35,拒绝,面包屑不属于允许的高中或初中备选作文,c30508d77e3d9296d484effa2a9b6e6e1bb8d01d0964c2287b2f1be54d1835a1,父母榜样,500
NY2,Y2,https://www.zuowen.com/e/20140423/53574721d91f9.shtml,2663615,榜样,2014-04-23,未标注,未核验,叙事作文,作文网原创,422,不匹配,3,拒绝,面包屑不属于允许的高中或初中备选作文,d3bd5fdec7e724331753a551ac1751e7131f819a7f4d2d6eba7bc1672dd0f484,父母榜样,550
NY2,Y2,https://www.zuowen.com/e/20140528/5385b2eeac612.shtml,2682335,我们身边的榜样,2014-05-28,未标注,未核验,,作文网原创,715,不匹配,4,拒绝,面包屑不属于允许的高中或初中备选作文,227f934ca1a9fcadba23dbfc49f4f33ab34c757bc4db7992153aef7e2ec88249,父母榜样,800
NY2,Y2,https://www.zuowen.com/e/20140702/53b3f285bc7c8.shtml,2699256,榜样,2014-07-02,初一,初中,写人作文,作文网原创,573,宽泛,36,拒绝,面包屑不属于允许的高中或初中备选作文,da36a0c6ba56f9d17716f5a49993bd7426f546016d825ff6360818824f91cd33,父母榜样,650
NY2,Y2,https://www.zuowen.com/e/20150428/553ef316e84fe.shtml,2765834,榜样的力量,2015-04-28,未标注,未核验,叙事作文,作文网原创,527,宽泛,32,拒绝,面包屑不属于允许的高中或初中备选作文,3eb97976e536fb72cb51a9a058418f61b4c05da8dbf87fc09b9a0d5026a4bb03,父母榜样,650
NY2,Y2,https://www.zuowen.com/e/20160127/56a86c7e6c525.shtml,2853641,学习雷锋好榜样总结,2016-01-27,未标注,未核验,,作文网整合,1193,宽泛,36,拒绝,面包屑不属于允许的高中或初中备选作文,db993d9c3d46cdb11845b8fc6e28b90d5214c49da9b6bc666b4c8d2e2893f816,父母榜样,
NY2,Y2,https://www.zuowen.com/e/20180824/5b7ffc254b38c.shtml,3004056,我的榜样赵乐妍,2018-08-24,初三,初中,写人作文,作文网整理,466,不匹配,3,拒绝,面包屑不属于允许的高中或初中备选作文,c93228db968da3e86808576389d6c087c9c4031b09fa950678b2b614d7076658,父母榜样,550
NY2,Y2,https://www.zuowen.com/e/20180302/5a991cf7b88e8.shtml,2966197,对榜样的新认识,2018-03-02,高一,高中,议论文,本站原创,583,不匹配,2,拒绝,主题不匹配,b2545c0daba660103f40383d0bd1f2cfd4eb636b94a6aa60a86e5e281b61e7b6,父母榜样,650
NY2,Y2,https://www.zuowen.com/e/20180704/5b3c91c2e93a6.shtml,2987997,心中的榜样,2018-07-04,未标注,未核验,写人作文,作文网整理,237,不匹配,3,拒绝,面包屑不属于允许的高中或初中备选作文,b04b5fbf81e37da7fd7fd7955b4cd3e2f1a767b6f4be4ff17fb5a8592780b3ba,父母榜样,250
NY2,Y2,https://www.zuowen.com/e/20200522/5ec7aa9ea4c51.shtml,3083276,人教版高中第四册四单元作文：请您放手,2020-05-22,未标注,高中,,网络资源,760,宽泛,36,候选,,eaa7bbe9a354b77a612f4a8242650f74ff888bdd47b3aaf43072df03828790b9,高中 父母 放手,800
NY2,Y2,https://www.zuowen.com/e/20190712/5d289d39c437f.shtml,,高三议论文作文：理解,2019-07-12,,,,网络资源,0,,0.0,拒绝,搜索标题与摘要主题不匹配，未请求正文,,高中 理解父母 议论文,1500
NY2,Y2,https://www.zuowen.com/e/20200806/5f2c2065a5a6f.shtml,,高一议论文：不得不孝敬父母的几个理由,2020-08-06,,,,网络资源,0,,0.0,拒绝,搜索标题与摘要主题不匹配，未请求正文,,高中 理解父母 议论文,800
NY2,Y2,https://www.zuowen.com/e/20090903/4b8bcf2612608.shtml,,小谈父母之溺爱,2009-09-03,,,,网络资源,0,,0.0,拒绝,搜索标题与摘要主题不匹配，未请求正文,,高中 父母 溺爱,900
NY2,Y2,https://www.zuowen.com/e/20091105/4b8bd49c07f91.shtml,,高中生感恩节作文1300字：感恩父母,2009-11-05,,,,网络资源,0,,0.0,拒绝,搜索标题与摘要主题不匹配，未请求正文,,高中 父母榜样,1500
NY2,Y2,https://www.zuowen.com/e/20091126/4b8bd57417ad0.shtml,,体会榜样,2009-11-26,,,,网络资源,0,,0.0,拒绝,搜索标题与摘要主题不匹配，未请求正文,,父母榜样,900
NY2,Y2,https://www.zuowen.com/e/20101227/4d184924f3058.shtml,,读高中的我，想对父母说,2010-12-27,,,,作文网,0,,0.0,拒绝,搜索标题与摘要主题不匹配，未请求正文,,高中 父母榜样,800
NY2,Y2,https://www.zuowen.com/e/20101227/4d184e482bd92.shtml,,读高中的我，想对父母说,2010-12-27,,,,作文网,0,,0.0,拒绝,搜索标题与摘要主题不匹配，未请求正文,,高中 父母榜样,800
NY2,Y2,https://www.zuowen.com/e/20110427/4db778b22e415.shtml,,榜样的力量,2011-04-27,,,,作文网原创,0,,0.0,拒绝,搜索标题与摘要主题不匹配，未请求正文,,父母榜样,500
NY2,Y2,https://www.zuowen.com/e/20090422/4b8bc9eb518ab.shtml,,榜样的力量,2009-04-22,,,,网络资源,0,,0.0,拒绝,搜索标题与摘要主题不匹配，未请求正文,,父母榜样,2000
NY2,Y2,https://www.zuowen.com/e/20090731/4b8bcd4d6e0ca.shtml,,榜样,2009-07-31,,,,网络资源,0,,0.0,拒绝,搜索标题与摘要主题不匹配，未请求正文,,父母榜样,1000
NY2,Y2,https://www.zuowen.com/e/20090914/4b8bcfca5526f.shtml,,雷锋您是我们学习的榜样,2009-09-14,,,,网络资源,0,,0.0,拒绝,搜索标题与摘要主题不匹配，未请求正文,,父母榜样,500
NY2,Y2,https://www.zuowen.com/e/20091012/4b8bd3b6eb2bb.shtml,,高中议论文范文： 远近焦距,2009-10-12,,,,网络资源,0,,0.0,拒绝,搜索标题与摘要主题不匹配，未请求正文,,高中 理解父母 议论文,900
NY2,Y2,https://www.zuowen.com/e/20091012/4b8bd3b800a51.shtml,,高中议论文范文： “惟苦学论”可以休矣,2009-10-12,,,,网络资源,0,,0.0,拒绝,搜索标题与摘要主题不匹配，未请求正文,,高中 父母与子女 议论文,1200
NY2,Y2,https://www.zuowen.com/e/20091012/4b8bd3b807f8c.shtml,,高中议论文范文： 学贵有恒,2009-10-12,,,,网络资源,0,,0.0,拒绝,搜索标题与摘要主题不匹配，未请求正文,,高中 父母与子女 议论文,1200
NY2,Y2,https://www.zuowen.com/e/20091013/4b8bd3bd6dd5c.shtml,,高中议论文范文： 论学习的乐趣,2009-10-13,,,,网络资源,0,,0.0,拒绝,搜索标题与摘要主题不匹配，未请求正文,,高中 父母与子女 议论文,800
NY2,Y2,https://www.zuowen.com/e/20091013/4b8bd3be2d16b.shtml,,高中议论文范文： 近墨者黑,2009-10-13,,,,网络资源,0,,0.0,拒绝,搜索标题与摘要主题不匹配，未请求正文,,高中 父母与子女 议论文,800
NY2,Y2,https://www.zuowen.com/e/20091024/4b8bd42bba547.shtml,,榜样,2009-10-24,,,,网络资源,0,,0.0,拒绝,搜索标题与摘要主题不匹配，未请求正文,,父母榜样,550
NY2,Y2,https://www.zuowen.com/e/20091106/4b8bd49fb78ed.shtml,,高中议论文范文：《理智与情感》的内涵,2009-11-06,,,,彼岸花,0,,0.0,拒绝,搜索标题与摘要主题不匹配，未请求正文,,高中 父母与子女 议论文,900
NY2,Y2,https://www.zuowen.com/e/20091128/4b8bd582036e2.shtml,,他是我学习的榜样,2009-11-28,,,,网络资源,0,,0.0,拒绝,搜索标题与摘要主题不匹配，未请求正文,,父母榜样,300
NY2,Y2,https://www.zuowen.com/e/20091225/4b8bd66298543.shtml,,我的榜样,2009-12-25,,,,网络资源,0,,0.0,拒绝,搜索标题与摘要主题不匹配，未请求正文,,父母榜样,500
NY2,Y2,https://www.zuowen.com/e/20100104/4b8bd68a5fa30.shtml,,榜样,2010-01-04,,,,网络资源,0,,0.0,拒绝,搜索标题与摘要主题不匹配，未请求正文,,父母榜样,400
NY2,Y2,https://www.zuowen.com/e/20100325/4bab0403a35c8.shtml,,学习雷锋好榜样,2010-03-25,,,,作文网 支彤,0,,0.0,拒绝,搜索标题与摘要主题不匹配，未请求正文,,父母榜样,
NY2,Y2,https://www.zuowen.com/e/20100817/4c6a375ac7162.shtml,,每个人都是学习的榜样,2010-08-17,,,,作文网,0,,0.0,拒绝,搜索标题与摘要主题不匹配，未请求正文,,父母榜样,500
NY2,Y2,https://www.zuowen.com/e/20110323/4d8983c39f925.shtml,,榜样,2011-03-23,,,,作文网原创,0,,0.0,拒绝,搜索标题与摘要主题不匹配，未请求正文,,父母榜样,1200
NY2,Y2,https://www.zuowen.com/e/20110503/4dbffb55b2220.shtml,,榜样,2011-05-03,,,,作文网原创,0,,0.0,拒绝,搜索标题与摘要主题不匹配，未请求正文,,父母榜样,700
NY2,Y2,https://www.zuowen.com/e/20120313/4f5f005145965.shtml,,雷锋——大家的榜样,2012-03-13,,,,作文网原创,0,,0.0,拒绝,搜索标题与摘要主题不匹配，未请求正文,,父母榜样,750
NY2,Y2,https://www.zuowen.com/e/20120831/50405ea838315.shtml,,生命的榜样,2012-08-31,,,,作文网原创,0,,0.0,拒绝,搜索标题与摘要主题不匹配，未请求正文,,父母榜样,250
NY2,Y2,https://www.zuowen.com/e/20121228/50dd85750a259.shtml,,榜样表妹,2012-12-28,,,,作文网原创,0,,0.0,拒绝,搜索标题与摘要主题不匹配，未请求正文,,父母榜样,800
NY2,Y2,https://www.zuowen.com/e/20090202/4b8bc97b7d5b3.shtml,,我的榜样高颖菲,2009-02-02,,,,作文网,0,,0.0,拒绝,搜索标题与摘要主题不匹配，未请求正文,,父母榜样,
NY2,Y2,https://www.zuowen.com/e/20090619/4b8bcb6b54891.shtml,,好榜样,2009-06-19,,,,网络,0,,0.0,拒绝,搜索标题与摘要主题不匹配，未请求正文,,父母榜样,200
NY2,Y2,https://www.zuowen.com/e/20090629/4b8bcbdb74198.shtml,,诚信与榜样,2009-06-29,,,,网络,0,,0.0,拒绝,搜索标题与摘要主题不匹配，未请求正文,,父母榜样,750
NY2,Y2,https://www.zuowen.com/e/20090712/4b8bcc6deb6b3.shtml,,好榜样,2009-07-12,,,,网络资源,0,,0.0,拒绝,搜索标题与摘要主题不匹配，未请求正文,,父母榜样,200
NY2,Y2,https://www.zuowen.com/e/20090717/4b8bccab5340b.shtml,,好榜样,2009-07-17,,,,网络资源,0,,0.0,拒绝,搜索标题与摘要主题不匹配，未请求正文,,父母榜样,200
NY2,Y2,https://www.zuowen.com/e/20090804/4b8bcd6cc7772.shtml,,我心中的榜样,2009-08-04,,,,网络资源,0,,0.0,拒绝,搜索标题与摘要主题不匹配，未请求正文,,父母榜样,600
NY2,Y2,https://www.zuowen.com/e/20091012/4b8bd3b6bff12.shtml,,高中议论文范文： 时间与勤奋,2009-10-12,,,,网络资源,0,,0.0,拒绝,搜索标题与摘要主题不匹配，未请求正文,,高中 父母与子女 议论文,650
NY2,Y2,https://www.zuowen.com/e/20091012/4b8bd3b6c744d.shtml,,高中议论文范文： 理想与成功,2009-10-12,,,,网络资源,0,,0.0,拒绝,搜索标题与摘要主题不匹配，未请求正文,,高中 理解父母 议论文,750
NY2,Y2,https://www.zuowen.com/e/20091012/4b8bd3b6d00fb.shtml,,高中议论文范文： 梅花香自苦寒来,2009-10-12,,,,网络资源,0,,0.0,拒绝,搜索标题与摘要主题不匹配，未请求正文,,高中 父母与子女 议论文,750
NY2,Y2,https://www.zuowen.com/e/20091012/4b8bd3b741eb2.shtml,,高中议论文范文： 真正的高尚,2009-10-12,,,,网络资源,0,,0.0,拒绝,搜索标题与摘要主题不匹配，未请求正文,,高中 父母与子女 议论文,800
NY2,Y2,https://www.zuowen.com/e/20091012/4b8bd3b7543c6.shtml,,高中议论文范文： 固守心灵的风景,2009-10-12,,,,网络资源,0,,0.0,拒绝,搜索标题与摘要主题不匹配，未请求正文,,高中 父母与子女 议论文,1000
NY2,Y2,https://www.zuowen.com/e/20091012/4b8bd3b7efa81.shtml,,高中议论文范文： 竞争不应抛弃温情,2009-10-12,,,,网络资源,0,,0.0,拒绝,搜索标题与摘要主题不匹配，未请求正文,,高中 理解父母 议论文,900
NY2,Y2,https://www.zuowen.com/e/20091012/4b8bd3b81c7c9.shtml,,高中议论文范文： “弄斧”就要到“班门”,2009-10-12,,,,网络资源,0,,0.0,拒绝,搜索标题与摘要主题不匹配，未请求正文,,高中 父母与子女 议论文,800
NY2,Y2,https://www.zuowen.com/e/20091013/4b8bd3bd6a2c2.shtml,,高中议论文范文： 做人，从失败开始,2009-10-13,,,,网络资源,0,,0.0,拒绝,搜索标题与摘要主题不匹配，未请求正文,,高中 父母与子女 议论文,650
NY2,Y2,https://www.zuowen.com/e/20091013/4b8bd3bd86029.shtml,,高中议论文范文： 学会珍惜,2009-10-13,,,,网络资源,0,,0.0,拒绝,搜索标题与摘要主题不匹配，未请求正文,,高中 父母与子女 议论文,750
NY2,Y2,https://www.zuowen.com/e/20091013/4b8bd3bd8b070.shtml,,高中议论文范文： 出路,2009-10-13,,,,网络资源,0,,0.0,拒绝,搜索标题与摘要主题不匹配，未请求正文,,高中 父母与子女 议论文,800
NY2,Y2,https://www.zuowen.com/e/20091013/4b8bd3bda40d1.shtml,,高中议论文范文： 谈谈姑息与纵容,2009-10-13,,,,网络资源,0,,0.0,拒绝,搜索标题与摘要主题不匹配，未请求正文,,高中 父母与子女 议论文,1000
NY2,Y2,https://www.zuowen.com/e/20091013/4b8bd3bdd8123.shtml,,高中议论文范文： 逆境造就人才,2009-10-13,,,,网络资源,0,,0.0,拒绝,搜索标题与摘要主题不匹配，未请求正文,,高中 父母与子女 议论文,800
NY2,Y2,https://www.zuowen.com/e/20091013/4b8bd3be0f4ad.shtml,,高中议论文范文： 兴趣小议,2009-10-13,,,,网络资源,0,,0.0,拒绝,搜索标题与摘要主题不匹配，未请求正文,,高中 父母与子女 议论文,1000
NY2,Y2,https://www.zuowen.com/e/20091013/4b8bd3be13b05.shtml,,高中议论文范文： 从两份调查说开去,2009-10-13,,,,网络资源,0,,0.0,拒绝,搜索标题与摘要主题不匹配，未请求正文,,高中 父母与子女 议论文,800
NY2,Y2,https://www.zuowen.com/e/20091017/4b8bd3e50c5a0.shtml,,洪战辉——我的榜样,2009-10-17,,,,网络资源,0,,0.0,拒绝,搜索标题与摘要主题不匹配，未请求正文,,父母榜样,1200
NY2,Y2,https://www.zuowen.com/e/20091020/4b8bd4007f279.shtml,,高中作文技巧：议论文的成败,2009-10-20,,,,网络资源,0,,0.0,拒绝,搜索标题与摘要主题不匹配，未请求正文,,高中 父母与子女 议论文,
NY2,Y2,https://www.zuowen.com/e/20091020/4b8bd400d8926.shtml,,高中作文技巧：议论文如何做到有理有据,2009-10-20,,,,网络资源,0,,0.0,拒绝,搜索标题与摘要主题不匹配，未请求正文,,高中 父母与子女 议论文,
NY2,Y2,https://www.zuowen.com/e/20091106/4b8bd49f98ca2.shtml,,高中议论文范文：我理解的“雷池”,2009-11-06,,,,E度社区,0,,0.0,拒绝,搜索标题与摘要主题不匹配，未请求正文,,高中 父母与子女 议论文,800
NY2,Y2,https://www.zuowen.com/e/20091106/4b8bd49fb26e2.shtml,,高中议论文范文：游北京、天津有感,2009-11-06,,,,E度社区,0,,0.0,拒绝,搜索标题与摘要主题不匹配，未请求正文,,高中 父母与子女 议论文,3000
NY2,Y2,https://www.zuowen.com/e/20091120/4b8bd537a3556.shtml,,我心中的榜样,2009-11-20,,,,网络资源,0,,0.0,拒绝,搜索标题与摘要主题不匹配，未请求正文,,父母榜样,750
NY2,Y2,https://www.zuowen.com/e/20091205/4b8bd5b4f3f5f.shtml,,以身作则,2009-12-05,,,,网络资源,0,,0.0,拒绝,搜索标题与摘要主题不匹配，未请求正文,,以身作则,450
NY2,Y2,https://www.zuowen.com/e/20091217/4b8bd61932c7e.shtml,,生活的榜样,2009-12-17,,,,网络资源,0,,0.0,拒绝,搜索标题与摘要主题不匹配，未请求正文,,父母榜样,900
NY2,Y2,https://www.zuowen.com/e/20091226/4b8bd665ced42.shtml,,榜样,2009-12-26,,,,本站原创,0,,0.0,拒绝,搜索标题与摘要主题不匹配，未请求正文,,父母榜样,800
NY2,Y2,https://www.zuowen.com/e/20091226/4b8bd666329d6.shtml,,榜样,2009-12-26,,,,本站原创,0,,0.0,拒绝,搜索标题与摘要主题不匹配，未请求正文,,父母榜样,
NY2,Y2,https://www.zuowen.com/e/20100802/4c569bd6826fd.shtml,,我的榜样,2010-08-02,,,,作文网,0,,0.0,拒绝,搜索标题与摘要主题不匹配，未请求正文,,父母榜样,1000
NY2,Y2,https://www.zuowen.com/e/20100818/4c6b8d7f3fcdf.shtml,,她是我的榜样,2010-08-18,,,,作文网,0,,0.0,拒绝,搜索标题与摘要主题不匹配，未请求正文,,父母榜样,300
NY2,Y2,https://www.zuowen.com/e/20101230/4d1c8830a81c6.shtml,,我心中的榜样,2010-12-30,,,,作文网,0,,0.0,拒绝,搜索标题与摘要主题不匹配，未请求正文,,父母榜样,500
NY2,Y2,https://www.zuowen.com/e/20110504/4dc0eed7eb9c9.shtml,,你是我的榜样,2011-05-04,,,,作文网原创,0,,0.0,拒绝,搜索标题与摘要主题不匹配，未请求正文,,父母榜样,450
NY2,Y2,https://www.zuowen.com/e/20110811/4e43b529eb442.shtml,,榜样,2011-08-11,,,,作文网原创,0,,0.0,拒绝,搜索标题与摘要主题不匹配，未请求正文,,父母榜样,450
NY2,Y2,https://www.zuowen.com/e/20110919/4e76867ad4450.shtml,,榜样,2011-09-19,,,,作文网原创,0,,0.0,拒绝,搜索标题与摘要主题不匹配，未请求正文,,父母榜样,450
NY2,Y2,https://www.zuowen.com/e/20120320/4f683889bbd7a.shtml,,雷锋您是我们的好榜样,2012-03-20,,,,作文网原创,0,,0.0,拒绝,搜索标题与摘要主题不匹配，未请求正文,,父母榜样,800
NY2,Y2,https://www.zuowen.com/e/20120321/4f69a07282433.shtml,,中国榜样,2012-03-21,,,,作文网原创,0,,0.0,拒绝,搜索标题与摘要主题不匹配，未请求正文,,父母榜样,150
NY2,Y2,https://www.zuowen.com/e/20120612/4fd6a25c543b9.shtml,,我们班的榜样——汪士旺,2012-06-12,,,,作文网原创,0,,0.0,拒绝,搜索标题与摘要主题不匹配，未请求正文,,父母榜样,500
NY2,Y2,https://www.zuowen.com/e/20120702/4ff0f975d076f.shtml,,妈妈是榜样,2012-07-02,,,,作文网原创,0,,0.0,拒绝,搜索标题与摘要主题不匹配，未请求正文,,父母榜样,300
NY2,Y2,https://www.zuowen.com/e/20121101/50919051ed76f.shtml,,我身边的榜样,2012-11-01,,,,作文网原创,0,,0.0,拒绝,搜索标题与摘要主题不匹配，未请求正文,,父母榜样,900
NY2,Y2,https://www.zuowen.com/e/20121228/50dd857719257.shtml,,榜样的力量,2012-12-28,,,,作文网原创,0,,0.0,拒绝,搜索标题与摘要主题不匹配，未请求正文,,父母榜样,1000
NY2,Y2,https://www.zuowen.com/e/20090731/4b8bcd461e66d.shtml,,高中议论文范文 超越自我,2009-07-31,,,,网络资源,0,,0.0,拒绝,搜索标题与摘要主题不匹配，未请求正文,,高中 父母与子女 议论文,800
NY2,Y2,https://www.zuowen.com/e/20091012/4b8bd3b69d815.shtml,,高中议论文范文： 学海无涯苦作舟,2009-10-12,,,,网络资源,0,,0.0,拒绝,搜索标题与摘要主题不匹配，未请求正文,,高中 父母与子女 议论文,800
NY2,Y2,https://www.zuowen.com/e/20091012/4b8bd3b6aab1a.shtml,,高中议论文范文： 成功的背后是汗水,2009-10-12,,,,网络资源,0,,0.0,拒绝,搜索标题与摘要主题不匹配，未请求正文,,高中 父母与子女 议论文,800
NY2,Y2,https://www.zuowen.com/e/20091012/4b8bd3b6b4f3a.shtml,,高中议论文范文：有志者事竟成,2009-10-12,,,,网络资源,0,,0.0,拒绝,搜索标题与摘要主题不匹配，未请求正文,,高中 父母与子女 议论文,800
NY2,Y2,https://www.zuowen.com/e/20091012/4b8bd3b6bb8bc.shtml,,高中议论文范文： 我的金钱观,2009-10-12,,,,网络资源,0,,0.0,拒绝,搜索标题与摘要主题不匹配，未请求正文,,高中 父母与子女 议论文,1500
NY2,Y2,https://www.zuowen.com/e/20091012/4b8bd3b6dc845.shtml,,高中议论文范文： 人生因永不言弃而精彩,2009-10-12,,,,网络资源,0,,0.0,拒绝,搜索标题与摘要主题不匹配，未请求正文,,高中 父母与子女 议论文,1000
NY2,Y2,https://www.zuowen.com/e/20091012/4b8bd3b6e54f2.shtml,,高中议论文范文： 一个城市可以不死,2009-10-12,,,,网络资源,0,,0.0,拒绝,搜索标题与摘要主题不匹配，未请求正文,,高中 父母与子女 议论文,800
NY2,Y2,https://www.zuowen.com/e/20091012/4b8bd3b7008e1.shtml,,高中议论文范文： “精神的三间小屋”,2009-10-12,,,,网络资源,0,,0.0,拒绝,搜索标题与摘要主题不匹配，未请求正文,,高中 父母与子女 议论文,900
NY2,Y2,https://www.zuowen.com/e/20091012/4b8bd3b70958e.shtml,,高中议论文范文： 不要轻易说“不”,2009-10-12,,,,网络资源,0,,0.0,拒绝,搜索标题与摘要主题不匹配，未请求正文,,高中 父母与子女 议论文,1200
NY2,Y2,https://www.zuowen.com/e/20091012/4b8bd3b711682.shtml,,高中议论文范文： 过分珍惜是一种错,2009-10-12,,,,网络资源,0,,0.0,拒绝,搜索标题与摘要主题不匹配，未请求正文,,高中 理解父母 议论文,800
NY2,Y2,https://www.zuowen.com/e/20091012/4b8bd3b726afe.shtml,,高中议论文范文： 睹一蕊而晓春将至,2009-10-12,,,,网络资源,0,,0.0,拒绝,搜索标题与摘要主题不匹配，未请求正文,,高中 父母与子女 议论文,900
NY2,Y2,https://www.zuowen.com/e/20091012/4b8bd3b72d3f8.shtml,,高中议论文范文： 朝晖夕晒,2009-10-12,,,,网络资源,0,,0.0,拒绝,搜索标题与摘要主题不匹配，未请求正文,,高中 父母与子女 议论文,1000
NY2,Y2,https://www.zuowen.com/e/20091012/4b8bd3b736c5c.shtml,,高中议论文范文： “一毫米”的高大,2009-10-12,,,,网络资源,0,,0.0,拒绝,搜索标题与摘要主题不匹配，未请求正文,,高中 父母与子女 议论文,750
NY2,Y2,https://www.zuowen.com/e/20091012/4b8bd3b73ca25.shtml,,高中议论文范文： 论权力与能力,2009-10-12,,,,网络资源,0,,0.0,拒绝,搜索标题与摘要主题不匹配，未请求正文,,高中 父母与子女 议论文,800
NY2,Y2,https://www.zuowen.com/e/20091012/4b8bd3b7456d3.shtml,,高中议论文范文： 从困难中获得辉煌,2009-10-12,,,,网络资源,0,,0.0,拒绝,搜索标题与摘要主题不匹配，未请求正文,,高中 理解父母 议论文,800
NY2,Y2,https://www.zuowen.com/e/20091012/4b8bd3b74da44.shtml,,高中议论文范文： 毅力造就辉煌人生,2009-10-12,,,,网络资源,0,,0.0,拒绝,搜索标题与摘要主题不匹配，未请求正文,,高中 父母与子女 议论文,900
NY2,Y2,https://www.zuowen.com/e/20091012/4b8bd3b758a1d.shtml,,高中议论文范文： 点亮世界的渺小,2009-10-12,,,,网络资源,0,,0.0,拒绝,搜索标题与摘要主题不匹配，未请求正文,,高中 父母与子女 议论文,900
NY2,Y2,https://www.zuowen.com/e/20091012/4b8bd3b75b901.shtml,,高中议论文范文： 人生的三重境界,2009-10-12,,,,网络资源,0,,0.0,拒绝,搜索标题与摘要主题不匹配，未请求正文,,高中 父母与子女 议论文,1500
NY2,Y2,https://www.zuowen.com/e/20091012/4b8bd3b76144f.shtml,,高中议论文范文： 嫩竹犹含粉，初荷未聚尘,2009-10-12,,,,网络资源,0,,0.0,拒绝,搜索标题与摘要主题不匹配，未请求正文,,高中 父母与子女 议论文,900
NY2,Y2,https://www.zuowen.com/e/20091012/4b8bd3b773026.shtml,,高中议论文范文： 沉默中的等待,2009-10-12,,,,网络资源,0,,0.0,拒绝,搜索标题与摘要主题不匹配，未请求正文,,高中 父母与子女 议论文,1500
NY2,Y2,https://www.zuowen.com/e/20091012/4b8bd3b77767d.shtml,,高中议论文范文： 民族精神,2009-10-12,,,,网络资源,0,,0.0,拒绝,搜索标题与摘要主题不匹配，未请求正文,,高中 父母与子女 议论文,900
NY2,Y2,https://www.zuowen.com/e/20091012/4b8bd3b77c611.shtml,,高中议论文范文： 呼唤诗歌,2009-10-12,,,,网络资源,0,,0.0,拒绝,搜索标题与摘要主题不匹配，未请求正文,,高中 父母与子女 议论文,900
NY2,Y2,https://www.zuowen.com/e/20091012/4b8bd3b781820.shtml,,高中议论文范文： 宝剑峰从磨砺出,2009-10-12,,,,网络资源,0,,0.0,拒绝,搜索标题与摘要主题不匹配，未请求正文,,高中 理解父母 议论文,900
NY2,Y2,https://www.zuowen.com/e/20091012/4b8bd3b788fb3.shtml,,高中议论文范文： 幸福与你同在,2009-10-12,,,,网络资源,0,,0.0,拒绝,搜索标题与摘要主题不匹配，未请求正文,,高中 父母与子女 议论文,900
NY2,Y2,https://www.zuowen.com/e/20091012/4b8bd3b796060.shtml,,高中议论文范文： 生命的价值，灵魂的重量,2009-10-12,,,,网络资源,0,,0.0,拒绝,搜索标题与摘要主题不匹配，未请求正文,,高中 父母与子女 议论文,800
NY2,Y2,https://www.zuowen.com/e/20091012/4b8bd3b79e157.shtml,,高中议论文范文： 交往之花，在生命中绽放,2009-10-12,,,,网络资源,0,,0.0,拒绝,搜索标题与摘要主题不匹配，未请求正文,,高中 父母与子女 议论文,1000
NY2,Y2,https://www.zuowen.com/e/20091012/4b8bd3b7a58e2.shtml,,高中议论文范文： 取舍,2009-10-12,,,,网络资源,0,,0.0,拒绝,搜索标题与摘要主题不匹配，未请求正文,,高中 父母与子女 议论文,750
NY2,Y2,https://www.zuowen.com/e/20091012/4b8bd3b7ad78b.shtml,,高中议论文范文： 人生的航向,2009-10-12,,,,网络资源,0,,0.0,拒绝,搜索标题与摘要主题不匹配，未请求正文,,高中 父母与子女 议论文,800
NY2,Y2,https://www.zuowen.com/e/20091012/4b8bd3b7b3551.shtml,,高中议论文范文： 智慧的轻舟,2009-10-12,,,,网络资源,0,,0.0,拒绝,搜索标题与摘要主题不匹配，未请求正文,,高中 父母与子女 议论文,1500
NY2,Y2,https://www.zuowen.com/e/20091012/4b8bd3b7c685a.shtml,,高中议论文范文： 谈竞争,2009-10-12,,,,网络资源,0,,0.0,拒绝,搜索标题与摘要主题不匹配，未请求正文,,高中 父母与子女 议论文,900
NY2,Y2,https://www.zuowen.com/e/20091012/4b8bd3b7caeac.shtml,,高中议论文范文： 别把眼“见”全当“实”,2009-10-12,,,,网络资源,0,,0.0,拒绝,搜索标题与摘要主题不匹配，未请求正文,,高中 父母与子女 议论文,900
NY2,Y2,https://www.zuowen.com/e/20091012/4b8bd3b7d0c74.shtml,,高中议论文范文： 忘记与铭记,2009-10-12,,,,网络资源,0,,0.0,拒绝,搜索标题与摘要主题不匹配，未请求正文,,高中 父母与子女 议论文,900
NY2,Y2,https://www.zuowen.com/e/20091012/4b8bd3b7dfadc.shtml,,高中议论文范文： 战鸽，战歌,2009-10-12,,,,网络资源,0,,0.0,拒绝,搜索标题与摘要主题不匹配，未请求正文,,高中 父母与子女 议论文,1200
NY2,Y2,https://www.zuowen.com/e/20091012/4b8bd3b7e0695.shtml,,高中议论文范文： 得失并存,2009-10-12,,,,网络资源,0,,0.0,拒绝,搜索标题与摘要主题不匹配，未请求正文,,高中 父母与子女 议论文,800
NY2,Y2,https://www.zuowen.com/e/20091012/4b8bd3b7e29c1.shtml,,高中议论文范文： 勇敢面对一切,2009-10-12,,,,网络资源,0,,0.0,拒绝,搜索标题与摘要主题不匹配，未请求正文,,高中 父母与子女 议论文,500
NY2,Y2,https://www.zuowen.com/e/20091012/4b8bd3b7e9cbd.shtml,,高中议论文范文： 幸福的味道,2009-10-12,,,,网络资源,0,,0.0,拒绝,搜索标题与摘要主题不匹配，未请求正文,,高中 父母与子女 议论文,650
NY2,Y2,https://www.zuowen.com/e/20091012/4b8bd3b80f4c6.shtml,,高中议论文范文： 习惯,2009-10-12,,,,网络资源,0,,0.0,拒绝,搜索标题与摘要主题不匹配，未请求正文,,高中 父母与子女 议论文,1000
NY2,Y2,https://www.zuowen.com/e/20091012/4b8bd3b82337d.shtml,,高中议论文范文： “尺长”岂能笑“寸短”,2009-10-12,,,,网络资源,0,,0.0,拒绝,搜索标题与摘要主题不匹配，未请求正文,,高中 父母与子女 议论文,900
NY2,Y2,https://www.zuowen.com/e/20091012/4b8bd3b829147.shtml,,高中议论文范文： “为富”未必“不仁”,2009-10-12,,,,网络资源,0,,0.0,拒绝,搜索标题与摘要主题不匹配，未请求正文,,高中 父母与子女 议论文,800
NY2,Y2,https://www.zuowen.com/e/20091012/4b8bd3b82ecda.shtml,,高中议论文范文： 位置与价值,2009-10-12,,,,网络资源,0,,0.0,拒绝,搜索标题与摘要主题不匹配，未请求正文,,高中 父母与子女 议论文,700
NY2,Y2,https://www.zuowen.com/e/20091013/4b8bd3bd379eb.shtml,,高中议论文范文： 雕刻心中的天使,2009-10-13,,,,网络资源,0,,0.0,拒绝,搜索标题与摘要主题不匹配，未请求正文,,高中 父母与子女 议论文,800
NY2,Y2,https://www.zuowen.com/e/20091013/4b8bd3bd54ed1.shtml,,高中议论文范文： 谎话未必不可说,2009-10-13,,,,网络资源,0,,0.0,拒绝,搜索标题与摘要主题不匹配，未请求正文,,高中 父母与子女 议论文,800
NY2,Y2,https://www.zuowen.com/e/20091013/4b8bd3bd717f5.shtml,,高中议论文范文： 论时尚,2009-10-13,,,,网络资源,0,,0.0,拒绝,搜索标题与摘要主题不匹配，未请求正文,,高中 父母与子女 议论文,1200
NY2,Y2,https://www.zuowen.com/e/20091013/4b8bd3bd73b1e.shtml,,高中议论文范文： 一步与一生,2009-10-13,,,,网络资源,0,,0.0,拒绝,搜索标题与摘要主题不匹配，未请求正文,,高中 父母与子女 议论文,900
NY2,Y2,https://www.zuowen.com/e/20091013/4b8bd3bd7816f.shtml,,高中议论文范文： 对着诱惑笑,2009-10-13,,,,网络资源,0,,0.0,拒绝,搜索标题与摘要主题不匹配，未请求正文,,高中 父母与子女 议论文,900
NY2,Y2,https://www.zuowen.com/e/20091013/4b8bd3bd7d1b3.shtml,,高中议论文范文： 找到人生的支点,2009-10-13,,,,网络资源,0,,0.0,拒绝,搜索标题与摘要主题不匹配，未请求正文,,高中 父母与子女 议论文,1000
NY2,Y2,https://www.zuowen.com/e/20091013/4b8bd3bd7f4e4.shtml,,高中议论文范文： 小议劳动与节俭,2009-10-13,,,,网络资源,0,,0.0,拒绝,搜索标题与摘要主题不匹配，未请求正文,,高中 父母与子女 议论文,1200
NY2,Y2,https://www.zuowen.com/e/20091013/4b8bd3bd8258c.shtml,,高中议论文范文： 谈面子,2009-10-13,,,,网络资源,0,,0.0,拒绝,搜索标题与摘要主题不匹配，未请求正文,,高中 父母与子女 议论文,700
NY2,Y2,https://www.zuowen.com/e/20091013/4b8bd3bd8eb0e.shtml,,高中议论文范文： 不要为失去悲伤,2009-10-13,,,,网络资源,0,,0.0,拒绝,搜索标题与摘要主题不匹配，未请求正文,,高中 父母与子女 议论文,500
NY2,Y2,https://www.zuowen.com/e/20091013/4b8bd3bd9be11.shtml,,高中议论文范文： 负重的意义,2009-10-13,,,,网络资源,0,,0.0,拒绝,搜索标题与摘要主题不匹配，未请求正文,,高中 父母与子女 议论文,800
NY2,Y2,https://www.zuowen.com/e/20091013/4b8bd3bdd2f13.shtml,,高中议论文范文： 争出胜利,2009-10-13,,,,网络资源,0,,0.0,拒绝,搜索标题与摘要主题不匹配，未请求正文,,高中 父母与子女 议论文,800
NY2,Y2,https://www.zuowen.com/e/20091013/4b8bd3bddc5b3.shtml,,高中议论文范文： 物有所值，学有所成,2009-10-13,,,,网络资源,0,,0.0,拒绝,搜索标题与摘要主题不匹配，未请求正文,,高中 父母与子女 议论文,600
NY2,Y2,https://www.zuowen.com/e/20091013/4b8bd3bde5426.shtml,,高中议论文范文： 牢记与忘却,2009-10-13,,,,网络资源,0,,0.0,拒绝,搜索标题与摘要主题不匹配，未请求正文,,高中 父母与子女 议论文,1500
NY2,Y2,https://www.zuowen.com/e/20091013/4b8bd3bded354.shtml,,高中议论文范文： 超越自我,2009-10-13,,,,网络资源,0,,0.0,拒绝,搜索标题与摘要主题不匹配，未请求正文,,高中 父母与子女 议论文,800
NY2,Y2,https://www.zuowen.com/e/20091013/4b8bd3bdf2729.shtml,,高中议论文范文： 廉洁,2009-10-13,,,,网络资源,0,,0.0,拒绝,搜索标题与摘要主题不匹配，未请求正文,,高中 父母与子女 议论文,900
NY2,Y2,https://www.zuowen.com/e/20091013/4b8bd3be01f87.shtml,,高中议论文范文： 弱者？强者？,2009-10-13,,,,网络资源,0,,0.0,拒绝,搜索标题与摘要主题不匹配，未请求正文,,高中 父母与子女 议论文,900
NY2,Y2,https://www.zuowen.com/e/20091013/4b8bd3be065e4.shtml,,高中议论文范文： 尚俭戒奢谈,2009-10-13,,,,网络资源,0,,0.0,拒绝,搜索标题与摘要主题不匹配，未请求正文,,高中 父母与子女 议论文,900
NY2,Y2,https://www.zuowen.com/e/20091013/4b8bd3be0ba10.shtml,,高中议论文范文： 为草木辩护,2009-10-13,,,,网络资源,0,,0.0,拒绝,搜索标题与摘要主题不匹配，未请求正文,,高中 父母与子女 议论文,900
NY2,Y2,https://www.zuowen.com/e/20091013/4b8bd3be175a2.shtml,,高中议论文范文： 一念之间,2009-10-13,,,,网络资源,0,,0.0,拒绝,搜索标题与摘要主题不匹配，未请求正文,,高中 父母与子女 议论文,800
NY2,Y2,https://www.zuowen.com/e/20091013/4b8bd3be24c8e.shtml,,高中议论文范文： 对手，亦是朋友,2009-10-13,,,,网络资源,0,,0.0,拒绝,搜索标题与摘要主题不匹配，未请求正文,,高中 父母与子女 议论文,900
NY2,Y2,https://www.zuowen.com/e/20091013/4b8bd3be292e5.shtml,,高中议论文范文： 曲折也是一种美丽,2009-10-13,,,,网络资源,0,,0.0,拒绝,搜索标题与摘要主题不匹配，未请求正文,,高中 父母与子女 议论文,1000
NY2,Y2,https://www.zuowen.com/e/20091013/4b8bd3be3237a.shtml,,高中议论文范文： 信念是人生的太阳,2009-10-13,,,,网络资源,0,,0.0,拒绝,搜索标题与摘要主题不匹配，未请求正文,,高中 父母与子女 议论文,800
NY2,Y2,https://www.zuowen.com/e/20091013/4b8bd3be3525e.shtml,,高中议论文范文： 多多未必益善,2009-10-13,,,,网络资源,0,,0.0,拒绝,搜索标题与摘要主题不匹配，未请求正文,,高中 父母与子女 议论文,800
NY2,Y2,https://www.zuowen.com/e/20091013/4b8bd3be3b410.shtml,,高中议论文范文： 议比上不足比下有余,2009-10-13,,,,网络资源,0,,0.0,拒绝,搜索标题与摘要主题不匹配，未请求正文,,高中 父母与子女 议论文,900
NY2,Y2,https://www.zuowen.com/e/20091013/4b8bd3be411d8.shtml,,高中议论文范文： 说平凡,2009-10-13,,,,网络资源,0,,0.0,拒绝,搜索标题与摘要主题不匹配，未请求正文,,高中 父母与子女 议论文,650
NY2,Y2,https://www.zuowen.com/e/20091017/4b8bd3e039558.shtml,,高中议论文范文：苦于甜 成与败！,2009-10-17,,,,网络资源,0,,0.0,拒绝,搜索标题与摘要主题不匹配，未请求正文,,高中 父母与子女 议论文,1500
NY2,Y2,https://www.zuowen.com/e/20091020/4b8bd400430c8.shtml,,高中作文技巧：考场议论文好把握,2009-10-20,,,,网络资源,0,,0.0,拒绝,搜索标题与摘要主题不匹配，未请求正文,,高中 父母与子女 议论文,
NY2,Y2,https://www.zuowen.com/e/20091106/4b8bd49f8c16e.shtml,,高中议论文范文：我读忧愁,2009-11-06,,,,E度社区,0,,0.0,拒绝,搜索标题与摘要主题不匹配，未请求正文,,高中 父母与子女 议论文,1200
NY2,Y2,https://www.zuowen.com/e/20091106/4b8bd49f9fa0d.shtml,,高中议论文范文：诗意or失意的人生？,2009-11-06,,,,E度社区,0,,0.0,拒绝,搜索标题与摘要主题不匹配，未请求正文,,高中 父母与子女 议论文,1000
NY2,Y2,https://www.zuowen.com/e/20091106/4b8bd49fa30c2.shtml,,高中议论文范文：回归·破碎,2009-11-06,,,,E度社区,0,,0.0,拒绝,搜索标题与摘要主题不匹配，未请求正文,,高中 父母与子女 议论文,1200
NY2,Y2,https://www.zuowen.com/e/20091106/4b8bd49fa6776.shtml,,高中议论文范文：我为何而生,2009-11-06,,,,E度社区,0,,0.0,拒绝,搜索标题与摘要主题不匹配，未请求正文,,高中 父母与子女 议论文,1200
NY2,Y2,https://www.zuowen.com/e/20091106/4b8bd49fa9e26.shtml,,高中议论文范文：我心里的那个女孩,2009-11-06,,,,E度社区,0,,0.0,拒绝,搜索标题与摘要主题不匹配，未请求正文,,高中 父母与子女 议论文,1000
NY2,Y2,https://www.zuowen.com/e/20091106/4b8bd49fc0dee.shtml,,高中议论文范文：活着的意义,2009-11-06,,,,E度社区,0,,0.0,拒绝,搜索标题与摘要主题不匹配，未请求正文,,高中 父母与子女 议论文,800
NY2,Y2,https://www.zuowen.com/e/20091106/4b8bd49fc2949.shtml,,高中议论文范文：苏轼—婉约词永远的绝唱,2009-11-06,,,,秋思儿,0,,0.0,拒绝,搜索标题与摘要主题不匹配，未请求正文,,高中 父母与子女 议论文,1500
NY2,Y2,https://www.zuowen.com/e/20120921/505c3498ba1c1.shtml,,高中议论文写作指导,2012-09-21,,,,作文网整理,0,,0.0,拒绝,搜索标题与摘要主题不匹配，未请求正文,,高中 父母与子女 议论文,
NY2,Y2,https://www.zuowen.com/e/20130405/515ec8ad09b26.shtml,,雷锋——我的榜样,2013-04-05,,,,作文网原创,0,,0.0,拒绝,搜索标题与摘要主题不匹配，未请求正文,,父母榜样,250
NY2,Y2,https://www.zuowen.com/e/20130820/5212f82958c18.shtml,,郭敬明，我因你为榜样,2013-08-20,,,,作文网原创,0,,0.0,拒绝,搜索标题与摘要主题不匹配，未请求正文,,父母榜样,550
NY2,Y2,https://www.zuowen.com/e/20131121/528dcc3e6fc7a.shtml,,盖茨——我的榜样,2013-11-21,,,,作文网原创,0,,0.0,拒绝,搜索标题与摘要主题不匹配，未请求正文,,父母榜样,900
NY2,Y2,https://www.zuowen.com/e/20130303/51333b760c717.shtml,,雷锋，我的榜样,2013-03-03,,,,作文网原创,0,,0.0,拒绝,搜索标题与摘要主题不匹配，未请求正文,,父母榜样,550
NY2,Y2,https://www.zuowen.com/e/20130318/514601c4a35a5.shtml,,榜样妈妈,2013-03-18,,,,作文网原创,0,,0.0,拒绝,搜索标题与摘要主题不匹配，未请求正文,,父母榜样,500
NY2,Y2,https://www.zuowen.com/e/20130321/514b14925a661.shtml,,我的榜样——雷锋,2013-03-21,,,,作文网原创,0,,0.0,拒绝,搜索标题与摘要主题不匹配，未请求正文,,父母榜样,1200
NY2,Y2,https://www.zuowen.com/e/20130404/515d8377defb5.shtml,,我的好榜样,2013-04-04,,,,作文网原创,0,,0.0,拒绝,搜索标题与摘要主题不匹配，未请求正文,,父母榜样,350
NY2,Y2,https://www.zuowen.com/e/20130617/51bf20436af16.shtml,,我心目中的榜样,2013-06-17,,,,作文网原创,0,,0.0,拒绝,搜索标题与摘要主题不匹配，未请求正文,,父母榜样,650
NY2,Y2,https://www.zuowen.com/e/20131121/528d9b5c27453.shtml,,他是我的榜样，是我的动力,2013-11-21,,,,作文网原创,0,,0.0,拒绝,搜索标题与摘要主题不匹配，未请求正文,,父母榜样,600
NY2,Y2,https://www.zuowen.com/e/20140411/5347ebdbdb813.shtml,,我的家风,2014-04-11,,,,作文网原创,0,,0.0,拒绝,搜索标题与摘要主题不匹配，未请求正文,,高中 家风,800
NY2,Y2,https://www.zuowen.com/e/20140430/5360c0b17d137.shtml,,我家的家风,2014-04-30,,,,作文网原创,0,,0.0,拒绝,搜索标题与摘要主题不匹配，未请求正文,,高中 家风,800
NY2,Y2,https://www.zuowen.com/e/20140514/537365b50c0ae.shtml,,家风、家规、家训,2014-05-14,,,,作文网原创,0,,0.0,拒绝,搜索标题与摘要主题不匹配，未请求正文,,高中 家风,750
NY2,Y2,https://www.zuowen.com/e/20140328/53356ed01ec64.shtml,,家风,2014-03-28,,,,作文网原创,0,,0.0,拒绝,搜索标题与摘要主题不匹配，未请求正文,,高中 家风,1200
NY2,Y2,https://www.zuowen.com/e/20140330/5337fc2bdf4b6.shtml,,家风家规,2014-03-30,,,,作文网原创,0,,0.0,拒绝,搜索标题与摘要主题不匹配，未请求正文,,高中 家风,550
NY2,Y2,https://www.zuowen.com/e/20140406/53414c16f23ba.shtml,,家风 我的家,2014-04-06,,,,作文网原创,0,,0.0,拒绝,搜索标题与摘要主题不匹配，未请求正文,,高中 家风,550
NY2,Y2,https://www.zuowen.com/e/20140406/53414c2f40a4d.shtml,,家风 我的家,2014-04-06,,,,作文网原创,0,,0.0,拒绝,搜索标题与摘要主题不匹配，未请求正文,,高中 家风,550
NY2,Y2,https://www.zuowen.com/e/20140429/535fb1959a4f9.shtml,,我家的优良家风,2014-04-29,,,,作文网原创,0,,0.0,拒绝,搜索标题与摘要主题不匹配，未请求正文,,高中 家风,800
NY2,Y2,https://www.zuowen.com/e/20140513/5371e32fd6e4f.shtml,,家风、家训、家教,2014-05-13,,,,作文网原创,0,,0.0,拒绝,搜索标题与摘要主题不匹配，未请求正文,,高中 家风,650
NY2,Y2,https://www.zuowen.com/e/20141017/5440d2a08b2b4.shtml,,我的家风故事,2014-10-17,,,,作文网原创,0,,0.0,拒绝,搜索标题与摘要主题不匹配，未请求正文,,高中 家风,1200
NY2,Y2,https://www.zuowen.com/e/20141222/5497923c6db96.shtml,,我是怎样当好一位以身作则的组长,2014-12-22,,,,作文网原创,0,,0.0,拒绝,搜索标题与摘要主题不匹配，未请求正文,,以身作则,400
NY2,Y2,https://www.zuowen.com/e/20140424/53587810bbb7a.shtml,,雷锋，我们的榜样,2014-04-24,,,,作文网原创,0,,0.0,拒绝,搜索标题与摘要主题不匹配，未请求正文,,父母榜样,800
NY2,Y2,https://www.zuowen.com/e/20140508/536b42aec5da9.shtml,,榜样,2014-05-08,,,,作文网原创,0,,0.0,拒绝,搜索标题与摘要主题不匹配，未请求正文,,父母榜样,800
NY2,Y2,https://www.zuowen.com/e/20140212/52fb5c297f2de.shtml,,它是我的榜样,2014-02-12,,,,作文网原创,0,,0.0,拒绝,搜索标题与摘要主题不匹配，未请求正文,,父母榜样,500
NY2,Y2,https://www.zuowen.com/e/20140324/532fa0807339f.shtml,,我身边的榜样,2014-03-24,,,,转载,0,,0.0,拒绝,搜索标题与摘要主题不匹配，未请求正文,,父母榜样,700
NY2,Y2,https://www.zuowen.com/e/20140403/533d5d97ef880.shtml,,你是我的榜样,2014-04-03,,,,作文网原创,0,,0.0,拒绝,搜索标题与摘要主题不匹配，未请求正文,,父母榜样,800
NY2,Y2,https://www.zuowen.com/e/20140425/535a7f2daa3ea.shtml,,榜样的力量,2014-04-25,,,,作文网原创,0,,0.0,拒绝,搜索标题与摘要主题不匹配，未请求正文,,父母榜样,900
NY2,Y2,https://www.zuowen.com/e/20140829/53ffed5c41808.shtml,,榜样,2014-08-29,,,,作文网原创,0,,0.0,拒绝,搜索标题与摘要主题不匹配，未请求正文,,父母榜样,800
NY2,Y2,https://www.zuowen.com/e/20150312/55013777c19b4.shtml,,我家的家风,2015-03-12,,,,作文网原创,0,,0.0,拒绝,搜索标题与摘要主题不匹配，未请求正文,,高中 家风,800
NY2,Y2,https://www.zuowen.com/e/20150413/552b4040e6915.shtml,,我心目中的家风,2015-04-13,,,,作文网原创,0,,0.0,拒绝,搜索标题与摘要主题不匹配，未请求正文,,高中 家风,800
NY2,Y2,https://www.zuowen.com/e/20150602/556d137b5c24d.shtml,,家风，我言行的导师,2015-06-02,,,,作文网原创,0,,0.0,拒绝,搜索标题与摘要主题不匹配，未请求正文,,高中 家风,1200
NY2,Y2,https://www.zuowen.com/e/20150628/5590159e2d0fa.shtml,,晒晒我的好家风,2015-06-28,,,,作文网原创,0,,0.0,拒绝,搜索标题与摘要主题不匹配，未请求正文,,高中 家风,1500
NY2,Y2,https://www.zuowen.com/e/20150828/55e01771aabc1.shtml,,好家风 我传承,2015-08-28,,,,作文网原创,0,,0.0,拒绝,搜索标题与摘要主题不匹配，未请求正文,,高中 家风,1000
NY2,Y2,https://www.zuowen.com/e/20151228/5680e221ba4b2.shtml,,家风,2015-12-28,,,,作文网原创,0,,0.0,拒绝,搜索标题与摘要主题不匹配，未请求正文,,高中 家风,300
NY2,Y2,https://www.zuowen.com/e/20151228/5680e23b39c3b.shtml,,家风,2015-12-28,,,,作文网原创,0,,0.0,拒绝,搜索标题与摘要主题不匹配，未请求正文,,高中 家风,300
NY2,Y2,https://www.zuowen.com/e/20150416/552f6a67a4b42.shtml,,我的榜样,2015-04-16,,,,作文网原创,0,,0.0,拒绝,搜索标题与摘要主题不匹配，未请求正文,,父母榜样,500
NY2,Y2,https://www.zuowen.com/e/20150704/55976d8156b9f.shtml,,我的榜样,2015-07-04,,,,作文网原创,0,,0.0,拒绝,搜索标题与摘要主题不匹配，未请求正文,,父母榜样,300
NY2,Y2,https://www.zuowen.com/e/20150906/55ebe1326afb1.shtml,,我们的榜样——雷锋,2015-09-06,,,,作文网原创,0,,0.0,拒绝,搜索标题与摘要主题不匹配，未请求正文,,父母榜样,650
NY2,Y2,https://www.zuowen.com/e/20151008/561645b52cd07.shtml,,高中议论文素材：活在当下,2015-10-08,,,,作文网整合,0,,0.0,拒绝,搜索标题与摘要主题不匹配，未请求正文,,高中 父母与子女 议论文,
NY2,Y2,https://www.zuowen.com/e/20160331/56fc97234cc28.shtml,,我家的家风,2016-03-31,,,,作文网原创,0,,0.0,拒绝,搜索标题与摘要主题不匹配，未请求正文,,高中 家风,750
NY2,Y2,https://www.zuowen.com/e/20160503/57278d59e9d6d.shtml,,家风,2016-05-03,,,,作文网原创,0,,0.0,拒绝,搜索标题与摘要主题不匹配，未请求正文,,高中 家风,800
NY2,Y2,https://www.zuowen.com/e/20161229/586472f51da38.shtml,,家风家训,2016-12-29,,,,作文网原创,0,,0.0,拒绝,搜索标题与摘要主题不匹配，未请求正文,,高中 家风,300
NY2,Y2,https://www.zuowen.com/e/20161229/586472f61c2c8.shtml,,家风,2016-12-29,,,,作文网原创,0,,0.0,拒绝,搜索标题与摘要主题不匹配，未请求正文,,高中 家风,200
NY2,Y2,https://www.zuowen.com/e/20160303/56d7ddab84927.shtml,,学习雷锋好榜样的名言,2016-03-03,,,,作文网整合,0,,0.0,拒绝,搜索标题与摘要主题不匹配，未请求正文,,父母榜样,
NY2,Y2,https://www.zuowen.com/e/20160127/56a850e3ac308.shtml,,入党思想汇报：榜样的力量,2016-01-27,,,,作文网整合,0,,0.0,拒绝,搜索标题与摘要主题不匹配，未请求正文,,父母榜样,
NY2,Y2,https://www.zuowen.com/e/20160127/56a8739af1cd5.shtml,,高中教导主任毕业赠言,2016-01-27,,,,作文网整合,0,,0.0,拒绝,搜索标题与摘要主题不匹配，未请求正文,,高中 父母 教导,
NY2,Y2,https://www.zuowen.com/e/20160226/56d01be136d91.shtml,,第三十三则：以身作则 心平气和,2016-02-26,,,,作文网整合,0,,0.0,拒绝,搜索标题与摘要主题不匹配，未请求正文,,以身作则,
NY2,Y2,https://www.zuowen.com/e/20170214/58a2be1484210.shtml,,我的家风家规家教,2017-02-14,,,,作文网原创,0,,0.0,拒绝,搜索标题与摘要主题不匹配，未请求正文,,高中 家风,1200
NY2,Y2,https://www.zuowen.com/e/20170414/58f08c1f6fdff.shtml,,家风,2017-04-14,,,,作文网原创,0,,0.0,拒绝,搜索标题与摘要主题不匹配，未请求正文,,高中 家风,900
NY2,Y2,https://www.zuowen.com/e/20170903/59ab5dcfbdee3.shtml,,家风,2017-09-03,,,,作文网原创,0,,0.0,拒绝,搜索标题与摘要主题不匹配，未请求正文,,高中 家风,700
NY2,Y2,https://www.zuowen.com/e/20171016/59e474863fd09.shtml,,论家风,2017-10-16,,,,本站原创,0,,0.0,拒绝,搜索标题与摘要主题不匹配，未请求正文,,高中 家风,700
NY2,Y2,https://www.zuowen.com/e/20171014/59e172f0a1c5c.shtml,,雷锋——我的榜样,2017-10-14,,,,作文网原创,0,,0.0,拒绝,搜索标题与摘要主题不匹配，未请求正文,,父母榜样,350
NY2,Y2,https://www.zuowen.com/e/20180131/5a715d1da859d.shtml,,论家风,2018-01-31,,,,本站原创,0,,0.0,拒绝,搜索标题与摘要主题不匹配，未请求正文,,高中 家风,700
NY2,Y2,https://www.zuowen.com/e/20180131/5a715de004881.shtml,,家风，新与旧的传承,2018-01-31,,,,本站原创,0,,0.0,拒绝,搜索标题与摘要主题不匹配，未请求正文,,高中 家风,1000
NY2,Y2,https://www.zuowen.com/e/20180228/5a966b73a6e78.shtml,,我们家的家风家训,2018-02-28,,,,作文网原创,0,,0.0,拒绝,搜索标题与摘要主题不匹配，未请求正文,,高中 家风,500
NY2,Y2,https://www.zuowen.com/e/20180418/5ad7598661d56.shtml,,我们家的家风家训,2018-04-18,,,,本站原创,0,,0.0,拒绝,搜索标题与摘要主题不匹配，未请求正文,,高中 家风,500
NY2,Y2,https://www.zuowen.com/e/20180608/5b1a1eda93c93.shtml,,家风,2018-06-08,,,,本站原创,0,,0.0,拒绝,搜索标题与摘要主题不匹配，未请求正文,,高中 家风,800
NY2,Y2,https://www.zuowen.com/e/20180713/5b47f750d1b36.shtml,,2018年关于感恩父母作文的汇总（高中）,2018-07-13,,,,作文网整理,0,,0.0,拒绝,搜索标题与摘要主题不匹配，未请求正文,,高中 父母榜样,
NY2,Y2,https://www.zuowen.com/e/20180904/5b8df92e5ce81.shtml,,我的家风家教,2018-09-04,,,,作文网整理,0,,0.0,拒绝,搜索标题与摘要主题不匹配，未请求正文,,高中 家风,700
NY2,Y2,https://www.zuowen.com/e/20181123/5bf7b0b0ceb1c.shtml,,家风家训家规,2018-11-23,,,,本站原创,0,,0.0,拒绝,搜索标题与摘要主题不匹配，未请求正文,,高中 家风,700
NY2,Y2,https://www.zuowen.com/e/20181123/5bf7b1374b7cb.shtml,,家风、家训,2018-11-23,,,,本站原创,0,,0.0,拒绝,搜索标题与摘要主题不匹配，未请求正文,,高中 家风,350
NY2,Y2,https://www.zuowen.com/e/20181207/5c09d2cc5dc71.shtml,,我的家风——俭,2018-12-07,,,,本站原创,0,,0.0,拒绝,搜索标题与摘要主题不匹配，未请求正文,,高中 家风,700
NY2,Y2,https://www.zuowen.com/e/20180628/5b34750340b8c.shtml,,榜样的力量The Power of Example,2018-06-28,,,,作文网整理,0,,0.0,拒绝,搜索标题与摘要主题不匹配，未请求正文,,父母榜样,800
NY2,Y2,https://www.zuowen.com/e/20180802/5b62d71430b63.shtml,,她是我的榜样,2018-08-02,,,,作文网整理,0,,0.0,拒绝,搜索标题与摘要主题不匹配，未请求正文,,父母榜样,700
NY2,Y2,https://www.zuowen.com/e/20180906/5b9122b4cc832.shtml,,表姐我的榜样,2018-09-06,,,,作文网整理,0,,0.0,拒绝,搜索标题与摘要主题不匹配，未请求正文,,父母榜样,500
NY2,Y2,https://www.zuowen.com/e/20190527/5ceb59e13c846.shtml,,初一议论文：关于父母离婚,2019-05-27,,,,网络资源,0,,0.0,拒绝,搜索标题与摘要主题不匹配，未请求正文,,高中 父母与子女 议论文,750
NY2,Y2,https://www.zuowen.com/e/20191010/5d9f11505982a.shtml,,2019年教师预备党员思想汇报范文：以身作则,2019-10-10,,,,网络资源,0,,0.0,拒绝,搜索标题与摘要主题不匹配，未请求正文,,以身作则,1500
NY2,Y2,https://www.zuowen.com/e/20190625/5d11df25c9c41.shtml,,关于姐姐的作文：我的榜样,2019-06-25,,,,网络资源,0,,0.0,拒绝,搜索标题与摘要主题不匹配，未请求正文,,父母榜样,600
NY2,Y2,https://www.zuowen.com/e/20190730/5d4008344f031.shtml,,六年级议论文：高中弘扬民族精神，让红领巾更加鲜艳,2019-07-30,,,,网络资源,0,,0.0,拒绝,搜索标题与摘要主题不匹配，未请求正文,,高中 父母与子女 议论文,800
NY2,Y2,https://www.zuowen.com/e/20200522/5ec79da0a5469.shtml,,人教版高中第四册四单元作文：小谈父母之溺爱,2020-05-22,,,,网络资源,0,,0.0,拒绝,搜索标题与摘要主题不匹配，未请求正文,,高中 父母榜样,1000
NY2,Y2,https://www.zuowen.com/e/20200128/5e302b543a0e3.shtml,,关于家风家训 的作文：我家家风家训,2020-01-28,,,,网络资源,0,,0.0,拒绝,搜索标题与摘要主题不匹配，未请求正文,,高中 家风,550
NY2,Y2,https://www.zuowen.com/e/20200128/5e302b814afa3.shtml,,关于家风家训 的作文：家风家训,2020-01-28,,,,网络资源,0,,0.0,拒绝,搜索标题与摘要主题不匹配，未请求正文,,高中 家风,650
NY2,Y2,https://www.zuowen.com/e/20200128/5e302ba32cdcb.shtml,,关于家风家训 的作文：家风家训,2020-01-28,,,,网络资源,0,,0.0,拒绝,搜索标题与摘要主题不匹配，未请求正文,,高中 家风,550
NY2,Y2,https://www.zuowen.com/e/20200128/5e302c9835d70.shtml,,关于家风家训 的作文：我的家风—吃亏是福,2020-01-28,,,,网络资源,0,,0.0,拒绝,搜索标题与摘要主题不匹配，未请求正文,,高中 家风,1200
NY2,Y2,https://www.zuowen.com/e/20200128/5e302d4a5b184.shtml,,关于家风家训 的作文：我的家风家训,2020-01-28,,,,网络资源,0,,0.0,拒绝,搜索标题与摘要主题不匹配，未请求正文,,高中 家风,600
NY2,Y2,https://www.zuowen.com/e/20200128/5e30324649a66.shtml,,关于家风家训 的作文：家风家训,2020-01-28,,,,网络资源,0,,0.0,拒绝,搜索标题与摘要主题不匹配，未请求正文,,高中 家风,550
NY2,Y2,https://www.zuowen.com/e/20200128/5e3032627e855.shtml,,关于家风家训 的作文：家风家训,2020-01-28,,,,网络资源,0,,0.0,拒绝,搜索标题与摘要主题不匹配，未请求正文,,高中 家风,650
NY2,Y2,https://www.zuowen.com/e/20200128/5e3033120e540.shtml,,关于家风家训 的作文：家风家训,2020-01-28,,,,网络资源,0,,0.0,拒绝,搜索标题与摘要主题不匹配，未请求正文,,高中 家风,550
NY2,Y2,https://www.zuowen.com/e/20200128/5e3034f0e311d.shtml,,关于家风家训 的作文：家风家训,2020-01-28,,,,网络资源,0,,0.0,拒绝,搜索标题与摘要主题不匹配，未请求正文,,高中 家风,900
NY2,Y2,https://www.zuowen.com/e/20200128/5e3035c92327a.shtml,,关于家风家训 的作文：家风家训,2020-01-28,,,,网络资源,0,,0.0,拒绝,搜索标题与摘要主题不匹配，未请求正文,,高中 家风,750
NY2,Y2,https://www.zuowen.com/e/20200128/5e3036b50b085.shtml,,关于家风家训 的作文：家风家训,2020-01-28,,,,网络资源,0,,0.0,拒绝,搜索标题与摘要主题不匹配，未请求正文,,高中 家风,750
NY2,Y2,https://www.zuowen.com/e/20200128/5e3036d02fb04.shtml,,关于家风家训 的作文：家风家训,2020-01-28,,,,网络资源,0,,0.0,拒绝,搜索标题与摘要主题不匹配，未请求正文,,高中 家风,1200
NY2,Y2,https://www.zuowen.com/e/20200128/5e3036ee1c7e7.shtml,,关于家风家训 的作文：家风家训,2020-01-28,,,,网络资源,0,,0.0,拒绝,搜索标题与摘要主题不匹配，未请求正文,,高中 家风,1500
NY2,Y2,https://www.zuowen.com/e/20200128/5e30370c0ef2c.shtml,,关于家风家训 的作文：家风家训,2020-01-28,,,,网络资源,0,,0.0,拒绝,搜索标题与摘要主题不匹配，未请求正文,,高中 家风,900
NY2,Y2,https://www.zuowen.com/e/20200312/5e6a0c0bcc4f7.shtml,,关于风的作文：家风家训,2020-03-12,,,,网络资源,0,,0.0,拒绝,搜索标题与摘要主题不匹配，未请求正文,,高中 家风,650
NY2,Y2,https://www.zuowen.com/e/20200312/5e6a0d840082c.shtml,,关于风的作文：家风,2020-03-12,,,,网络资源,0,,0.0,拒绝,搜索标题与摘要主题不匹配，未请求正文,,高中 家风,650
NY2,Y2,https://www.zuowen.com/e/20200312/5e6a0f365ddcd.shtml,,关于风的作文：家风,2020-03-12,,,,网络资源,0,,0.0,拒绝,搜索标题与摘要主题不匹配，未请求正文,,高中 家风,650
NY2,Y2,https://www.zuowen.com/e/20200521/5ec608b37d044.shtml,,人教版高中第三册一单元作文：家风,2020-05-21,,,,本站原创,0,,0.0,拒绝,搜索标题与摘要主题不匹配，未请求正文,,高中 家风,900
NY2,Y2,https://www.zuowen.com/e/20201021/5f8ffde6b63e8.shtml,,初一叙事作文：家风,2020-10-21,,,,网络资源,0,,0.0,拒绝,搜索标题与摘要主题不匹配，未请求正文,,高中 家风,600
NY2,Y2,https://www.zuowen.com/e/20200523/5ec88a4e10191.shtml,,人教版高中第五册二单元作文：感恩父母,2020-05-23,,,,网络资源,0,,0.0,拒绝,搜索标题与摘要主题不匹配，未请求正文,,高中 父母榜样,800
NY2,Y2,https://www.zuowen.com/e/20200526/5eccb1821cd9a.shtml,,人教版高中第六册四单元作文：涓涓父母情，拳拳儿女心,2020-05-26,,,,网络资源,0,,0.0,拒绝,搜索标题与摘要主题不匹配，未请求正文,,高中 父母榜样,900
NY2,Y2,https://www.zuowen.com/e/20200714/5f0d46a9d769b.shtml,,关于姐姐的作文：我的榜样,2020-07-14,,,,网络资源,0,,0.0,拒绝,搜索标题与摘要主题不匹配，未请求正文,,父母榜样,600
NY2,Y2,https://www.zuowen.com/e/20201216/5fd9d8771d8a4.shtml,,关于姐姐的作文：我的榜样,2020-12-16,,,,网络资源,0,,0.0,拒绝,搜索标题与摘要主题不匹配，未请求正文,,父母榜样,600
NY2,Y2,https://www.zuowen.com/e/20210306/604382a85f946.shtml,,六年级议论文：子女孝心,2021-03-06,,,,网络资源,0,,0.0,拒绝,搜索标题与摘要主题不匹配，未请求正文,,高中 父母与子女 议论文,600
NY2,Y2,https://www.zuowen.com/e/20210114/6000132796c33.shtml,,写作方法：高中议论文写作,2021-01-14,,,,网络资源,0,,0.0,拒绝,搜索标题与摘要主题不匹配，未请求正文,,高中 父母与子女 议论文,2000
NY2,Y2,https://www.zuowen.com/e/20210114/600018d586c69.shtml,,写作方法：高中生议论文如何写,2021-01-14,,,,网络资源,0,,0.0,拒绝,搜索标题与摘要主题不匹配，未请求正文,,高中 父母与子女 议论文,2000
NY2,Y2,https://www.zuowen.com/e/20210115/6000f0f4abc5c.shtml,,写作基础：高中议论文,2021-01-15,,,,网络资源,0,,0.0,拒绝,搜索标题与摘要主题不匹配，未请求正文,,高中 父母与子女 议论文,1200
NY2,Y2,https://www.zuowen.com/e/20150811/55c96ab0a4131.shtml,2783841,[超新星初中组]父母教会我，为自己努力,2015-08-11,初一,未核验,,作文网原创,502,精确,117,拒绝,面包屑不属于允许的高中或初中备选作文,c6d1581a5633b3d1c17677d0a1a561884253129f8eb4f4d5a08c39979c72254e,初中备选:初中 父母 教导,550
NY2,Y2,https://www.zuowen.com/e/20150907/55ed29a9a79a6.shtml,2787095,[超新星初中组]父母教会我,2015-09-07,初三,未核验,,作文网原创,773,精确,117,拒绝,面包屑不属于允许的高中或初中备选作文,a4a57d652a7e0ddcac7dff6b5a521bfed0dff582a014b5b571dfc996776be87f,初中备选:初中 父母 教导,900
NY2,Y2,https://www.zuowen.com/e/20081120/4b8bc96006b6d.shtml,395317,议论文论据大全：家风,2008-11-20,未标注,未核验,议论文,毕业论文酷,1858,近似,88,拒绝,面包屑不属于允许的高中或初中备选作文,d95f9376bcec33bbb4f8c1dc865863be7611617373f95b14ed266befab60a80b,初中备选:初中 家风 议论文,
NY2,Y2,https://www.zuowen.com/e/20091219/4b8bd62e7c814.shtml,1331381,零用钱带来的利与弊,2009-12-19,初三,初中,议论文,网络资源,961,不匹配,5,拒绝,正文汉字数超出200-787,a8592ed98cfe2e0c9e768af3bc6eb6e4a1f2f00918af3d037ad491c15314e381,初中备选栏目:https://www.zuowen.com/chuzhong/chusan/yilunwen/,1200
NY2,Y2,https://www.zuowen.com/e/20091222/4b8bd64b15fa1.shtml,1341926,畅谈一种未了的责任,2009-12-22,初三,初中,议论文,网络资源,1168,宽泛,39,拒绝,正文汉字数超出200-787,5ad7a6161acb00a38344460b99df62d696ffcf468e947b0947da448ac7002aeb,初中备选栏目:https://www.zuowen.com/chuzhong/chusan/yilunwen/,1500
NY2,Y2,https://www.zuowen.com/e/20100113/4b8bd6b141cec.shtml,1381254,我的生活我做主,2010-01-13,初一,初中,议论文,本站原创本文系作文网（zuowen.com）用户原创文章，,345,扩展,58,候选,,519cdde92ebfbf6ff37909c487c246203b844650e871138cf6a4e359619fb48a,初中备选栏目:https://www.zuowen.com/chuzhong/chuyi/yilunwen/,400
NY2,Y2,https://www.zuowen.com/e/20110503/4dc010842ae07.shtml,1866547,挫折也是一笔财富,2011-05-03,初一,初中,议论文,作文网原创,444,宽泛,41,候选,,49f1dd9c2a5fcb35ee189f91e8611862e507930f77018b08d3c098c169ff93d5,初中备选栏目:https://www.zuowen.com/chuzhong/chuyi/yilunwen/,600
NY2,Y2,https://www.zuowen.com/e/20150807/55c485ca7cd2a.shtml,2783506,[超新星初中组]父母的爱,2015-08-07,初二,未核验,,作文网原创,285,扩展,53,拒绝,面包屑不属于允许的高中或初中备选作文,ff052e8c1e104ecd84f3820e5953e28d25c826692c4e5a25ba4ee5fe1dc14cb3,初中备选:初中 父母 教导,350
NY2,Y2,https://www.zuowen.com/e/20091228/4b8bd6737ceaa.shtml,1357818,追,2009-12-28,初三,初中,议论文,网络资源,314,宽泛,38,候选,,132cf69b3477647aa97773c29083852a50dcca41734b5c748d3701f7d809dbb2,初中备选栏目:https://www.zuowen.com/chuzhong/chusan/yilunwen/,350
NY2,Y2,https://www.zuowen.com/e/20100108/4b8bd69c73f47.shtml,1373464,我的成长,2010-01-08,初三,初中,议论文,本站原创,469,宽泛,39,候选,,7a988f8cc0bf43bfcad3366c435676af9ebcebec612ef74d815002251a056bd2,初中备选栏目:https://www.zuowen.com/chuzhong/chusan/yilunwen/,500
NY2,Y2,https://www.zuowen.com/e/20091219/4b8bd62cc302d.shtml,1330273,以中小学之教育见国家之崛起,2009-12-19,初三,初中,议论文,本站原创,499,宽泛,44,候选,,6fce539fbb2bf14fb6e64c1714d659cd21c79ff6a8609171b026fbd9862cf6b9,初中备选栏目:https://www.zuowen.com/chuzhong/chusan/yilunwen/,550
NY2,Y2,https://www.zuowen.com/e/20091223/4b8bd65867649.shtml,1347483,在烦恼中成长,2009-12-23,初三,初中,议论文,本站原创,482,宽泛,35,候选,,e96f438c3195cdce6902069b635e7fc3d419d9c290c670c8c301b48a439deba8,初中备选栏目:https://www.zuowen.com/chuzhong/chusan/yilunwen/,600
NY2,Y2,https://www.zuowen.com/e/20091224/4b8bd66038ec3.shtml,1350879,在逆境中成长,2009-12-24,初三,初中,议论文,本站原创,492,宽泛,36,候选,,4b818dfb7d491b829b9017804644e7120489f16549576a2f9468c7d24eaf2ca9,初中备选栏目:https://www.zuowen.com/chuzhong/chusan/yilunwen/,550
NY1,Y1,https://www.zuowen.com/e/20121014/5079a06cb21cb.shtml,2330861,校园禁烟倡议书,2012-10-14,高二,高中,议论文,转载,568,精确,134,入选,,d3003c170c3fb5bbcddf663a53e622723aa54a9c108b61ba6ddcbdc57eabec2b,高中栏目:https://www.zuowen.com/gaozhong/gaoer/yilunwen/,650
NY1,Y1,https://www.zuowen.com/e/20100531/4c0344db3bf13.shtml,1649422,创造无烟环境,2010-05-31,高二,高中,议论文,作文网,1190,精确,126,拒绝,正文汉字数超出200-787,615e30349dbb4feb8ce86bca94277f0552fe2815b98fd939683bec65b07201df,高中栏目:https://www.zuowen.com/gaozhong/gaoer/yilunwen/,1200
NY1,Y1,https://www.zuowen.com/e/20090927/4b8bd35069099.shtml,1051149,抽烟和理由,2009-09-27,高三,高中,议论文,网络资源,879,精确,113,拒绝,正文汉字数超出200-787,1cd6065d3d5aab6893b877d18f8def61994815532aac22d4154dfd81e45e27df,高中栏目:https://www.zuowen.com/gaozhong/gaosan/yilunwen/,1000
NY1,Y1,https://www.zuowen.com/e/20090912/4b8bcfb2c2142.shtml,982548,历史的残痕,2009-09-12,高二,高中,议论文,网络资源,1141,不匹配,8,拒绝,正文汉字数超出200-787,1a3e2a32de09eee9eb2072cba28b32f1a7fc51f8742ea9365fbb2c98cbee06e2,高中栏目:https://www.zuowen.com/gaozhong/gaoer/yilunwen/,1200
NY1,Y1,https://www.zuowen.com/e/20090918/4b8bd001cd657.shtml,1010420,一蓑烟草任江平,2009-09-18,高三,高中,议论文,网络资源,705,精确,110,拒绝,人工审核排除：标题中的烟草是文学化用语，正文不讨论吸烟或公共健康,bb1ddd296d098c5e737a07a1380af76dae2640061781eaf947822c341dc0457f,高中栏目:https://www.zuowen.com/gaozhong/gaosan/yilunwen/,800
NY1,Y1,https://www.zuowen.com/e/20090922/4b8bd316c67e9.shtml,1028994,看病吃药，痛并快乐着,2009-09-22,高一,高中,议论文,网络资源,1104,不匹配,8,拒绝,正文汉字数超出200-787,98f52a04019d5b3363af5ca2cc5aca8549cadd3c1450c945162643f1c6549d08,高中栏目:https://www.zuowen.com/gaozhong/gaoyi/yilunwen/,1200
NY1,Y1,https://www.zuowen.com/e/20090922/4b8bd31a61cc1.shtml,1030320,远水能解近渴,2009-09-22,高三,高中,议论文,网络资源,736,不匹配,8,拒绝,主题不匹配,99e8214dbe60efc6a009aefb7facc6b524cdfa19555afb28996f5e4863321a14,高中栏目:https://www.zuowen.com/gaozhong/gaosan/yilunwen/,800
NY1,Y1,https://www.zuowen.com/e/20140518/5378a45399b48.shtml,2678518,学会变通,2014-05-18,高二,高中,议论文,作文网原创,857,不匹配,8,拒绝,正文汉字数超出200-787,12c3398171c6cf6870638dc96bf804cc22b9057a49272d65810a652ab7e7be95,高中栏目:https://www.zuowen.com/gaozhong/gaoer/yilunwen/,900
NY1,Y1,https://www.zuowen.com/e/20210306/6043851c5c337.shtml,3118357,高一议论文：青少年吸烟的危害,2021-03-06,高一,高中,议论文,网络资源,607,精确,151,入选,,d4632c5d685d69ea4b86b59b5d8e8231e13f2734322e749627e42da739eaff00,高中栏目:https://www.zuowen.com/gaozhong/gaoyi/yilunwen/,700
NY1,Y1,https://www.zuowen.com/e/20120516/4fb36670bc4f3.shtml,2241495,关于中国吸烟状况的资料作文素材,2012-05-16,未标注,未核验,,作文网整理,978,精确,135,拒绝,面包屑不属于允许的高中或初中备选作文,d9dfbeabacfbd672b4ea52a6a46a7cc2a3c6498b02a06c63c8ecf487e0465630,吸烟危害,
NY1,Y1,https://www.zuowen.com/e/20091208/4b8bd5ca74629.shtml,1292306,论中学生是否可以吸烟,2009-12-08,未标注,未核验,,本站原创,436,精确,128,拒绝,面包屑不属于允许的高中或初中备选作文,2a37d041784d63dccf98b102e736a67003079216f1378d6284616cb79095183e,吸烟危害,
NY1,Y1,https://www.zuowen.com/e/20100528/4bff3c8ada1d3.shtml,1648466,二手烟对儿童的危害,2010-05-28,未标注,未核验,,百度百科,523,精确,127,拒绝,面包屑不属于允许的高中或初中备选作文,922307c2dcfa58c3edc1d55dec51e93c2c23b7bedd6dcba397b438e8954522ee,高中 二手烟,
NY1,Y1,https://www.zuowen.com/e/20090630/4b8bcbe294149.shtml,643440,吸烟的爸爸,2009-06-30,初一,初中,写人作文,网络,440,精确,134,拒绝,面包屑不属于允许的高中或初中备选作文,f6fb40e833d6f4a61b56cbd6108b21aa467eaf19aa93e25ed79e3b9680b017e3,禁止吸烟,500
NY1,Y1,https://www.zuowen.com/e/20120516/4fb35ec8357c0.shtml,2241467,青少年禁烟是关键,2012-05-16,未标注,未核验,,作文网整理,676,精确,134,拒绝,面包屑不属于允许的高中或初中备选作文,5b040b8baa7ca6ef2191637200e62f3cfa593013362d56cff1fab08619ccaf0a,青少年吸烟,
NY1,Y1,https://www.zuowen.com/e/20091112/4b8bd4e18b0be.shtml,1204413,吸烟有害健康,2009-11-12,初三,初中,叙事作文,网络资源,1256,精确,126,拒绝,面包屑不属于允许的高中或初中备选作文,66b1cb459312c4db7c99b49a9aca8f793e13597a1bfd8388cf132987991bdd06,吸烟危害,1500
NY1,Y1,https://www.zuowen.com/e/20100528/4bff4c1f5edfc.shtml,1648480,拒绝二手烟 远离烟害,2010-05-28,未标注,未核验,,百度百科,366,精确,126,拒绝,面包屑不属于允许的高中或初中备选作文,23a9f5c6f2ec9063a6689c6fdd5bf0f0a6c9666bf305a34b60cb49835d6a2658,高中 二手烟,
NY1,Y1,https://www.zuowen.com/e/20090908/4b8bcf7b825cf.shtml,963137,爱吸烟的爸爸,2009-09-08,未标注,未核验,叙事作文,网络资源,434,精确,124,拒绝,面包屑不属于允许的高中或初中备选作文,98c7a6bc8243d00e78df39e1bfaba9a0c74681170d44a7a0bbe68ea495393702,吸烟危害,500
NY1,Y1,https://www.zuowen.com/e/20120306/4f55a5633093d.shtml,2198372,吸烟的危害,2012-03-06,未标注,未核验,叙事作文,作文网原创,597,精确,126,拒绝,面包屑不属于允许的高中或初中备选作文,ddcad555571a8c5f7a114819b2e26eeb232a4af17eeae22c26532caa0e2f18cd,吸烟危害,750
NY1,Y1,https://www.zuowen.com/e/20121203/50bc0ff377ea7.shtml,2360412,给吸烟的人的建议书,2012-12-03,未标注,未核验,,作文网原创,290,精确,134,拒绝,面包屑不属于允许的高中或初中备选作文,d55d7a39f5eee4c32088ca7c3b766dc4f26ce0554f82d54265eedc7054448f70,吸烟危害,350
NY1,Y1,https://www.zuowen.com/e/20091205/4b8bd5b7ade4c.shtml,1284774,吸烟的爸爸,2009-12-05,初一,初中,写人作文,网络资源,476,精确,123,拒绝,面包屑不属于允许的高中或初中备选作文,2319f5a865842456e4cb6b294fb498b9b9f6cb42322fddd84be454ac884930db,吸烟危害,500
NY1,Y1,https://www.zuowen.com/e/20100528/4bff2f849c834.shtml,1648376,吸烟的危害简介,2010-05-28,未标注,未核验,,百度百科,486,精确,134,拒绝,面包屑不属于允许的高中或初中备选作文,4b68cb2c6e81abdcbcc2e8db949019fa32f8c6b54f3f0aa3035db834a51fd21a,吸烟危害,
NY1,Y1,https://www.zuowen.com/e/20100601/4c04d328c5d4c.shtml,1650891,爷爷不再吸烟了……,2010-06-01,未标注,未核验,叙事作文,作文网,605,精确,134,拒绝,面包屑不属于允许的高中或初中备选作文,b97e0168235031cd2f627271bf2e0508420172af6b62753a9437737849b0b073,吸烟危害,900
NY1,Y1,https://www.zuowen.com/e/20111129/4ed4dd5b37375.shtml,2133845,爸爸，你不要再吸烟了,2011-11-29,未标注,未核验,写人作文,作文网原创,577,精确,132,拒绝,面包屑不属于允许的高中或初中备选作文,cf07236cd75cafb49e4b02181e9b057dbec0c0b4e464aa4539f83561c47b3d83,吸烟危害,700
NY1,Y1,https://www.zuowen.com/e/20090905/4b8bcf4ba8340.shtml,945752,反对吸烟,2009-09-05,初二,初中,议论文,网络资源,684,精确,130,拒绝,面包屑不属于允许的高中或初中备选作文,e69513c8f4a2c6bb1e5636726ce0a8cecbfba8562a925d3265ba351175e33882,吸烟危害,750
NY1,Y1,https://www.zuowen.com/e/20091021/4b8bd40f06f6f.shtml,1123553,反吸烟,2009-10-21,初三,初中,议论文,网络资源,468,精确,129,拒绝,面包屑不属于允许的高中或初中备选作文,f8e7147d354d76a79f7f1d6de1e993a9edaea01914d3876974bdf3408a1ac8a5,吸烟危害,500
NY1,Y1,https://www.zuowen.com/e/20100830/4c7b444f6e3d4.shtml,1738611,吸烟的坏处,2010-08-30,未标注,未核验,话题作文,作文网,357,精确,137,拒绝,面包屑不属于允许的高中或初中备选作文,a22d5a5bc05e690fcf682fff0f3d172024b557e933fc7121b018eebb88d472ce,吸烟危害,400
NY1,Y1,https://www.zuowen.com/e/20101029/4cca66825d549.shtml,1765907,吸烟有害健康,2010-10-29,初一,初中,,作文网,450,精确,135,拒绝,面包屑不属于允许的高中或初中备选作文,7b60e7a37f4e8412376e7e0034f0ec8a1031499173ea05c941d67ab298a7bef4,禁止吸烟,500
NY1,Y1,https://www.zuowen.com/e/20091212/4b8bd5ef896f4.shtml,1307255,花钱害自己的人――吸烟的人,2009-12-12,未标注,未核验,议论文,网络资源,682,精确,128,拒绝,面包屑不属于允许的高中或初中备选作文,a8b7453311e9d1d108c29c1af5b86fd005fd90d2c77f050f8e01770bad731614,禁止吸烟,800
NY1,Y1,https://www.zuowen.com/e/20120509/4faa1d6317403.shtml,2237609,2007年中国控制吸烟报告,2012-05-09,未标注,未核验,,作文网整理,908,精确,129,拒绝,面包屑不属于允许的高中或初中备选作文,78ddafab0804dbcd1ad5f75f37a07460666f1d8df9e788cc0882ffcbed0d8569,吸烟危害,
NY1,Y1,https://www.zuowen.com/e/20091219/4b8bd62f0f0c9.shtml,1331610,爸爸，别吸烟了,2009-12-19,未标注,未核验,叙事作文,网络资源,376,精确,125,拒绝,面包屑不属于允许的高中或初中备选作文,6a1a7db201e69f9a3784fc21d281d23735e997533f6ddddf24940aaf197df108,禁止吸烟,400
NY1,Y1,https://www.zuowen.com/e/20110316/4d7ff88af377c.shtml,1831263,吸烟的危害,2011-03-16,未标注,未核验,,E度作文网原创,357,精确,128,拒绝,面包屑不属于允许的高中或初中备选作文,10d40b9ea0a4296e2854f1df064b384ed1dae95f7e49cee84506f68e7c83d309,吸烟危害,400
NY1,Y1,https://www.zuowen.com/e/20120509/4faa1c1c2c251.shtml,2237600,吸烟对青少年的危害,2012-05-09,未标注,未核验,,作文网整理,212,精确,119,拒绝,面包屑不属于允许的高中或初中备选作文,5f13f2461886a32198081e707f78d29cde8c26baccd70f1c76c19f330a461a3d,吸烟危害,
NY1,Y1,https://www.zuowen.com/e/20100527/4bfde01d9873d.shtml,1647666,吸烟有害健康,2010-05-27,未标注,未核验,话题作文,作文网,526,精确,125,拒绝,面包屑不属于允许的高中或初中备选作文,8f6f764c0f964e9a750988d4f4c4d11f3291eb6957074058dff60d7e83e4097e,吸烟危害,600
NY1,Y1,https://www.zuowen.com/e/20120131/4f279117a738b.shtml,2171873,吸烟的未来,2012-01-31,初三,初中,,作文网原创,517,精确,134,拒绝,面包屑不属于允许的高中或初中备选作文,ff027ac6b4def2a5bfd8ce4dbdd3abd22ce25fba9688dbb6036266be4f744d4f,吸烟危害,600
NY1,Y1,https://www.zuowen.com/e/20100528/4bff2fb61f98d.shtml,1648377,吸烟对各器官的危害,2010-05-28,未标注,未核验,,百度百科,364,精确,133,拒绝,面包屑不属于允许的高中或初中备选作文,8bde635ca80fce42fe52d28c4df60a3fcc82fe1c35c95385ea5f56dc8d367f8a,吸烟危害,
NY1,Y1,https://www.zuowen.com/e/20120810/5024aea5af996.shtml,2300228,爱吸烟的爸爸,2012-08-10,未标注,未核验,写人作文,作文网原创,287,精确,115,拒绝,面包屑不属于允许的高中或初中备选作文,3a4a431990f63995e63214dd8d96606c727c501e1a7f3f7dc39c31d6aeb170d7,吸烟危害,350
NY1,Y1,https://www.zuowen.com/e/20091003/4b8bd3743adcc.shtml,1065362,关于爸爸的作文：吸烟的爸爸,2009-10-03,未标注,未核验,,网络资源,515,精确,126,拒绝,面包屑不属于允许的高中或初中备选作文,ae318df7cbd97dbb4dceea0cf4bb5586020cc4c6660907c65921597e5146defd,吸烟危害,600
NY1,Y1,https://www.zuowen.com/e/20100114/4b8bd6b9ce942.shtml,1384751,吸烟老爸,2010-01-14,未标注,未核验,写人作文,网络资源,296,精确,110,拒绝,面包屑不属于允许的高中或初中备选作文,8e507cdb02cafc83ea42d11d0e4f5fa2d242544b3737a2f337286d8cf4dd05c4,吸烟危害,350
NY1,Y1,https://www.zuowen.com/e/20101220/4d0f3b7acad1c.shtml,1791040,小哥哥，别吸烟了,2010-12-20,未标注,未核验,叙事作文,作文网,389,精确,121,拒绝,面包屑不属于允许的高中或初中备选作文,ab883e568f57fe4ff1808e89cc4b53c1c906a993ebfe8eec071ab20b41463b22,吸烟危害,450
NY1,Y1,https://www.zuowen.com/e/20120627/4feab824ce9f9.shtml,2270452,爸爸，请您不要在吸烟了,2012-06-27,未标注,未核验,写人作文,作文网原创,589,精确,132,拒绝,面包屑不属于允许的高中或初中备选作文,597c90bdcdb1ab1cf926f7ad232e833ff85713d7b9b804a28a357956cd107a62,禁止吸烟,700
NY1,Y1,https://www.zuowen.com/e/20120521/4fb9e34a3385c.shtml,,关于世界无烟日的黑板报：拒绝二手烟,2012-05-21,,,,作文网整理,0,,0.0,失败,未找到 con_content 正文,,高中 二手烟,20
NY1,Y1,https://www.zuowen.com/e/20121212/50c84acf6da3a.shtml,2366572,高考英语作文：吸烟有害,2012-12-12,未标注,未核验,,作文网整合,0,精确,109,拒绝,面包屑不属于允许的高中或初中备选作文,ea345781a1d10a9f8a4c814494324813a0ec53b46910b31ffc4d0a3645b7592f,吸烟危害,650
NY1,Y1,https://www.zuowen.com/e/20130520/5199842ea2c26.shtml,2454148,关于拒绝吸烟、反对吸烟的建议书,2013-05-20,未标注,未核验,,作文网原创,512,精确,121,拒绝,面包屑不属于允许的高中或初中备选作文,3ad66191dfd187be7e5c0a15a11ee058405e93c404a53fbafad7439e1f5cd174,吸烟危害,550
NY1,Y1,https://www.zuowen.com/e/20130328/569e180dd2536.shtml,2817425,吸烟的来历,2013-03-28,未标注,未核验,,作文网整合,593,精确,111,拒绝,面包屑不属于允许的高中或初中备选作文,94a52449815e94c5bbbd913789eaef492e3f566df61990cab47b441c7f463fff,吸烟危害,
NY1,Y1,https://www.zuowen.com/e/20140414/534b854db2258.shtml,2655763,烟的危害,2014-04-14,未标注,未核验,议论文,转载,1301,精确,136,拒绝,面包屑不属于允许的高中或初中备选作文,94a5f434b6d73867002db994186b4b4103471fd8bfe05ea2046023b8ab7f64c4,吸烟危害,1500
NY1,Y1,https://www.zuowen.com/e/20150723/55b052f18263b.shtml,2781264,吸烟有害,2015-07-23,初一,初中,,作文网原创,212,精确,127,拒绝,面包屑不属于允许的高中或初中备选作文,945efc32586b779e2066683bdfba3c4760013c12d98355fa1a99c3d5b2d0f24a,吸烟危害,200
NY1,Y1,https://www.zuowen.com/e/20150402/551d085148ed1.shtml,2757060,致吸烟亲人的一封信,2015-04-02,未标注,未核验,,作文网原创,571,精确,125,拒绝,面包屑不属于允许的高中或初中备选作文,e5d7c14e33608efada1aa0cd3f5d6b49d7fe82fa7962bf3181a43aa4e8e5b298,吸烟危害,900
NY1,Y1,https://www.zuowen.com/e/20150605/557107cbc6ead.shtml,2772973,[我的烦恼]爸爸爱吸烟,2015-06-05,未标注,未核验,,作文网原创,909,精确,132,拒绝,面包屑不属于允许的高中或初中备选作文,8a68048e828e639d16cf4a67eb8aec777b9919d07d104d00bb674c304ca52a70,吸烟危害,1200
NY1,Y1,https://www.zuowen.com/e/20150628/559011cb513ef.shtml,2775145,吸烟不好,2015-06-28,未标注,未核验,,作文网原创,101,精确,114,拒绝,面包屑不属于允许的高中或初中备选作文,6ee5c8d4e1c19336d2bdfc7e988f87abbeb808527ac6fb540cf4629213ed1651,吸烟危害,100
NY1,Y1,https://www.zuowen.com/e/20150402/551d08522f0b9.shtml,2757061,致吸烟亲人的一封信,2015-04-02,未标注,未核验,,作文网原创,692,精确,133,拒绝,面包屑不属于允许的高中或初中备选作文,ba18d171188b4ab5c90d24d3f62fc7aa944cb413acd308001abf650ae11330fd,吸烟危害,1200
NY1,Y1,https://www.zuowen.com/e/20160127/56a877b909a99.shtml,2862667,创建无吸烟学校倡议书,2016-01-27,未标注,未核验,,作文网整合,654,精确,119,拒绝,面包屑不属于允许的高中或初中备选作文,75ff25bb222725285afa27cbbac6b80a08d41d0e09603b0190468bf11200049e,吸烟危害,
NY1,Y1,https://www.zuowen.com/e/20160321/56ef829e0a993.shtml,2912813,吸烟的危害,2016-03-21,未标注,未核验,话题作文,作文网原创,364,精确,149,拒绝,面包屑不属于允许的高中或初中备选作文,10084a1bcca57447e0db284c766be9fe260cc0f6847994f35d83ad3feffc4546,吸烟危害,400
NY1,Y1,https://www.zuowen.com/e/20160127/56a877bd25048.shtml,2862791,珍爱生命 关注健康倡议书,2016-01-27,未标注,未核验,,作文网整合,1156,精确,120,拒绝,面包屑不属于允许的高中或初中备选作文,9311d72266efe36ff639781ca4b333efb733d04dd434ab03a2adbb5ec4176934,高中 珍爱生命 健康,
NY1,Y1,https://www.zuowen.com/e/20171122/5a15498d6d1bb.shtml,2957767,［原创达人］吸烟的危害,2017-11-22,未标注,未核验,,作文网原创,317,精确,134,拒绝,面包屑不属于允许的高中或初中备选作文,255a40397ee0f85bf8af9b3838efec9a43eb70d9f9a7b3eb68d01ca1e9f67dad,吸烟危害,350
NY1,Y1,https://www.zuowen.com/e/20180503/5aeacc4656eea.shtml,,禁止吸烟,2018-05-03,,,,本站原创,0,,0.0,失败,未找到 con_content 正文,,吸烟危害,20
NY1,Y1,https://www.zuowen.com/e/20180628/5b345bed9b5ed.shtml,2986130,吸烟的危害The Danger of Smoking,2018-06-28,未标注,未核验,,作文网整理,284,精确,117,拒绝,面包屑不属于允许的高中或初中备选作文,73d17ea9ce67fffe1d383b5f89cc7ebb745c9c66b57b687fcf8dcc99f0abea58,吸烟危害,1200
NY1,Y1,https://www.zuowen.com/e/20210413/6075944623a74.shtml,3123547,议论文：青少年吸烟的危害,2021-04-13,未标注,未核验,议论文,网络资源,607,精确,151,拒绝,面包屑不属于允许的高中或初中备选作文,d4632c5d685d69ea4b86b59b5d8e8231e13f2734322e749627e42da739eaff00,高一 吸烟危害 议论文,700
NY1,Y1,https://www.zuowen.com/e/20091117/4b8bd50d5053c.shtml,1220374,珍爱生命远离车祸,2009-11-17,高一,高中,议论文,本站原创,1413,近似,79,拒绝,正文汉字数超出200-787,dcf73e827bf27b76468e157a7b8c74651efd56affd6e44c3b3df8b5bc470d6a9,高中栏目:https://www.zuowen.com/gaozhong/gaoyi/yilunwen/,1500
NY1,Y1,https://www.zuowen.com/e/20120820/50312c695c8f5.shtml,2305167,抗拒毒品，珍爱生命,2012-08-20,高一,高中,议论文,作文网原创,818,近似,79,拒绝,正文汉字数超出200-787,66c0c0f23a9723905d6798c2781aba0558d2ebba9778faa890846ae61599ee09,高中栏目:https://www.zuowen.com/gaozhong/gaoyi/yilunwen/,900
NY1,Y1,https://www.zuowen.com/e/20110725/4e2d30d9224e4.shtml,1979945,关注健康，珍爱生命,2011-07-25,未标注,未核验,叙事作文,E度空间网原创,425,近似,82,拒绝,面包屑不属于允许的高中或初中备选作文,abda92f6b587bc304ff45ca5dc673de6ca84cbe17db2e31bcb2088e830c198a0,高中 珍爱生命 健康,500
NY1,Y1,https://www.zuowen.com/e/20090702/4b8bcbfaf077c.shtml,652568,珍爱生命 健康成长,2009-07-02,未标注,未核验,,网络资源,467,近似,81,拒绝,面包屑不属于允许的高中或初中备选作文,f04d9f9ded824823c4f5d701b3c9e5f7de3ebf4093f216aefbbdf1b1518076bd,高中 珍爱生命 健康,550
NY1,Y1,https://www.zuowen.com/e/20090702/4b8bcbfb0d3cc.shtml,652592,珍爱生命 健康成长,2009-07-02,未标注,未核验,叙事作文,网络,467,近似,81,拒绝,面包屑不属于允许的高中或初中备选作文,f04d9f9ded824823c4f5d701b3c9e5f7de3ebf4093f216aefbbdf1b1518076bd,高中 珍爱生命 健康,550
NY1,Y1,https://www.zuowen.com/e/20111110/4ebb94721c04c.shtml,2097963,关于成长的作文：珍爱生命 健康成长,2011-11-10,未标注,未核验,,作文网整理,467,近似,81,拒绝,面包屑不属于允许的高中或初中备选作文,f04d9f9ded824823c4f5d701b3c9e5f7de3ebf4093f216aefbbdf1b1518076bd,高中 珍爱生命 健康,550
NY1,Y1,https://www.zuowen.com/e/20120327/4f7179bdd72b1.shtml,2212144,[PK赛]关于环保的作文：珍爱生命 健康成长,2012-03-27,未标注,未核验,,作文网原创,1228,近似,81,拒绝,面包屑不属于允许的高中或初中备选作文,a4d950169b6a162dd91048297bccfa91327d507af019c471ba8bba9a1588008e,高中 珍爱生命 健康,1200
NY1,Y1,https://www.zuowen.com/e/20091215/4b8bd604cac65.shtml,1315015,关注水源质量 呼唤健康生活,2009-12-15,未标注,未核验,叙事作文,网络资源,469,近似,78,拒绝,面包屑不属于允许的高中或初中备选作文,52a650f2adae6cbdf394e609c3d8626e46c437bcbc6391fcfcd33edf49841d8f,健康生活,500
NY1,Y1,https://www.zuowen.com/e/20101230/4d1c8bb7c5053.shtml,1796267,阳光体育 健康生活,2010-12-30,未标注,未核验,话题作文,作文网,558,近似,78,拒绝,面包屑不属于允许的高中或初中备选作文,3f967d3a7e838a5bad2380e889dcb4e506b134e24c315b38e14517e388770210,健康生活,650
NY1,Y1,https://www.zuowen.com/e/20110725/4e2d1a389ffca.shtml,1977653,健康生活,2011-07-25,未标注,未核验,,作文网整理,0,近似,78,拒绝,面包屑不属于允许的高中或初中备选作文,fa285b17789ba24a2e8ae39e835a1021678ad0f29d8df147af4339b347f95005,健康生活,
NY1,Y1,https://www.zuowen.com/e/20130118/50f8d0badfafe.shtml,2384191,绿色食品 健康生活,2013-01-18,未标注,未核验,叙事作文,作文网原创,717,近似,80,拒绝,面包屑不属于允许的高中或初中备选作文,d797d6fbc14cf858d6b5591c6a56e9888e93a9ed557fb21e34fa21808bd1554a,健康生活,800
NY1,Y1,https://www.zuowen.com/e/20131210/52a6abc00bc79.shtml,2573898,活力青奥 健康生活,2013-12-10,初一,初中,话题作文,作文网原创,762,近似,78,拒绝,面包屑不属于允许的高中或初中备选作文,6e494d3f237cc4b3c6ba4c3a854478a84eb451b5f0576c34fa5400002a1ad2e7,健康生活,800
NY1,Y1,https://www.zuowen.com/e/20150704/5597dfbe62b7c.shtml,2777302,健康生活，从珍惜粮食开始,2015-07-04,未标注,未核验,,作文网原创,1243,近似,79,拒绝,面包屑不属于允许的高中或初中备选作文,1afb32d9611b1907f1e502531362fd4a10cc5609e128dc7c3be7dc64779593f4,健康生活,1500
NY1,Y1,https://www.zuowen.com/e/20151229/56825926755ea.shtml,2801454,健康生活，快乐成长,2015-12-29,未标注,未核验,,作文网原创,789,近似,79,拒绝,面包屑不属于允许的高中或初中备选作文,1f690b99718e432f268d92849e1b0a65786b6ba52baaf39bfa93fdbddae52bf3,健康生活,900
NY1,Y1,https://www.zuowen.com/e/20160127/56a8774d7678b.shtml,2862198,低碳健康生活倡议书,2016-01-27,未标注,未核验,,作文网整合,644,近似,84,拒绝,面包屑不属于允许的高中或初中备选作文,5db82ed391e7a90fff1b5efe226cc5658f2803c83433610f951f6f8e30087511,健康生活,
NY1,Y1,https://www.zuowen.com/e/20160128/56a9bdbda3c83.shtml,2873210,“健康生活·快乐工作”活动方案,2016-01-28,未标注,未核验,,作文网整合,1070,近似,79,拒绝,面包屑不属于允许的高中或初中备选作文,05910e9cf566bff57253147cfb792793025cd87ff24b973c3beb4513e5022650,健康生活,
NY1,Y1,https://www.zuowen.com/e/20160129/56ab05151c736.shtml,2878985,健康生活的演讲稿,2016-01-29,未标注,未核验,,作文网整合,1435,近似,78,拒绝,面包屑不属于允许的高中或初中备选作文,ba0b909c6ade56dd93bdbbfd565b9167bdd5f73511e4edd20003e6bd14f0300b,健康生活,
NY1,Y1,https://www.zuowen.com/e/20160129/56ab0e772b549.shtml,2885152,健康生活演讲稿2015,2016-01-29,未标注,未核验,,作文网整合,631,近似,80,拒绝,面包屑不属于允许的高中或初中备选作文,ef39499b0deb227ec141d9b63a59f060f5fb58acff9ef5dae869d9871015cf71,健康生活,
NY1,Y1,https://www.zuowen.com/e/20180621/5b2b60a5ea85a.shtml,2983037,健康生活，从珍惜粮食开始,2018-06-21,未标注,未核验,,作文网整合,1237,近似,79,拒绝,面包屑不属于允许的高中或初中备选作文,727ddbe2939a4a7c74297864c8aaef34dae92cf07fdeb394a5d5b91419fbc026,健康生活,1500
NY1,Y1,https://www.zuowen.com/e/20180827/5b83e12788625.shtml,3004749,绿色食品，健康生活,2018-08-27,初三,初中,,作文网整理,704,近似,80,拒绝,面包屑不属于允许的高中或初中备选作文,809c7a85a07306c6174be259f74dc7dc346ddb042dab4b3a1839d5abb70709c5,健康生活,800
NY1,Y1,https://www.zuowen.com/e/20180920/5ba362e747e8b.shtml,3011100,关于健康生活的名言名句,2018-09-20,未标注,未核验,,本站原创,1186,近似,79,拒绝,面包屑不属于允许的高中或初中备选作文,87ccce904494b28ce0026cad1f1d13762391e59759401f5a4d54403d0fc57b8c,健康生活,1200
NY1,Y1,https://www.zuowen.com/e/20200311/5e6875f7f3b85.shtml,3065657,初三说明文：绿色食品，健康生活,2020-03-11,初三,初中,,网络资源,725,近似,80,拒绝,面包屑不属于允许的高中或初中备选作文,6623103ca2647765bd83a92a44902248217d08b6768a31c35b967a5f430cd58e,健康生活,800
NY1,Y1,https://www.zuowen.com/e/20210217/602c9fe835230.shtml,3115582,一年级叙事作文：健康生活馆,2021-02-17,未标注,未核验,叙事作文,网络资源,107,近似,78,拒绝,面包屑不属于允许的高中或初中备选作文,34c4fad5139e6fc762e494e14b22a652d9f420807829cab2335d0fb9a04f11e2,健康生活,150
NY1,Y1,https://www.zuowen.com/e/20210720/60f6a368dbbf3.shtml,3140445,健康名言：健康生活的名言（七）,2021-07-20,未标注,未核验,,网络资源,303,近似,78,拒绝,面包屑不属于允许的高中或初中备选作文,fbcaaf004123915e5230c0bb358f0e7ce0c8df2267a5e053086dafd4edf02d2f,健康生活,450
NY1,Y1,https://www.zuowen.com/e/20210720/60f6a36d119c1.shtml,3140446,健康名言：健康生活的名言（六）,2021-07-20,未标注,未核验,,网络资源,295,精确,111,拒绝,面包屑不属于允许的高中或初中备选作文,03de59461555a6ece38027b8ddb98cce287c5ebdfa6e0cdcaa9b638f8954485c,健康生活,400
NY1,Y1,https://www.zuowen.com/e/20210720/60f6a375a2484.shtml,3140447,健康名言：健康生活的名言（五）,2021-07-20,未标注,未核验,,网络资源,218,近似,79,拒绝,面包屑不属于允许的高中或初中备选作文,4ce361e01fbed20b4d189aa0aaad1ab7f7ca98195a1ebc3bd17f41030ed9c18e,健康生活,300
NY1,Y1,https://www.zuowen.com/e/20210720/60f6a3795c51a.shtml,3140448,健康名言：健康生活的名言（四）,2021-07-20,未标注,未核验,,网络资源,187,近似,79,拒绝,面包屑不属于允许的高中或初中备选作文,9432855db773eb2a1fbaf2b2569a4eb5c6406428b4d82eaf48049aed2454b845,健康生活,250
NY1,Y1,https://www.zuowen.com/e/20210720/60f6a3826bbf8.shtml,3140449,健康名言：健康生活的名言（三）,2021-07-20,未标注,未核验,,网络资源,468,近似,78,拒绝,面包屑不属于允许的高中或初中备选作文,0a8e0bb6c27db8f2f9b29adfb112d6510c800a49b2c8c4a6ea8468d52474c9eb,健康生活,600
NY1,Y1,https://www.zuowen.com/e/20210720/60f6a386105b4.shtml,3140450,健康名言：健康生活的名言（二）,2021-07-20,未标注,未核验,,网络资源,528,精确,112,拒绝,面包屑不属于允许的高中或初中备选作文,b7d93d59c4fde3d0f62b3d1c8049ae40e52e3118a5c6c7a38752aca7a446e3c6,健康生活,750
NY1,Y1,https://www.zuowen.com/e/20090921/4b8bd30959111.shtml,1022938,论人,2009-09-21,高三,高中,议论文,网络资源,1462,扩展,59,拒绝,正文汉字数超出200-787,cbd124e6c70669953ced02ccdf2712fe95c8b06164a8473b2dc4936f519aa362,高中栏目:https://www.zuowen.com/gaozhong/gaosan/yilunwen/,1500
NY1,Y1,https://www.zuowen.com/e/20090823/4b8bce54343ff.shtml,860068,社会拒绝“假文盲”,2009-08-23,高二,高中,议论文,网络资源,587,扩展,53,入选,,4d9069a86f067bb71ed6b0f94a2704ea41d9ac0b1365634a16d504823ade81d9,高中栏目:https://www.zuowen.com/gaozhong/gaoer/yilunwen/,650
NY1,Y1,https://www.zuowen.com/e/20090914/4b8bcfd0bf1bb.shtml,992856,责任与心,2009-09-14,高二,高中,议论文,网络资源,535,宽泛,38,入选,,461975322c5cd52255b944ff2508dc81d6a062f9c0802a2ac6a47c017489e8e0,高中栏目:https://www.zuowen.com/gaozhong/gaoer/yilunwen/,600
NY1,Y1,https://www.zuowen.com/e/20090922/4b8bd31c24492.shtml,1031040,感恩,2009-09-22,高二,高中,议论文,网络资源,817,宽泛,43,拒绝,正文汉字数超出200-787,70b4b0b7a2f6fc16256b3f566564ea382c06b1bd59c6ff64a8b5b641609ca77b,高中栏目:https://www.zuowen.com/gaozhong/gaoer/yilunwen/,900
NY1,Y1,https://www.zuowen.com/e/20091014/4b8bd3cc391d9.shtml,1096902,责任,2009-10-14,高三,高中,议论文,网络资源,359,宽泛,38,拒绝,标准化题目重复,0dd5bc98175dd0c2e9cc3d103fc3c336c96fdfceba980958e6c0f83eea2a140a,高中栏目:https://www.zuowen.com/gaozhong/gaosan/yilunwen/,400
NY1,Y1,https://www.zuowen.com/e/20091220/4b8bd6340012e.shtml,1333406,背着责任上路,2009-12-20,高一,高中,议论文,本站原创,431,宽泛,41,入选,,d397b225566ef75ec6e261d19fef1290963c410af1db86969c1407ec5be7b9a8,高中栏目:https://www.zuowen.com/gaozhong/gaoyi/yilunwen/,500
NY1,Y1,https://www.zuowen.com/e/20100911/4c8b63673b785.shtml,1745923,绿色生活，从我做起,2010-09-11,高一,高中,议论文,作文网,1153,宽泛,41,拒绝,正文汉字数超出200-787,fba36f5d66d326f73cf42b6e043b04a41459ebc9da2205412f7023b1e9993d98,高中栏目:https://www.zuowen.com/gaozhong/gaoyi/yilunwen/,1200
NY1,Y1,https://www.zuowen.com/e/20090918/4b8bd005c9ca3.shtml,1011814,责任,2009-09-18,高三,高中,议论文,网络资源,699,宽泛,40,入选,跨组正文哈希重复，保留于NY2：责任,a77f1222fc8dab5c5154718ff2ae2567f6e09e7f5aad173616923c735fb77236,高中栏目:https://www.zuowen.com/gaozhong/gaosan/yilunwen/,800
NY1,Y1,https://www.zuowen.com/e/20100107/4b8bd69546eb9.shtml,1370646,岩石与珍珠——责任,2010-01-07,高一,高中,议论文,本站原创本文系作文网（zuowen.com）用户原创文章，,1088,宽泛,38,拒绝,正文汉字数超出200-787,419f56b0064d5244ada21f26e0891c144e61f9f84f1f5c748705648890e6dca2,高中栏目:https://www.zuowen.com/gaozhong/gaoyi/yilunwen/,1200
NY1,Y1,https://www.zuowen.com/e/20110411/4da311920b175.shtml,1848133,责任感,2011-04-11,高三,高中,议论文,作文网原创,726,宽泛,40,入选,,4be982512310e9473a91a63a784edf51915e854e91ccb37160c4b91b67b5c3c0,高中栏目:https://www.zuowen.com/gaozhong/gaosan/yilunwen/,800
NY1,Y1,https://www.zuowen.com/e/20090916/4b8bcfec6f4a5.shtml,1002862,交通规则,2009-09-16,高二,高中,议论文,网络资源,639,宽泛,39,入选,,ea81ee4a0779d513de363f40e898de8cc2a3de8a9014cb24605a9525721dc73d,高中栏目:https://www.zuowen.com/gaozhong/gaoer/yilunwen/,700
NY1,Y1,https://www.zuowen.com/e/20120626/4fe9781baeba9.shtml,2269363,举手之劳映出社会现实,2012-06-26,高一,高中,议论文,作文网原创,743,宽泛,40,入选,,24bd3a5e6085c164b2147d2147c58a4c9207dc24fa9101d7674d8c4150693ade,高中栏目:https://www.zuowen.com/gaozhong/gaoyi/yilunwen/,800
NY1,Y1,https://www.zuowen.com/e/20121018/508016d320785.shtml,2333385,责任,2012-10-18,高三,高中,议论文,作文网原创,1060,宽泛,36,拒绝,正文汉字数超出200-787,70772ace8b76039875d2d99e40762aea015893544c993c175d8e297f67b9d58e,高中栏目:https://www.zuowen.com/gaozhong/gaosan/yilunwen/,1200
NY1,Y1,https://www.zuowen.com/e/20090926/4b8bd34a2d748.shtml,1048784,论当代大学生的素质,2009-09-26,高一,高中,议论文,网络资源,978,宽泛,38,拒绝,正文汉字数超出200-787,c751aab0709c65dd6905218446b185eff409486822777e067530f0f0f348d208,高中栏目:https://www.zuowen.com/gaozhong/gaoyi/yilunwen/,1000
NY1,Y1,https://www.zuowen.com/e/20090822/4b8bce4bdfab7.shtml,857359,学会尊重,2009-08-22,高二,高中,议论文,网络资源,367,宽泛,43,入选,,3d7d275783bcc220a903f001ea62f79de12a3aaaddaa391ac4149e672ec7b884,高中栏目:https://www.zuowen.com/gaozhong/gaoer/yilunwen/,400
NY1,Y1,https://www.zuowen.com/e/20090825/4b8bce7bc37bb.shtml,873908,"拒绝盗版,从我做起",2009-08-25,高二,高中,议论文,网络资源,709,宽泛,43,入选,,294506d6aae1a9ec1f7f522b330aafae6d9fe09a33481a590dd0b4f902e708b1,高中栏目:https://www.zuowen.com/gaozhong/gaoer/yilunwen/,800
NY1,Y1,https://www.zuowen.com/e/20090916/4b8bcfe79c99f.shtml,1000999,学会聆听,2009-09-16,高三,高中,议论文,网络资源,701,宽泛,33,入选,,7471e1fe58eab37a1c3f09616f2b88754b232e92e77a8830f3579154ff55b441,高中栏目:https://www.zuowen.com/gaozhong/gaosan/yilunwen/,750
NY1,Y1,https://www.zuowen.com/e/20090917/4b8bcfef3d337.shtml,1003843,少年谈责任,2009-09-17,高三,高中,议论文,网络资源,668,宽泛,39,入选,,cb5ba205c55fa67557b26e6b0109687c40916029dbd3921e4c242b90385687e3,高中栏目:https://www.zuowen.com/gaozhong/gaosan/yilunwen/,750
NY1,Y1,https://www.zuowen.com/e/20090922/4b8bd31faf9a4.shtml,1032239,成功的公式,2009-09-22,高三,高中,议论文,网络资源,416,宽泛,32,入选,,e752ed9607fdc910c79fd93c4c9adb0dadecfdebc1351766d90b25786c48c732,高中栏目:https://www.zuowen.com/gaozhong/gaosan/yilunwen/,450
NY1,Y1,https://www.zuowen.com/e/20091013/4b8bd3bd48788.shtml,1091454,高中议论文范文： 失败是成功之母,2009-10-13,高三,高中,议论文,网络资源,1150,不匹配,4,拒绝,排除来源类别：范文,cd33e2f21783c89f73edd747c4ca9816b75eab9be5c6f7414c4c657f4d3a8dab,高中栏目:https://www.zuowen.com/gaozhong/gaosan/yilunwen/,1200
NY1,Y1,https://www.zuowen.com/e/20100806/4c5bc1bb80224.shtml,1721974,责任的界限,2010-08-06,高一,高中,议论文,作文网,1425,宽泛,37,拒绝,正文汉字数超出200-787,6efda64b5932fc38fbd857ae257f868cdc53ccd798c076694b66cb8ae0af63c7,高中栏目:https://www.zuowen.com/gaozhong/gaoyi/yilunwen/,1200
NY1,Y1,https://www.zuowen.com/e/20100823/4c722f4927a9d.shtml,1733298,素质、侵略,2010-08-23,高一,高中,议论文,作文网,530,宽泛,36,入选,,8e35dcf1e04de33732c042c43fa1161f6ed9f1d2f921b93507d1fec4336a79ac,高中栏目:https://www.zuowen.com/gaozhong/gaoyi/yilunwen/,600
NY1,Y1,https://www.zuowen.com/e/20120531/4fc6f9e72865a.shtml,2250846,人与社会,2012-05-31,高三,高中,议论文,作文网原创,1040,宽泛,36,拒绝,正文汉字数超出200-787,49971a588a2afffdd48a1526b6baba070fe93db8c209c160a0ec0cee2e753f48,高中栏目:https://www.zuowen.com/gaozhong/gaosan/yilunwen/,1200
NY1,Y1,https://www.zuowen.com/e/20120824/5037511360bdd.shtml,2309252,责任重于泰山,2012-08-24,高三,高中,议论文,作文网原创,766,宽泛,39,入选,,694d1eb975e196513cfb8f4ecf177dd0ba143b960f879f0d67032891180236c8,高中栏目:https://www.zuowen.com/gaozhong/gaosan/yilunwen/,900
NY1,Y1,https://www.zuowen.com/e/20090823/4b8bce59f2914.shtml,862053,关于诚信的思考,2009-08-23,高一,高中,议论文,网络资源,907,宽泛,37,拒绝,正文汉字数超出200-787,83165185fe9ec04167c07075422b96fc409fa6518d0bf1098e7e9c45c1963c4a,高中栏目:https://www.zuowen.com/gaozhong/gaoyi/yilunwen/,1000
NY1,Y1,https://www.zuowen.com/e/20090919/4b8bd00aee4eb.shtml,1013600,抵制不良诱惑,2009-09-19,高三,高中,议论文,网络资源,702,宽泛,34,入选,,5e3770f3a6d9825653bc0b83bd0323d2d2aab68f18f4111ca93866b25bbb2e52,高中栏目:https://www.zuowen.com/gaozhong/gaosan/yilunwen/,750
NY1,Y1,https://www.zuowen.com/e/20091221/4b8bd63d867a1.shtml,1336923,90后看责任,2009-12-21,高一,高中,议论文,本站原创,1749,宽泛,38,拒绝,正文汉字数超出200-787,b3c77d4085536394a9d4d6115ac67981fcd5bd21782a43d5c270aa91b7ad57d9,高中栏目:https://www.zuowen.com/gaozhong/gaoyi/yilunwen/,2000
NY1,Y1,https://www.zuowen.com/e/20090827/4b8bcea3df4b2.shtml,888646,教育,2009-08-27,高二,高中,议论文,网络资源,961,宽泛,34,拒绝,正文汉字数超出200-787,0d901a8d446efad12744a181c2546f00e6e487b2a4e505868e0f8ad1cab15cac,高中栏目:https://www.zuowen.com/gaozhong/gaoer/yilunwen/,1200
NY1,Y1,https://www.zuowen.com/e/20090830/4b8bced5f3f21.shtml,905141,珍惜拥有,2009-08-30,高二,高中,议论文,网络资源,720,宽泛,29,入选,,2a5e07ed389522db182e971178c34921eaebf65afa81c141c221ccbe26b55f53,高中栏目:https://www.zuowen.com/gaozhong/gaoer/yilunwen/,800
NY1,Y1,https://www.zuowen.com/e/20090913/4b8bcfc17465f.shtml,987458,从弗兰克的责任谈起,2009-09-13,高二,高中,议论文,网络资源,529,宽泛,37,入选,,6ed84f8bab8af3345467610b0cda13168f805ffebcb0642a9aa10fdc92eace4d,高中栏目:https://www.zuowen.com/gaozhong/gaoer/yilunwen/,600
NY1,Y1,https://www.zuowen.com/e/20090917/4b8bcffa10183.shtml,1007813,竞争,2009-09-17,高二,高中,议论文,网络资源,851,不匹配,3,拒绝,正文汉字数超出200-787,cb696fec6b6ace6c11f5264465c79f2308becf7a2b202fd269601e0bd2cc2162,高中栏目:https://www.zuowen.com/gaozhong/gaoer/yilunwen/,900
NY1,Y1,https://www.zuowen.com/e/20120229/4f4d8453c139c.shtml,2193534,丑话说在后头,2012-02-29,高一,高中,议论文,作文网原创,667,不匹配,5,拒绝,主题不匹配,44d549f22df39f23b21d26a3dbd061c3b1d10d044b66f31341c68df0428015f4,高中栏目:https://www.zuowen.com/gaozhong/gaoyi/yilunwen/,800
NY1,Y1,https://www.zuowen.com/e/20120904/5046183656965.shtml,2315292,论责任,2012-09-04,高三,高中,议论文,作文网原创,1469,宽泛,38,拒绝,正文汉字数超出200-787,1b5f4aab00af2721b3dcf56379873efb6358a78ad693eb9daa73753cbd2af07b,高中栏目:https://www.zuowen.com/gaozhong/gaosan/yilunwen/,1500
NY1,Y1,https://www.zuowen.com/e/20090917/4b8bcff3b3afb.shtml,1005503,此时泪落，彼时花开,2009-09-17,高三,高中,议论文,网络资源,381,不匹配,2,拒绝,主题不匹配,95c5e1b6be4fecb5953813e24b66a019c229bc6808c540e4c94c8b4c6c7dcfad,高中栏目:https://www.zuowen.com/gaozhong/gaosan/yilunwen/,600
NY1,Y1,https://www.zuowen.com/e/20090918/4b8bd00205f1b.shtml,1010484,到底是谁的责任,2009-09-18,高一,高中,议论文,网络资源,433,宽泛,34,入选,,a1f739deac6cd43776aa5a57d3b574562e66ba1f54b0854307367053f18a4e10,高中栏目:https://www.zuowen.com/gaozhong/gaoyi/yilunwen/,500
NY1,Y1,https://www.zuowen.com/e/20090927/4b8bd3504ded8.shtml,1051102,现在社会之丑恶现状,2009-09-27,高一,高中,议论文,网络资源,821,不匹配,2,拒绝,正文汉字数超出200-787,f8b169e61934487129839d4fee8327f7b34fe89aede0e48eab22edb90f3e0acb,高中栏目:https://www.zuowen.com/gaozhong/gaoyi/yilunwen/,900
NY1,Y1,https://www.zuowen.com/e/20110420/4dae3b3993466.shtml,1855466,此生不虚度,2011-04-20,高二,高中,议论文,作文网原创,1118,不匹配,3,拒绝,正文汉字数超出200-787,427a85ba113446e267f7fdcdf5dddf743a2ed3b7253236794567e2e714f90363,高中栏目:https://www.zuowen.com/gaozhong/gaoer/yilunwen/,1200
NY1,Y1,https://www.zuowen.com/e/20120305/4f5477fb5b878.shtml,2197806,今天我们应该怎么学雷锋？,2012-03-05,高三,高中,议论文,作文网原创,968,不匹配,3,拒绝,正文汉字数超出200-787,31b4767e02470b415215f2fc1ad757e55782c1c2d855d9ad16a25bb61e20b6a6,高中栏目:https://www.zuowen.com/gaozhong/gaosan/yilunwen/,1200
NY1,Y1,https://www.zuowen.com/e/20120607/4fd05bb893a1a.shtml,2256346,呼唤退却的美德——浅谈中国社会道德,2012-06-07,高二,高中,议论文,作文网原创,1231,宽泛,38,拒绝,正文汉字数超出200-787,b6186822aed8d2e1bd5586cb6968e07d62799a9f4bcabb38f24ae3f4bc62f6a6,高中栏目:https://www.zuowen.com/gaozhong/gaoer/yilunwen/,1500
NY1,Y1,https://www.zuowen.com/e/20090730/4b8bcd3866e4e.shtml,761848,良知·净土,2009-07-30,高一,高中,议论文,网络资源,456,宽泛,32,入选,,45e6fb1dfc2f3f4b3e745714d7192a13a6a2eb8c9b2a46ac546db46fef79aa08,高中栏目:https://www.zuowen.com/gaozhong/gaoyi/yilunwen/,500
NY1,Y1,https://www.zuowen.com/e/20090818/4b8bce11b912e.shtml,837378,我的人生最佳奖,2009-08-18,高二,高中,议论文,网络资源,1154,不匹配,2,拒绝,正文汉字数超出200-787,baf57f1c9908bdb474d834011c3bdceb17b447aa84982b658b850914433fa10d,高中栏目:https://www.zuowen.com/gaozhong/gaoer/yilunwen/,1200
NY1,Y1,https://www.zuowen.com/e/20090822/4b8bce4b9665e.shtml,857254,好学与成长,2009-08-22,高二,高中,议论文,网络资源,813,不匹配,5,拒绝,正文汉字数超出200-787,8c52266d57b32e8a319f84af7d62ebd9e7561410631cb9487cf69c17bbb116a8,高中栏目:https://www.zuowen.com/gaozhong/gaoer/yilunwen/,900
NY1,Y1,https://www.zuowen.com/e/20090825/4b8bce7bb4d44.shtml,873888,做仁义之人,2009-08-25,高二,高中,议论文,网络资源,754,宽泛,33,入选,,4b93d7342daa358a7142f7cd0bb1420b70d8e8a7ae352765b872edc13e44a21b,高中栏目:https://www.zuowen.com/gaozhong/gaoer/yilunwen/,800
NY1,Y1,https://www.zuowen.com/e/20090827/4b8bcea1a8afa.shtml,887904,民族因责任而挺立,2009-08-27,高二,高中,议论文,网络资源,981,宽泛,41,拒绝,正文汉字数超出200-787,4470fc0aeae93a36252fea29ed52944456131e5b1f6ca50385ca17060d0ab990,高中栏目:https://www.zuowen.com/gaozhong/gaoer/yilunwen/,1200
NY1,Y1,https://www.zuowen.com/e/20090912/4b8bcfb994b44.shtml,984859,谁该对那场战争负责任,2009-09-12,高二,高中,议论文,网络资源,681,宽泛,36,入选,,fa4f69e293e0526b4ab89a0ff379ad97a946660d14b86b0fb25572259f7e8f15,高中栏目:https://www.zuowen.com/gaozhong/gaoer/yilunwen/,750
NY1,Y1,https://www.zuowen.com/e/20090926/4b8bd3493db87.shtml,1048455,生活色彩,2009-09-26,高一,高中,议论文,网络资源,767,不匹配,4,拒绝,主题不匹配,352a6f67f3de8c8672f4e692a35f015cd7d18ded74f514327e17dad7a3dd50e8,高中栏目:https://www.zuowen.com/gaozhong/gaoyi/yilunwen/,800
NY1,Y1,https://www.zuowen.com/e/20090926/4b8bd34a03c29.shtml,1048724,知足,2009-09-26,高二,高中,议论文,网络资源,879,宽泛,31,拒绝,正文汉字数超出200-787,5d1fda9b031e9d317f2edfd4e8746c245035cafe2e09569b7aa8ba24d1037a25,高中栏目:https://www.zuowen.com/gaozhong/gaoer/yilunwen/,1000
NY1,Y1,https://www.zuowen.com/e/20091010/4b8bd3aa983df.shtml,1084455,决胜，在看不见的地方,2009-10-10,高三,高中,议论文,网络资源,1319,不匹配,4,拒绝,正文汉字数超出200-787,fa6852f71569eea676dfe9adae954dbad42ac45a9659e7c031bfea695562b413,高中栏目:https://www.zuowen.com/gaozhong/gaosan/yilunwen/,1500
NY1,Y1,https://www.zuowen.com/e/20091013/4b8bd3bda40d1.shtml,1091635,高中议论文范文： 谈谈姑息与纵容,2009-10-13,高三,高中,议论文,网络资源,828,宽泛,33,拒绝,排除来源类别：范文,c27f213029544fa449b3c3648c70fa05091e9fc3695deac31ea353d309468c52,高中栏目:https://www.zuowen.com/gaozhong/gaosan/yilunwen/,1000
NY1,Y1,https://www.zuowen.com/e/20100812/4c638eb812e52.shtml,1726212,为生命建一座安全岛,2010-08-12,高二,高中,议论文,作文网,1035,宽泛,37,拒绝,正文汉字数超出200-787,865028625db39fcdf925b69d197b84fc0b99e073904c253da403bf93b3adafda,高中栏目:https://www.zuowen.com/gaozhong/gaoer/yilunwen/,1200
NY1,Y1,https://www.zuowen.com/e/20100902/4c7f0387452ea.shtml,1741275,诚信与善良,2010-09-02,高二,高中,议论文,作文网,726,宽泛,30,入选,,e3dea37cd255419a55f20a490e27513fbfc1cf8a21304680e58452412429d056,高中栏目:https://www.zuowen.com/gaozhong/gaoer/yilunwen/,800
NY1,Y1,https://www.zuowen.com/e/20111010/4e92dce950959.shtml,2065986,绿色环保，从我做起,2011-10-10,高二,高中,议论文,作文网原创,780,宽泛,42,候选,,699c6892e9b2c17974f17ae5266c5d9d5a6e0a7aa3c9add51b489ff132175cad,高中栏目:https://www.zuowen.com/gaozhong/gaoer/yilunwen/,900
NY1,Y1,https://www.zuowen.com/e/20120808/5021ed48ee3d6.shtml,2298741,举手之劳,2012-08-08,高三,高中,议论文,作文网原创,1017,不匹配,3,拒绝,正文汉字数超出200-787,dfacc869086d2a4ff6d83d953199349d93269bb9259ba31db47f5212957a77b3,高中栏目:https://www.zuowen.com/gaozhong/gaosan/yilunwen/,1200
NY1,Y1,https://www.zuowen.com/e/20120913/505170a1ea56e.shtml,2318813,技术的问题,2012-09-13,高二,高中,议论文,作文网原创,329,不匹配,3,拒绝,主题不匹配,cd4f5c5c72d45d6ca6db9be3bdaba6a37951325e285a4cd3137ffa3e3d90c67e,高中栏目:https://www.zuowen.com/gaozhong/gaoer/yilunwen/,350
NY1,Y1,https://www.zuowen.com/e/20120925/5060dbad18a64.shtml,2323537,礼,2012-09-25,高三,高中,议论文,作文网原创,755,不匹配,3,拒绝,主题不匹配,95cf00810c33e06d3ac22a55a3cc5a37fc4015cdf69c70e3b44741a497dcf272,高中栏目:https://www.zuowen.com/gaozhong/gaosan/yilunwen/,800
NY1,Y1,https://www.zuowen.com/e/20080306/4b8bc952e82a1.shtml,390455,心灵的选择,2008-03-06,高二,高中,议论文,网络,695,宽泛,31,入选,,2d82a9f0c190e9b1a5180364841d7c5859cac867e99471d04b70f5cfdee60d26,高中栏目:https://www.zuowen.com/gaozhong/gaoer/yilunwen/,750
NY1,Y1,https://www.zuowen.com/e/20090626/4b8bcbc308a87.shtml,632352,心灵的选择,2009-06-26,高二,高中,议论文,网络资源,695,宽泛,31,拒绝,正文哈希重复,2d82a9f0c190e9b1a5180364841d7c5859cac867e99471d04b70f5cfdee60d26,高中栏目:https://www.zuowen.com/gaozhong/gaoer/yilunwen/,800
NY1,Y1,https://www.zuowen.com/e/20090802/4b8bcd5ac9734.shtml,773574,心灵的选择,2009-08-02,高二,高中,议论文,网络资源,695,宽泛,31,拒绝,正文哈希重复,2d82a9f0c190e9b1a5180364841d7c5859cac867e99471d04b70f5cfdee60d26,高中栏目:https://www.zuowen.com/gaozhong/gaoer/yilunwen/,800
NY1,Y1,https://www.zuowen.com/e/20090822/4b8bce48db54a.shtml,856466,学校拒绝邪教,2009-08-22,高一,高中,议论文,网络资源,621,不匹配,2,拒绝,主题不匹配,a12d653c7459ad80be083d7d1d88e3c16a79de9bf06f11402bad15f0111ec02d,高中栏目:https://www.zuowen.com/gaozhong/gaoyi/yilunwen/,700
NY1,Y1,https://www.zuowen.com/e/20090824/4b8bce6891864.shtml,867113,中国媒体发展之我见,2009-08-24,高二,高中,议论文,网络资源,972,不匹配,2,拒绝,正文汉字数超出200-787,b77c13b3e53502fb1eea921a9768959a9991fe3d8e8fb32b99ffb2154fbc867f,高中栏目:https://www.zuowen.com/gaozhong/gaoer/yilunwen/,1200
NY1,Y1,https://www.zuowen.com/e/20090828/4b8bceade89e9.shtml,891924,人生,2009-08-28,高二,高中,议论文,网络资源,696,不匹配,2,拒绝,主题不匹配,46975daae5e4b262a41d21844c733560af96c3ea87c27dc8f7c80c0a92069f89,高中栏目:https://www.zuowen.com/gaozhong/gaoer/yilunwen/,750
NY1,Y1,https://www.zuowen.com/e/20090917/4b8bcff2cf368.shtml,1005177,理解,2009-09-17,高三,高中,议论文,网络资源,707,不匹配,2,拒绝,主题不匹配,836fac1d304f402ab488733bdfc30001cd5c8f8abbdcc07430af30c38749063f,高中栏目:https://www.zuowen.com/gaozhong/gaosan/yilunwen/,800
NY1,Y1,https://www.zuowen.com/e/20090922/4b8bd3153d42f.shtml,1028354,盼望,2009-09-22,高三,高中,议论文,网络资源,700,宽泛,38,入选,,4b5b2f44ddf873f0307ddf5b75ad46dd8186c908a45a447a48447f763b6d2a95,高中栏目:https://www.zuowen.com/gaozhong/gaosan/yilunwen/,750
NY1,Y1,https://www.zuowen.com/e/20090928/4b8bd35b73c31.shtml,1055297,批判“天生我材必有用”,2009-09-28,高二,高中,议论文,网络资源,760,不匹配,3,拒绝,主题不匹配,bb61c0e0595cd9166b6369248435a25f172f9ee6bd8a89559654f0c4123f9bcf,高中栏目:https://www.zuowen.com/gaozhong/gaoer/yilunwen/,800
NY1,Y1,https://www.zuowen.com/e/20131112/52821d705ceec.shtml,2555399,个人素质与社会风气,2013-11-12,高三,高中,议论文,作文网原创,965,宽泛,39,拒绝,正文汉字数超出200-787,81693e2e124dabe13f2f556da58a3aa2c6e0e9c070bcf17d331a50f505994d1b,高中栏目:https://www.zuowen.com/gaozhong/gaosan/yilunwen/,1000
NY1,Y1,https://www.zuowen.com/e/20131027/526cfbb23e31b.shtml,2545056,每一天都需要坚强,2013-10-27,高三,高中,议论文,作文网原创,515,不匹配,4,拒绝,主题不匹配,4a002acc23606c18171501d16e9bb9891206327e1c05e7c11476c7f5b1986ffa,高中栏目:https://www.zuowen.com/gaozhong/gaosan/yilunwen/,550
NY1,Y1,https://www.zuowen.com/e/20130131/510a61a7b15c6.shtml,2391967,关注中小学生恋爱,2013-01-31,高三,高中,议论文,作文网原创,457,宽泛,39,入选,,e2acf86d0c0fc78996c7136777fe8f5a82940abd86259c12635f988b38246922,高中栏目:https://www.zuowen.com/gaozhong/gaosan/yilunwen/,500
NY1,Y1,https://www.zuowen.com/e/20130711/51de55f3bcbcd.shtml,2486826,原谅他人,2013-07-11,高一,高中,议论文,作文网原创,472,不匹配,3,拒绝,主题不匹配,47591c128783aba980ebe138288e1d0bd8b3abffacd3384d4d5bd1334a6fbcbd,高中栏目:https://www.zuowen.com/gaozhong/gaoyi/yilunwen/,500
NY1,Y1,https://www.zuowen.com/e/20130724/51ef7f7498877.shtml,2494412,幸福它是个谜,2013-07-24,高三,高中,议论文,作文网原创,611,不匹配,2,拒绝,主题不匹配,3504c538f7b320caed004363512d4be0e772bcc1a2e5841fcb8896d5ade8983e,高中栏目:https://www.zuowen.com/gaozhong/gaosan/yilunwen/,700
NY1,Y1,https://www.zuowen.com/e/20130724/51ef8e6c38f3a.shtml,2494493,让,2013-07-24,高一,高中,议论文,作文网原创,744,不匹配,2,拒绝,主题不匹配,d7e5b7585ea6460cfab1aafaf881fb363ea5338dc3ffcc2d63f92dfda61d9533,高中栏目:https://www.zuowen.com/gaozhong/gaoyi/yilunwen/,800
NY1,Y1,https://www.zuowen.com/e/20131022/526680beafede.shtml,2543077,选择高尚的美,2013-10-22,高二,高中,议论文,作文网原创,686,宽泛,32,入选,,59fdeb2c30e96a35512a5779cc148bc5531d9711b3d236b1c124f4b1e7e14727,高中栏目:https://www.zuowen.com/gaozhong/gaoer/yilunwen/,750
NY1,Y1,https://www.zuowen.com/e/20140829/5400614c67c2e.shtml,2718880,谁的责任,2014-08-29,高一,高中,议论文,作文网整理,645,宽泛,38,入选,跨组正文哈希重复，保留于NY2：谁的责任,0c92f4efe547eba10e0ec13e067e78e37531b443a274354aa0e43977e0c4ef1b,高中栏目:https://www.zuowen.com/gaozhong/gaoyi/yilunwen/,
NY1,Y1,https://www.zuowen.com/e/20140102/52c5252e02f31.shtml,2591852,有一种义务叫责任,2014-01-02,高三,高中,议论文,作文网原创,878,宽泛,37,拒绝,正文汉字数超出200-787,14332d7274862355c10378e202727ad0d46fcaff6a1a1c819df7e44eeccb4226,高中栏目:https://www.zuowen.com/gaozhong/gaosan/yilunwen/,1000
NY1,Y1,https://www.zuowen.com/e/20140120/52dce646d0f21.shtml,2603511,心怀责任，铸造不朽人生,2014-01-20,高三,高中,议论文,作文网原创,765,宽泛,37,入选,,fdaacf70089c5ed546002be55daf136cae63a05fd97fb38538f3c7d663639d65,高中栏目:https://www.zuowen.com/gaozhong/gaosan/yilunwen/,800
NY1,Y1,https://www.zuowen.com/e/20140704/53b6322f780ae.shtml,,心在，责任便在,2014-07-04,,,,作文网高中年级栏目,0,,0.0,失败,未找到 con_content 正文,,高中栏目:https://www.zuowen.com/gaozhong/gaoer/yilunwen/,3000
NY1,Y1,https://www.zuowen.com/e/20140217/5302228a0ae3c.shtml,,人格的尊严,2014-02-17,,,,作文网高中年级栏目,0,,0.0,失败,未找到 con_content 正文,,高中栏目:https://www.zuowen.com/gaozhong/gaoyi/yilunwen/,600
NY1,Y1,https://www.zuowen.com/e/20140416/534e9b1ed4a1a.shtml,2657585,仰望,2014-04-16,高一,高中,议论文,作文网原创,426,不匹配,2,拒绝,主题不匹配,f041f570bac819311e4e5a253dadb04bbe7e093a25625d738ba802a7cd703f3d,高中栏目:https://www.zuowen.com/gaozhong/gaoyi/yilunwen/,500
NY1,Y1,https://www.zuowen.com/e/20141103/5456e20cd312e.shtml,2731647,沟通时代,2014-11-03,高三,高中,议论文,作文网原创,551,不匹配,6,拒绝,主题不匹配,11c0598889028bb242f07d33fd2162f6737a8ce9aaf516c63fa775037b7ecc2c,高中栏目:https://www.zuowen.com/gaozhong/gaosan/yilunwen/,700
NY1,Y1,https://www.zuowen.com/e/20140419/5352858704553.shtml,2660913,不能失去的根,2014-04-19,高二,高中,议论文,作文网原创,711,宽泛,35,入选,,eed80f17673fa7bb5f56a390009674f9d562d4c5666a71096b301102128fe7e7,高中栏目:https://www.zuowen.com/gaozhong/gaoer/yilunwen/,800
NY1,Y1,https://www.zuowen.com/e/20140918/541aa6a6e8064.shtml,2722931,坚守自我,2014-09-18,高二,高中,议论文,作文网原创,639,不匹配,3,拒绝,主题不匹配,5cc423f5ee8d26099f2a451ecf6c54eee093db0714153cd1f4fc6ca295b45336,高中栏目:https://www.zuowen.com/gaozhong/gaoer/yilunwen/,750
NY1,Y1,https://www.zuowen.com/e/20140117/52d8945d1233f.shtml,2601923,爱的承诺,2014-01-17,高二,高中,议论文,作文网原创,820,不匹配,2,拒绝,正文汉字数超出200-787,18aea1e39586a0c9bca3f68d21a2f77724d37201767221f1faa4262d688a9e68,高中栏目:https://www.zuowen.com/gaozhong/gaoer/yilunwen/,900
NY1,Y1,https://www.zuowen.com/e/20150112/54b3997e8944c.shtml,,让生命之鱼，游于良知之水,2015-01-12,,,,作文网高中年级栏目,0,,0.0,失败,未找到 con_content 正文,,高中栏目:https://www.zuowen.com/gaozhong/gaoer/yilunwen/,1200
NY1,Y1,https://www.zuowen.com/e/20150304/54f67c8e1c460.shtml,2748948,在合作中求双赢,2015-03-04,高三,高中,议论文,作文网原创,766,宽泛,38,入选,,0059335708b654d7edf0a09c65487d8d6b04dc3426a6ddf3e971c58f343d4040,高中栏目:https://www.zuowen.com/gaozhong/gaosan/yilunwen/,800
NY1,Y1,https://www.zuowen.com/e/20150316/55069e98269b2.shtml,2754188,环保那几年,2015-03-16,高一,高中,议论文,作文网原创,1082,宽泛,38,拒绝,正文汉字数超出200-787,a19edd9aa71e62d91c9c264bdd3b80ed436378388f87e7e78f8b4073917b36e5,高中栏目:https://www.zuowen.com/gaozhong/gaoyi/yilunwen/,1200
NY1,Y1,https://www.zuowen.com/e/20150427/553e05d739061.shtml,2765790,责任心的光芒,2015-04-27,高二,高中,议论文,作文网原创,677,宽泛,37,入选,,86a9db692ae838607166416360e377850211b883e55dc5f7017803d75f2c6dba,高中栏目:https://www.zuowen.com/gaozhong/gaoer/yilunwen/,800
NY1,Y1,https://www.zuowen.com/e/20150906/55eb13640d833.shtml,2786751,手机的危害,2015-09-06,高一,高中,议论文,作文网原创,637,宽泛,36,入选,,e7456e76192defdd246f0508784d39d32b8dcd9a2b603cd81036e24efee2316b,高中栏目:https://www.zuowen.com/gaozhong/gaoyi/yilunwen/,800
NY1,Y1,https://www.zuowen.com/e/20150306/54f9403889c35.shtml,2749308,奋斗之光,2015-03-06,高一,高中,议论文,作文网原创,734,不匹配,3,拒绝,主题不匹配,6c9aaa55109485a3bd3dd99dca3b5a3836d5ec1032adf0e9146c7b7a990ce6dc,高中栏目:https://www.zuowen.com/gaozhong/gaoyi/yilunwen/,900
NY1,Y1,https://www.zuowen.com/e/20151109/56406f79f3e76.shtml,2795293,中国梦，我的梦,2015-11-09,高一,高中,议论文,作文网原创,672,不匹配,4,拒绝,主题不匹配,cdc6fed54b77bce478aba9bafc7772aa3de9dc5938dc38dfcaa39a6b97c61308,高中栏目:https://www.zuowen.com/gaozhong/gaoyi/yilunwen/,1200
NY1,Y1,https://www.zuowen.com/e/20160204/56b2f317bf230.shtml,2886397,承担责任,2016-02-04,高一,高中,议论文,作文网原创,720,宽泛,36,入选,,88828876d0a23d9bdab69201476fc7f1a2cecef63e9f7accb16e80267ac48752,高中栏目:https://www.zuowen.com/gaozhong/gaoyi/yilunwen/,800
NY1,Y1,https://www.zuowen.com/e/20171010/59dcaafde15ee.shtml,2954801,不以规矩，不成方圆,2017-10-10,高一,高中,议论文,作文网高中作文文库（作文网原创）,666,宽泛,39,入选,,9367d5d9c3a04214a9866585464764036c68d825a8bb1458d570b2e93ae33e1b,高中作文文库:https://www.zuowen.com/wk/gz-0-9-18-0-2.html,750
NY1,Y1,https://www.zuowen.com/e/20180305/5a9d0fea9ea6c.shtml,2966367,论社会责任感,2018-03-05,高二,高中,议论文,作文网高中作文文库（作文网原创）,669,宽泛,42,入选,,80b21a0acff0fd8444229354d0d01924c4a87744c58e117cbeb1e82fbe4e508a,高中作文文库:https://www.zuowen.com/wk/gz-0-9-18-0-2.html,750
NY1,Y1,https://www.zuowen.com/e/20180320/5ab0c87280402.shtml,2967945,古今之责任,2018-03-20,高一,高中,议论文,作文网高中作文文库（作文网原创）,548,宽泛,37,拒绝,标准化题目重复,a598716295b08b83a2becb1c81d7b230599af5d782f57e0f904bceb61f1553aa,高中作文文库:https://www.zuowen.com/wk/gz-0-9-17-0-2.html,700
NY1,Y1,https://www.zuowen.com/e/20180403/5ac31ec338fee.shtml,2968988,古今之责任,2018-04-03,高一,高中,议论文,本站原创,548,宽泛,38,入选,,d9b36f9c513b37333b2ba2306e7952cf4ad1bb4122eeb90f4c5d5eab808bedd7,高中栏目:https://www.zuowen.com/gaozhong/gaoyi/yilunwen/,600
NY1,Y1,https://www.zuowen.com/e/20180301/5a97594e5c85d.shtml,2965988,尊重权威，保持自我,2018-03-01,高三,高中,议论文,作文网高中作文文库（作文网原创）,475,宽泛,32,入选,,58f24b5754dd45a0c74dcad2f2e26ed8e8d1b9e380e368341ff6e1aee6229f5b,高中作文文库:https://www.zuowen.com/wk/gz-0-9-15-0-2.html,600
NY1,Y1,https://www.zuowen.com/e/20180302/5a99198ede3fe.shtml,2966184,尊重权威，保持自我,2018-03-02,高一,高中,议论文,本站原创,475,宽泛,32,拒绝,标准化题目重复,abc4c985fd024d372f13c710497161720443995a5e29162d85e2c35840048b3b,高中栏目:https://www.zuowen.com/gaozhong/gaoyi/yilunwen/,500
NY1,Y1,https://www.zuowen.com/e/20190904/5d6f858d8f08e.shtml,3034599,高一议论文作文：谈中学生的社会责任感,2019-09-04,高一,高中,议论文,网络资源,829,宽泛,45,拒绝,正文汉字数超出200-787,1083591e24bb5c450e0829a473eee8ac827af20b3005c2e7b0132954c5aeb8ed,高中栏目:https://www.zuowen.com/gaozhong/gaoyi/yilunwen/,900
NY1,Y1,https://www.zuowen.com/e/20190910/5d77911c188a0.shtml,3036203,高二议论文作文：宽容之心，成就美丽人生,2019-09-10,高二,高中,议论文,网络资源,472,宽泛,38,入选,,333cffac8c503589f77bc7ad4742b9ffa1fd5c3e0d9fb787cd41dd23fd62a546,高中栏目:https://www.zuowen.com/gaozhong/gaoer/yilunwen/,500
NY1,Y1,https://www.zuowen.com/e/20190812/5d5122c825c83.shtml,3029580,高二议论文作文：责任心的光芒,2019-08-12,高二,高中,议论文,网络资源,698,宽泛,37,拒绝,正文近重复（五元组Jaccard>=0.85）,e73d4cd9e711d4e539067b41616e79941af9cf02fedb0b1a3010d54bf6df93a7,高中栏目:https://www.zuowen.com/gaozhong/gaoer/yilunwen/,800
NY1,Y1,https://www.zuowen.com/e/20190904/5d6f8166859a0.shtml,3034575,高一议论文作文：责任心,2019-09-04,高一,高中,议论文,网络资源,740,宽泛,36,入选,,997ab07bb5d718152fd6dcc85fbb0b79d700149d322e0c064fb20095da771a0b,高中栏目:https://www.zuowen.com/gaozhong/gaoyi/yilunwen/,800
NY1,Y1,https://www.zuowen.com/e/20190910/5d778f10eceef.shtml,3036194,高二议论文作文：乡愿，非德之贼也,2019-09-10,高二,高中,议论文,网络资源,606,宽泛,37,入选,,3bada2c11e6044daec11bf0ad31a1e9f0680bd36362c47bbf19e9e6995a093a0,高中栏目:https://www.zuowen.com/gaozhong/gaoer/yilunwen/,700
NY1,Y1,https://www.zuowen.com/e/20200806/5f2c192abfef3.shtml,3095207,高三议论文：话说低碳,2020-08-06,高三,高中,议论文,网络资源,900,宽泛,39,拒绝,正文汉字数超出200-787,45bcc06dd6c69e8ed299e62fcbe296f767b1410c0436268eaf3e688f81ce60a9,高中栏目:https://www.zuowen.com/gaozhong/gaosan/yilunwen/,1000
NY1,Y1,https://www.zuowen.com/e/20200806/5f2c1b31aa8f2.shtml,3095219,高三议论文：保护环境,2020-08-06,高三,高中,议论文,网络资源,623,宽泛,40,入选,,ad68e05f1536a84294e52ac70f0d1bda7a23a0bb4de2d3d1efedc0bbf5a71920,高中栏目:https://www.zuowen.com/gaozhong/gaosan/yilunwen/,700
NY1,Y1,https://www.zuowen.com/e/20200210/5e413cd5a3935.shtml,,高二议论文作文：人应该高贵还是卑微,2020-02-10,,,,作文网高中年级栏目,0,,0.0,失败,未找到 con_content 正文,,高中栏目:https://www.zuowen.com/gaozhong/gaoer/yilunwen/,1200
NY1,Y1,https://www.zuowen.com/e/20200215/5e47b99a49ccf.shtml,3055975,高三议论文：感动,2020-02-15,高三,高中,议论文,网络资源,755,不匹配,2,拒绝,主题不匹配,b7624030d8d099b08e2c6636b6cdb0aca7f05aa7c54282bc82cec86ff39e6dbf,高中栏目:https://www.zuowen.com/gaozhong/gaosan/yilunwen/,900
NY1,Y1,https://www.zuowen.com/e/20200226/5e561b795b1c9.shtml,3059732,高一议论文作文：如何和谐,2020-02-26,高一,高中,议论文,网络资源,761,不匹配,3,拒绝,主题不匹配,8a3f93c817f04c32cc6834c2faae599100663fd2f67a336d358d84d2a4a8d930,高中栏目:https://www.zuowen.com/gaozhong/gaoyi/yilunwen/,800
NY1,Y1,https://www.zuowen.com/e/20210306/60438a883ff02.shtml,3118393,高二议论文：说诚信,2021-03-06,高二,高中,议论文,网络资源,583,宽泛,35,入选,,c7bb970afccda31e19d5bd036420e5689cb3c47e6a972a0d803099632c8233f6,高中栏目:https://www.zuowen.com/gaozhong/gaoer/yilunwen/,700
NY1,Y1,https://www.zuowen.com/e/20210306/60438d5828bf3.shtml,3118436,高二议论文：保护环境,2021-03-06,高二,高中,议论文,网络资源,623,宽泛,40,拒绝,正文哈希重复,ad68e05f1536a84294e52ac70f0d1bda7a23a0bb4de2d3d1efedc0bbf5a71920,高中栏目:https://www.zuowen.com/gaozhong/gaoer/yilunwen/,700
NY1,Y1,https://www.zuowen.com/e/20230214/63eb2cffc5140.shtml,3204548,高二议论文：素质教育,2023-02-14,高二,高中,议论文,网络资源,716,宽泛,38,候选,,d5e039d3e826cedc8b5e733f5bf01b7c003eac69d94290ef65c477b152558eed,高中栏目:https://www.zuowen.com/gaozhong/gaoer/yilunwen/,800
NY1,Y1,https://www.zuowen.com/e/20230214/63eb8b3f08bf1.shtml,3204654,高三议论文：责任心的光芒,2023-02-14,高三,高中,议论文,网络资源,675,宽泛,37,入选,,4dc3da7943c787d9d35995b5823f5900c879f13ba81357dfaca8fb5e769cfe3d,高中栏目:https://www.zuowen.com/gaozhong/gaosan/yilunwen/,750
NY1,Y1,https://www.zuowen.com/e/20230211/63e77f2f9010e.shtml,3203542,高一议论文：做那掌舵人,2023-02-11,高一,高中,议论文,网络资源,720,宽泛,34,入选,,26d64451c586b3d01a1e540cc3027408b3a9dd3e1e22721739f283ff5d41d532,高中栏目:https://www.zuowen.com/gaozhong/gaoyi/yilunwen/,800
NY1,Y1,https://www.zuowen.com/e/20250610/68479af26d3aa.shtml,3351167,高三议论文：家风 1,2025-06-10,高三,高中,议论文,网络转载,876,不匹配,5,拒绝,正文汉字数超出200-787,cabe15059905c9076aa46cdbd6433d0cefdd631f6c2bcc3e8b241119b650edc7,高中栏目:https://www.zuowen.com/gaozhong/gaosan/yilunwen/,1000
NY1,Y1,https://www.zuowen.com/e/20250515/6825856dd7d15.shtml,3348615,高一议论文：宽容 11,2025-05-15,高一,高中,议论文,网络转载,667,宽泛,36,入选,,a7637cb0fbd7eb220afa61eb5780923ca0f24871b056f701a242ce93e52d307b,高中栏目:https://www.zuowen.com/gaozhong/gaoyi/yilunwen/,750
NY1,Y1,https://www.zuowen.com/e/20250603/683e5dca5accc.shtml,3349873,高二议论文：论惩戒 9,2025-06-03,高二,高中,议论文,网络转载,806,不匹配,3,拒绝,正文汉字数超出200-787,a1a5a3379c662aec8098ea40cca021371cdbd0f9c78e914123bc4bab87b913f0,高中栏目:https://www.zuowen.com/gaozhong/gaoer/yilunwen/,900
NY1,Y1,https://www.zuowen.com/e/20250603/683e5c7be7401.shtml,3349866,高二议论文：论惩戒 2,2025-06-03,高二,高中,议论文,网络转载,749,宽泛,33,候选,,5cd2b3fe8f7e18375fbbe0d3bce4a9215be5490c3e1e544bd16c931314139961,高中栏目:https://www.zuowen.com/gaozhong/gaoer/yilunwen/,800
NY1,Y1,https://www.zuowen.com/e/20250603/683e59bbef10c.shtml,3349861,高二议论文：践行才能渐远 5,2025-06-03,高二,高中,议论文,网络转载,657,不匹配,2,拒绝,主题不匹配,91e5e63d09486547facaf3b8b76dfac90df6f4bc7aeb270bbd1907f5eb1d0d40,高中栏目:https://www.zuowen.com/gaozhong/gaoer/yilunwen/,750
NY1,Y1,https://www.zuowen.com/e/20250603/683e5e8e91642.shtml,3349878,高二议论文：论惩戒 14,2025-06-03,高二,高中,议论文,网络转载,901,宽泛,38,拒绝,正文汉字数超出200-787,84bf7c9f4c8de2a6fa4592d18e328db207bb87ee5e7052350ce7b651958a3d6e,高中栏目:https://www.zuowen.com/gaozhong/gaoer/yilunwen/,1000
NY1,Y1,https://www.zuowen.com/e/20250610/684798f3c4403.shtml,3351162,高三议论文：不完美便是完美,2025-06-10,高三,高中,议论文,网络转载,701,不匹配,2,拒绝,主题不匹配,04df3075f641b6d3acb869fe30c0aaea9ec3694e00f54d6aac2f2ee377689924,高中栏目:https://www.zuowen.com/gaozhong/gaosan/yilunwen/,800
NY1,Y1,https://www.zuowen.com/e/20090913/4b8bcfbef1907.shtml,986533,多給青少年一丝关注,2009-09-13,高三,高中,议论文,网络资源,832,宽泛,34,拒绝,正文汉字数超出200-787,3094d3e64f51bfd14207e2671449cd2bad2a2ae75df344e6f2402d0de985896c,青少年吸烟,900
NY1,Y1,https://www.zuowen.com/e/20140620/53a4399055d02.shtml,2692727,青少年法制教,2014-06-20,未标注,未核验,,转载,1692,宽泛,46,拒绝,面包屑不属于允许的高中或初中备选作文,970a5a5244449444ad9ded5a0bc83c345a54e28a781564500be9855eb836f161,青少年吸烟,2000
NY1,Y1,https://www.zuowen.com/e/20160127/56a8774c3acc2.shtml,2862130,禁止吃零食的倡议书,2016-01-27,未标注,未核验,,作文网整合,172,不匹配,5,拒绝,面包屑不属于允许的高中或初中备选作文,5728fe8423db664df02537765380fa80c25a6352f8053a9f514330a8a378c70d,禁止吸烟,
NY1,Y1,https://www.zuowen.com/e/20160128/56a9bdbe7c6f3.shtml,2873241,学校青少年维权岗活动方案,2016-01-28,未标注,未核验,,作文网整合,1007,宽泛,40,拒绝,面包屑不属于允许的高中或初中备选作文,086c03254eccdeb3fa757d84fc6c4874ce6bb69bc2a3c8f6ec91088af2fc567e,青少年吸烟,
NY1,Y1,https://www.zuowen.com/e/20160127/56a8774eb02a7.shtml,2862262,关于禁止学生带手机上学的倡议书,2016-01-27,未标注,未核验,,作文网整合,460,宽泛,33,拒绝,面包屑不属于允许的高中或初中备选作文,a169fe84d31488192f51cab2f80bfa88b64bf54568d230f727150d1259e88e03,禁止吸烟,
NY1,Y1,https://www.zuowen.com/e/20171108/5a02aaa7449cc.shtml,2956758,病毒的危害,2017-11-08,高一,未核验,,作文网原创,748,宽泛,40,拒绝,面包屑不属于允许的高中或初中备选作文,2c8efded24b6ed597dbf2a623a223ef51212403b1308210f5df5863cc832074d,吸烟危害,900
NY1,Y1,https://www.zuowen.com/e/20180820/5b7aa66259818.shtml,,2018年高一年级议论文主题作文汇总,2018-08-20,,,,作文网整理,0,,0.0,拒绝,搜索标题与摘要主题不匹配，未请求正文,,高一 吸烟危害 议论文,
NY1,Y1,https://www.zuowen.com/e/20190711/5d26dc036c6c7.shtml,,高三议论文作文：纸质阅读,2019-07-11,,,,网络资源,0,,0.0,拒绝,搜索标题与摘要主题不匹配，未请求正文,,高三 吸烟危害 议论文,900
NY1,Y1,https://www.zuowen.com/e/20190904/5d6f813488d1d.shtml,,高一议论文作文：做好身边的每一件小事,2019-09-04,,,,网络资源,0,,0.0,拒绝,搜索标题与摘要主题不匹配，未请求正文,,高一 吸烟危害 议论文,900
NY1,Y1,https://www.zuowen.com/e/20190915/5d7e2a45c5969.shtml,,高三议论文：尊重传统文化,2019-09-15,,,,网络资源,0,,0.0,拒绝,搜索标题与摘要主题不匹配，未请求正文,,高三 吸烟危害 议论文,1000
NY1,Y1,https://www.zuowen.com/e/20190706/5d2066ce68625.shtml,,高三议论文：我的人生我做主,2019-07-06,,,,网络资源,0,,0.0,拒绝,搜索标题与摘要主题不匹配，未请求正文,,高三 吸烟危害 议论文,800
NY1,Y1,https://www.zuowen.com/e/20190707/5d21b61acd7a9.shtml,,高一议论文：宽容别人,2019-07-07,,,,网络资源,0,,0.0,拒绝,搜索标题与摘要主题不匹配，未请求正文,,高一 吸烟危害 议论文,900
NY1,Y1,https://www.zuowen.com/e/20190707/5d21b6e09b53f.shtml,,高一议论文：及时宽容,2019-07-07,,,,网络资源,0,,0.0,拒绝,搜索标题与摘要主题不匹配，未请求正文,,高一 吸烟危害 议论文,900
NY1,Y1,https://www.zuowen.com/e/20190711/5d26db783ca11.shtml,,高三议论文作文：纪念改革开放,2019-07-11,,,,网络资源,0,,0.0,拒绝,搜索标题与摘要主题不匹配，未请求正文,,高三 吸烟危害 议论文,750
NY1,Y1,https://www.zuowen.com/e/20190712/5d289d39c437f.shtml,,高三议论文作文：理解,2019-07-12,,,,网络资源,0,,0.0,拒绝,搜索标题与摘要主题不匹配，未请求正文,,高三 吸烟危害 议论文,1500
NY1,Y1,https://www.zuowen.com/e/20190729/5d3eb2cdb86fa.shtml,,高一议论文作文：亡羊仍可来补牢,2019-07-29,,,,网络资源,0,,0.0,拒绝,搜索标题与摘要主题不匹配，未请求正文,,高一 吸烟危害 议论文,400
NY1,Y1,https://www.zuowen.com/e/20190729/5d3eb2f4782bf.shtml,,高一议论文作文：自信给予更多,2019-07-29,,,,网络资源,0,,0.0,拒绝,搜索标题与摘要主题不匹配，未请求正文,,高一 吸烟危害 议论文,450
NY1,Y1,https://www.zuowen.com/e/20190808/5d4ba708964f0.shtml,,高一议论文作文：学会微笑,2019-08-08,,,,网络资源,0,,0.0,拒绝,搜索标题与摘要主题不匹配，未请求正文,,高一 吸烟危害 议论文,800
NY1,Y1,https://www.zuowen.com/e/20190904/5d6f8468dcb23.shtml,,高一议论文作文：人与人性,2019-09-04,,,,网络资源,0,,0.0,拒绝,搜索标题与摘要主题不匹配，未请求正文,,高一 吸烟危害 议论文,800
NY1,Y1,https://www.zuowen.com/e/20190904/5d6f856a7c172.shtml,,高一议论文作文：做文明的使者,2019-09-04,,,,网络资源,0,,0.0,拒绝,搜索标题与摘要主题不匹配，未请求正文,,高一 吸烟危害 议论文,900
NY1,Y1,https://www.zuowen.com/e/20190904/5d6f864cbb103.shtml,,高一议论文作文：做自己的伯乐,2019-09-04,,,,网络资源,0,,0.0,拒绝,搜索标题与摘要主题不匹配，未请求正文,,高一 吸烟危害 议论文,750
NY1,Y1,https://www.zuowen.com/e/20190904/5d6f86778816d.shtml,,高一议论文作文：直面逆境，笑迎成功,2019-09-04,,,,网络资源,0,,0.0,拒绝,搜索标题与摘要主题不匹配，未请求正文,,高一 吸烟危害 议论文,900
NY1,Y1,https://www.zuowen.com/e/20190904/5d6f86f0ae8b1.shtml,,高一议论文作文：好风凭借力,2019-09-04,,,,网络资源,0,,0.0,拒绝,搜索标题与摘要主题不匹配，未请求正文,,高一 吸烟危害 议论文,650
NY1,Y1,https://www.zuowen.com/e/20190904/5d6f88276fa6f.shtml,,高一议论文作文：共存相生，涵养包容,2019-09-04,,,,网络资源,0,,0.0,拒绝,搜索标题与摘要主题不匹配，未请求正文,,高一 吸烟危害 议论文,900
NY1,Y1,https://www.zuowen.com/e/20190915/5d7e20da65aa3.shtml,,高三议论文：新时代 致敬英雄,2019-09-15,,,,网络资源,0,,0.0,拒绝,搜索标题与摘要主题不匹配，未请求正文,,高三 吸烟危害 议论文,1500
NY1,Y1,https://www.zuowen.com/e/20190915/5d7e21b597f24.shtml,,高三议论文：创新—进步的基石,2019-09-15,,,,网络资源,0,,0.0,拒绝,搜索标题与摘要主题不匹配，未请求正文,,高三 吸烟危害 议论文,900
NY1,Y1,https://www.zuowen.com/e/20190915/5d7e2913e384e.shtml,,高三议论文：希望之花正亭亭,2019-09-15,,,,网络资源,0,,0.0,拒绝,搜索标题与摘要主题不匹配，未请求正文,,高三 吸烟危害 议论文,800
NY1,Y1,https://www.zuowen.com/e/20190915/5d7e2c79bdb77.shtml,,高三议论文：修心如莲,2019-09-15,,,,网络资源,0,,0.0,拒绝,搜索标题与摘要主题不匹配，未请求正文,,高三 吸烟危害 议论文,900
NY1,Y1,https://www.zuowen.com/e/20190706/5d2063a3c04f5.shtml,,高三议论文：青春就像东逝水,2019-07-06,,,,网络资源,0,,0.0,拒绝,搜索标题与摘要主题不匹配，未请求正文,,高三 吸烟危害 议论文,900
NY1,Y1,https://www.zuowen.com/e/20190706/5d2065f513a52.shtml,,高三议论文：当人生遭遇不自由时,2019-07-06,,,,网络资源,0,,0.0,拒绝,搜索标题与摘要主题不匹配，未请求正文,,高三 吸烟危害 议论文,800
NY1,Y1,https://www.zuowen.com/e/20190706/5d206802a5d29.shtml,,高三议论文：生如逆旅，一苇以航,2019-07-06,,,,网络资源,0,,0.0,拒绝,搜索标题与摘要主题不匹配，未请求正文,,高三 吸烟危害 议论文,750
NY1,Y1,https://www.zuowen.com/e/20190711/5d26dc2824aa2.shtml,,高三议论文作文：坚守自我,2019-07-11,,,,网络资源,0,,0.0,拒绝,搜索标题与摘要主题不匹配，未请求正文,,高三 吸烟危害 议论文,800
NY1,Y1,https://www.zuowen.com/e/20190712/5d289cc9a36b5.shtml,,高三议论文作文：学会舍弃,2019-07-12,,,,网络资源,0,,0.0,拒绝,搜索标题与摘要主题不匹配，未请求正文,,高三 吸烟危害 议论文,900
NY1,Y1,https://www.zuowen.com/e/20190712/5d289cf8c98be.shtml,,高三议论文作文：成长需要挫折,2019-07-12,,,,网络资源,0,,0.0,拒绝,搜索标题与摘要主题不匹配，未请求正文,,高三 吸烟危害 议论文,900
NY1,Y1,https://www.zuowen.com/e/20190712/5d289d6001403.shtml,,高三议论文作文：在逆境中成长,2019-07-12,,,,网络资源,0,,0.0,拒绝,搜索标题与摘要主题不匹配，未请求正文,,高三 吸烟危害 议论文,800
NY1,Y1,https://www.zuowen.com/e/20190712/5d289d8be5f71.shtml,,高三议论文作文：人生的慰藉,2019-07-12,,,,网络资源,0,,0.0,拒绝,搜索标题与摘要主题不匹配，未请求正文,,高三 吸烟危害 议论文,1000
NY1,Y1,https://www.zuowen.com/e/20190712/5d289dc1eccf6.shtml,,高三议论文作文：奋斗,2019-07-12,,,,网络资源,0,,0.0,拒绝,搜索标题与摘要主题不匹配，未请求正文,,高三 吸烟危害 议论文,800
NY1,Y1,https://www.zuowen.com/e/20190712/5d289dffa177a.shtml,,高三议论文作文：学会坚持,2019-07-12,,,,网络资源,0,,0.0,拒绝,搜索标题与摘要主题不匹配，未请求正文,,高三 吸烟危害 议论文,1000
NY1,Y1,https://www.zuowen.com/e/20190729/5d3eb111f06c0.shtml,,高一议论文作文：选择发勇气,2019-07-29,,,,网络资源,0,,0.0,拒绝,搜索标题与摘要主题不匹配，未请求正文,,高一 吸烟危害 议论文,550
NY1,Y1,https://www.zuowen.com/e/20190729/5d3eb24c37860.shtml,,高一议论文作文：让融洽伴随友好,2019-07-29,,,,网络资源,0,,0.0,拒绝,搜索标题与摘要主题不匹配，未请求正文,,高一 吸烟危害 议论文,500
NY1,Y1,https://www.zuowen.com/e/20190808/5d4ba6d12c5b3.shtml,,高一议论文作文：争与不争,2019-08-08,,,,网络资源,0,,0.0,拒绝,搜索标题与摘要主题不匹配，未请求正文,,高一 吸烟危害 议论文,900
NY1,Y1,https://www.zuowen.com/e/20190808/5d4ba884a844b.shtml,,高一议论文作文：专注与放下价值,2019-08-08,,,,网络资源,0,,0.0,拒绝,搜索标题与摘要主题不匹配，未请求正文,,高一 吸烟危害 议论文,750
NY1,Y1,https://www.zuowen.com/e/20190808/5d4baa521d158.shtml,,高一议论文作文：失败是成功之母,2019-08-08,,,,网络资源,0,,0.0,拒绝,搜索标题与摘要主题不匹配，未请求正文,,高一 吸烟危害 议论文,1200
NY1,Y1,https://www.zuowen.com/e/20190808/5d4babe323abd.shtml,,高一议论文作文：生活处处有语文,2019-08-08,,,,网络资源,0,,0.0,拒绝,搜索标题与摘要主题不匹配，未请求正文,,高一 吸烟危害 议论文,800
NY1,Y1,https://www.zuowen.com/e/20190809/5d4d1e293e544.shtml,,高一议论文： 开窗看问题,2019-08-09,,,,,0,,0.0,拒绝,搜索标题与摘要主题不匹配，未请求正文,,高一 吸烟危害 议论文,800
NY1,Y1,https://www.zuowen.com/e/20190904/5d6f81c2d09c8.shtml,,高一议论文作文：数学中的美,2019-09-04,,,,网络资源,0,,0.0,拒绝,搜索标题与摘要主题不匹配，未请求正文,,高一 吸烟危害 议论文,800
NY1,Y1,https://www.zuowen.com/e/20190904/5d6f8350e141d.shtml,,高一议论文作文：书籍之不朽,2019-09-04,,,,网络资源,0,,0.0,拒绝,搜索标题与摘要主题不匹配，未请求正文,,高一 吸烟危害 议论文,900
NY1,Y1,https://www.zuowen.com/e/20190904/5d6f83778e2eb.shtml,,高一议论文作文：礼义之大,2019-09-04,,,,网络资源,0,,0.0,拒绝,搜索标题与摘要主题不匹配，未请求正文,,高一 吸烟危害 议论文,900
NY1,Y1,https://www.zuowen.com/e/20190904/5d6f83acd2c65.shtml,,高一议论文作文：我的故事及背后的中国式教育,2019-09-04,,,,网络资源,0,,0.0,拒绝,搜索标题与摘要主题不匹配，未请求正文,,高一 吸烟危害 议论文,750
NY1,Y1,https://www.zuowen.com/e/20190904/5d6f849c862c3.shtml,,高一议论文作文：时光易逝，珍惜当下,2019-09-04,,,,网络资源,0,,0.0,拒绝,搜索标题与摘要主题不匹配，未请求正文,,高一 吸烟危害 议论文,700
NY1,Y1,https://www.zuowen.com/e/20190904/5d6f8543b1c86.shtml,,高一议论文作文：在狂风来临的时候睡觉,2019-09-04,,,,网络资源,0,,0.0,拒绝,搜索标题与摘要主题不匹配，未请求正文,,高一 吸烟危害 议论文,800
NY1,Y1,https://www.zuowen.com/e/20190904/5d6f876db070c.shtml,,高一议论文作文：你是夜空最亮的星,2019-09-04,,,,网络资源,0,,0.0,拒绝,搜索标题与摘要主题不匹配，未请求正文,,高一 吸烟危害 议论文,800
NY1,Y1,https://www.zuowen.com/e/20190904/5d6f87fbc9daf.shtml,,高一议论文作文：善与恶，选择而已,2019-09-04,,,,网络资源,0,,0.0,拒绝,搜索标题与摘要主题不匹配，未请求正文,,高一 吸烟危害 议论文,900
NY1,Y1,https://www.zuowen.com/e/20190915/5d7e080c8467b.shtml,,高三议论文：以礼兴邦,2019-09-15,,,,网络资源,0,,0.0,拒绝,搜索标题与摘要主题不匹配，未请求正文,,高三 吸烟危害 议论文,1500
NY1,Y1,https://www.zuowen.com/e/20190915/5d7e210e5f85e.shtml,,高三议论文：弘扬民族精神,2019-09-15,,,,网络资源,0,,0.0,拒绝,搜索标题与摘要主题不匹配，未请求正文,,高三 吸烟危害 议论文,1200
NY1,Y1,https://www.zuowen.com/e/20190915/5d7e22245318a.shtml,,高三议论文：习惯与人生,2019-09-15,,,,网络资源,0,,0.0,拒绝,搜索标题与摘要主题不匹配，未请求正文,,高三 吸烟危害 议论文,1200
NY1,Y1,https://www.zuowen.com/e/20190915/5d7e231f1c102.shtml,,高三议论文：我们是一家人,2019-09-15,,,,网络资源,0,,0.0,拒绝,搜索标题与摘要主题不匹配，未请求正文,,高三 吸烟危害 议论文,900
NY1,Y1,https://www.zuowen.com/e/20190915/5d7e2461e7ecc.shtml,,高三议论文：后声未必不夺人,2019-09-15,,,,网络资源,0,,0.0,拒绝,搜索标题与摘要主题不匹配，未请求正文,,高三 吸烟危害 议论文,800
NY1,Y1,https://www.zuowen.com/e/20190915/5d7e24ca2ff96.shtml,,高三议论文：樱花似流年,2019-09-15,,,,网络资源,0,,0.0,拒绝,搜索标题与摘要主题不匹配，未请求正文,,高三 吸烟危害 议论文,750
NY1,Y1,https://www.zuowen.com/e/20190915/5d7e251c44c7f.shtml,,高三议论文：五四青年 筑梦时代,2019-09-15,,,,网络资源,0,,0.0,拒绝,搜索标题与摘要主题不匹配，未请求正文,,高三 吸烟危害 议论文,900
NY1,Y1,https://www.zuowen.com/e/20190915/5d7e255b05d37.shtml,,高三议论文：中国青年,2019-09-15,,,,网络资源,0,,0.0,拒绝,搜索标题与摘要主题不匹配，未请求正文,,高三 吸烟危害 议论文,750
NY1,Y1,https://www.zuowen.com/e/20190915/5d7e29e6ad26b.shtml,,高三议论文：中国的跨越,2019-09-15,,,,网络资源,0,,0.0,拒绝,搜索标题与摘要主题不匹配，未请求正文,,高三 吸烟危害 议论文,750
NY1,Y1,https://www.zuowen.com/e/20190915/5d7e2b430be39.shtml,,高三议论文：成功需要毅力,2019-09-15,,,,网络资源,0,,0.0,拒绝,搜索标题与摘要主题不匹配，未请求正文,,高三 吸烟危害 议论文,750
NY1,Y1,https://www.zuowen.com/e/20190915/5d7e2bb003d41.shtml,,高三议论文：殊途同归,2019-09-15,,,,网络资源,0,,0.0,拒绝,搜索标题与摘要主题不匹配，未请求正文,,高三 吸烟危害 议论文,1000
NY1,Y1,https://www.zuowen.com/e/20190915/5d7e2cb7e13ea.shtml,,高三议论文：有一种力量,2019-09-15,,,,网络资源,0,,0.0,拒绝,搜索标题与摘要主题不匹配，未请求正文,,高三 吸烟危害 议论文,800
NY1,Y1,https://www.zuowen.com/e/20190915/5d7e2ce59b5d1.shtml,,高三议论文：渴望孤独,2019-09-15,,,,网络资源,0,,0.0,拒绝,搜索标题与摘要主题不匹配，未请求正文,,高三 吸烟危害 议论文,900
NY1,Y1,https://www.zuowen.com/e/20190915/5d7e2d15a2fd0.shtml,,高三议论文：态度取决于你自己,2019-09-15,,,,网络资源,0,,0.0,拒绝,搜索标题与摘要主题不匹配，未请求正文,,高三 吸烟危害 议论文,1000
NY1,Y1,https://www.zuowen.com/e/20190915/5d7e2d3f9ad76.shtml,,高三议论文：让生命之花怒放,2019-09-15,,,,网络资源,0,,0.0,拒绝,搜索标题与摘要主题不匹配，未请求正文,,高三 吸烟危害 议论文,1200
NY1,Y1,https://www.zuowen.com/e/20200608/5edddabdba091.shtml,,高三议论文：学会自律（二）,2020-06-08,,,,网络资源,0,,0.0,拒绝,搜索标题与摘要主题不匹配，未请求正文,,高三 吸烟危害 议论文,1200
NY1,Y1,https://www.zuowen.com/e/20200215/5e47bcece99e8.shtml,,高三议论文：蝴蝶效应,2020-02-15,,,,网络资源,0,,0.0,拒绝,搜索标题与摘要主题不匹配，未请求正文,,高三 吸烟危害 议论文,800
NY1,Y1,https://www.zuowen.com/e/20200608/5edddb40cc5d6.shtml,,高三议论文：幸福（四）,2020-06-08,,,,网络资源,0,,0.0,拒绝,搜索标题与摘要主题不匹配，未请求正文,,高三 健康行为 议论文,800
NY1,Y1,https://www.zuowen.com/e/20200608/5edddc26ec78b.shtml,,高三议论文：学会尊重,2020-06-08,,,,网络资源,0,,0.0,拒绝,搜索标题与摘要主题不匹配，未请求正文,,高三 吸烟危害 议论文,800
NY1,Y1,https://www.zuowen.com/e/20200806/5f2c1b1c2a138.shtml,,高三议论文：让低碳成为一种态度,2020-08-06,,,,网络资源,0,,0.0,拒绝,搜索标题与摘要主题不匹配，未请求正文,,高三 吸烟危害 议论文,800
NY1,Y1,https://www.zuowen.com/e/20200207/5e3ce3c43153d.shtml,,高一议论文作文：中国梦我们的梦,2020-02-07,,,,网络资源,0,,0.0,拒绝,搜索标题与摘要主题不匹配，未请求正文,,高一 吸烟危害 议论文,1200
NY1,Y1,https://www.zuowen.com/e/20200215/5e4770005b447.shtml,,高三议论文：梦想,2020-02-15,,,,网络资源,0,,0.0,拒绝,搜索标题与摘要主题不匹配，未请求正文,,高三 吸烟危害 议论文,800
NY1,Y1,https://www.zuowen.com/e/20200215/5e47b714c8b2e.shtml,,高三议论文：坚持,2020-02-15,,,,网络资源,0,,0.0,拒绝,搜索标题与摘要主题不匹配，未请求正文,,高三 吸烟危害 议论文,1200
NY1,Y1,https://www.zuowen.com/e/20200215/5e47bc30dbb4b.shtml,,高三议论文：核心价值观,2020-02-15,,,,网络资源,0,,0.0,拒绝,搜索标题与摘要主题不匹配，未请求正文,,高三 吸烟危害 议论文,800
NY1,Y1,https://www.zuowen.com/e/20200215/5e47c01d5bec6.shtml,,高三议论文：独立点,2020-02-15,,,,网络资源,0,,0.0,拒绝,搜索标题与摘要主题不匹配，未请求正文,,高三 健康行为 议论文,750
NY1,Y1,https://www.zuowen.com/e/20200226/5e561deaa4d44.shtml,,高一议论文作文：落后与退步,2020-02-26,,,,网络资源,0,,0.0,拒绝,搜索标题与摘要主题不匹配，未请求正文,,高一 吸烟危害 议论文,650
NY1,Y1,https://www.zuowen.com/e/20200608/5eddd5f0d56fb.shtml,,高一议论文：勿以好恶论断之,2020-06-08,,,,网络资源,0,,0.0,拒绝,搜索标题与摘要主题不匹配，未请求正文,,高一 吸烟危害 议论文,1000
NY1,Y1,https://www.zuowen.com/e/20200608/5eddd6759fd68.shtml,,高一议论文：一步与一生,2020-06-08,,,,网络资源,0,,0.0,拒绝,搜索标题与摘要主题不匹配，未请求正文,,高一 健康 议论文,1200
NY1,Y1,https://www.zuowen.com/e/20200608/5eddd69b00c1b.shtml,,高一议论文：为他人让出一条道,2020-06-08,,,,网络资源,0,,0.0,拒绝,搜索标题与摘要主题不匹配，未请求正文,,高一 吸烟危害 议论文,800
NY1,Y1,https://www.zuowen.com/e/20200608/5eddda6040b0e.shtml,,高三议论文：正能量,2020-06-08,,,,网络资源,0,,0.0,拒绝,搜索标题与摘要主题不匹配，未请求正文,,高三 吸烟危害 议论文,900
NY1,Y1,https://www.zuowen.com/e/20200608/5eddda9c4d756.shtml,,高三议论文：平凡与伟大（三）,2020-06-08,,,,网络资源,0,,0.0,拒绝,搜索标题与摘要主题不匹配，未请求正文,,高三 吸烟危害 议论文,750
NY1,Y1,https://www.zuowen.com/e/20200608/5edddaaad2592.shtml,,高三议论文：学会自律（一）,2020-06-08,,,,网络资源,0,,0.0,拒绝,搜索标题与摘要主题不匹配，未请求正文,,高三 吸烟危害 议论文,900
NY1,Y1,https://www.zuowen.com/e/20200608/5edddacd472f4.shtml,,高三议论文：学会自律（三）,2020-06-08,,,,网络资源,0,,0.0,拒绝,搜索标题与摘要主题不匹配，未请求正文,,高三 吸烟危害 议论文,650
NY1,Y1,https://www.zuowen.com/e/20200608/5edddb0eb3e91.shtml,,高三议论文：幸福（一）,2020-06-08,,,,网络资源,0,,0.0,拒绝,搜索标题与摘要主题不匹配，未请求正文,,高三 吸烟危害 议论文,900
NY1,Y1,https://www.zuowen.com/e/20200608/5edddb6502f29.shtml,,高三议论文：距离（一）,2020-06-08,,,,网络资源,0,,0.0,拒绝,搜索标题与摘要主题不匹配，未请求正文,,高三 吸烟危害 议论文,800
NY1,Y1,https://www.zuowen.com/e/20200608/5edddc3e62cb2.shtml,,高三议论文：勤俭节约,2020-06-08,,,,网络资源,0,,0.0,拒绝,搜索标题与摘要主题不匹配，未请求正文,,高三 吸烟危害 议论文,1200
NY1,Y1,https://www.zuowen.com/e/20200608/5edddfa2a5e00.shtml,,高三议论文：欲成大树以擎天,2020-06-08,,,,网络资源,0,,0.0,拒绝,搜索标题与摘要主题不匹配，未请求正文,,高三 吸烟危害 议论文,900
NY1,Y1,https://www.zuowen.com/e/20200806/5f2c18c0eb3bd.shtml,,高三议论文作文：读书琐事,2020-08-06,,,,网络资源,0,,0.0,拒绝,搜索标题与摘要主题不匹配，未请求正文,,高三 吸烟危害 议论文,1000
NY1,Y1,https://www.zuowen.com/e/20200806/5f2c1904ca24c.shtml,,高三议论文：雷锋精神,2020-08-06,,,,网络资源,0,,0.0,拒绝,搜索标题与摘要主题不匹配，未请求正文,,高三 吸烟危害 议论文,1000
NY1,Y1,https://www.zuowen.com/e/20200806/5f2c1b0021c1b.shtml,,高三议论文：漫漫五千年,2020-08-06,,,,网络资源,0,,0.0,拒绝,搜索标题与摘要主题不匹配，未请求正文,,高三 吸烟危害 议论文,1000
NY1,Y1,https://www.zuowen.com/e/20200806/5f2c1b041b1b7.shtml,,高三议论文：善于发现身边的美,2020-08-06,,,,网络资源,0,,0.0,拒绝,搜索标题与摘要主题不匹配，未请求正文,,高三 吸烟危害 议论文,1000
NY1,Y1,https://www.zuowen.com/e/20200806/5f2c1b0d90c56.shtml,,高三议论文：今天我节水了吗,2020-08-06,,,,网络资源,0,,0.0,拒绝,搜索标题与摘要主题不匹配，未请求正文,,高三 吸烟危害 议论文,800
NY1,Y1,https://www.zuowen.com/e/20200806/5f2c1b17b9b0e.shtml,,高三议论文：我的低碳烟花梦,2020-08-06,,,,网络资源,0,,0.0,拒绝,搜索标题与摘要主题不匹配，未请求正文,,高三 吸烟危害 议论文,800
NY1,Y1,https://www.zuowen.com/e/20200806/5f2c1b2306f31.shtml,,高三议论文：低碳，触手可及,2020-08-06,,,,网络资源,0,,0.0,拒绝,搜索标题与摘要主题不匹配，未请求正文,,高三 吸烟危害 议论文,900
NY1,Y1,https://www.zuowen.com/e/20200806/5f2c1b2e8d008.shtml,,高三议论文：宽容也是一种美丽,2020-08-06,,,,网络资源,0,,0.0,拒绝,搜索标题与摘要主题不匹配，未请求正文,,高三 吸烟危害 议论文,800
NY1,Y1,https://www.zuowen.com/e/20200806/5f2c1b38e9dc8.shtml,,高三议论文：低碳生活,2020-08-06,,,,网络资源,0,,0.0,拒绝,搜索标题与摘要主题不匹配，未请求正文,,高三 吸烟危害 议论文,800
NY1,Y1,https://www.zuowen.com/e/20200806/5f2c1b5f0c132.shtml,,高三议论文：一个小小书虫,2020-08-06,,,,网络资源,0,,0.0,拒绝,搜索标题与摘要主题不匹配，未请求正文,,高三 吸烟危害 议论文,800
NY1,Y1,https://www.zuowen.com/e/20200806/5f2c2069968ff.shtml,,高一议论文：学会宽容,2020-08-06,,,,网络资源,0,,0.0,拒绝,搜索标题与摘要主题不匹配，未请求正文,,高一 吸烟危害 议论文,1200
NY1,Y1,https://www.zuowen.com/e/20200806/5f2c2077219e0.shtml,,高一议论文：你是自己的国王,2020-08-06,,,,网络资源,0,,0.0,拒绝,搜索标题与摘要主题不匹配，未请求正文,,高一 吸烟危害 议论文,650
NY1,Y1,https://www.zuowen.com/e/20200806/5f2c2085442b1.shtml,,高一议论文：中华魂,2020-08-06,,,,网络资源,0,,0.0,拒绝,搜索标题与摘要主题不匹配，未请求正文,,高一 吸烟危害 议论文,750
NY1,Y1,https://www.zuowen.com/e/20200806/5f2c208bccc8d.shtml,,高一议论文：小优点也有大魅力,2020-08-06,,,,网络资源,0,,0.0,拒绝,搜索标题与摘要主题不匹配，未请求正文,,高一 吸烟危害 议论文,700
NY1,Y1,https://www.zuowen.com/e/20200806/5f2c209d392bf.shtml,,高一议论文：论超越,2020-08-06,,,,网络资源,0,,0.0,拒绝,搜索标题与摘要主题不匹配，未请求正文,,高一 吸烟危害 议论文,600
NY1,Y1,https://www.zuowen.com/e/20200806/5f2c20a362cf6.shtml,,高一议论文：《较真论》,2020-08-06,,,,网络资源,0,,0.0,拒绝,搜索标题与摘要主题不匹配，未请求正文,,高一 吸烟危害 议论文,500
NY1,Y1,https://www.zuowen.com/e/20200806/5f2c20ac4d8a4.shtml,,高一议论文：汉的魅力,2020-08-06,,,,网络资源,0,,0.0,拒绝,搜索标题与摘要主题不匹配，未请求正文,,高一 吸烟危害 议论文,1000
NY1,Y1,https://www.zuowen.com/e/20200806/5f2c20c4e2313.shtml,,高一议论文：勿以好恶论断之,2020-08-06,,,,网络资源,0,,0.0,拒绝,搜索标题与摘要主题不匹配，未请求正文,,高一 吸烟危害 议论文,750
NY1,Y1,https://www.zuowen.com/e/20200207/5e3cd44b3d722.shtml,,高一议论文作文：爱国之情,2020-02-07,,,,网络资源,0,,0.0,拒绝,搜索标题与摘要主题不匹配，未请求正文,,高一 吸烟危害 议论文,900
NY1,Y1,https://www.zuowen.com/e/20200207/5e3cd4f991832.shtml,,高一议论文作文：有一种信仰叫爱国,2020-02-07,,,,网络资源,0,,0.0,拒绝,搜索标题与摘要主题不匹配，未请求正文,,高一 吸烟危害 议论文,800
NY1,Y1,https://www.zuowen.com/e/20200207/5e3cda957d1ea.shtml,,高一议论文作文：青年的爱国精神,2020-02-07,,,,网络资源,0,,0.0,拒绝,搜索标题与摘要主题不匹配，未请求正文,,高一 吸烟危害 议论文,1000
NY1,Y1,https://www.zuowen.com/e/20200207/5e3cdbbd7a0a5.shtml,,高一议论文作文：我爱祖国,2020-02-07,,,,网络资源,0,,0.0,拒绝,搜索标题与摘要主题不匹配，未请求正文,,高一 吸烟危害 议论文,800
NY1,Y1,https://www.zuowen.com/e/20200207/5e3ce49aedb47.shtml,,高一议论文作文：爱国,2020-02-07,,,,网络资源,0,,0.0,拒绝,搜索标题与摘要主题不匹配，未请求正文,,高一 吸烟危害 议论文,750
NY1,Y1,https://www.zuowen.com/e/20200207/5e3ce572bcafc.shtml,,高一议论文作文：我为祖国骄傲,2020-02-07,,,,网络资源,0,,0.0,拒绝,搜索标题与摘要主题不匹配，未请求正文,,高一 吸烟危害 议论文,800
NY1,Y1,https://www.zuowen.com/e/20200207/5e3ce7c637562.shtml,,高一议论文作文：五星红旗，我为你骄傲,2020-02-07,,,,网络资源,0,,0.0,拒绝,搜索标题与摘要主题不匹配，未请求正文,,高一 吸烟危害 议论文,750
NY1,Y1,https://www.zuowen.com/e/20200207/5e3ce9d80ba5e.shtml,,高一议论文作文：爱国只须行动,2020-02-07,,,,网络资源,0,,0.0,拒绝,搜索标题与摘要主题不匹配，未请求正文,,高一 吸烟危害 议论文,750
NY1,Y1,https://www.zuowen.com/e/20200215/5e476ec592619.shtml,,高三议论文：站在车站门口,2020-02-15,,,,网络资源,0,,0.0,拒绝,搜索标题与摘要主题不匹配，未请求正文,,高三 吸烟危害 议论文,900
NY1,Y1,https://www.zuowen.com/e/20200215/5e4771d789c3f.shtml,,高三议论文：国,2020-02-15,,,,网络资源,0,,0.0,拒绝,搜索标题与摘要主题不匹配，未请求正文,,高三 吸烟危害 议论文,1200
NY1,Y1,https://www.zuowen.com/e/20200215/5e47b63671734.shtml,,高三议论文：时间与勤奋,2020-02-15,,,,网络资源,0,,0.0,拒绝,搜索标题与摘要主题不匹配，未请求正文,,高三 健康行为 议论文,600
NY1,Y1,https://www.zuowen.com/e/20200215/5e47b7de16327.shtml,,高三议论文：清欢,2020-02-15,,,,网络资源,0,,0.0,拒绝,搜索标题与摘要主题不匹配，未请求正文,,高三 吸烟危害 议论文,800
NY1,Y1,https://www.zuowen.com/e/20200215/5e47ba6b19b45.shtml,,高三议论文：忍道,2020-02-15,,,,网络资源,0,,0.0,拒绝,搜索标题与摘要主题不匹配，未请求正文,,高三 吸烟危害 议论文,800
NY1,Y1,https://www.zuowen.com/e/20200215/5e47bec28e7eb.shtml,,高三议论文：面对挫折,2020-02-15,,,,网络资源,0,,0.0,拒绝,搜索标题与摘要主题不匹配，未请求正文,,高三 吸烟危害 议论文,800
NY1,Y1,https://www.zuowen.com/e/20200215/5e47bf7674270.shtml,,高三议论文：无题,2020-02-15,,,,网络资源,0,,0.0,拒绝,搜索标题与摘要主题不匹配，未请求正文,,高三 吸烟危害 议论文,800
NY1,Y1,https://www.zuowen.com/e/20200215/5e47c1d8de080.shtml,,高三议论文：诗意的生活,2020-02-15,,,,网络资源,0,,0.0,拒绝,搜索标题与摘要主题不匹配，未请求正文,,高三 吸烟危害 议论文,800
NY1,Y1,https://www.zuowen.com/e/20200215/5e47c3f716be3.shtml,,高三议论文：自信,2020-02-15,,,,网络资源,0,,0.0,拒绝,搜索标题与摘要主题不匹配，未请求正文,,高三 吸烟危害 议论文,900
NY1,Y1,https://www.zuowen.com/e/20200215/5e47c60c57dfb.shtml,,高三议论文;自信二,2020-02-15,,,,网络资源,0,,0.0,拒绝,搜索标题与摘要主题不匹配，未请求正文,,高三 健康行为 议论文,900
NY1,Y1,https://www.zuowen.com/e/20200215/5e47c78da5484.shtml,,高三议论文：成功来源于自信,2020-02-15,,,,网络资源,0,,0.0,拒绝,搜索标题与摘要主题不匹配，未请求正文,,高三 吸烟危害 议论文,1000
NY1,Y1,https://www.zuowen.com/e/20200215/5e47c84ee2212.shtml,,高三议论文：相信自己,2020-02-15,,,,网络资源,0,,0.0,拒绝,搜索标题与摘要主题不匹配，未请求正文,,高三 吸烟危害 议论文,800
NY1,Y1,https://www.zuowen.com/e/20200215/5e47c8e7c482e.shtml,,高三议论文：无悔青春,2020-02-15,,,,网络资源,0,,0.0,拒绝,搜索标题与摘要主题不匹配，未请求正文,,高三 健康行为 议论文,700
NY1,Y1,https://www.zuowen.com/e/20200226/5e561a42bf4a5.shtml,,高一议论文作文：禅,2020-02-26,,,,网络资源,0,,0.0,拒绝,搜索标题与摘要主题不匹配，未请求正文,,高一 吸烟危害 议论文,900
NY1,Y1,https://www.zuowen.com/e/20200226/5e561bfea82a2.shtml,,高一议论文作文：勇于尝试,2020-02-26,,,,网络资源,0,,0.0,拒绝,搜索标题与摘要主题不匹配，未请求正文,,高一 吸烟危害 议论文,800
NY1,Y1,https://www.zuowen.com/e/20200226/5e561cb9c80a9.shtml,,高一议论文作文：成功需要坚持吗,2020-02-26,,,,网络资源,0,,0.0,拒绝,搜索标题与摘要主题不匹配，未请求正文,,高一 吸烟危害 议论文,800
NY1,Y1,https://www.zuowen.com/e/20200226/5e561d73df76b.shtml,,高一议论文作文：选择,2020-02-26,,,,网络资源,0,,0.0,拒绝,搜索标题与摘要主题不匹配，未请求正文,,高一 吸烟危害 议论文,800
NY1,Y1,https://www.zuowen.com/e/20200226/5e561e67ccd67.shtml,,高一议论文作文：学会选择,2020-02-26,,,,网络资源,0,,0.0,拒绝,搜索标题与摘要主题不匹配，未请求正文,,高一 吸烟危害 议论文,800
NY1,Y1,https://www.zuowen.com/e/20200226/5e56201746142.shtml,,高一议论文作文：教养,2020-02-26,,,,网络资源,0,,0.0,拒绝,搜索标题与摘要主题不匹配，未请求正文,,高一 吸烟危害 议论文,900
NY1,Y1,https://www.zuowen.com/e/20200608/5eddd4c46ad27.shtml,,高一议论文：民族语言的光辉,2020-06-08,,,,网络资源,0,,0.0,拒绝,搜索标题与摘要主题不匹配，未请求正文,,高一 吸烟危害 议论文,900
NY1,Y1,https://www.zuowen.com/e/20200608/5eddd55008838.shtml,,高一议论文：行动才是硬道理,2020-06-08,,,,网络资源,0,,0.0,拒绝,搜索标题与摘要主题不匹配，未请求正文,,高一 吸烟危害 议论文,800
NY1,Y1,https://www.zuowen.com/e/20200608/5eddd5611ebe8.shtml,,高一议论文：AI无痛楚，而人有六欲,2020-06-08,,,,网络资源,0,,0.0,拒绝,搜索标题与摘要主题不匹配，未请求正文,,高一 吸烟危害 议论文,600
NY1,Y1,https://www.zuowen.com/e/20200608/5eddd56f009f6.shtml,,高一议论文：人生之路，秉简与朴,2020-06-08,,,,网络资源,0,,0.0,拒绝,搜索标题与摘要主题不匹配，未请求正文,,高一 吸烟危害 议论文,700
NY1,Y1,https://www.zuowen.com/e/20200608/5eddd57d6bf40.shtml,,高一议论文：纸上谈兵不可取,2020-06-08,,,,网络资源,0,,0.0,拒绝,搜索标题与摘要主题不匹配，未请求正文,,高一 吸烟危害 议论文,750
NY1,Y1,https://www.zuowen.com/e/20200608/5eddd58c880a9.shtml,,高一议论文：实干胜于空谈,2020-06-08,,,,网络资源,0,,0.0,拒绝,搜索标题与摘要主题不匹配，未请求正文,,高一 吸烟危害 议论文,900
NY1,Y1,https://www.zuowen.com/e/20200608/5eddd59bb723b.shtml,,高一议论文：说到做到,2020-06-08,,,,网络资源,0,,0.0,拒绝,搜索标题与摘要主题不匹配，未请求正文,,高一 吸烟危害 议论文,750
NY1,Y1,https://www.zuowen.com/e/20200608/5eddd5abf167d.shtml,,高一议论文：万物和，天地谐,2020-06-08,,,,网络资源,0,,0.0,拒绝,搜索标题与摘要主题不匹配，未请求正文,,高一 吸烟危害 议论文,900
NY1,Y1,https://www.zuowen.com/e/20200608/5eddd5c015b01.shtml,,高一议论文：谈“和”,2020-06-08,,,,网络资源,0,,0.0,拒绝,搜索标题与摘要主题不匹配，未请求正文,,高一 吸烟危害 议论文,900
NY1,Y1,https://www.zuowen.com/e/20200608/5eddd5dfe2ccd.shtml,,高一议论文：阅读的三重境界,2020-06-08,,,,网络资源,0,,0.0,拒绝,搜索标题与摘要主题不匹配，未请求正文,,高一 吸烟危害 议论文,800
NY1,Y1,https://www.zuowen.com/e/20200608/5eddd60feb843.shtml,,高一议论文：天平和七弦琴,2020-06-08,,,,网络资源,0,,0.0,拒绝,搜索标题与摘要主题不匹配，未请求正文,,高一 吸烟危害 议论文,1200
NY1,Y1,https://www.zuowen.com/e/20200608/5eddd6280d68f.shtml,,高一议论文：享文化之繁华,2020-06-08,,,,网络资源,0,,0.0,拒绝,搜索标题与摘要主题不匹配，未请求正文,,高一 吸烟危害 议论文,1000
NY1,Y1,https://www.zuowen.com/e/20200608/5eddd63887d81.shtml,,高一议论文：情与理,2020-06-08,,,,网络资源,0,,0.0,拒绝,搜索标题与摘要主题不匹配，未请求正文,,高一 吸烟危害 议论文,1200
NY1,Y1,https://www.zuowen.com/e/20200608/5eddd651643bf.shtml,,高一议论文：能思考的苇草,2020-06-08,,,,网络资源,0,,0.0,拒绝,搜索标题与摘要主题不匹配，未请求正文,,高一 健康 议论文,1000
NY1,Y1,https://www.zuowen.com/e/20200608/5eddd6620c136.shtml,,高一议论文：勿以亲疏定是非,2020-06-08,,,,网络资源,0,,0.0,拒绝,搜索标题与摘要主题不匹配，未请求正文,,高一 吸烟危害 议论文,1000
NY1,Y1,https://www.zuowen.com/e/20200608/5eddd6875a820.shtml,,高一议论文：莫让浮云遮望眼,2020-06-08,,,,网络资源,0,,0.0,拒绝,搜索标题与摘要主题不匹配，未请求正文,,高一 吸烟危害 议论文,1500
NY1,Y1,https://www.zuowen.com/e/20200608/5eddd6ab36bd4.shtml,,高一议论文：跑腿经济需理性对待,2020-06-08,,,,网络资源,0,,0.0,拒绝,搜索标题与摘要主题不匹配，未请求正文,,高一 吸烟危害 议论文,900
NY1,Y1,https://www.zuowen.com/e/20200608/5eddd6bc1d324.shtml,,高一议论文：拔苗岂会助长,2020-06-08,,,,网络资源,0,,0.0,拒绝,搜索标题与摘要主题不匹配，未请求正文,,高一 吸烟危害 议论文,900
NY1,Y1,https://www.zuowen.com/e/20200608/5eddd6cc8133b.shtml,,高一议论文：学会淡出,2020-06-08,,,,网络资源,0,,0.0,拒绝,搜索标题与摘要主题不匹配，未请求正文,,高一 吸烟危害 议论文,800
NY1,Y1,https://www.zuowen.com/e/20200608/5eddd6df8ca70.shtml,,高一议论文：枕木的伪装,2020-06-08,,,,网络资源,0,,0.0,拒绝,搜索标题与摘要主题不匹配，未请求正文,,高一 吸烟危害 议论文,900
NY1,Y1,https://www.zuowen.com/e/20200608/5eddd6f1d7b72.shtml,,高一议论文：专长，全能,2020-06-08,,,,网络资源,0,,0.0,拒绝,搜索标题与摘要主题不匹配，未请求正文,,高一 健康 议论文,750
NY1,Y1,https://www.zuowen.com/e/20200608/5eddd71331298.shtml,,高一议论文：有志之士不平庸,2020-06-08,,,,网络资源,0,,0.0,拒绝,搜索标题与摘要主题不匹配，未请求正文,,高一 吸烟危害 议论文,1000
NY1,Y1,https://www.zuowen.com/e/20200608/5eddd77f66ad1.shtml,,高一议论文：欣赏与反省,2020-06-08,,,,网络资源,0,,0.0,拒绝,搜索标题与摘要主题不匹配，未请求正文,,高一 健康 议论文,750
NY1,Y1,https://www.zuowen.com/e/20200608/5eddda7750f20.shtml,,高三议论文：平凡与伟大,2020-06-08,,,,网络资源,0,,0.0,拒绝,搜索标题与摘要主题不匹配，未请求正文,,高三 吸烟危害 议论文,800
NY1,Y1,https://www.zuowen.com/e/20200608/5edddadcf3575.shtml,,高三议论文：善待生命（一）,2020-06-08,,,,网络资源,0,,0.0,拒绝,搜索标题与摘要主题不匹配，未请求正文,,高三 吸烟危害 议论文,800
NY1,Y1,https://www.zuowen.com/e/20200608/5edddaed75c9b.shtml,,高三议论文：善待生命（二）,2020-06-08,,,,网络资源,0,,0.0,拒绝,搜索标题与摘要主题不匹配，未请求正文,,高三 吸烟危害 议论文,900
NY1,Y1,https://www.zuowen.com/e/20200608/5edddaff97a26.shtml,,高三议论文：善待生命（三）,2020-06-08,,,,网络资源,0,,0.0,拒绝,搜索标题与摘要主题不匹配，未请求正文,,高三 吸烟危害 议论文,900
NY1,Y1,https://www.zuowen.com/e/20200608/5edddb1f017ea.shtml,,高三议论文：幸福（二）,2020-06-08,,,,网络资源,0,,0.0,拒绝,搜索标题与摘要主题不匹配，未请求正文,,高三 吸烟危害 议论文,800
NY1,Y1,https://www.zuowen.com/e/20200608/5edddb2f7df66.shtml,,高三议论文：幸福（三）,2020-06-08,,,,网络资源,0,,0.0,拒绝,搜索标题与摘要主题不匹配，未请求正文,,高三 吸烟危害 议论文,650
NY1,Y1,https://www.zuowen.com/e/20200608/5edddb55188cd.shtml,,高三议论文：幸福（五）,2020-06-08,,,,网络资源,0,,0.0,拒绝,搜索标题与摘要主题不匹配，未请求正文,,高三 吸烟危害 议论文,800
NY1,Y1,https://www.zuowen.com/e/20200608/5edddb7c09909.shtml,,高三议论文：距离（二）,2020-06-08,,,,网络资源,0,,0.0,拒绝,搜索标题与摘要主题不匹配，未请求正文,,高三 吸烟危害 议论文,700
NY1,Y1,https://www.zuowen.com/e/20200608/5edddb8b51fa8.shtml,,高三议论文：距离（三）,2020-06-08,,,,网络资源,0,,0.0,拒绝,搜索标题与摘要主题不匹配，未请求正文,,高三 吸烟危害 议论文,1200
NY1,Y1,https://www.zuowen.com/e/20200608/5edddbaacc64e.shtml,,高三议论文：生命（一）,2020-06-08,,,,网络资源,0,,0.0,拒绝,搜索标题与摘要主题不匹配，未请求正文,,高三 吸烟危害 议论文,750
NY1,Y1,https://www.zuowen.com/e/20200608/5edddbb8c2a92.shtml,,高三议论文：生命（二）,2020-06-08,,,,网络资源,0,,0.0,拒绝,搜索标题与摘要主题不匹配，未请求正文,,高三 吸烟危害 议论文,900
NY1,Y1,https://www.zuowen.com/e/20200608/5edddbc84a6dd.shtml,,高三议论文：生命（三）,2020-06-08,,,,网络资源,0,,0.0,拒绝,搜索标题与摘要主题不匹配，未请求正文,,高三 健康行为 议论文,1000
NY1,Y1,https://www.zuowen.com/e/20200608/5edddbd9046dd.shtml,,高三议论文：生命（四）,2020-06-08,,,,网络资源,0,,0.0,拒绝,搜索标题与摘要主题不匹配，未请求正文,,高三 吸烟危害 议论文,800
NY1,Y1,https://www.zuowen.com/e/20200608/5edddbe725263.shtml,,高三议论文：善良,2020-06-08,,,,网络资源,0,,0.0,拒绝,搜索标题与摘要主题不匹配，未请求正文,,高三 吸烟危害 议论文,700
NY1,Y1,https://www.zuowen.com/e/20200608/5edddbf48bf59.shtml,,高三议论文：无奋斗不青春,2020-06-08,,,,网络资源,0,,0.0,拒绝,搜索标题与摘要主题不匹配，未请求正文,,高三 健康行为 议论文,800
NY1,Y1,https://www.zuowen.com/e/20200608/5edddc0323f3d.shtml,,高三议论文：青年要奋斗,2020-06-08,,,,网络资源,0,,0.0,拒绝,搜索标题与摘要主题不匹配，未请求正文,,高三 吸烟危害 议论文,800
NY1,Y1,https://www.zuowen.com/e/20200608/5edddc137bf3b.shtml,,高三议论文：担当,2020-06-08,,,,网络资源,0,,0.0,拒绝,搜索标题与摘要主题不匹配，未请求正文,,高三 吸烟危害 议论文,1000
NY1,Y1,https://www.zuowen.com/e/20200608/5edde02575b9d.shtml,,高三议论文：座位与成绩,2020-06-08,,,,网络资源,0,,0.0,拒绝,搜索标题与摘要主题不匹配，未请求正文,,高三 吸烟危害 议论文,900
NY1,Y1,https://www.zuowen.com/e/20200806/5f2c1b076d3f9.shtml,,高三议论文：“饮料”多,2020-08-06,,,,网络资源,0,,0.0,拒绝,搜索标题与摘要主题不匹配，未请求正文,,高三 吸烟危害 议论文,1000
NY1,Y1,https://www.zuowen.com/e/20200806/5f2c1b1334d1f.shtml,,高三议论文：书,2020-08-06,,,,网络资源,0,,0.0,拒绝,搜索标题与摘要主题不匹配，未请求正文,,高三 吸烟危害 议论文,900
NY1,Y1,https://www.zuowen.com/e/20200806/5f2c1b26e34ed.shtml,,高三议论文：理想，让未来发光,2020-08-06,,,,网络资源,0,,0.0,拒绝,搜索标题与摘要主题不匹配，未请求正文,,高三 吸烟危害 议论文,900
NY1,Y1,https://www.zuowen.com/e/20200806/5f2c1b354f8d6.shtml,,高三议论文：心田上的梦,2020-08-06,,,,网络资源,0,,0.0,拒绝,搜索标题与摘要主题不匹配，未请求正文,,高三 吸烟危害 议论文,750
NY1,Y1,https://www.zuowen.com/e/20200806/5f2c1b3d65ad7.shtml,,高三议论文：生命的价值,2020-08-06,,,,网络资源,0,,0.0,拒绝,搜索标题与摘要主题不匹配，未请求正文,,高三 吸烟危害 议论文,750
NY1,Y1,https://www.zuowen.com/e/20200806/5f2c1b43ad6db.shtml,,高三议论文：孝心,2020-08-06,,,,网络资源,0,,0.0,拒绝,搜索标题与摘要主题不匹配，未请求正文,,高三 吸烟危害 议论文,700
NY1,Y1,https://www.zuowen.com/e/20200806/5f2c1b46e6efc.shtml,,高三议论文：告别自卑，自信照亮人生,2020-08-06,,,,网络资源,0,,0.0,拒绝,搜索标题与摘要主题不匹配，未请求正文,,高三 吸烟危害 议论文,700
NY1,Y1,https://www.zuowen.com/e/20200806/5f2c1b4ce2b39.shtml,,高三议论文：人生的道路,2020-08-06,,,,网络资源,0,,0.0,拒绝,搜索标题与摘要主题不匹配，未请求正文,,高三 吸烟危害 议论文,800
NY1,Y1,https://www.zuowen.com/e/20200806/5f2c1b4fda129.shtml,,高三议论文：幸福其实很简单,2020-08-06,,,,网络资源,0,,0.0,拒绝,搜索标题与摘要主题不匹配，未请求正文,,高三 吸烟危害 议论文,800
NY1,Y1,https://www.zuowen.com/e/20200806/5f2c1b52d649a.shtml,,高三议论文：阅读伴我成长,2020-08-06,,,,网络资源,0,,0.0,拒绝,搜索标题与摘要主题不匹配，未请求正文,,高三 吸烟危害 议论文,750
NY1,Y1,https://www.zuowen.com/e/20200806/5f2c1b5c20e62.shtml,,高三议论文：读书，风雅乐事,2020-08-06,,,,网络资源,0,,0.0,拒绝,搜索标题与摘要主题不匹配，未请求正文,,高三 吸烟危害 议论文,800
NY1,Y1,https://www.zuowen.com/e/20200806/5f2c1b6262714.shtml,,高三议论文：生命的足迹！,2020-08-06,,,,网络资源,0,,0.0,拒绝,搜索标题与摘要主题不匹配，未请求正文,,高三 健康行为 议论文,800
NY1,Y1,https://www.zuowen.com/e/20200806/5f2c20572502a.shtml,,高一议论文：挫折，人生的一笔财富,2020-08-06,,,,网络资源,0,,0.0,拒绝,搜索标题与摘要主题不匹配，未请求正文,,高一 吸烟危害 议论文,750
NY1,Y1,https://www.zuowen.com/e/20200806/5f2c206217c3b.shtml,,高一议论文：踮起脚尖,2020-08-06,,,,网络资源,0,,0.0,拒绝,搜索标题与摘要主题不匹配，未请求正文,,高一 吸烟危害 议论文,1200
NY1,Y1,https://www.zuowen.com/e/20200806/5f2c2065a5a6f.shtml,,高一议论文：不得不孝敬父母的几个理由,2020-08-06,,,,网络资源,0,,0.0,拒绝,搜索标题与摘要主题不匹配，未请求正文,,高一 吸烟危害 议论文,800
NY1,Y1,https://www.zuowen.com/e/20200806/5f2c206cbbebb.shtml,,高一议论文：抉择·回首·收获,2020-08-06,,,,网络资源,0,,0.0,拒绝,搜索标题与摘要主题不匹配，未请求正文,,高一 吸烟危害 议论文,800
NY1,Y1,https://www.zuowen.com/e/20200806/5f2c20701e355.shtml,,高一议论文：让思考点燃生命的火花,2020-08-06,,,,网络资源,0,,0.0,拒绝,搜索标题与摘要主题不匹配，未请求正文,,高一 吸烟危害 议论文,1000
NY1,Y1,https://www.zuowen.com/e/20200806/5f2c2073772d7.shtml,,高一议论文：带着目标上路,2020-08-06,,,,网络资源,0,,0.0,拒绝,搜索标题与摘要主题不匹配，未请求正文,,高一 吸烟危害 议论文,1000
NY1,Y1,https://www.zuowen.com/e/20200806/5f2c208880d4a.shtml,,高一议论文：失去,2020-08-06,,,,网络资源,0,,0.0,拒绝,搜索标题与摘要主题不匹配，未请求正文,,高一 吸烟危害 议论文,550
NY1,Y1,https://www.zuowen.com/e/20200806/5f2c208e8f959.shtml,,高一议论文：礼仪之邦的今天,2020-08-06,,,,网络资源,0,,0.0,拒绝,搜索标题与摘要主题不匹配，未请求正文,,高一 吸烟危害 议论文,1200
NY1,Y1,https://www.zuowen.com/e/20200806/5f2c209190019.shtml,,高一议论文：梦想还是要有的,2020-08-06,,,,网络资源,0,,0.0,拒绝,搜索标题与摘要主题不匹配，未请求正文,,高一 吸烟危害 议论文,800
NY1,Y1,https://www.zuowen.com/e/20200806/5f2c20948f544.shtml,,高一议论文：一心，一意,2020-08-06,,,,网络资源,0,,0.0,拒绝,搜索标题与摘要主题不匹配，未请求正文,,高一 吸烟危害 议论文,750
NY1,Y1,https://www.zuowen.com/e/20200806/5f2c209a3265c.shtml,,高一议论文：捷径,2020-08-06,,,,网络资源,0,,0.0,拒绝,搜索标题与摘要主题不匹配，未请求正文,,高一 吸烟危害 议论文,900
NY1,Y1,https://www.zuowen.com/e/20200806/5f2c20a01cc9b.shtml,,高一议论文：输在起跑线，真的无药可救吗,2020-08-06,,,,网络资源,0,,0.0,拒绝,搜索标题与摘要主题不匹配，未请求正文,,高一 吸烟危害 议论文,750
NY1,Y1,https://www.zuowen.com/e/20200806/5f2c20a6742f1.shtml,,高一议论文：我们生逢其时,2020-08-06,,,,网络资源,0,,0.0,拒绝,搜索标题与摘要主题不匹配，未请求正文,,高一 吸烟危害 议论文,800
NY1,Y1,https://www.zuowen.com/e/20200806/5f2c20a976cd3.shtml,,高一议论文：不幸之幸,2020-08-06,,,,网络资源,0,,0.0,拒绝,搜索标题与摘要主题不匹配，未请求正文,,高一 吸烟危害 议论文,800
NY1,Y1,https://www.zuowen.com/e/20200806/5f2c20af81368.shtml,,高一议论文：君子之道,2020-08-06,,,,网络资源,0,,0.0,拒绝,搜索标题与摘要主题不匹配，未请求正文,,高一 吸烟危害 议论文,1500
NY1,Y1,https://www.zuowen.com/e/20200806/5f2c20b265668.shtml,,高一议论文：传统文化代代传,2020-08-06,,,,网络资源,0,,0.0,拒绝,搜索标题与摘要主题不匹配，未请求正文,,高一 吸烟危害 议论文,1000
NY1,Y1,https://www.zuowen.com/e/20200806/5f2c20b5634e7.shtml,,高一议论文：我喜爱的一个传统佳节,2020-08-06,,,,网络资源,0,,0.0,拒绝,搜索标题与摘要主题不匹配，未请求正文,,高一 吸烟危害 议论文,600
NY1,Y1,https://www.zuowen.com/e/20200806/5f2c20b9338fb.shtml,,高一议论文：中国传统文化,2020-08-06,,,,网络资源,0,,0.0,拒绝,搜索标题与摘要主题不匹配，未请求正文,,高一 吸烟危害 议论文,550
NY1,Y1,https://www.zuowen.com/e/20200806/5f2c20bcd546f.shtml,,高一议论文：勿以亲疏定是非,2020-08-06,,,,网络资源,0,,0.0,拒绝,搜索标题与摘要主题不匹配，未请求正文,,高一 吸烟危害 议论文,800
NY1,Y1,https://www.zuowen.com/e/20200806/5f2c20c1a8fdd.shtml,,高一议论文：莫让浮云遮望眼,2020-08-06,,,,网络资源,0,,0.0,拒绝,搜索标题与摘要主题不匹配，未请求正文,,高一 吸烟危害 议论文,1000
NY1,Y1,https://www.zuowen.com/e/20210306/604390cfafd37.shtml,,高三议论文：拒绝诱惑，把握机遇,2021-03-06,,,,网络资源,0,,0.0,拒绝,搜索标题与摘要主题不匹配，未请求正文,,高三 吸烟危害 议论文,800
NY1,Y1,https://www.zuowen.com/e/20210306/604390e1eaa0a.shtml,,高三议论文：利益不与道德挂钩,2021-03-06,,,,网络资源,0,,0.0,拒绝,搜索标题与摘要主题不匹配，未请求正文,,高三 吸烟危害 议论文,900
NY1,Y1,https://www.zuowen.com/e/20210306/6043855764e25.shtml,,高一议论文：公平公正,2021-03-06,,,,网络资源,0,,0.0,拒绝,搜索标题与摘要主题不匹配，未请求正文,,高一 吸烟危害 议论文,650
NY1,Y1,https://www.zuowen.com/e/20210306/604390dc820d5.shtml,,高三议论文：政策倾斜应三思,2021-03-06,,,,网络资源,0,,0.0,拒绝,搜索标题与摘要主题不匹配，未请求正文,,高三 吸烟危害 议论文,900
NY1,Y1,https://www.zuowen.com/e/20210306/604390fc71651.shtml,,高三议论文：中国力量,2021-03-06,,,,网络资源,0,,0.0,拒绝,搜索标题与摘要主题不匹配，未请求正文,,高三 吸烟危害 议论文,800
NY1,Y1,https://www.zuowen.com/e/20210306/604391394d76f.shtml,,高三议论文：我为“礼”发声,2021-03-06,,,,网络资源,0,,0.0,拒绝,搜索标题与摘要主题不匹配，未请求正文,,高三 吸烟危害 议论文,900
NY1,Y1,https://www.zuowen.com/e/20210306/6043914b03f9b.shtml,,高三议论文：礼让,2021-03-06,,,,网络资源,0,,0.0,拒绝,搜索标题与摘要主题不匹配，未请求正文,,高三 吸烟危害 议论文,800
NY1,Y1,https://www.zuowen.com/e/20210306/6043915652536.shtml,,高三议论文：诚实是金,2021-03-06,,,,网络资源,0,,0.0,拒绝,搜索标题与摘要主题不匹配，未请求正文,,高三 吸烟危害 议论文,700
NY1,Y1,https://www.zuowen.com/e/20210306/604384f9d83b3.shtml,,高一议论文：不要妒忌别人,2021-03-06,,,,网络资源,0,,0.0,拒绝,搜索标题与摘要主题不匹配，未请求正文,,高一 吸烟危害 议论文,700
NY1,Y1,https://www.zuowen.com/e/20210306/6043850c830fb.shtml,,高一议论文：不完美也是美,2021-03-06,,,,网络资源,0,,0.0,拒绝,搜索标题与摘要主题不匹配，未请求正文,,高一 健康 议论文,700
NY1,Y1,https://www.zuowen.com/e/20210306/6043853a1f2ea.shtml,,高一议论文：劳动最光荣,2021-03-06,,,,网络资源,0,,0.0,拒绝,搜索标题与摘要主题不匹配，未请求正文,,高一 健康 议论文,600
NY1,Y1,https://www.zuowen.com/e/20210306/6043854eae113.shtml,,高一议论文：话说低碳,2021-03-06,,,,网络资源,0,,0.0,拒绝,搜索标题与摘要主题不匹配，未请求正文,,高一 吸烟危害 议论文,700
NY1,Y1,https://www.zuowen.com/e/20210306/6043856273887.shtml,,高一议论文：我的好习惯,2021-03-06,,,,网络资源,0,,0.0,拒绝,搜索标题与摘要主题不匹配，未请求正文,,高一 健康 议论文,650
NY1,Y1,https://www.zuowen.com/e/20210306/604385a739eba.shtml,,高一议论文：心存博爱,2021-03-06,,,,网络资源,0,,0.0,拒绝,搜索标题与摘要主题不匹配，未请求正文,,高一 吸烟危害 议论文,600
NY1,Y1,https://www.zuowen.com/e/20210306/60438628f1982.shtml,,高一议论文：节约用水,2021-03-06,,,,网络资源,0,,0.0,拒绝,搜索标题与摘要主题不匹配，未请求正文,,高一 吸烟危害 议论文,700
NY1,Y1,https://www.zuowen.com/e/20210306/6043862f2e0d4.shtml,,高一议论文：人，不应光有幻想,2021-03-06,,,,网络资源,0,,0.0,拒绝,搜索标题与摘要主题不匹配，未请求正文,,高一 吸烟危害 议论文,650
NY1,Y1,https://www.zuowen.com/e/20210306/6043874e7ef84.shtml,,高一议论文：争做国家栋梁,2021-03-06,,,,网络资源,0,,0.0,拒绝,搜索标题与摘要主题不匹配，未请求正文,,高一 吸烟危害 议论文,700
NY1,Y1,https://www.zuowen.com/e/20210306/604390ccdb373.shtml,,高三议论文：有趣的安全带,2021-03-06,,,,网络资源,0,,0.0,拒绝,搜索标题与摘要主题不匹配，未请求正文,,高三 吸烟危害 议论文,900
NY1,Y1,https://www.zuowen.com/e/20210306/604390f90d6b1.shtml,,高三议论文：鞠躬,2021-03-06,,,,网络资源,0,,0.0,拒绝,搜索标题与摘要主题不匹配，未请求正文,,高三 吸烟危害 议论文,900
NY1,Y1,https://www.zuowen.com/e/20210306/604390ff0ee38.shtml,,高三议论文：正视网课利弊,2021-03-06,,,,网络资源,0,,0.0,拒绝,搜索标题与摘要主题不匹配，未请求正文,,高三 吸烟危害 议论文,800
NY1,Y1,https://www.zuowen.com/e/20210306/6043910551742.shtml,,高三议论文：勿过度,2021-03-06,,,,网络资源,0,,0.0,拒绝,搜索标题与摘要主题不匹配，未请求正文,,高三 吸烟危害 议论文,800
NY1,Y1,https://www.zuowen.com/e/20210306/6043910893542.shtml,,高三议论文：就水而下,2021-03-06,,,,网络资源,0,,0.0,拒绝,搜索标题与摘要主题不匹配，未请求正文,,高三 吸烟危害 议论文,900
NY1,Y1,https://www.zuowen.com/e/20210306/6043911f319b4.shtml,,高三议论文：德高于学,2021-03-06,,,,网络资源,0,,0.0,拒绝,搜索标题与摘要主题不匹配，未请求正文,,高三 吸烟危害 议论文,800
NY1,Y1,https://www.zuowen.com/e/20210306/60439150d2c99.shtml,,高三议论文：生命,2021-03-06,,,,网络资源,0,,0.0,拒绝,搜索标题与摘要主题不匹配，未请求正文,,高三 吸烟危害 议论文,900
NY1,Y1,https://www.zuowen.com/e/20210306/60439153a76c5.shtml,,高三议论文：以人为镜,2021-03-06,,,,网络资源,0,,0.0,拒绝,搜索标题与摘要主题不匹配，未请求正文,,高三 吸烟危害 议论文,800
NY1,Y1,https://www.zuowen.com/e/20210306/6043915e062e5.shtml,,高三议论文：以人为镜,2021-03-06,,,,网络资源,0,,0.0,拒绝,搜索标题与摘要主题不匹配，未请求正文,,高三 吸烟危害 议论文,800
NY1,Y1,https://www.zuowen.com/e/20210306/6043917f7b2ed.shtml,,高三议论文：战胜挫折（三）,2021-03-06,,,,网络资源,0,,0.0,拒绝,搜索标题与摘要主题不匹配，未请求正文,,高三 吸烟危害 议论文,800
NY1,Y1,https://www.zuowen.com/e/20210306/60439188543f9.shtml,,高三议论文：勤奋（二）,2021-03-06,,,,网络资源,0,,0.0,拒绝,搜索标题与摘要主题不匹配，未请求正文,,高三 吸烟危害 议论文,650
NY1,Y1,https://www.zuowen.com/e/20210306/604382f5803ef.shtml,,高一议论文：一桶水的一天,2021-03-06,,,,网络资源,0,,0.0,拒绝,搜索标题与摘要主题不匹配，未请求正文,,高一 吸烟危害 议论文,650
NY1,Y1,https://www.zuowen.com/e/20210306/604384fc540ca.shtml,,高一议论文：水文化,2021-03-06,,,,网络资源,0,,0.0,拒绝,搜索标题与摘要主题不匹配，未请求正文,,高一 健康 议论文,600
NY1,Y1,https://www.zuowen.com/e/20210306/604384ff5f8df.shtml,,高一议论文：我看见了什么?,2021-03-06,,,,网络资源,0,,0.0,拒绝,搜索标题与摘要主题不匹配，未请求正文,,高一 吸烟危害 议论文,650
NY1,Y1,https://www.zuowen.com/e/20210306/604385024b508.shtml,,高一议论文：辩论会,2021-03-06,,,,网络资源,0,,0.0,拒绝,搜索标题与摘要主题不匹配，未请求正文,,高一 健康 议论文,750
NY1,Y1,https://www.zuowen.com/e/20210306/60438504f3402.shtml,,高一议论文：逆袭,2021-03-06,,,,网络资源,0,,0.0,拒绝,搜索标题与摘要主题不匹配，未请求正文,,高一 吸烟危害 议论文,750
NY1,Y1,https://www.zuowen.com/e/20210306/6043850769d30.shtml,,高一议论文：不动声色是大美,2021-03-06,,,,网络资源,0,,0.0,拒绝,搜索标题与摘要主题不匹配，未请求正文,,高一 吸烟危害 议论文,700
NY1,Y1,https://www.zuowen.com/e/20210306/6043850f08127.shtml,,高一议论文：自省的力量,2021-03-06,,,,网络资源,0,,0.0,拒绝,搜索标题与摘要主题不匹配，未请求正文,,高一 吸烟危害 议论文,700
NY1,Y1,https://www.zuowen.com/e/20210306/604385113a28c.shtml,,高一议论文：不做鸡头，愿做凤尾,2021-03-06,,,,网络资源,0,,0.0,拒绝,搜索标题与摘要主题不匹配，未请求正文,,高一 吸烟危害 议论文,750
NY1,Y1,https://www.zuowen.com/e/20210306/604385153b277.shtml,,高一议论文：敢说才会走向远方,2021-03-06,,,,网络资源,0,,0.0,拒绝,搜索标题与摘要主题不匹配，未请求正文,,高一 吸烟危害 议论文,750
NY1,Y1,https://www.zuowen.com/e/20210306/6043851826aa8.shtml,,高一议论文：换个角度看问题,2021-03-06,,,,网络资源,0,,0.0,拒绝,搜索标题与摘要主题不匹配，未请求正文,,高一 吸烟危害 议论文,650
NY1,Y1,https://www.zuowen.com/e/20210306/6043851a3505c.shtml,,高一议论文：应对,2021-03-06,,,,网络资源,0,,0.0,拒绝,搜索标题与摘要主题不匹配，未请求正文,,高一 吸烟危害 议论文,700
NY1,Y1,https://www.zuowen.com/e/20210306/6043851e8795f.shtml,,高一议论文：告别沮丧,2021-03-06,,,,网络资源,0,,0.0,拒绝,搜索标题与摘要主题不匹配，未请求正文,,高一 吸烟危害 议论文,650
NY1,Y1,https://www.zuowen.com/e/20210306/604385215aa35.shtml,,高一议论文：水的断想,2021-03-06,,,,网络资源,0,,0.0,拒绝,搜索标题与摘要主题不匹配，未请求正文,,高一 吸烟危害 议论文,750
NY1,Y1,https://www.zuowen.com/e/20210306/60438523a3df4.shtml,,高一议论文：这才叫酷,2021-03-06,,,,网络资源,0,,0.0,拒绝,搜索标题与摘要主题不匹配，未请求正文,,高一 吸烟危害 议论文,700
NY1,Y1,https://www.zuowen.com/e/20210306/604385267c8f6.shtml,,高一议论文：论读书和成绩的关系,2021-03-06,,,,网络资源,0,,0.0,拒绝,搜索标题与摘要主题不匹配，未请求正文,,高一 吸烟危害 议论文,650
NY1,Y1,https://www.zuowen.com/e/20210306/60438528edd71.shtml,,高一议论文：命运，由自己来书写,2021-03-06,,,,网络资源,0,,0.0,拒绝,搜索标题与摘要主题不匹配，未请求正文,,高一 吸烟危害 议论文,650
NY1,Y1,https://www.zuowen.com/e/20210306/6043852bb4385.shtml,,高一议论文：勇气，逆境之花,2021-03-06,,,,网络资源,0,,0.0,拒绝,搜索标题与摘要主题不匹配，未请求正文,,高一 吸烟危害 议论文,650
NY1,Y1,https://www.zuowen.com/e/20210306/6043852e2fde0.shtml,,高一议论文：壮志中国情,2021-03-06,,,,网络资源,0,,0.0,拒绝,搜索标题与摘要主题不匹配，未请求正文,,高一 吸烟危害 议论文,650
NY1,Y1,https://www.zuowen.com/e/20210306/6043853114d57.shtml,,高一议论文：当一山需容二虎,2021-03-06,,,,网络资源,0,,0.0,拒绝,搜索标题与摘要主题不匹配，未请求正文,,高一 吸烟危害 议论文,600
NY1,Y1,https://www.zuowen.com/e/20210306/6043853388fa1.shtml,,高一议论文：美丽的忠诚,2021-03-06,,,,网络资源,0,,0.0,拒绝,搜索标题与摘要主题不匹配，未请求正文,,高一 吸烟危害 议论文,650
NY1,Y1,https://www.zuowen.com/e/20210306/604385495de60.shtml,,高一议论文：鬼火是怎么形成的？,2021-03-06,,,,网络资源,0,,0.0,拒绝,搜索标题与摘要主题不匹配，未请求正文,,高一 吸烟危害 议论文,700
NY1,Y1,https://www.zuowen.com/e/20210306/60438554a877f.shtml,,高一议论文：生命的感悟,2021-03-06,,,,网络资源,0,,0.0,拒绝,搜索标题与摘要主题不匹配，未请求正文,,高一 健康 议论文,600
NY1,Y1,https://www.zuowen.com/e/20210306/6043855a42cca.shtml,,高一议论文：风雨过后的彩虹,2021-03-06,,,,网络资源,0,,0.0,拒绝,搜索标题与摘要主题不匹配，未请求正文,,高一 吸烟危害 议论文,650
NY1,Y1,https://www.zuowen.com/e/20210306/6043855d9dceb.shtml,,高一议论文：何为英雄,2021-03-06,,,,网络资源,0,,0.0,拒绝,搜索标题与摘要主题不匹配，未请求正文,,高一 吸烟危害 议论文,650
NY1,Y1,https://www.zuowen.com/e/20210306/6043855fdd706.shtml,,高一议论文：不经历风雨，怎见彩虹,2021-03-06,,,,网络资源,0,,0.0,拒绝,搜索标题与摘要主题不匹配，未请求正文,,高一 吸烟危害 议论文,650
NY1,Y1,https://www.zuowen.com/e/20210306/60438625e09c7.shtml,,高一议论文：和,2021-03-06,,,,网络资源,0,,0.0,拒绝,搜索标题与摘要主题不匹配，未请求正文,,高一 吸烟危害 议论文,700
NY1,Y1,https://www.zuowen.com/e/20210306/6043862c98b67.shtml,,高一议论文：最可爱的人,2021-03-06,,,,网络资源,0,,0.0,拒绝,搜索标题与摘要主题不匹配，未请求正文,,高一 吸烟危害 议论文,700
NY1,Y1,https://www.zuowen.com/e/20210306/604386afad83e.shtml,,高一议论文：美丽的谎言,2021-03-06,,,,网络资源,0,,0.0,拒绝,搜索标题与摘要主题不匹配，未请求正文,,高一 健康 议论文,600
NY1,Y1,https://www.zuowen.com/e/20210306/604386b214d5d.shtml,,高一议论文：我渴望翅膀,2021-03-06,,,,网络资源,0,,0.0,入选,搜索标题与摘要主题不匹配，未请求正文,,高一 吸烟危害 议论文,600
NY1,Y1,https://www.zuowen.com/e/20210306/604386b50310f.shtml,,高一议论文：历史不可忘记,2021-03-06,,,,网络资源,0,,0.0,拒绝,搜索标题与摘要主题不匹配，未请求正文,,高一 吸烟危害 议论文,700
NY1,Y1,https://www.zuowen.com/e/20210306/604386b74316d.shtml,,高一议论文：铭记抗战历史实现中国梦,2021-03-06,,,,网络资源,0,,0.0,拒绝,搜索标题与摘要主题不匹配，未请求正文,,高一 吸烟危害 议论文,650
NY1,Y1,https://www.zuowen.com/e/20210306/60438750d3e6c.shtml,,高一议论文：暖心,2021-03-06,,,,网络资源,0,,0.0,拒绝,搜索标题与摘要主题不匹配，未请求正文,,高一 吸烟危害 议论文,650
NY1,Y1,https://www.zuowen.com/e/20210306/604387539c00b.shtml,,高一议论文：感悟历史,2021-03-06,,,,网络资源,0,,0.0,拒绝,搜索标题与摘要主题不匹配，未请求正文,,高一 吸烟危害 议论文,650
NY1,Y1,https://www.zuowen.com/e/20210306/6043875667c94.shtml,,高一议论文：男女有别,2021-03-06,,,,网络资源,0,,0.0,拒绝,搜索标题与摘要主题不匹配，未请求正文,,高一 吸烟危害 议论文,650
NY1,Y1,https://www.zuowen.com/e/20210306/604387599861e.shtml,,高一议论文：有志者当效周生,2021-03-06,,,,网络资源,0,,0.0,拒绝,搜索标题与摘要主题不匹配，未请求正文,,高一 健康 议论文,650
NY1,Y1,https://www.zuowen.com/e/20210306/6043875c77b46.shtml,,高一议论文：天灾无情人有情,2021-03-06,,,,网络资源,0,,0.0,拒绝,搜索标题与摘要主题不匹配，未请求正文,,高一 吸烟危害 议论文,600
NY1,Y1,https://www.zuowen.com/e/20210306/60438daf178f4.shtml,,高三议论文：生命的足迹！,2021-03-06,,,,网络资源,0,,0.0,拒绝,搜索标题与摘要主题不匹配，未请求正文,,高三 吸烟危害 议论文,800
NY1,Y1,https://www.zuowen.com/e/20210306/60438db3de900.shtml,,高三议论文：那些照亮中国历史的英雄,2021-03-06,,,,网络资源,0,,0.0,拒绝,搜索标题与摘要主题不匹配，未请求正文,,高三 吸烟危害 议论文,900
NY1,Y1,https://www.zuowen.com/e/20210306/60438db67cd96.shtml,,高三议论文：不朽的辉煌,2021-03-06,,,,网络资源,0,,0.0,拒绝,搜索标题与摘要主题不匹配，未请求正文,,高三 吸烟危害 议论文,800
NY1,Y1,https://www.zuowen.com/e/20210306/604390ca4677d.shtml,,高三议论文：重振中华,2021-03-06,,,,网络资源,0,,0.0,拒绝,搜索标题与摘要主题不匹配，未请求正文,,高三 吸烟危害 议论文,800
NY1,Y1,https://www.zuowen.com/e/20210306/604390d323441.shtml,,高三议论文：先手,2021-03-06,,,,网络资源,0,,0.0,拒绝,搜索标题与摘要主题不匹配，未请求正文,,高三 吸烟危害 议论文,900
NY1,Y1,https://www.zuowen.com/e/20210306/604390d5c503c.shtml,,高三议论文：“我辈”齐，泰山移,2021-03-06,,,,网络资源,0,,0.0,拒绝,搜索标题与摘要主题不匹配，未请求正文,,高三 吸烟危害 议论文,800
NY1,Y1,https://www.zuowen.com/e/20210306/604390e460164.shtml,,高三议论文：什么是贫穷,2021-03-06,,,,网络资源,0,,0.0,拒绝,搜索标题与摘要主题不匹配，未请求正文,,高三 吸烟危害 议论文,550
NY1,Y1,https://www.zuowen.com/e/20210306/604390e70f7f6.shtml,,高三议论文：家教如土，师教如雨,2021-03-06,,,,网络资源,0,,0.0,拒绝,搜索标题与摘要主题不匹配，未请求正文,,高三 吸烟危害 议论文,800
NY1,Y1,https://www.zuowen.com/e/20210306/604390ebe230f.shtml,,高三议论文：父母老师的成长教育,2021-03-06,,,,网络资源,0,,0.0,入选,搜索标题与摘要主题不匹配，未请求正文,,高三 吸烟危害 议论文,800
NY1,Y1,https://www.zuowen.com/e/20210306/604390f38c555.shtml,,高三议论文：应对,2021-03-06,,,,网络资源,0,,0.0,拒绝,搜索标题与摘要主题不匹配，未请求正文,,高三 吸烟危害 议论文,800
NY1,Y1,https://www.zuowen.com/e/20210306/60439102a7b8b.shtml,,高三议论文：学好知识，助力未来,2021-03-06,,,,网络资源,0,,0.0,拒绝,搜索标题与摘要主题不匹配，未请求正文,,高三 吸烟危害 议论文,900
NY1,Y1,https://www.zuowen.com/e/20210306/6043910c04e25.shtml,,高三议论文：逆境，炼就刚强人生,2021-03-06,,,,网络资源,0,,0.0,拒绝,搜索标题与摘要主题不匹配，未请求正文,,高三 吸烟危害 议论文,800
NY1,Y1,https://www.zuowen.com/e/20210306/6043911bc9500.shtml,,高三议论文：无友不如己,2021-03-06,,,,网络资源,0,,0.0,拒绝,搜索标题与摘要主题不匹配，未请求正文,,高三 吸烟危害 议论文,900
NY1,Y1,https://www.zuowen.com/e/20210306/6043912a484b8.shtml,,高三议论文：追求,2021-03-06,,,,网络资源,0,,0.0,拒绝,搜索标题与摘要主题不匹配，未请求正文,,高三 吸烟危害 议论文,900
NY1,Y1,https://www.zuowen.com/e/20210306/6043912cb6e5d.shtml,,高三议论文：信念的力量,2021-03-06,,,,网络资源,0,,0.0,拒绝,搜索标题与摘要主题不匹配，未请求正文,,高三 吸烟危害 议论文,900
NY1,Y1,https://www.zuowen.com/e/20210306/604391325b168.shtml,,高三议论文：实干和虚心,2021-03-06,,,,网络资源,0,,0.0,拒绝,搜索标题与摘要主题不匹配，未请求正文,,高三 吸烟危害 议论文,900
NY1,Y1,https://www.zuowen.com/e/20210306/60439141763c2.shtml,,高三议论文：选择,2021-03-06,,,,网络资源,0,,0.0,拒绝,搜索标题与摘要主题不匹配，未请求正文,,高三 吸烟危害 议论文,900
NY1,Y1,https://www.zuowen.com/e/20210306/60439144aa2cd.shtml,,高三议论文：我想和鲁迅先生聊一聊,2021-03-06,,,,网络资源,0,,0.0,拒绝,搜索标题与摘要主题不匹配，未请求正文,,高三 吸烟危害 议论文,800
NY1,Y1,https://www.zuowen.com/e/20210306/60439158a6b5d.shtml,,高三议论文：说自己,2021-03-06,,,,网络资源,0,,0.0,拒绝,搜索标题与摘要主题不匹配，未请求正文,,高三 吸烟危害 议论文,900
NY1,Y1,https://www.zuowen.com/e/20210306/604391606aa02.shtml,,高三议论文：缅怀先烈勿忘国耻,2021-03-06,,,,网络资源,0,,0.0,拒绝,搜索标题与摘要主题不匹配，未请求正文,,高三 吸烟危害 议论文,900
NY1,Y1,https://www.zuowen.com/e/20210306/6043916277edb.shtml,,高三议论文：军魂犬魂,2021-03-06,,,,网络资源,0,,0.0,拒绝,搜索标题与摘要主题不匹配，未请求正文,,高三 吸烟危害 议论文,800
NY1,Y1,https://www.zuowen.com/e/20210306/60439167a56ff.shtml,,高三议论文：科技与生活,2021-03-06,,,,网络资源,0,,0.0,拒绝,搜索标题与摘要主题不匹配，未请求正文,,高三 吸烟危害 议论文,600
NY1,Y1,https://www.zuowen.com/e/20210306/604391775a966.shtml,,高三议论文：战胜挫折（二）,2021-03-06,,,,网络资源,0,,0.0,拒绝,搜索标题与摘要主题不匹配，未请求正文,,高三 吸烟危害 议论文,600
NY1,Y1,https://www.zuowen.com/e/20210306/60439181a133a.shtml,,高三议论文：换位思考,2021-03-06,,,,网络资源,0,,0.0,拒绝,搜索标题与摘要主题不匹配，未请求正文,,高三 吸烟危害 议论文,1000
NY1,Y1,https://www.zuowen.com/e/20210306/60439183b87b6.shtml,,高三议论文：换位思考（三）,2021-03-06,,,,网络资源,0,,0.0,拒绝,搜索标题与摘要主题不匹配，未请求正文,,高三 吸烟危害 议论文,900
NY1,Y1,https://www.zuowen.com/e/20210306/60439185e7076.shtml,,高三议论文：勤奋,2021-03-06,,,,网络资源,0,,0.0,拒绝,搜索标题与摘要主题不匹配，未请求正文,,高三 吸烟危害 议论文,550
NY1,Y1,https://www.zuowen.com/e/20091013/4b8bd3bd94aa3.shtml,,高中议论文范文： 议健康,2009-10-13,,,,网络资源,0,,0.0,拒绝,搜索标题与摘要主题不匹配，未请求正文,,高中 禁烟 议论文,550
NY1,Y1,https://www.zuowen.com/e/20091024/4b8bd4383d542.shtml,,杜绝网络成瘾，做文明青少年,2009-10-24,,,,本站原创,0,,0.0,拒绝,搜索标题与摘要主题不匹配，未请求正文,,青少年吸烟,
NY1,Y1,https://www.zuowen.com/e/20100723/4c4900dfe649a.shtml,,低碳生活手抄报—健康低碳生活,2010-07-23,,,,作文网,0,,0.0,拒绝,搜索标题与摘要主题不匹配，未请求正文,,健康生活,20
NY1,Y1,https://www.zuowen.com/e/20090809/4b8bcdafa2236.shtml,,给青少年网友的一封信,2009-08-09,,,,网络资源,0,,0.0,拒绝,搜索标题与摘要主题不匹配，未请求正文,,青少年吸烟,700
NY1,Y1,https://www.zuowen.com/e/20090825/4b8bce7460e16.shtml,,我热爱生活 我健康成长,2009-08-25,,,,网络资源,0,,0.0,拒绝,搜索标题与摘要主题不匹配，未请求正文,,健康生活,1200
NY1,Y1,https://www.zuowen.com/e/20091012/4b8bd3b741eb2.shtml,,高中议论文范文： 真正的高尚,2009-10-12,,,,网络资源,0,,0.0,拒绝,搜索标题与摘要主题不匹配，未请求正文,,高中 禁烟 议论文,800
NY1,Y1,https://www.zuowen.com/e/20091013/4b8bd3bd3ca10.shtml,,高中议论文范文： 谈诚信,2009-10-13,,,,网络资源,0,,0.0,拒绝,搜索标题与摘要主题不匹配，未请求正文,,高中 禁烟 议论文,900
NY1,Y1,https://www.zuowen.com/e/20091013/4b8bd3bd7816f.shtml,,高中议论文范文： 对着诱惑笑,2009-10-13,,,,网络资源,0,,0.0,拒绝,搜索标题与摘要主题不匹配，未请求正文,,高中 禁烟 议论文,900
NY1,Y1,https://www.zuowen.com/e/20091013/4b8bd3bd7f4e4.shtml,,高中议论文范文： 小议劳动与节俭,2009-10-13,,,,网络资源,0,,0.0,拒绝,搜索标题与摘要主题不匹配，未请求正文,,高中 禁烟 议论文,1200
NY1,Y1,https://www.zuowen.com/e/20091013/4b8bd3be065e4.shtml,,高中议论文范文： 尚俭戒奢谈,2009-10-13,,,,网络资源,0,,0.0,拒绝,搜索标题与摘要主题不匹配，未请求正文,,高中 禁烟 议论文,900
NY1,Y1,https://www.zuowen.com/e/20091013/4b8bd3be411d8.shtml,,高中议论文范文： 说平凡,2009-10-13,,,,网络资源,0,,0.0,拒绝,搜索标题与摘要主题不匹配，未请求正文,,高中 禁烟 议论文,650
NY1,Y1,https://www.zuowen.com/e/20120320/4f67e84d02cf9.shtml,,环保常识：油烟的危害,2012-03-20,,,,作文网整理,0,,0.0,拒绝,搜索标题与摘要主题不匹配，未请求正文,,吸烟危害,
NY1,Y1,https://www.zuowen.com/e/20120601/4fc83ecad7e5f.shtml,,青少年的近视治疗,2012-06-01,,,,作文网原创,0,,0.0,拒绝,搜索标题与摘要主题不匹配，未请求正文,,青少年吸烟,400
NY1,Y1,https://www.zuowen.com/e/20091012/4b8bd3b6bb8bc.shtml,,高中议论文范文： 我的金钱观,2009-10-12,,,,网络资源,0,,0.0,拒绝,搜索标题与摘要主题不匹配，未请求正文,,高中 禁烟 议论文,1500
NY1,Y1,https://www.zuowen.com/e/20091012/4b8bd3b7d52d5.shtml,,高中议论文范文： 君子之道,2009-10-12,,,,网络资源,0,,0.0,拒绝,搜索标题与摘要主题不匹配，未请求正文,,高中 禁烟 议论文,700
NY1,Y1,https://www.zuowen.com/e/20091012/4b8bd3b7e0695.shtml,,高中议论文范文： 得失并存,2009-10-12,,,,网络资源,0,,0.0,拒绝,搜索标题与摘要主题不匹配，未请求正文,,高中 禁烟 议论文,800
NY1,Y1,https://www.zuowen.com/e/20091012/4b8bd3b7e9cbd.shtml,,高中议论文范文： 幸福的味道,2009-10-12,,,,网络资源,0,,0.0,拒绝,搜索标题与摘要主题不匹配，未请求正文,,高中 禁烟 议论文,650
NY1,Y1,https://www.zuowen.com/e/20091012/4b8bd3b7efa81.shtml,,高中议论文范文： 竞争不应抛弃温情,2009-10-12,,,,网络资源,0,,0.0,拒绝,搜索标题与摘要主题不匹配，未请求正文,,高中 禁烟 议论文,900
NY1,Y1,https://www.zuowen.com/e/20091012/4b8bd3b82337d.shtml,,高中议论文范文： “尺长”岂能笑“寸短”,2009-10-12,,,,网络资源,0,,0.0,拒绝,搜索标题与摘要主题不匹配，未请求正文,,高中 禁烟 议论文,900
NY1,Y1,https://www.zuowen.com/e/20091012/4b8bd3b829147.shtml,,高中议论文范文： “为富”未必“不仁”,2009-10-12,,,,网络资源,0,,0.0,拒绝,搜索标题与摘要主题不匹配，未请求正文,,高中 禁烟 议论文,800
NY1,Y1,https://www.zuowen.com/e/20091013/4b8bd3bd717f5.shtml,,高中议论文范文： 论时尚,2009-10-13,,,,网络资源,0,,0.0,拒绝,搜索标题与摘要主题不匹配，未请求正文,,高中 禁烟 议论文,1200
NY1,Y1,https://www.zuowen.com/e/20091013/4b8bd3bd9be11.shtml,,高中议论文范文： 负重的意义,2009-10-13,,,,网络资源,0,,0.0,拒绝,搜索标题与摘要主题不匹配，未请求正文,,高中 禁烟 议论文,800
NY1,Y1,https://www.zuowen.com/e/20091013/4b8bd3bdf2729.shtml,,高中议论文范文： 廉洁,2009-10-13,,,,网络资源,0,,0.0,拒绝,搜索标题与摘要主题不匹配，未请求正文,,高中 禁烟 议论文,900
NY1,Y1,https://www.zuowen.com/e/20091013/4b8bd3be01f87.shtml,,高中议论文范文： 弱者？强者？,2009-10-13,,,,网络资源,0,,0.0,拒绝,搜索标题与摘要主题不匹配，未请求正文,,高中 禁烟 议论文,900
NY1,Y1,https://www.zuowen.com/e/20091013/4b8bd3be13b05.shtml,,高中议论文范文： 从两份调查说开去,2009-10-13,,,,网络资源,0,,0.0,拒绝,搜索标题与摘要主题不匹配，未请求正文,,高中 禁烟 议论文,800
NY1,Y1,https://www.zuowen.com/e/20091013/4b8bd3be24c8e.shtml,,高中议论文范文： 对手，亦是朋友,2009-10-13,,,,网络资源,0,,0.0,拒绝,搜索标题与摘要主题不匹配，未请求正文,,高中 禁烟 议论文,900
NY1,Y1,https://www.zuowen.com/e/20091013/4b8bd3be3237a.shtml,,高中议论文范文： 信念是人生的太阳,2009-10-13,,,,网络资源,0,,0.0,拒绝,搜索标题与摘要主题不匹配，未请求正文,,高中 禁烟 议论文,800
NY1,Y1,https://www.zuowen.com/e/20091017/4b8bd3e039558.shtml,,高中议论文范文：苦于甜 成与败！,2009-10-17,,,,网络资源,0,,0.0,拒绝,搜索标题与摘要主题不匹配，未请求正文,,高中 禁烟 议论文,1500
NY1,Y1,https://www.zuowen.com/e/20091020/4b8bd400d8926.shtml,,高中作文技巧：议论文如何做到有理有据,2009-10-20,,,,网络资源,0,,0.0,拒绝,搜索标题与摘要主题不匹配，未请求正文,,高中 禁烟 议论文,
NY1,Y1,https://www.zuowen.com/e/20091031/4b8bd46a0b7f2.shtml,,青少年要自立,2009-10-31,,,,网络资源,0,,0.0,拒绝,搜索标题与摘要主题不匹配，未请求正文,,青少年吸烟,750
NY1,Y1,https://www.zuowen.com/e/20091106/4b8bd49fa9e26.shtml,,高中议论文范文：我心里的那个女孩,2009-11-06,,,,E度社区,0,,0.0,拒绝,搜索标题与摘要主题不匹配，未请求正文,,高中 禁烟 议论文,1000
NY1,Y1,https://www.zuowen.com/e/20091107/4b8bd4af44778.shtml,,青少年的共鸣,2009-11-07,,,,网络资源,0,,0.0,拒绝,搜索标题与摘要主题不匹配，未请求正文,,青少年吸烟,450
NY1,Y1,https://www.zuowen.com/e/20091109/4b8bd4bd11354.shtml,,青少年时代,2009-11-09,,,,网络资源,0,,0.0,拒绝,搜索标题与摘要主题不匹配，未请求正文,,青少年吸烟,1000
NY1,Y1,https://www.zuowen.com/e/20091130/4b8bd58f987df.shtml,,共创健康美好生活,2009-11-30,,,,网络资源,0,,0.0,拒绝,搜索标题与摘要主题不匹配，未请求正文,,健康生活,1200
NY1,Y1,https://www.zuowen.com/e/20100817/4c69f5d17dfa1.shtml,,植被破坏的危害,2010-08-17,,,,作文网,0,,0.0,拒绝,搜索标题与摘要主题不匹配，未请求正文,,吸烟危害,
NY1,Y1,https://www.zuowen.com/e/20110510/4dc8e9e7868ee.shtml,,如何减少电脑辐射的危害,2011-05-10,,,,作文网整理,0,,0.0,拒绝,搜索标题与摘要主题不匹配，未请求正文,,吸烟危害,
NY1,Y1,https://www.zuowen.com/e/20111206/4edd6ecf6dad4.shtml,,魂术师的禁止令,2011-12-06,,,,作文网原创,0,,0.0,拒绝,搜索标题与摘要主题不匹配，未请求正文,,禁止吸烟,750
NY1,Y1,https://www.zuowen.com/e/20120704/4ff4090d626a4.shtml,,生活需要健康，让我们一齐活在快乐里,2012-07-04,,,,作文网原创,0,,0.0,拒绝,搜索标题与摘要主题不匹配，未请求正文,,健康生活,700
NY1,Y1,https://www.zuowen.com/e/20120921/505bb93c56c97.shtml,,娱乐结合运动，健康课余生活,2012-09-21,,,,作文网原创,0,,0.0,拒绝,搜索标题与摘要主题不匹配，未请求正文,,健康生活,400
NY1,Y1,https://www.zuowen.com/e/20090731/4b8bcd461e66d.shtml,,高中议论文范文 超越自我,2009-07-31,,,,网络资源,0,,0.0,拒绝,搜索标题与摘要主题不匹配，未请求正文,,高中 禁烟 议论文,800
NY1,Y1,https://www.zuowen.com/e/20090810/4b8bcdb9a727d.shtml,,青少年成功的10个好习惯,2009-08-10,,,,网络资源,0,,0.0,拒绝,搜索标题与摘要主题不匹配，未请求正文,,青少年吸烟,
NY1,Y1,https://www.zuowen.com/e/20090907/4b8bcf5d5dd22.shtml,,青少年的可善,2009-09-07,,,,网络资源,0,,0.0,拒绝,搜索标题与摘要主题不匹配，未请求正文,,青少年吸烟,800
NY1,Y1,https://www.zuowen.com/e/20090909/4b8bcf829f003.shtml,,青少年的可善,2009-09-09,,,,网络资源,0,,0.0,拒绝,搜索标题与摘要主题不匹配，未请求正文,,青少年吸烟,800
NY1,Y1,https://www.zuowen.com/e/20091012/4b8bd3b69d815.shtml,,高中议论文范文： 学海无涯苦作舟,2009-10-12,,,,网络资源,0,,0.0,拒绝,搜索标题与摘要主题不匹配，未请求正文,,高中 禁烟 议论文,800
NY1,Y1,https://www.zuowen.com/e/20091012/4b8bd3b6aab1a.shtml,,高中议论文范文： 成功的背后是汗水,2009-10-12,,,,网络资源,0,,0.0,拒绝,搜索标题与摘要主题不匹配，未请求正文,,高中 禁烟 议论文,800
NY1,Y1,https://www.zuowen.com/e/20091012/4b8bd3b6b4f3a.shtml,,高中议论文范文：有志者事竟成,2009-10-12,,,,网络资源,0,,0.0,拒绝,搜索标题与摘要主题不匹配，未请求正文,,高中 禁烟 议论文,800
NY1,Y1,https://www.zuowen.com/e/20091012/4b8bd3b6bff12.shtml,,高中议论文范文： 时间与勤奋,2009-10-12,,,,网络资源,0,,0.0,拒绝,搜索标题与摘要主题不匹配，未请求正文,,高中 禁烟 议论文,650
NY1,Y1,https://www.zuowen.com/e/20091012/4b8bd3b6c744d.shtml,,高中议论文范文： 理想与成功,2009-10-12,,,,网络资源,0,,0.0,拒绝,搜索标题与摘要主题不匹配，未请求正文,,高中 禁烟 议论文,750
NY1,Y1,https://www.zuowen.com/e/20091012/4b8bd3b6d00fb.shtml,,高中议论文范文： 梅花香自苦寒来,2009-10-12,,,,网络资源,0,,0.0,拒绝,搜索标题与摘要主题不匹配，未请求正文,,高中 禁烟 议论文,750
NY1,Y1,https://www.zuowen.com/e/20091012/4b8bd3b6dc845.shtml,,高中议论文范文： 人生因永不言弃而精彩,2009-10-12,,,,网络资源,0,,0.0,拒绝,搜索标题与摘要主题不匹配，未请求正文,,高中 禁烟 议论文,1000
NY1,Y1,https://www.zuowen.com/e/20091012/4b8bd3b6e54f2.shtml,,高中议论文范文： 一个城市可以不死,2009-10-12,,,,网络资源,0,,0.0,拒绝,搜索标题与摘要主题不匹配，未请求正文,,高中 禁烟 议论文,800
NY1,Y1,https://www.zuowen.com/e/20091012/4b8bd3b6eb2bb.shtml,,高中议论文范文： 远近焦距,2009-10-12,,,,网络资源,0,,0.0,拒绝,搜索标题与摘要主题不匹配，未请求正文,,高中 禁烟 议论文,900
NY1,Y1,https://www.zuowen.com/e/20091012/4b8bd3b7008e1.shtml,,高中议论文范文： “精神的三间小屋”,2009-10-12,,,,网络资源,0,,0.0,拒绝,搜索标题与摘要主题不匹配，未请求正文,,高中 禁烟 议论文,900
NY1,Y1,https://www.zuowen.com/e/20091012/4b8bd3b70958e.shtml,,高中议论文范文： 不要轻易说“不”,2009-10-12,,,,网络资源,0,,0.0,拒绝,搜索标题与摘要主题不匹配，未请求正文,,高中 禁烟 议论文,1200
NY1,Y1,https://www.zuowen.com/e/20091012/4b8bd3b711682.shtml,,高中议论文范文： 过分珍惜是一种错,2009-10-12,,,,网络资源,0,,0.0,拒绝,搜索标题与摘要主题不匹配，未请求正文,,高中 禁烟 议论文,800
NY1,Y1,https://www.zuowen.com/e/20091012/4b8bd3b726afe.shtml,,高中议论文范文： 睹一蕊而晓春将至,2009-10-12,,,,网络资源,0,,0.0,拒绝,搜索标题与摘要主题不匹配，未请求正文,,高中 禁烟 议论文,900
NY1,Y1,https://www.zuowen.com/e/20091012/4b8bd3b72d3f8.shtml,,高中议论文范文： 朝晖夕晒,2009-10-12,,,,网络资源,0,,0.0,拒绝,搜索标题与摘要主题不匹配，未请求正文,,高中 禁烟 议论文,1000
NY1,Y1,https://www.zuowen.com/e/20091012/4b8bd3b736c5c.shtml,,高中议论文范文： “一毫米”的高大,2009-10-12,,,,网络资源,0,,0.0,拒绝,搜索标题与摘要主题不匹配，未请求正文,,高中 禁烟 议论文,750
NY1,Y1,https://www.zuowen.com/e/20091012/4b8bd3b73ca25.shtml,,高中议论文范文： 论权力与能力,2009-10-12,,,,网络资源,0,,0.0,拒绝,搜索标题与摘要主题不匹配，未请求正文,,高中 禁烟 议论文,800
NY1,Y1,https://www.zuowen.com/e/20091012/4b8bd3b7456d3.shtml,,高中议论文范文： 从困难中获得辉煌,2009-10-12,,,,网络资源,0,,0.0,拒绝,搜索标题与摘要主题不匹配，未请求正文,,高中 禁烟 议论文,800
NY1,Y1,https://www.zuowen.com/e/20091012/4b8bd3b74da44.shtml,,高中议论文范文： 毅力造就辉煌人生,2009-10-12,,,,网络资源,0,,0.0,拒绝,搜索标题与摘要主题不匹配，未请求正文,,高中 禁烟 议论文,900
NY1,Y1,https://www.zuowen.com/e/20091012/4b8bd3b7543c6.shtml,,高中议论文范文： 固守心灵的风景,2009-10-12,,,,网络资源,0,,0.0,拒绝,搜索标题与摘要主题不匹配，未请求正文,,高中 禁烟 议论文,1000
NY1,Y1,https://www.zuowen.com/e/20091012/4b8bd3b758a1d.shtml,,高中议论文范文： 点亮世界的渺小,2009-10-12,,,,网络资源,0,,0.0,拒绝,搜索标题与摘要主题不匹配，未请求正文,,高中 禁烟 议论文,900
NY1,Y1,https://www.zuowen.com/e/20091012/4b8bd3b75b901.shtml,,高中议论文范文： 人生的三重境界,2009-10-12,,,,网络资源,0,,0.0,拒绝,搜索标题与摘要主题不匹配，未请求正文,,高中 禁烟 议论文,1500
NY1,Y1,https://www.zuowen.com/e/20091012/4b8bd3b76144f.shtml,,高中议论文范文： 嫩竹犹含粉，初荷未聚尘,2009-10-12,,,,网络资源,0,,0.0,拒绝,搜索标题与摘要主题不匹配，未请求正文,,高中 禁烟 议论文,900
NY1,Y1,https://www.zuowen.com/e/20091012/4b8bd3b764eec.shtml,,高中议论文范文： 思考高贵,2009-10-12,,,,网络资源,0,,0.0,拒绝,搜索标题与摘要主题不匹配，未请求正文,,高中 禁烟 议论文,750
NY1,Y1,https://www.zuowen.com/e/20091012/4b8bd3b76c6a3.shtml,,高中议论文范文： 积极的消极者,2009-10-12,,,,网络资源,0,,0.0,拒绝,搜索标题与摘要主题不匹配，未请求正文,,高中 禁烟 议论文,900
NY1,Y1,https://www.zuowen.com/e/20091012/4b8bd3b773026.shtml,,高中议论文范文： 沉默中的等待,2009-10-12,,,,网络资源,0,,0.0,拒绝,搜索标题与摘要主题不匹配，未请求正文,,高中 禁烟 议论文,1500
NY1,Y1,https://www.zuowen.com/e/20091012/4b8bd3b77767d.shtml,,高中议论文范文： 民族精神,2009-10-12,,,,网络资源,0,,0.0,拒绝,搜索标题与摘要主题不匹配，未请求正文,,高中 禁烟 议论文,900
NY1,Y1,https://www.zuowen.com/e/20091012/4b8bd3b77c611.shtml,,高中议论文范文： 呼唤诗歌,2009-10-12,,,,网络资源,0,,0.0,拒绝,搜索标题与摘要主题不匹配，未请求正文,,高中 禁烟 议论文,900
NY1,Y1,https://www.zuowen.com/e/20091012/4b8bd3b781820.shtml,,高中议论文范文： 宝剑峰从磨砺出,2009-10-12,,,,网络资源,0,,0.0,拒绝,搜索标题与摘要主题不匹配，未请求正文,,高中 禁烟 议论文,900
NY1,Y1,https://www.zuowen.com/e/20091012/4b8bd3b788fb3.shtml,,高中议论文范文： 幸福与你同在,2009-10-12,,,,网络资源,0,,0.0,拒绝,搜索标题与摘要主题不匹配，未请求正文,,高中 禁烟 议论文,900
NY1,Y1,https://www.zuowen.com/e/20091012/4b8bd3b796060.shtml,,高中议论文范文： 生命的价值，灵魂的重量,2009-10-12,,,,网络资源,0,,0.0,拒绝,搜索标题与摘要主题不匹配，未请求正文,,高中 禁烟 议论文,800
NY1,Y1,https://www.zuowen.com/e/20091012/4b8bd3b79e157.shtml,,高中议论文范文： 交往之花，在生命中绽放,2009-10-12,,,,网络资源,0,,0.0,拒绝,搜索标题与摘要主题不匹配，未请求正文,,高中 禁烟 议论文,1000
NY1,Y1,https://www.zuowen.com/e/20091012/4b8bd3b7a58e2.shtml,,高中议论文范文： 取舍,2009-10-12,,,,网络资源,0,,0.0,拒绝,搜索标题与摘要主题不匹配，未请求正文,,高中 禁烟 议论文,750
NY1,Y1,https://www.zuowen.com/e/20091012/4b8bd3b7ad78b.shtml,,高中议论文范文： 人生的航向,2009-10-12,,,,网络资源,0,,0.0,拒绝,搜索标题与摘要主题不匹配，未请求正文,,高中 禁烟 议论文,800
NY1,Y1,https://www.zuowen.com/e/20091012/4b8bd3b7b3551.shtml,,高中议论文范文： 智慧的轻舟,2009-10-12,,,,网络资源,0,,0.0,拒绝,搜索标题与摘要主题不匹配，未请求正文,,高中 禁烟 议论文,1500
NY1,Y1,https://www.zuowen.com/e/20091012/4b8bd3b7ba11e.shtml,,高中议论文范文： 天下大爱,2009-10-12,,,,网络资源,0,,0.0,拒绝,搜索标题与摘要主题不匹配，未请求正文,,高中 禁烟 议论文,900
NY1,Y1,https://www.zuowen.com/e/20091012/4b8bd3b7c2dc0.shtml,,高中议论文范文： 石像私语,2009-10-12,,,,网络资源,0,,0.0,拒绝,搜索标题与摘要主题不匹配，未请求正文,,高中 禁烟 议论文,1000
NY1,Y1,https://www.zuowen.com/e/20091012/4b8bd3b7c685a.shtml,,高中议论文范文： 谈竞争,2009-10-12,,,,网络资源,0,,0.0,拒绝,搜索标题与摘要主题不匹配，未请求正文,,高中 禁烟 议论文,900
NY1,Y1,https://www.zuowen.com/e/20091012/4b8bd3b7caeac.shtml,,高中议论文范文： 别把眼“见”全当“实”,2009-10-12,,,,网络资源,0,,0.0,拒绝,搜索标题与摘要主题不匹配，未请求正文,,高中 禁烟 议论文,900
NY1,Y1,https://www.zuowen.com/e/20091012/4b8bd3b7d0c74.shtml,,高中议论文范文： 忘记与铭记,2009-10-12,,,,网络资源,0,,0.0,拒绝,搜索标题与摘要主题不匹配，未请求正文,,高中 禁烟 议论文,900
NY1,Y1,https://www.zuowen.com/e/20091012/4b8bd3b7dfadc.shtml,,高中议论文范文： 战鸽，战歌,2009-10-12,,,,网络资源,0,,0.0,拒绝,搜索标题与摘要主题不匹配，未请求正文,,高中 禁烟 议论文,1200
NY1,Y1,https://www.zuowen.com/e/20091012/4b8bd3b7e29c1.shtml,,高中议论文范文： 勇敢面对一切,2009-10-12,,,,网络资源,0,,0.0,拒绝,搜索标题与摘要主题不匹配，未请求正文,,高中 禁烟 议论文,500
NY1,Y1,https://www.zuowen.com/e/20091012/4b8bd3b800a51.shtml,,高中议论文范文： “惟苦学论”可以休矣,2009-10-12,,,,网络资源,0,,0.0,拒绝,搜索标题与摘要主题不匹配，未请求正文,,高中 禁烟 议论文,1200
NY1,Y1,https://www.zuowen.com/e/20091012/4b8bd3b807f8c.shtml,,高中议论文范文： 学贵有恒,2009-10-12,,,,网络资源,0,,0.0,拒绝,搜索标题与摘要主题不匹配，未请求正文,,高中 禁烟 议论文,1200
NY1,Y1,https://www.zuowen.com/e/20091012/4b8bd3b80f4c6.shtml,,高中议论文范文： 习惯,2009-10-12,,,,网络资源,0,,0.0,拒绝,搜索标题与摘要主题不匹配，未请求正文,,高中 禁烟 议论文,1000
NY1,Y1,https://www.zuowen.com/e/20091012/4b8bd3b8175ba.shtml,,高中议论文范文： 代沟，不填也罢,2009-10-12,,,,网络资源,0,,0.0,拒绝,搜索标题与摘要主题不匹配，未请求正文,,高中 禁烟 议论文,1200
NY1,Y1,https://www.zuowen.com/e/20091012/4b8bd3b81c7c9.shtml,,高中议论文范文： “弄斧”就要到“班门”,2009-10-12,,,,网络资源,0,,0.0,拒绝,搜索标题与摘要主题不匹配，未请求正文,,高中 禁烟 议论文,800
NY1,Y1,https://www.zuowen.com/e/20091012/4b8bd3b82ecda.shtml,,高中议论文范文： 位置与价值,2009-10-12,,,,网络资源,0,,0.0,拒绝,搜索标题与摘要主题不匹配，未请求正文,,高中 禁烟 议论文,700
NY1,Y1,https://www.zuowen.com/e/20091013/4b8bd3bd379eb.shtml,,高中议论文范文： 雕刻心中的天使,2009-10-13,,,,网络资源,0,,0.0,拒绝,搜索标题与摘要主题不匹配，未请求正文,,高中 禁烟 议论文,800
NY1,Y1,https://www.zuowen.com/e/20091013/4b8bd3bd54ed1.shtml,,高中议论文范文： 谎话未必不可说,2009-10-13,,,,网络资源,0,,0.0,拒绝,搜索标题与摘要主题不匹配，未请求正文,,高中 禁烟 议论文,800
NY1,Y1,https://www.zuowen.com/e/20091013/4b8bd3bd6a2c2.shtml,,高中议论文范文： 做人，从失败开始,2009-10-13,,,,网络资源,0,,0.0,拒绝,搜索标题与摘要主题不匹配，未请求正文,,高中 禁烟 议论文,650
NY1,Y1,https://www.zuowen.com/e/20091013/4b8bd3bd6dd5c.shtml,,高中议论文范文： 论学习的乐趣,2009-10-13,,,,网络资源,0,,0.0,拒绝,搜索标题与摘要主题不匹配，未请求正文,,高中 禁烟 议论文,800
NY1,Y1,https://www.zuowen.com/e/20091013/4b8bd3bd73b1e.shtml,,高中议论文范文： 一步与一生,2009-10-13,,,,网络资源,0,,0.0,拒绝,搜索标题与摘要主题不匹配，未请求正文,,高中 禁烟 议论文,900
NY1,Y1,https://www.zuowen.com/e/20091013/4b8bd3bd7d1b3.shtml,,高中议论文范文： 找到人生的支点,2009-10-13,,,,网络资源,0,,0.0,拒绝,搜索标题与摘要主题不匹配，未请求正文,,高中 禁烟 议论文,1000
NY1,Y1,https://www.zuowen.com/e/20091013/4b8bd3bd8258c.shtml,,高中议论文范文： 谈面子,2009-10-13,,,,网络资源,0,,0.0,拒绝,搜索标题与摘要主题不匹配，未请求正文,,高中 禁烟 议论文,700
NY1,Y1,https://www.zuowen.com/e/20091013/4b8bd3bd86029.shtml,,高中议论文范文： 学会珍惜,2009-10-13,,,,网络资源,0,,0.0,拒绝,搜索标题与摘要主题不匹配，未请求正文,,高中 禁烟 议论文,750
NY1,Y1,https://www.zuowen.com/e/20091013/4b8bd3bd8b070.shtml,,高中议论文范文： 出路,2009-10-13,,,,网络资源,0,,0.0,拒绝,搜索标题与摘要主题不匹配，未请求正文,,高中 禁烟 议论文,800
NY1,Y1,https://www.zuowen.com/e/20091013/4b8bd3bd8eb0e.shtml,,高中议论文范文： 不要为失去悲伤,2009-10-13,,,,网络资源,0,,0.0,拒绝,搜索标题与摘要主题不匹配，未请求正文,,高中 禁烟 议论文,500
NY1,Y1,https://www.zuowen.com/e/20091013/4b8bd3bdd2f13.shtml,,高中议论文范文： 争出胜利,2009-10-13,,,,网络资源,0,,0.0,拒绝,搜索标题与摘要主题不匹配，未请求正文,,高中 禁烟 议论文,800
NY1,Y1,https://www.zuowen.com/e/20091013/4b8bd3bdd8123.shtml,,高中议论文范文： 逆境造就人才,2009-10-13,,,,网络资源,0,,0.0,拒绝,搜索标题与摘要主题不匹配，未请求正文,,高中 禁烟 议论文,800
NY1,Y1,https://www.zuowen.com/e/20091013/4b8bd3bddc5b3.shtml,,高中议论文范文： 物有所值，学有所成,2009-10-13,,,,网络资源,0,,0.0,拒绝,搜索标题与摘要主题不匹配，未请求正文,,高中 禁烟 议论文,600
NY1,Y1,https://www.zuowen.com/e/20091013/4b8bd3bde5426.shtml,,高中议论文范文： 牢记与忘却,2009-10-13,,,,网络资源,0,,0.0,拒绝,搜索标题与摘要主题不匹配，未请求正文,,高中 禁烟 议论文,1500
NY1,Y1,https://www.zuowen.com/e/20091013/4b8bd3bded354.shtml,,高中议论文范文： 超越自我,2009-10-13,,,,网络资源,0,,0.0,拒绝,搜索标题与摘要主题不匹配，未请求正文,,高中 禁烟 议论文,800
NY1,Y1,https://www.zuowen.com/e/20091013/4b8bd3be0ba10.shtml,,高中议论文范文： 为草木辩护,2009-10-13,,,,网络资源,0,,0.0,拒绝,搜索标题与摘要主题不匹配，未请求正文,,高中 禁烟 议论文,900
NY1,Y1,https://www.zuowen.com/e/20091013/4b8bd3be0f4ad.shtml,,高中议论文范文： 兴趣小议,2009-10-13,,,,网络资源,0,,0.0,拒绝,搜索标题与摘要主题不匹配，未请求正文,,高中 禁烟 议论文,1000
NY1,Y1,https://www.zuowen.com/e/20091013/4b8bd3be175a2.shtml,,高中议论文范文： 一念之间,2009-10-13,,,,网络资源,0,,0.0,拒绝,搜索标题与摘要主题不匹配，未请求正文,,高中 禁烟 议论文,800
NY1,Y1,https://www.zuowen.com/e/20091013/4b8bd3be292e5.shtml,,高中议论文范文： 曲折也是一种美丽,2009-10-13,,,,网络资源,0,,0.0,拒绝,搜索标题与摘要主题不匹配，未请求正文,,高中 禁烟 议论文,1000
NY1,Y1,https://www.zuowen.com/e/20091013/4b8bd3be2e8dc.shtml,,高中议论文范文： 警惕人生的习惯,2009-10-13,,,,网络资源,0,,0.0,拒绝,搜索标题与摘要主题不匹配，未请求正文,,高中 禁烟 议论文,1000
NY1,Y1,https://www.zuowen.com/e/20091013/4b8bd3be3525e.shtml,,高中议论文范文： 多多未必益善,2009-10-13,,,,网络资源,0,,0.0,拒绝,搜索标题与摘要主题不匹配，未请求正文,,高中 禁烟 议论文,800
NY1,Y1,https://www.zuowen.com/e/20091013/4b8bd3be3b410.shtml,,高中议论文范文： 议比上不足比下有余,2009-10-13,,,,网络资源,0,,0.0,拒绝,搜索标题与摘要主题不匹配，未请求正文,,高中 禁烟 议论文,900
NY1,Y1,https://www.zuowen.com/e/20091020/4b8bd400430c8.shtml,,高中作文技巧：考场议论文好把握,2009-10-20,,,,网络资源,0,,0.0,拒绝,搜索标题与摘要主题不匹配，未请求正文,,高中 禁烟 议论文,
NY1,Y1,https://www.zuowen.com/e/20091020/4b8bd4007f279.shtml,,高中作文技巧：议论文的成败,2009-10-20,,,,网络资源,0,,0.0,拒绝,搜索标题与摘要主题不匹配，未请求正文,,高中 禁烟 议论文,
NY1,Y1,https://www.zuowen.com/e/20091106/4b8bd49f8c16e.shtml,,高中议论文范文：我读忧愁,2009-11-06,,,,E度社区,0,,0.0,拒绝,搜索标题与摘要主题不匹配，未请求正文,,高中 禁烟 议论文,1200
NY1,Y1,https://www.zuowen.com/e/20091106/4b8bd49f98ca2.shtml,,高中议论文范文：我理解的“雷池”,2009-11-06,,,,E度社区,0,,0.0,拒绝,搜索标题与摘要主题不匹配，未请求正文,,高中 禁烟 议论文,800
NY1,Y1,https://www.zuowen.com/e/20091106/4b8bd49f9fa0d.shtml,,高中议论文范文：诗意or失意的人生？,2009-11-06,,,,E度社区,0,,0.0,拒绝,搜索标题与摘要主题不匹配，未请求正文,,高中 禁烟 议论文,1000
NY1,Y1,https://www.zuowen.com/e/20091106/4b8bd49fa30c2.shtml,,高中议论文范文：回归·破碎,2009-11-06,,,,E度社区,0,,0.0,拒绝,搜索标题与摘要主题不匹配，未请求正文,,高中 禁烟 议论文,1200
NY1,Y1,https://www.zuowen.com/e/20091106/4b8bd49fa6776.shtml,,高中议论文范文：我为何而生,2009-11-06,,,,E度社区,0,,0.0,拒绝,搜索标题与摘要主题不匹配，未请求正文,,高中 禁烟 议论文,1200
NY1,Y1,https://www.zuowen.com/e/20091106/4b8bd49fb26e2.shtml,,高中议论文范文：游北京、天津有感,2009-11-06,,,,E度社区,0,,0.0,拒绝,搜索标题与摘要主题不匹配，未请求正文,,高中 禁烟 议论文,3000
NY1,Y1,https://www.zuowen.com/e/20091106/4b8bd49fb78ed.shtml,,高中议论文范文：《理智与情感》的内涵,2009-11-06,,,,彼岸花,0,,0.0,拒绝,搜索标题与摘要主题不匹配，未请求正文,,高中 禁烟 议论文,900
NY1,Y1,https://www.zuowen.com/e/20091106/4b8bd49fc0dee.shtml,,高中议论文范文：活着的意义,2009-11-06,,,,E度社区,0,,0.0,拒绝,搜索标题与摘要主题不匹配，未请求正文,,高中 禁烟 议论文,800
NY1,Y1,https://www.zuowen.com/e/20091106/4b8bd49fc2949.shtml,,高中议论文范文：苏轼—婉约词永远的绝唱,2009-11-06,,,,秋思儿,0,,0.0,拒绝,搜索标题与摘要主题不匹配，未请求正文,,高中 禁烟 议论文,1500
NY1,Y1,https://www.zuowen.com/e/20110421/4dafea9c50ecb.shtml,,赠与青少年的名人名言,2011-04-21,,,,作文网整理,0,,0.0,拒绝,搜索标题与摘要主题不匹配，未请求正文,,青少年吸烟,
NY1,Y1,https://www.zuowen.com/e/20120921/505c3498ba1c1.shtml,,高中议论文写作指导,2012-09-21,,,,作文网整理,0,,0.0,拒绝,搜索标题与摘要主题不匹配，未请求正文,,高中 禁烟 议论文,
NY1,Y1,https://www.zuowen.com/e/20130220/5124d691ad448.shtml,,日本人禁止入内,2013-02-20,,,,作文网原创,0,,0.0,拒绝,搜索标题与摘要主题不匹配，未请求正文,,禁止吸烟,150
NY1,Y1,https://www.zuowen.com/e/20130424/517747b53d4f0.shtml,,关于青少年的名言,2013-04-24,,,,作文网整理,0,,0.0,拒绝,搜索标题与摘要主题不匹配，未请求正文,,青少年吸烟,800
NY1,Y1,https://www.zuowen.com/e/20140216/5300ca4f43d5d.shtml,,珍惜生命 珍爱健康,2014-02-16,,,,作文网原创,0,,0.0,拒绝,搜索标题与摘要主题不匹配，未请求正文,,高中 珍爱生命 健康,800
NY1,Y1,https://www.zuowen.com/e/20140305/53172c3a0b938.shtml,,珍惜生命，珍爱健康,2014-03-05,,,,作文网原创,0,,0.0,拒绝,搜索标题与摘要主题不匹配，未请求正文,,高中 珍爱生命 健康,800
NY1,Y1,https://www.zuowen.com/e/20140124/52e271eda2b4c.shtml,,青少年森林碳汇基地,2014-01-24,,,,作文网原创,0,,0.0,拒绝,搜索标题与摘要主题不匹配，未请求正文,,青少年吸烟,650
NY1,Y1,https://www.zuowen.com/e/20140423/5356fdf8c361b.shtml,,青少年的理想归宿,2014-04-23,,,,作文网原创,0,,0.0,拒绝,搜索标题与摘要主题不匹配，未请求正文,,青少年吸烟,800
NY1,Y1,https://www.zuowen.com/e/20140508/536b98172c420.shtml,,青少年,2014-05-08,,,,作文网原创,0,,0.0,拒绝,搜索标题与摘要主题不匹配，未请求正文,,青少年吸烟,350
NY1,Y1,https://www.zuowen.com/e/20140902/540571ca27af7.shtml,,青少年，不要拒绝成长,2014-09-02,,,,作文网原创,0,,0.0,拒绝,搜索标题与摘要主题不匹配，未请求正文,,青少年吸烟,1000
NY1,Y1,https://www.zuowen.com/e/20140322/532db255849b8.shtml,,教育后成长的青少年,2014-03-22,,,,作文网原创,0,,0.0,拒绝,搜索标题与摘要主题不匹配，未请求正文,,青少年吸烟,550
NY1,Y1,https://www.zuowen.com/e/20151116/5649ab8c14e17.shtml,,毒品的危害,2015-11-16,,,,作文网原创,0,,0.0,拒绝,搜索标题与摘要主题不匹配，未请求正文,,吸烟危害,150
NY1,Y1,https://www.zuowen.com/e/20151208/56668e7a72a5c.shtml,,健康的生活,2015-12-08,,,,作文网原创,0,,0.0,拒绝,搜索标题与摘要主题不匹配，未请求正文,,健康生活,750
NY1,Y1,https://www.zuowen.com/e/20150504/554734f293138.shtml,,当代青少年失去的东西,2015-05-04,,,,作文网原创,0,,0.0,拒绝,搜索标题与摘要主题不匹配，未请求正文,,青少年吸烟,600
NY1,Y1,https://www.zuowen.com/e/20151008/561645b52cd07.shtml,,高中议论文素材：活在当下,2015-10-08,,,,作文网整合,0,,0.0,拒绝,搜索标题与摘要主题不匹配，未请求正文,,高中 禁烟 议论文,
NY1,Y1,https://www.zuowen.com/e/20160127/56a8774ab2164.shtml,,《全国青少年网络文明公约》倡议书,2016-01-27,,,,作文网整合,0,,0.0,拒绝,搜索标题与摘要主题不匹配，未请求正文,,青少年吸烟,
NY1,Y1,https://www.zuowen.com/e/20160128/56a9bdb8786f8.shtml,,青少年暑期活动方案,2016-01-28,,,,作文网整合,0,,0.0,拒绝,搜索标题与摘要主题不匹配，未请求正文,,青少年吸烟,
NY1,Y1,https://www.zuowen.com/e/20160104/568a44e7c6b0a.shtml,,雾霾的危害英语作文,2016-01-04,,,,作文网整合,0,,0.0,拒绝,搜索标题与摘要主题不匹配，未请求正文,,吸烟危害,
NY1,Y1,https://www.zuowen.com/e/20160105/568b3bad7c9ba.shtml,,雾霾对人体的危害英语作文,2016-01-05,,,,作文网整合,0,,0.0,拒绝,搜索标题与摘要主题不匹配，未请求正文,,吸烟危害,
NY1,Y1,https://www.zuowen.com/e/20160127/56a86afb1ff51.shtml,,社区寒假青少年教育活动计划,2016-01-27,,,,作文网整合,0,,0.0,拒绝,搜索标题与摘要主题不匹配，未请求正文,,青少年吸烟,
NY1,Y1,https://www.zuowen.com/e/20160128/56a9c00d93783.shtml,,暑期青少年读书活动方案,2016-01-28,,,,作文网整合,0,,0.0,拒绝,搜索标题与摘要主题不匹配，未请求正文,,青少年吸烟,
NY1,Y1,https://www.zuowen.com/e/20160226/56cfef4b85ede.shtml,,二十五史宋书 萧惠开令行禁止,2016-02-26,,,,作文网整合,0,,0.0,拒绝,搜索标题与摘要主题不匹配，未请求正文,,禁止吸烟,
NY1,Y1,https://www.zuowen.com/e/20160226/56cff37653ad7.shtml,,懒惰之危害,2016-02-26,,,,作文网整合,0,,0.0,拒绝,搜索标题与摘要主题不匹配，未请求正文,,吸烟危害,
NY1,Y1,https://www.zuowen.com/e/20160127/56a8484d73505.shtml,,青少年入团申请书,2016-01-27,,,,作文网整合,0,,0.0,拒绝,搜索标题与摘要主题不匹配，未请求正文,,青少年吸烟,
NY1,Y1,https://www.zuowen.com/e/20160128/56a9be7ba9a25.shtml,,青少年校外活动方案,2016-01-28,,,,作文网整合,0,,0.0,拒绝,搜索标题与摘要主题不匹配，未请求正文,,青少年吸烟,
NY1,Y1,https://www.zuowen.com/e/20160128/56a9bf169fdff.shtml,,2014年青少年科普节活动方案,2016-01-28,,,,作文网整合,0,,0.0,拒绝,搜索标题与摘要主题不匹配，未请求正文,,青少年吸烟,
NY1,Y1,https://www.zuowen.com/e/20160128/56a9c01025992.shtml,,青少年法制教育月活动方案,2016-01-28,,,,作文网整合,0,,0.0,拒绝,搜索标题与摘要主题不匹配，未请求正文,,青少年吸烟,
NY1,Y1,https://www.zuowen.com/e/20170420/58f872b42e724.shtml,,青少年宫活动,2017-04-20,,,,作文网原创,0,,0.0,拒绝,搜索标题与摘要主题不匹配，未请求正文,,青少年吸烟,600
NY1,Y1,https://www.zuowen.com/e/20180505/5aed70194ddc2.shtml,,快乐生活，心理健康,2018-05-05,,,,本站原创,0,,0.0,拒绝,搜索标题与摘要主题不匹配，未请求正文,,健康生活,20
NY1,Y1,https://www.zuowen.com/e/20180622/5b2c5ba58c32f.shtml,,珍惜生命，珍爱健康,2018-06-22,,,,作文网整合,0,,0.0,拒绝,搜索标题与摘要主题不匹配，未请求正文,,高中 珍爱生命 健康,800
NY1,Y1,https://www.zuowen.com/e/20180628/5b345f017e4fc.shtml,,健康的生活方式The Healthy Lifestyle,2018-06-28,,,,作文网整理,0,,0.0,拒绝,搜索标题与摘要主题不匹配，未请求正文,,健康生活,1200
NY1,Y1,https://www.zuowen.com/e/20180802/5b6296399d161.shtml,,维护青少年网络正义,2018-08-02,,,,作文网整理,0,,0.0,拒绝,搜索标题与摘要主题不匹配，未请求正文,,青少年吸烟,1500
NY1,Y1,https://www.zuowen.com/e/20180815/5b739cafacc83.shtml,,美好生活 从健康开始,2018-08-15,,,,作文网整理,0,,0.0,拒绝,搜索标题与摘要主题不匹配，未请求正文,,健康生活,500
NY1,Y1,https://www.zuowen.com/e/20180313/5aa775b5a87c1.shtml,,当代青少年失去的东西,2018-03-13,,,,本站原创,0,,0.0,拒绝,搜索标题与摘要主题不匹配，未请求正文,,青少年吸烟,550
NY1,Y1,https://www.zuowen.com/e/20180614/5b21b6dc3656d.shtml,,中国青少年,2018-06-14,,,,作文网整合,0,,0.0,拒绝,搜索标题与摘要主题不匹配，未请求正文,,青少年吸烟,1200
NY1,Y1,https://www.zuowen.com/e/20190825/5d62556ca0979.shtml,,六年级议论文：网络的危害,2019-08-25,,,,网络资源,0,,0.0,拒绝,搜索标题与摘要主题不匹配，未请求正文,,高一 吸烟危害 议论文,750
NY1,Y1,https://www.zuowen.com/e/20190730/5d4008344f031.shtml,,六年级议论文：高中弘扬民族精神，让红领巾更加鲜艳,2019-07-30,,,,网络资源,0,,0.0,拒绝,搜索标题与摘要主题不匹配，未请求正文,,高中 禁烟 议论文,800
NY1,Y1,https://www.zuowen.com/e/20041021/4b8bc949dbd7f.shtml,,青少年的五大“健康问题”,2004-10-21,,,,中国家庭网,0,,0.0,拒绝,搜索标题与摘要主题不匹配，未请求正文,,青少年吸烟,
NY1,Y1,https://www.zuowen.com/e/20210114/600018d586c69.shtml,,写作方法：高中生议论文如何写,2021-01-14,,,,网络资源,0,,0.0,拒绝,搜索标题与摘要主题不匹配，未请求正文,,高中 禁烟 议论文,2000
NY1,Y1,https://www.zuowen.com/e/20210115/6000f0f4abc5c.shtml,,写作基础：高中议论文,2021-01-15,,,,网络资源,0,,0.0,拒绝,搜索标题与摘要主题不匹配，未请求正文,,高中 禁烟 议论文,1200
NJ2,J2,https://www.zuowen.com/e/20110401/4d95513dc30aa.shtml,1842292,我的假期生活,2011-04-01,高三,高中,叙事作文,作文网原创,1802,精确,125,拒绝,正文汉字数超出200-787,d92eef5f51606d75073d6ebcc362f17b66433a07def3329387f4acc62a33895b,高中栏目:https://www.zuowen.com/gaozhong/gaosan/xushi/,1500
NJ2,J2,https://www.zuowen.com/e/20200908/5f5744ab3d019.shtml,3098564,我的假期生活,2020-09-08,高一,高中,叙事作文,网络资源,403,精确,121,入选,,b381af304072968d6672420448333c40bc9c1263fd6ade6e1f17e8a9390b17f9,高一 假期经历,500
NJ2,J2,https://www.zuowen.com/e/20091010/4b8bd3a41e685.shtml,1082015,我的假期生活,2009-10-10,未标注,未核验,,本站原创,371,精确,121,拒绝,面包屑不属于允许的高中或初中备选作文,a25c7853dbd5d2e1dfec81c5cc3f7e883fa488c5db6b750e9b5c5b772de818f3,假期经历,
NJ2,J2,https://www.zuowen.com/e/20120830/503efc6ad1a63.shtml,2312692,一次难忘的假期活动,2012-08-30,未标注,未核验,叙事作文,作文网原创,476,精确,125,拒绝,面包屑不属于允许的高中或初中备选作文,925b5d0e63835b6a1073136860649acdfb4535db8af5b7f679b9e3231938db17,高中 难忘的假期,550
NJ2,J2,https://www.zuowen.com/e/20091119/4b8bd529a5364.shtml,1230447,人教版高中第一册三单元作文：我的假期生活（2）,2009-11-19,未标注,高中,,网络资源,454,精确,121,入选,,788bdbfc0b75bc186e35eac047e9c96a0e470a897e4bce1a9fcae0e846e81843,高中 难忘的假期,550
NJ2,J2,https://www.zuowen.com/e/20091119/4b8bd529c5738.shtml,1230493,人教版高中第一册三单元作文：我的假期生活（4）,2009-11-19,未标注,高中,,网络资源,717,精确,123,入选,,dd97e718bd7e0549928b8e45cff5effa38feeb118f3b3c6f8f8b11526dac5520,高中 难忘的假期,800
NJ2,J2,https://www.zuowen.com/e/20100723/4c495c40479f9.shtml,1697344,暑假英语作文：难忘的假期生活,2010-07-23,未标注,未核验,,作文网,240,精确,125,拒绝,面包屑不属于允许的高中或初中备选作文,2bbc5982b6941241f2eb1420de7e1c665d3db38a2d0688b9dbebfb7a6cfb5111,难忘的假期,300
NJ2,J2,https://www.zuowen.com/e/20091119/4b8bd529b84aa.shtml,1230474,人教版高中第一册三单元作文：我的假期生活（3）,2009-11-19,未标注,高中,,网络资源,414,精确,120,入选,,5d4f2d2aecbd734e8413505fef40427c6d97f2960efbb49aa2d01f7bb74874f9,高中 难忘的假期,500
NJ2,J2,https://www.zuowen.com/e/20101018/4cbc221a7571e.shtml,1760021,假期中的一段经历,2010-10-18,未标注,未核验,叙事作文,作文网,265,精确,115,拒绝,面包屑不属于允许的高中或初中备选作文,ce9ee3694e5c5446f05ddbbb8bef849df9fa2ae77955fcd6952d1eefd15411be,高一 假期经历,300
NJ2,J2,https://www.zuowen.com/e/20110912/4e6d7c4d292d9.shtml,2042968,难忘的假期,2011-09-12,未标注,未核验,叙事作文,作文网原创,566,精确,113,拒绝,面包屑不属于允许的高中或初中备选作文,9514d3fa6ef697a358a49b572c77962c8d27baaaf7feb5bbcce027c8f7038158,高中 难忘的假期,700
NJ2,J2,https://www.zuowen.com/e/20091119/4b8bd529b3e53.shtml,1230467,人教版高中第一册三单元作文：不寻常的假期生活,2009-11-19,未标注,高中,,网络资源,1104,精确,113,拒绝,正文汉字数超出200-787,7c918d23dcc55c1e3b7453e60fae8cad83adc761bb9ef1c41589cd64448baecf,高中 难忘的假期,1200
NJ2,J2,https://www.zuowen.com/e/20100220/4b8bd74095e1e.shtml,1437020,寒假征文：我的假期我做主,2010-02-20,未标注,未核验,,本站原创,806,精确,117,拒绝,面包屑不属于允许的高中或初中备选作文,bb8791920fdb13f8ff54d0cfd02d2811864f71996b8785e93f31aaeec703bccf,难忘的假期,
NJ2,J2,https://www.zuowen.com/e/20110912/4e6d6160966c5.shtml,2042821,难忘的假期之旅,2011-09-12,未标注,未核验,叙事作文,作文网原创,270,精确,111,拒绝,面包屑不属于允许的高中或初中备选作文,ab612e92bd83b806983e50d4358c104327399684c785f8fccf8de5ce1994dd32,高中 难忘的假期,300
NJ2,J2,https://www.zuowen.com/e/20090702/4b8bcbf2a4df6.shtml,649399,中考英语作文范文一个难忘的假期,2009-07-02,未标注,未核验,,网络资源,0,精确,110,拒绝,面包屑不属于允许的高中或初中备选作文,3bc5f257e738b29b219bb610f01a5b3900129555b59dd390914e7d2c11e23f8b,高中 难忘的假期,
NJ2,J2,https://www.zuowen.com/e/20120428/4f9b948044252.shtml,2231601,我的假期,2012-04-28,初一,初中,叙事作文,作文网原创,774,精确,113,拒绝,面包屑不属于允许的高中或初中备选作文,c3d7daab372f8bc947b96abe02a326b88e44ad3806e610c5d38568c8b7ac1fb6,难忘的假期,900
NJ2,J2,https://www.zuowen.com/e/20091217/4b8bd618263af.shtml,1322368,我的假期,2009-12-17,未标注,未核验,,本站原创,210,精确,110,拒绝,面包屑不属于允许的高中或初中备选作文,6c50e5b1d5cecda531539e031cee548955608d28df1f172d9ee1a9b6ecd7c0d6,假期经历,
NJ2,J2,https://www.zuowen.com/e/20130317/51457e8666a80.shtml,2413009,难忘的假期,2013-03-17,未标注,未核验,叙事作文,作文网原创,394,精确,113,拒绝,面包屑不属于允许的高中或初中备选作文,e9beed0749048ceaca8cc0ad25c42c49b9f8ff4cf0115901c02a53a848d49c03,高中 难忘的假期,450
NJ2,J2,https://www.zuowen.com/e/20131017/525fbe213e724.shtml,2539387,我的假期,2013-10-17,未标注,未核验,叙事作文,作文网原创,283,精确,114,拒绝,面包屑不属于允许的高中或初中备选作文,95f9dfd2e44a0ddeb06b9e88de73007a96d43d0d85f43a51154d609b584989a8,难忘的假期,300
NJ2,J2,https://www.zuowen.com/e/20130905/52287fb1c6467.shtml,2517443,我的假期,2013-09-05,初二,初中,,作文网原创,611,精确,110,拒绝,面包屑不属于允许的高中或初中备选作文,bfc1cd54273847455d50cfb670d0ced726c75b5af030a76639798bdb79b2f7b2,难忘的假期,800
NJ2,J2,https://www.zuowen.com/e/20131231/52c239845b26c.shtml,2590394,我的假期,2013-12-31,未标注,未核验,叙事作文,转载,436,精确,109,拒绝,面包屑不属于允许的高中或初中备选作文,27d84a6d158556d5bcac9e557c39542240435b80238b302df13a26a513a2ab6f,难忘的假期,800
NJ2,J2,https://www.zuowen.com/e/20140123/52e11aa32a400.shtml,2605304,我的假期,2014-01-23,初二,初中,叙事作文,作文网原创,190,精确,117,拒绝,面包屑不属于允许的高中或初中备选作文,df3110584e8fa04720bdee67041d9ac2ca6ea45daa774e2ce6826879ea5b714a,难忘的假期,200
NJ2,J2,https://www.zuowen.com/e/20140107/52cb998e5c4ea.shtml,2595370,我的假期,2014-01-07,初二,初中,叙事作文,作文网原创,743,精确,113,拒绝,面包屑不属于允许的高中或初中备选作文,a087d88912aa593bfb85460f0d3539cd4a94254cc4354cbe13a3b28e4e36be74,难忘的假期,800
NJ2,J2,https://www.zuowen.com/e/20151021/56272f038ebfb.shtml,2792683,我的假期,2015-10-21,未标注,未核验,,作文网原创,314,精确,109,拒绝,面包屑不属于允许的高中或初中备选作文,80625a33f8cb5874dcb7cef2f928c82ed88cb75e20678c6b8e7e2bac980c7c68,难忘的假期,350
NJ2,J2,https://www.zuowen.com/e/20160810/57ab145bd4755.shtml,2925637,难忘的假期,2016-08-10,未标注,未核验,,作文网原创,577,精确,116,拒绝,面包屑不属于允许的高中或初中备选作文,9fb7e5278ba2cc1ad8365ec29a992d202d9279cc46dc1d095aaf1b1926697e0a,高中 难忘的假期,600
NJ2,J2,https://www.zuowen.com/e/20170307/58be6c20c5a0a.shtml,2942124,我的假期,2017-03-07,初三,未核验,,作文网原创,523,精确,115,拒绝,面包屑不属于允许的高中或初中备选作文,e86127deef74a7cfe0ce36587af40ffd817ab180f8bb75c5a538f5368630f0f8,难忘的假期,600
NJ2,J2,https://www.zuowen.com/e/20170329/58db76a5280c1.shtml,2943078,我的假期,2017-03-29,未标注,未核验,,作文网原创,535,精确,112,拒绝,面包屑不属于允许的高中或初中备选作文,e1912d0bc89021de54968651a30a9043698d3c5840668acd21fd6b3be69cc764,难忘的假期,600
NJ2,J2,https://www.zuowen.com/e/20191228/5e06ea1ac5371.shtml,3048226,假期生活：我的假期我做主,2019-12-28,未标注,未核验,,网络资源,383,精确,124,拒绝,面包屑不属于允许的高中或初中备选作文,32195fac3e8de968057bdd381abc3670f26816369056d2a54557f6027c62b612,假期经历,450
NJ2,J2,https://www.zuowen.com/e/20191228/5e06ea4a62d28.shtml,3048227,假期生活：我的假期我做主,2019-12-28,未标注,未核验,,网络资源,315,精确,122,拒绝,面包屑不属于允许的高中或初中备选作文,a38f64f45c93612ce08f646d016fa5f628b7b4539a08c4f70d9663da0eeec41f,假期经历,400
NJ2,J2,https://www.zuowen.com/e/20191228/5e06ea7886a9a.shtml,3048228,假期生活：我的假期生活,2019-12-28,未标注,未核验,,网络资源,408,精确,120,拒绝,面包屑不属于允许的高中或初中备选作文,6c609879286634d1bae1e004716e8ffcb10b49b45b2a9dff96fdb55df2345f9f,假期经历,500
NJ2,J2,https://www.zuowen.com/e/20191228/5e0728909115b.shtml,3048358,假期生活：假期生活,2019-12-28,未标注,未核验,,网络资源,354,精确,122,拒绝,面包屑不属于允许的高中或初中备选作文,17ece433b5f04d43660d6a8f1b2c037b74b4443e6bdf419962c8286299bd09c0,假期经历,450
NJ2,J2,https://www.zuowen.com/e/20191228/5e06e9cb98c40.shtml,3048224,假期生活：我的假期生活,2019-12-28,未标注,未核验,,网络资源,271,精确,120,拒绝,面包屑不属于允许的高中或初中备选作文,bc1cf34a2be59b4a8dc6b80c4118aa6c185139c05658d11b4716879bca27ac30,假期经历,350
NJ2,J2,https://www.zuowen.com/e/20191228/5e06e9f803f72.shtml,3048225,假期生活：我的假期收获,2019-12-28,未标注,未核验,,网络资源,361,精确,119,拒绝,面包屑不属于允许的高中或初中备选作文,3912f19864f9ffd7eca0da96b38334f245d42f7d7d4a4059fbebad78fa2dd0a5,假期经历,400
NJ2,J2,https://www.zuowen.com/e/20191228/5e072a1aac5db.shtml,3048363,假期生活：我的假期生活,2019-12-28,未标注,未核验,,网络资源,619,精确,122,拒绝,面包屑不属于允许的高中或初中备选作文,65eee85cdaeecf09ddbf060d4058ad34378389757019d89842e5bc6711779b9e,难忘的假期,700
NJ2,J2,https://www.zuowen.com/e/20191228/5e06e547b2c60.shtml,3048203,假期生活：难忘的一个寒假,2019-12-28,未标注,未核验,,网络资源,301,精确,116,拒绝,面包屑不属于允许的高中或初中备选作文,8f5684ab2f67da308473f1661306ac91e9e46d470e122e4d5fe82925cfbc0d25,高中 难忘的假期,350
NJ2,J2,https://www.zuowen.com/e/20191228/5e06e96c98c3a.shtml,3048222,假期生活：难忘的寒假,2019-12-28,未标注,未核验,,网络资源,583,精确,117,拒绝,面包屑不属于允许的高中或初中备选作文,e1a15ff530b7062dd7ea65ac6dbdbd1245c5029db9ab44be321b143befafb5dd,高中 难忘的假期,700
NJ2,J2,https://www.zuowen.com/e/20191228/5e06eaab1b3a2.shtml,3048229,假期生活：梦幻假期,2019-12-28,未标注,未核验,,网络资源,288,精确,112,拒绝,面包屑不属于允许的高中或初中备选作文,a546eeaa3632256f2897a4f0d86187a2c90eef2f34b01958a95cf347cd8554df,假期经历,350
NJ2,J2,https://www.zuowen.com/e/20191228/5e06eed6becc2.shtml,3048238,假期生活：难忘的迪士尼乐园,2019-12-28,未标注,未核验,,网络资源,826,精确,112,拒绝,面包屑不属于允许的高中或初中备选作文,061157439f02aee9f8be5311714f02e0396ad58bfbe5b802344d33c7fbcbf300,高中 难忘的假期,900
NJ2,J2,https://www.zuowen.com/e/20191228/5e06e32182b09.shtml,3048195,假期生活：假期生活,2019-12-28,未标注,未核验,,网络资源,519,精确,111,拒绝,面包屑不属于允许的高中或初中备选作文,2e9ffade363f1019fe3cfa37d8036f158689744b808b2ace7a33112f37a40c5c,假期经历,600
NJ2,J2,https://www.zuowen.com/e/20191228/5e06e6b2af868.shtml,3048210,假期生活：假期生活,2019-12-28,未标注,未核验,,网络资源,641,精确,110,拒绝,面包屑不属于允许的高中或初中备选作文,c0ca51ad552a5b60c0ec58a90b5f299ac68530bfa3e8830508cba986babbee2f,难忘的假期,750
NJ2,J2,https://www.zuowen.com/e/20200711/5f09c80a4c7a0.shtml,3092044,高一期末考试作文：假期生活（二）,2020-07-11,高一,高中,,网络资源,655,精确,114,拒绝,体裁不是叙事或写人,c696ca4ccb0c855b418458f3a5754f04efbd494b900d232059b91de64ce99d34,高一 假期经历,750
NJ2,J2,https://www.zuowen.com/e/20200711/5f09c7fb26744.shtml,3092043,高一期末考试作文：假期生活,2020-07-11,高一,高中,,网络资源,633,精确,117,拒绝,体裁不是叙事或写人,a4d1df726476aaae3ea53a635a3e862b464597e740601fc2af84d62bd7a21bf9,高一 假期经历,700
NJ2,J2,https://www.zuowen.com/e/20200711/5f09c82f7e6b8.shtml,3092046,高一期末考试作文：假期生活（四）,2020-07-11,高一,高中,,网络资源,618,精确,117,拒绝,体裁不是叙事或写人,08f7c979a1eed3b08684a630b263507c5c16b10d5ed9e8a2c96fb052ed7d6487,高一 假期经历,700
NJ2,J2,https://www.zuowen.com/e/20200711/5f09c8879ddd6.shtml,3092051,高一期末考试作文：假期生活（九）,2020-07-11,高一,高中,,网络资源,341,精确,111,拒绝,体裁不是叙事或写人,0b421f9b90a19efec219273091a42455c4c3df4933f5cc4152a3a4faf19e2a8a,高一 假期经历,450
NJ2,J2,https://www.zuowen.com/e/20200711/5f09c8984e203.shtml,3092052,高一期末考试作文：假期生活（十）,2020-07-11,高一,高中,,网络资源,524,精确,115,拒绝,体裁不是叙事或写人,acd4c6fc318b0911dd47803fc0574057f64225177b88b39571fc32a04b593ed8,高一 假期经历,600
NJ2,J2,https://www.zuowen.com/e/20200711/5f09c81aea743.shtml,3092045,高一期末考试作文：假期生活（三）,2020-07-11,高一,高中,,网络资源,669,精确,111,拒绝,体裁不是叙事或写人,16cd50a6a08546f944d672f8909a0a6964f91271f2c7a650a17c50d27a6e51af,高一 假期经历,750
NJ2,J2,https://www.zuowen.com/e/20200711/5f09c86a1e265.shtml,3092049,高一期末考试作文：假期生活（七）,2020-07-11,高一,高中,,网络资源,474,精确,111,拒绝,体裁不是叙事或写人,88d57a0a22e42c1ae549a14f1a69a056942fee13342c2f3d8605a320af2465cd,高一 假期经历,550
NJ2,J2,https://www.zuowen.com/e/20200711/5f09c8787fd9c.shtml,3092050,高一期末考试作文：假期生活（八）,2020-07-11,高一,高中,,网络资源,475,精确,112,拒绝,体裁不是叙事或写人,7906f9042a78d57a7176099dce73412f5d74b9a271c434531fe22dbc40bf8413,高一 假期经历,600
NJ2,J2,https://www.zuowen.com/e/20200711/5f09c85a15f83.shtml,3092048,高一期末考试作文：假期生活（六）,2020-07-11,高一,高中,,网络资源,832,精确,109,拒绝,体裁不是叙事或写人,e04384bc072ffa95423b5e9bd6bed147a042271507eeeace7316bb1819e11cc5,高一 假期经历,900
NJ2,J2,https://www.zuowen.com/e/20200711/5f09c8a89ed41.shtml,3092053,高一期末考试作文：假期生活（十一）,2020-07-11,高一,高中,,网络资源,458,精确,109,拒绝,体裁不是叙事或写人,ab6d3e3abe7aaf66b5b7cd20d4bd12b96720c53a4b05fc7321964ce62bdc7b52,高一 假期经历,550
NJ2,J2,https://www.zuowen.com/e/20210702/60df17ea342db.shtml,3137697,高一日记：假期生活,2021-07-02,高一,高中,,网络资源,533,精确,115,拒绝,体裁不是叙事或写人,22477a9d3023296607d7ee0b0f151f36eeb04bb9b48e100ec36604450e468cc2,高一 假期经历,650
NJ2,J2,https://www.zuowen.com/e/20210702/60df17de946b2.shtml,3137695,高一日记：假期生活（三）,2021-07-02,高一,高中,,网络资源,530,精确,116,拒绝,体裁不是叙事或写人,3a23007153b2e752c44306550047bf85066797ceeee061edcf46c21472b252c2,高一 假期经历,650
NJ2,J2,https://www.zuowen.com/e/20210429/608acf25add10.shtml,3128400,高二期中考试作文：快乐假期生活（二）,2021-04-29,高二,高中,,网络资源,570,精确,110,拒绝,体裁不是叙事或写人,f3053d8b20ac7dd753e86022e7abd5514b397db2d03a6cb7befd016509d97e32,高二 假期经历,700
NJ2,J2,https://www.zuowen.com/e/20210702/60df17e44ebc7.shtml,3137696,高一日记：假期生活（二）,2021-07-02,高一,高中,,网络资源,486,精确,111,拒绝,体裁不是叙事或写人,b232572fd443ca46682383d21922dd03b5677b3dc288681ccd8061b336e50e70,高一 假期经历,550
NJ2,J2,https://www.zuowen.com/e/20210429/608acf36e02be.shtml,3128405,高二期中考试作文：假期生活（二）,2021-04-29,高二,高中,,网络资源,465,精确,112,拒绝,体裁不是叙事或写人,114ba40b478477ce883e175a323526ba73c996dd758afcff0a20d1f517272c77,高二 假期经历,550
NJ2,J2,https://www.zuowen.com/e/20110728/4e3118899a264.shtml,1990422,这个暑假真高兴,2011-07-28,高三,高中,叙事作文,作文网原创,710,近似,98,入选,,80fbfb380647405ebaa747b2ea90e378bbc74ea3bcf5d27c78e88cc1bce3f6b7,高中栏目:https://www.zuowen.com/gaozhong/gaosan/xushi/,800
NJ2,J2,https://www.zuowen.com/e/20110629/4e0ac3abf2e86.shtml,1943898,实践出真知,2011-06-29,高二,高中,叙事作文,E度作文网原创,931,近似,91,拒绝,正文汉字数超出200-787,ea966e6475ed8e663dc0846c22a5c0376e5ba002fe19070496478ad67de25f60,高中栏目:https://www.zuowen.com/gaozhong/gaoer/xushi/,1000
NJ2,J2,https://www.zuowen.com/e/20090821/4b8bce3908f9b.shtml,850993,我的寒假生活,2009-08-21,高一,高中,,网络资源,1437,近似,88,拒绝,体裁不是叙事或写人,8f20a17a917c800e8b7d415ee16d923695eab4ead21a8ca59debf6b58df74888,高一 寒假生活,1500
NJ2,J2,https://www.zuowen.com/e/20100211/4b8bd73d3f59a.shtml,1435668,难忘的经历,2010-02-11,高三,高中,叙事作文,本站原创,611,宽泛,44,入选,,208cccc9915fb3a6caa9898aa12b371b53c04f66894db6b21318d7e9b2d61e92,高中栏目:https://www.zuowen.com/gaozhong/gaosan/xushi/,750
NJ2,J2,https://www.zuowen.com/e/20090915/4b8bcfd907412.shtml,995829,公交车上,2009-09-15,高二,高中,叙事作文,网络资源,735,不匹配,7,拒绝,主题不匹配,cac28b57e7a158fe81271a6ce863ad678a04778652c6a194c5f58e987988288a,高中栏目:https://www.zuowen.com/gaozhong/gaoer/xushi/,800
NJ2,J2,https://www.zuowen.com/e/20090926/4b8bd34a16bda.shtml,1048751,回家之旅,2009-09-26,高三,高中,叙事作文,网络资源,1062,不匹配,7,拒绝,正文汉字数超出200-787,90078f55e219c102535333636801d7cd9d6c35b4ae83aa744214b9ba756ce4e7,高中栏目:https://www.zuowen.com/gaozhong/gaosan/xushi/,1200
NJ2,J2,https://www.zuowen.com/e/20091010/4b8bd3a9a1aab.shtml,1084117,看京剧过国庆,2009-10-10,高三,高中,叙事作文,网络资源,564,不匹配,6,拒绝,主题不匹配,471025649e602a57587ea1b9edce4469368923a432e173056d096481c0d5db05,高中栏目:https://www.zuowen.com/gaozhong/gaosan/xushi/,650
NJ2,J2,https://www.zuowen.com/e/20091010/4b8bd3a9bcc71.shtml,1084156,那双眼睛那双手,2009-10-10,高三,高中,叙事作文,网络资源,777,不匹配,7,拒绝,主题不匹配,9c971ac3f97cef63c5825a7551ce8ee11ebdbd4840a3d92c4d02290b402e3a04,高中栏目:https://www.zuowen.com/gaozhong/gaosan/xushi/,1200
NJ2,J2,https://www.zuowen.com/e/20091014/4b8bd3cc8f556.shtml,1097024,暑假的故事,2009-10-14,高三,高中,叙事作文,网络资源,636,近似,79,入选,,f44424f9131a15c8a70f1d002936a3fd4180835c692c0ac166b2ebd124f6c353,高中栏目:https://www.zuowen.com/gaozhong/gaosan/xushi/,700
NJ2,J2,https://www.zuowen.com/e/20090924/4b8bd336574c4.shtml,1040360,回家也艰难,2009-09-24,高三,高中,叙事作文,网络资源,871,不匹配,6,拒绝,正文汉字数超出200-787,27b2d938e018519af047c7f493f04408884f55e20484bec56150ad386edcfac6,高中栏目:https://www.zuowen.com/gaozhong/gaosan/xushi/,900
NJ2,J2,https://www.zuowen.com/e/20090925/4b8bd340c298a.shtml,1045640,七月,2009-09-25,高三,高中,叙事作文,网络资源,666,不匹配,6,拒绝,主题不匹配,e0064d33824334e91052895fa767226a1cb5650ed9d6bac38a84ec335dc79640,高中栏目:https://www.zuowen.com/gaozhong/gaosan/xushi/,750
NJ2,J2,https://www.zuowen.com/e/20091010/4b8bd3a81f608.shtml,1083543,纪念所走过的三年,2009-10-10,高三,高中,叙事作文,网络资源,606,不匹配,7,拒绝,主题不匹配,457c884281c4c0a969d2f1c2c8d5c5c1c395c9b040daadf99776604622f5f41e,高中栏目:https://www.zuowen.com/gaozhong/gaosan/xushi/,700
NJ2,J2,https://www.zuowen.com/e/20091010/4b8bd3a8384bf.shtml,1083589,现在的我们,2009-10-10,高三,高中,叙事作文,网络资源,513,近似,80,入选,,1bad666b996f6f80cb3c1048a228d48ae5d4397fb21a30526f12e7920f362e51,高中栏目:https://www.zuowen.com/gaozhong/gaosan/xushi/,650
NJ2,J2,https://www.zuowen.com/e/20091014/4b8bd3cc785af.shtml,1096992,节日的欢喜,2009-10-14,高三,高中,叙事作文,网络资源,601,不匹配,6,拒绝,主题不匹配,5bf68cfd4b8cee1ecae8e998558fe57c66741488a4b2b0ca5dcb640da2c93b6e,高中栏目:https://www.zuowen.com/gaozhong/gaosan/xushi/,650
NJ2,J2,https://www.zuowen.com/e/20101027/4cc7e9519d289.shtml,1764203,忆“还珠”,2010-10-27,高三,高中,叙事作文,作文网,836,不匹配,8,拒绝,正文汉字数超出200-787,ce5b7fdca9e94782d3eb3a56a14b0830801a292604b988af8449006f935fbb03,高中栏目:https://www.zuowen.com/gaozhong/gaosan/xushi/,1200
NJ2,J2,https://www.zuowen.com/e/20111108/4eb8f640e6d2c.shtml,2095187,我的2011年打工纪实,2011-11-08,高三,高中,叙事作文,作文网原创,1096,不匹配,7,拒绝,正文汉字数超出200-787,4d289cbe5a2cd767862c452e4bad56ba9fe0e0f0f30cf10cc0ee38dca338fb82,高中栏目:https://www.zuowen.com/gaozhong/gaosan/xushi/,1200
NJ2,J2,https://www.zuowen.com/e/20120206/4f2f3115b20fc.shtml,2175905,尝试滑雪,2012-02-06,高二,高中,叙事作文,作文网原创,703,不匹配,6,拒绝,主题不匹配,7ff9d84ce540f0a5c98d7a8ffa99ad55ffb44ef8f25cd575602d24730c5eb7ac,高中栏目:https://www.zuowen.com/gaozhong/gaoer/xushi/,800
NJ2,J2,https://www.zuowen.com/e/20131019/52628dd51cf0d.shtml,2540938,今日我当家,2013-10-19,高一,高中,叙事作文,作文网原创,842,近似,87,拒绝,正文汉字数超出200-787,19c23c5da21dad025d9b939188bd5783e32f027d6ca8f798dcf39b8ede8a4074,高中栏目:https://www.zuowen.com/gaozhong/gaoyi/xunshi/,900
NJ2,J2,https://www.zuowen.com/e/20130926/5244403546485.shtml,2527156,逝水流年，姐妹情,2013-09-26,高一,高中,叙事作文,作文网原创,679,不匹配,8,拒绝,主题不匹配,15d78d361c563a2aa90ff948d471ed4809ac387ce98cda70ef236edbb00620dc,高中栏目:https://www.zuowen.com/gaozhong/gaoyi/xunshi/,750
NJ2,J2,https://www.zuowen.com/e/20140716/53c6491356fcd.shtml,2706996,我看，北京行！,2014-07-16,高一,高中,叙事作文,作文网原创,937,不匹配,7,拒绝,正文汉字数超出200-787,60e518361ed09a5e0c02529eebd01854189bc6788309c51d8c7d5857db9eea9b,高中栏目:https://www.zuowen.com/gaozhong/gaoyi/xunshi/,3000
NJ2,J2,https://www.zuowen.com/e/20140416/534de2ad2068a.shtml,2656844,新学期新打算,2014-04-16,高一,高中,叙事作文,作文网原创,722,不匹配,7,拒绝,主题不匹配,7c0eab89990c1fba5e8c36262819d643a387daad4e38540be3ec5afab8a0abaf,高中栏目:https://www.zuowen.com/gaozhong/gaoyi/xunshi/,750
NJ2,J2,https://www.zuowen.com/e/20150330/5518e4641b2d7.shtml,2755952,庆第30个教师节，记难忘的夜自修,2015-03-30,高一,高中,叙事作文,作文网原创,589,宽泛,38,拒绝,标准化题目重复,ebabac2450054ffd890724c610a51b8a9ab71e04149cd4158051459543c5dcd6,高中栏目:https://www.zuowen.com/gaozhong/gaoyi/xunshi/,750
NJ2,J2,https://www.zuowen.com/e/20150906/55eb14c004ecd.shtml,2786753,油草河漂流,2015-09-06,高一,高中,叙事作文,作文网原创,436,不匹配,7,拒绝,主题不匹配,79cbff62ffaf015167acce7f75e3593e3fcb2273563a1c38a75bb4825cd4ec77,高中栏目:https://www.zuowen.com/gaozhong/gaoyi/xunshi/,500
NJ2,J2,https://www.zuowen.com/e/20160214/56c08038b4bea.shtml,2886651,2016寒假社会实践报告,2016-02-14,高一,高中,叙事作文,作文网原创,343,近似,78,入选,,22e91e941b3844c60f3ddabd9ad4a922d1b1e7d9376309649ed9bcf92f6a525d,高中栏目:https://www.zuowen.com/gaozhong/gaoyi/xunshi/,500
NJ2,J2,https://www.zuowen.com/e/20160620/5767c4f8ed321.shtml,2921885,秋月春风等闲度,2016-06-20,高一,高中,叙事作文,作文网原创,983,不匹配,8,拒绝,正文汉字数超出200-787,590f5e5d99723a57692c39fecbd2ba795cd744d0fa03e6c9e71a59075bd7bcc7,高中栏目:https://www.zuowen.com/gaozhong/gaoyi/xunshi/,1200
NJ2,J2,https://www.zuowen.com/e/20200225/5e55057a27cf5.shtml,3059459,难忘的一次过桥经历,2020-02-25,高一,高中,叙事作文,网络资源,736,宽泛,43,入选,,728521bac1be121ddf5c15ff672d80f119b618e0d6a9baa043dba7001778d61f,高一 假期经历,800
NJ2,J2,https://www.zuowen.com/e/20201021/5f9006ad4aae5.shtml,3102692,我的第一次经历,2020-10-21,高一,高中,叙事作文,网络资源,607,不匹配,8,拒绝,主题不匹配,4c976becc3678db7c731246428c984caa2f3da0f607e28d7174a6389af8ac8c3,高一 假期经历,750
NJ2,J2,https://www.zuowen.com/e/20090814/4b8bcde7719c0.shtml,821805,关于暑期的作文：暑 假 旅 游 记,2009-08-14,未标注,未核验,,网络资源,1214,近似,94,拒绝,面包屑不属于允许的高中或初中备选作文,25b3eaa97c5031f797a64b7214942d478eb2a331905f3059e5872313ed622b69,高中 旅游记,1500
NJ2,J2,https://www.zuowen.com/e/20121109/509c22aba2aef.shtml,2345890,假期里一件难忘的事,2012-11-09,未标注,未核验,叙事作文,转载,485,近似,89,拒绝,面包屑不属于允许的高中或初中备选作文,f22ae42fce34d547fa6f4906139b30a0b34a3f1e63b9eba646c490211e3d0412,高中 难忘的假期,600
NJ2,J2,https://www.zuowen.com/e/20091008/4b8bd399c0652.shtml,1078215,假期趣事,2009-10-08,未标注,未核验,,本站原创,415,近似,87,拒绝,面包屑不属于允许的高中或初中备选作文,6dd73209edac79a5daf49bac27747d6576a89da71e96927bcda15bc879426a85,假期经历,
NJ2,J2,https://www.zuowen.com/e/20101021/4cbf985b7a5db.shtml,1760994,十月有奖征文：上海旅游记,2010-10-21,未标注,未核验,,作文网,2105,扩展,55,拒绝,面包屑不属于允许的高中或初中备选作文,4a4544361086b789b71ee43a4c65b40d5e62e28507e807e735024c3504bba2ba,高中 旅游记,2000
NJ2,J2,https://www.zuowen.com/e/20110822/4e51f01646486.shtml,2019278,[暑期征文]暑假旅游记,2011-08-22,未标注,未核验,,作文网原创,467,近似,87,拒绝,面包屑不属于允许的高中或初中备选作文,9939cdb6e0649c459b439838ca625f2499cba8022f006e9aadb5fa9865634d38,高中 旅游记,550
NJ2,J2,https://www.zuowen.com/e/20100308/4b99f3e1cbebb.shtml,1455595,我的寒假生活,2010-03-08,未标注,未核验,,本站原创,419,近似,85,拒绝,面包屑不属于允许的高中或初中备选作文,f860e35f5b6f6889850d8e01c619e460bb47147d4fe8c590d51a9dfa4bd3d880,高一 寒假生活,
NJ2,J2,https://www.zuowen.com/e/20110401/4d953d37e01de.shtml,1842089,庐山旅游记,2011-04-01,未标注,未核验,叙事作文,作文网原创,768,近似,84,拒绝,面包屑不属于允许的高中或初中备选作文,2e6a887b5f5f48aa08fae3355e823b827fd86f2e3f5c9494082a3759c08fde79,高中 旅游记,900
NJ2,J2,https://www.zuowen.com/e/20100309/4b99f3e1d3fae.shtml,1456001,我的寒假生活,2010-03-09,未标注,未核验,,本站原创,401,近似,91,拒绝,面包屑不属于允许的高中或初中备选作文,69f432623f09c98fefa36930f3825ee093340d8e778c6fc9159de0f0ce2d2ed3,高一 寒假生活,
NJ2,J2,https://www.zuowen.com/e/20100610/4c10af4ca7d19.shtml,1657911,人教版高中第六册三单元作文：一件难忘的事（1）,2010-06-10,未标注,高中,,作文网,490,宽泛,32,入选,,1e4176917b5a9c28dff9c6577d3903f50d1b198d54cc9c7dbbbc4b98e1d97c29,高中 难忘的假期,550
NJ2,J2,https://www.zuowen.com/e/20110826/4e571041291f8.shtml,2024293,青天河旅游记,2011-08-26,未标注,未核验,,作文网原创,346,近似,82,拒绝,面包屑不属于允许的高中或初中备选作文,c5ec2f3b6bec901dde51148b14224da8194d50e64b3c313d450275732a67323d,高中 旅游记,400
NJ2,J2,https://www.zuowen.com/e/20111230/4efd175c24be0.shtml,2157160,北海旅游记,2011-12-30,未标注,未核验,叙事作文,作文网原创,222,近似,82,拒绝,面包屑不属于允许的高中或初中备选作文,61edc9a7472d11b3c4e49518c4c1cd15c6fdd2384bd9b873b61f78814bf36af2,高中 旅游记,250
NJ2,J2,https://www.zuowen.com/e/20091204/4b8bd5c3ee27e.shtml,1289437,我的暑假生活,2009-12-04,未标注,未核验,,本站原创,638,近似,81,拒绝,面包屑不属于允许的高中或初中备选作文,a3c9657a7fdd5332e52e59550448989c024f00a3fc6f466491bc4ce87c706fde,暑假生活,
NJ2,J2,https://www.zuowen.com/e/20100111/4b8bd6a57c221.shtml,1377220,假期见闻,2010-01-11,未标注,未核验,,本站原创本文系作文网（zuowen.com）用户原创文章，,315,近似,81,拒绝,面包屑不属于允许的高中或初中备选作文,f8a2cb44d325f281f67f03356eba4a8d1beb874d60c5598dd7673e2b9cbfd173,假期经历,
NJ2,J2,https://www.zuowen.com/e/20100211/4b8bd73d56ccb.shtml,1435723,难忘的经历,2010-02-11,未标注,未核验,,本站原创,611,宽泛,44,拒绝,面包屑不属于允许的高中或初中备选作文,208cccc9915fb3a6caa9898aa12b371b53c04f66894db6b21318d7e9b2d61e92,假期经历,
NJ2,J2,https://www.zuowen.com/e/20121122/50adcb1b86a24.shtml,2354634,关于经历的作文：难忘的经历,2012-11-22,未标注,未核验,,作文网整合,611,宽泛,44,拒绝,面包屑不属于允许的高中或初中备选作文,208cccc9915fb3a6caa9898aa12b371b53c04f66894db6b21318d7e9b2d61e92,假期经历,700
NJ2,J2,https://www.zuowen.com/e/20091022/4b8bd418c7914.shtml,1127707,在老家的假期,2009-10-22,未标注,未核验,,本站原创,510,近似,81,拒绝,面包屑不属于允许的高中或初中备选作文,9cd3c7d9298ed9fbccb42c8d372566f0b6451b926cc72deaa8e2c8c59c239949,假期经历,
NJ2,J2,https://www.zuowen.com/e/20101014/4cb658551e879.shtml,1758104,当我面对这双大眼睛的时候；第一次航海旅行；海边行；假期中的一件小事；秋天（熊雪然）,2010-10-14,未标注,未核验,,作文网,2265,近似,86,拒绝,面包屑不属于允许的高中或初中备选作文,ea25b480d517401ee26074895695183db7ad55be39bb3695e46c95be4190aa12,高三 假期旅行,2000
NJ2,J2,https://www.zuowen.com/e/20090703/4b8bcc049ada5.shtml,655702,中考英语作文范文 难忘假期-An Unforgettable Holiday,2009-07-03,未标注,未核验,,网络资源,0,近似,78,拒绝,面包屑不属于允许的高中或初中备选作文,e34d9e41f15cfef22aa06573c08857dca175da0df350a16635b23598eef5504f,高中 难忘的假期,
NJ2,J2,https://www.zuowen.com/e/20130312/513e221e16526.shtml,2409928,暑假旅游记,2013-03-12,未标注,未核验,叙事作文,作文网原创,372,近似,86,拒绝,面包屑不属于允许的高中或初中备选作文,67428e0f0efb1058c275d2344d59d066832f92c6746da450a10da1962c4a12c5,高中 旅游记,400
NJ2,J2,https://www.zuowen.com/e/20130903/5224bc22cfccd.shtml,2515708,厦门旅游记,2013-09-03,未标注,未核验,,作文网原创,471,近似,85,拒绝,面包屑不属于允许的高中或初中备选作文,0d0b0b2a42d7ab48ec2594c2aad553cfcde9fe55aecaf81910b7593419a2aab1,高中 旅游记,500
NJ2,J2,https://www.zuowen.com/e/20130428/517d3f7d60cb8.shtml,2440944,难忘的五一假期—参观青铜器展,2013-04-28,未标注,未核验,,作文网原创,513,近似,81,拒绝,面包屑不属于允许的高中或初中备选作文,e14d12d0a4d504c661afe98c3d1c6eb4fc9261e1c908b90c58da8b58efa28822,高中 难忘的假期,600
NJ2,J2,https://www.zuowen.com/e/20140817/53f04d2bb2508.shtml,2715186,北京旅游记,2014-08-17,未标注,未核验,叙事作文,作文网原创,384,扩展,55,拒绝,面包屑不属于允许的高中或初中备选作文,43622a253fda77d89e6ff9dd9cbbe5044d8696de6387be3da1ee72a524e22698,高中 旅游记,3000
NJ2,J2,https://www.zuowen.com/e/20140206/52f39b726c8ce.shtml,2608380,假期,2014-02-06,未标注,未核验,,作文网原创,619,近似,78,拒绝,面包屑不属于允许的高中或初中备选作文,0179d2dfaa8fa22f0cd852a5f31b99fa2e9ba6274acb64bf463993d35a30272e,难忘的假期,600
NJ2,J2,https://www.zuowen.com/e/20150518/55597ee4f0a80.shtml,2769363,假期中一次难忘的旅行,2015-05-18,未标注,未核验,,作文网原创,259,近似,81,拒绝,面包屑不属于允许的高中或初中备选作文,ed605478186aee95737ff61370ddaedd581e20328168219adf7b0b627e639752,高中 难忘的假期,300
NJ2,J2,https://www.zuowen.com/e/20160127/56a87740227ac.shtml,2861714,五一假期倡议书,2016-01-27,未标注,未核验,,作文网整合,486,近似,89,拒绝,面包屑不属于允许的高中或初中备选作文,bb5d90e9697f55bfba23e981d717ec977f5d5554ccc5f97fe2b4c34880c8abda,难忘的假期,
NJ2,J2,https://www.zuowen.com/e/20160509/572f6744937a2.shtml,2917090,[超新星小学组]一次难忘的5·1假期,2016-05-09,未标注,未核验,,作文网原创,1303,近似,94,拒绝,面包屑不属于允许的高中或初中备选作文,b87bd31673f3925f3ef1efb226d30fd2df6da44c06a9ae8a58872eae908e2cde,高中 难忘的假期,1500
NJ2,J2,https://www.zuowen.com/e/20160127/56a866157b6e9.shtml,2849223,假期社会实践报告,2016-01-27,未标注,未核验,,作文网整合,1463,近似,85,拒绝,面包屑不属于允许的高中或初中备选作文,b9dcbb2998d3b22440f457466ccd730ff90d0c33f2da0bb2e96d68ca8ed9cc0a,难忘的假期,
NJ2,J2,https://www.zuowen.com/e/20160127/56a866173a4c8.shtml,2849290,假期社会实践报告,2016-01-27,未标注,未核验,,作文网整合,1640,近似,87,拒绝,面包屑不属于允许的高中或初中备选作文,576c342675ed04f0d24d2d8e46a18393eb4e66cb0c7bfbc33e53819fc8a4c9cd,难忘的假期,
NJ2,J2,https://www.zuowen.com/e/20160720/578f054eafd82.shtml,2923909,[暑假生活]我的暑假生活,2016-07-20,初一,未核验,,作文网原创,525,近似,86,拒绝,面包屑不属于允许的高中或初中备选作文,e7fd91cbdce8f82d7dc11cfe20fc81c5311ccae7e4c29dc8acc61e4875bcf914,暑假生活,600
NJ2,J2,https://www.zuowen.com/e/20160801/579ebb1ef3d3b.shtml,2925007,[暑假生活]我的暑假生活,2016-08-01,未标注,未核验,,作文网原创,815,近似,85,拒绝,面包屑不属于允许的高中或初中备选作文,590963568638fc5afed7fef6dd7bd4afb70a68fa316b23ba79d45087e5af2f38,暑假生活,900
NJ2,J2,https://www.zuowen.com/e/20160725/5795e3e185464.shtml,2924568,[暑假生活]难忘的暑假生活,2016-07-25,初一,未核验,,作文网原创,571,近似,86,拒绝,面包屑不属于允许的高中或初中备选作文,0c8d16e78e3f8a3e192125d5f5c97e19f6301a587eedbb59c3b655be547c171e,暑假生活,900
NJ2,J2,https://www.zuowen.com/e/20160127/56a8696ecf19a.shtml,2851237,假期在旅行社的相关社会实践报告,2016-01-27,未标注,未核验,,作文网整合,868,近似,86,拒绝,面包屑不属于允许的高中或初中备选作文,e6f4cf503b0a11b87481489c4fc7ad66e8c1eaf49ad6c573cbbd58e1d83b830d,高三 假期旅行,
NJ2,J2,https://www.zuowen.com/e/20160127/56a8697616425.shtml,2851556,大学生旅行社假期实践报告,2016-01-27,未标注,未核验,,作文网整合,2190,近似,86,拒绝,面包屑不属于允许的高中或初中备选作文,1f46e56615bbe19460974ecbda553a33a79ed4e8a61c7c0a33eed33e84348239,高三 假期旅行,
NJ2,J2,https://www.zuowen.com/e/20160829/57c3dfe9aafa0.shtml,2927180,[暑假生活]我的暑假生活,2016-08-29,初一,未核验,,作文网原创,632,近似,81,拒绝,面包屑不属于允许的高中或初中备选作文,85ef74cfe96c35229f8210ed9fa1c8fc3048797264f2f71a8f3a0bb790ceeb4e,暑假生活,800
NJ2,J2,https://www.zuowen.com/e/20160829/57c3e0c20c23e.shtml,2927280,[暑假生活]我的暑假生活,2016-08-29,初一,未核验,,作文网原创,587,近似,85,拒绝,面包屑不属于允许的高中或初中备选作文,f5d323dc94cbc5d35c21b0a6b81d3fea305a0404742b604fa40c031f157557ac,暑假生活,700
NJ2,J2,https://www.zuowen.com/e/20160829/57c3e097197a8.shtml,2927265,[暑假生活]我的暑假生活,2016-08-29,初二,未核验,,作文网原创,809,近似,80,拒绝,面包屑不属于允许的高中或初中备选作文,8c577075f39dc6ab8a05668cd300bc0a81b99051bce68a40c3005503462f0d31,暑假生活,900
NJ2,J2,https://www.zuowen.com/e/20160127/56a8697e80e9f.shtml,2851868,北京 不寻常的经历--记社会实践调查经历,2016-01-27,未标注,未核验,,作文网整合,1786,宽泛,41,拒绝,面包屑不属于允许的高中或初中备选作文,e82cd84fb74ef6e9571a21253a8ab3ae6e4fcafa1b4587a26381c83355612a35,假期经历,
NJ2,J2,https://www.zuowen.com/e/20160127/56a86981a4e0b.shtml,2851991,不寻常的经历--记社会实践调查经历,2016-01-27,未标注,未核验,,作文网整合,1786,宽泛,41,拒绝,面包屑不属于允许的高中或初中备选作文,35c5c351bc19b6fcbe3fcf5f4830090792a46b6c212559ad5ed917b3a9477158,假期经历,
NJ2,J2,https://www.zuowen.com/e/20160127/56a862ea7e736.shtml,2848007,假期实习报告,2016-01-27,未标注,未核验,,作文网整合,990,近似,78,拒绝,面包屑不属于允许的高中或初中备选作文,aac2f5cfeb3642d2c613ed93edc1a68f72df391126dc1e763789d199f72f221f,难忘的假期,
NJ2,J2,https://www.zuowen.com/e/20160127/56a8662241bab.shtml,2849590,大学假期实践报告,2016-01-27,未标注,未核验,,作文网整合,1288,近似,80,拒绝,面包屑不属于允许的高中或初中备选作文,54b0bc7e51b78db2647790f265011b9237294dd1c7a89bce25e0e96e0701045f,难忘的假期,
NJ2,J2,https://www.zuowen.com/e/20160829/57c3e001048d5.shtml,2927193,[暑假生活]我们一直都很二,2016-08-29,初三,未核验,,作文网原创,681,近似,78,拒绝,面包屑不属于允许的高中或初中备选作文,aa45b57f3c8692900d42b8f315d1c65e82626b8e6ee5c8807a8c22e65fac2f63,高二 暑假生活,800
NJ2,J2,https://www.zuowen.com/e/20180121/5a63fe2841516.shtml,2963134,假期的开始,2018-01-21,未标注,未核验,,作文网原创,464,近似,89,拒绝,面包屑不属于允许的高中或初中备选作文,ca118b6ed517735c1685b9407856d0d64c5719bc39f9d52100a9351ccff55178,难忘的假期,550
NJ2,J2,https://www.zuowen.com/e/20180804/5b6507d4163fb.shtml,2998679,我的暑假生活计划（二）,2018-08-04,未标注,未核验,,作文网整理,301,近似,92,拒绝,面包屑不属于允许的高中或初中备选作文,0845c42fa3a5b7f6bfa3a109092d5a54abf9a3d68d51edd2f2d4fac6a24f0206,高二 暑假生活,
NJ2,J2,https://www.zuowen.com/e/20180825/5b81598c2c576.shtml,3004347,假期中难忘的一次旅行,2018-08-25,初一,初中,叙事作文,作文网整理,567,近似,83,拒绝,面包屑不属于允许的高中或初中备选作文,a8f78f980fededa37fcf18d80e92410c9963d58cbaa681b74765a04b258008c8,高中 难忘的假期,650
NJ2,J2,https://www.zuowen.com/e/20190121/5c45baef48666.shtml,3014521,暑假旅游记,2019-01-21,未标注,未核验,,本站原创,484,近似,87,拒绝,面包屑不属于允许的高中或初中备选作文,c196d188bb9bb254efca7442e22f1725defe6061b86d36caffe590672266844d,高中 旅游记,500
NJ2,J2,https://www.zuowen.com/e/20190826/5d6391e928828.shtml,3032524,[2019年8月暑假]暑假生活（二）,2019-08-26,未标注,未核验,,,342,近似,84,拒绝,面包屑不属于允许的高中或初中备选作文,abf646779a392fb193a2054fe63d42c320cf17a792cdb0e5c1935e719660d61d,高二 暑假生活,400
NJ2,J2,https://www.zuowen.com/e/20190707/5d2186929c14c.shtml,3022944,初一叙事作文：假期里难忘的事,2019-07-07,初一,初中,叙事作文,网络资源,450,近似,79,拒绝,面包屑不属于允许的高中或初中备选作文,dc54f37a0749fb6d9c3b5f767003ce5c63b314cf95f1ef9cbf2d14926b696e3c,高中 难忘的假期,500
NJ2,J2,https://www.zuowen.com/e/20200226/5e560ed54dfd5.shtml,3059720,高一说明文作文：假期,2020-02-26,高一,高中,,网络资源,864,近似,89,拒绝,排除来源类别：说明文,2a52c2ef95075a722950e70acddaa2d634afa51f72e1887c218d1b3eb99c5c0f,高一 假期经历,1000
NJ2,J2,https://www.zuowen.com/e/20200311/5e6882e2cc059.shtml,3065720,关于经历的作文：经历,2020-03-11,未标注,未核验,,网络资源,483,宽泛,40,拒绝,面包屑不属于允许的高中或初中备选作文,d7920f387491b6f7a3fe54cdd9a959ee680f104515687356995a8b8bdc6550cc,假期经历,550
NJ2,J2,https://www.zuowen.com/e/20200311/5e688413dd154.shtml,3065733,关于经历的作文：经历,2020-03-11,未标注,未核验,,网络资源,691,宽泛,36,拒绝,面包屑不属于允许的高中或初中备选作文,7f90ccf27addd5a35412c4006b671b1ba53d99de743afbac17ef5dc2acf104c2,假期经历,800
NJ2,J2,https://www.zuowen.com/e/20200530/5ed1fa9d12da8.shtml,3086268,高三日记：拥挤的五一假期,2020-05-30,高三,高中,,网络资源,518,近似,80,拒绝,体裁不是叙事或写人,1731c36179f4614f09610c7d32388587f38c5f236be75e5fdb041959b449c90e,高三 假期经历,600
NJ2,J2,https://www.zuowen.com/e/20200311/5e688076b6a41.shtml,3065708,关于经历的作文：经历,2020-03-11,未标注,未核验,,网络资源,637,宽泛,35,拒绝,面包屑不属于允许的高中或初中备选作文,d42ff67c00d02c872a07db3e1f7dcb6ad72b9cbd95f370d2351619f8ae7c3e9b,假期经历,750
NJ2,J2,https://www.zuowen.com/e/20200311/5e68840edc016.shtml,3065730,关于经历的作文：经历,2020-03-11,未标注,未核验,,网络资源,569,宽泛,32,拒绝,面包屑不属于允许的高中或初中备选作文,bf4ebe13191f870cd193cfe6ab9f852e96079197bc907b29ee271d5ea8a8af66,假期经历,700
NJ2,J2,https://www.zuowen.com/e/20200522/5ec7c9d9aecfc.shtml,3083445,人教版高中第五册一单元作文：难忘的场景,2020-05-22,未标注,高中,,网络资源,600,不匹配,7,拒绝,体裁不是叙事或写人,66c2dc48d6dc2abee64b7c995ca2791141ef9ed730d821a44d9803466af901e5,高中 难忘的假期,650
NJ2,J2,https://www.zuowen.com/e/20210119/60068a0b7ae2a.shtml,3113096,寒假生活：三味寒假生活,2021-01-19,未标注,未核验,,网络资源,610,近似,91,拒绝,面包屑不属于允许的高中或初中备选作文,b5272a35b4ce2e89aed4377fa2f1675d724d47306e32ecae66f4ac7351be57f5,高一 寒假生活,750
NJ2,J2,https://www.zuowen.com/e/20210805/610b3e3d71f5d.shtml,3142555,高二日记：暑假生活,2021-08-05,高二,高中,,网络资源,515,近似,92,拒绝,体裁不是叙事或写人,96310b0da3d13b5c5b4cbcb02b7d857b087afdb4d7dbcdd326e37a7e4b1f9f81,高二 暑假生活,600
NJ2,J2,https://www.zuowen.com/e/20210705/60e2690b870e0.shtml,3138000,难忘的暑假生活（二）,2021-07-05,未标注,未核验,,网络资源,631,近似,97,拒绝,面包屑不属于允许的高中或初中备选作文,d6b95e3fcba9f2eef21ed18bf9695dc5dbbb17392fbf4832eac7b28627816295,高二 暑假生活,750
NJ2,J2,https://www.zuowen.com/e/20210119/600689c404c81.shtml,3113071,寒假生活：有趣的寒假生活,2021-01-19,未标注,未核验,,网络资源,1425,近似,88,拒绝,面包屑不属于允许的高中或初中备选作文,2339f6167212c00d8613829c6f75aac00344e85881852764c50ade58c2565350,高一 寒假生活,1500
NJ2,J2,https://www.zuowen.com/e/20210128/6012703002077.shtml,3114025,关于旅行的作文：旅行景点,2021-01-28,未标注,未核验,,网络资源,462,近似,85,拒绝,面包屑不属于允许的高中或初中备选作文,133455f25fb6948a05e11173f3c1544ed71128dfcfdd6ccc6d62434c5e358c45,旅行经历,550
NJ2,J2,https://www.zuowen.com/e/20210128/60127096843ef.shtml,3114028,关于旅行的作文：旅行景点（四）,2021-01-28,未标注,未核验,,网络资源,485,近似,84,拒绝,面包屑不属于允许的高中或初中备选作文,d32990a5cb546b9962c9f3f9a176e3a687ba9cf79fb1982725c3f00e627d691e,旅行经历,600
NJ2,J2,https://www.zuowen.com/e/20210119/60068578d49ba.shtml,3113040,寒假生活：我的寒假生活,2021-01-19,未标注,未核验,,网络资源,417,近似,86,拒绝,面包屑不属于允许的高中或初中备选作文,ef67f8ef9ca6cba95fcc7918479ccb2d3492d25eb91b825737a66bc518a8a6c3,高一 寒假生活,500
NJ2,J2,https://www.zuowen.com/e/20210119/600689a3672b2.shtml,3113064,寒假生活：有趣的寒假生活,2021-01-19,未标注,未核验,,网络资源,650,近似,88,拒绝,面包屑不属于允许的高中或初中备选作文,8aa4f1c3bee8e28f147bfcec12b08a307f3d013ec3d18d3c5c117e501c1319a1,高一 寒假生活,750
NJ2,J2,https://www.zuowen.com/e/20210119/600689d0021da.shtml,3113075,寒假生活：充实的寒假生活（二）,2021-01-19,未标注,未核验,,网络资源,655,近似,86,拒绝,面包屑不属于允许的高中或初中备选作文,9e62b74d23ca2a75f37bedb1749919cc8c1500346e2e77b2212187be48aba106,高一 寒假生活,800
NJ2,J2,https://www.zuowen.com/e/20210119/60068a0228c45.shtml,3113093,寒假生活：我快乐的寒假生活,2021-01-19,未标注,未核验,,网络资源,556,近似,86,拒绝,面包屑不属于允许的高中或初中备选作文,cc788ebe5f64e148afaa0e32592580c422d23521655ba2b8b5d8c3bea4e0c179,高一 寒假生活,650
NJ2,J2,https://www.zuowen.com/e/20210119/600689ad69300.shtml,3113066,寒假生活：有趣的寒假生活（三）,2021-01-19,未标注,未核验,,网络资源,450,近似,81,拒绝,面包屑不属于允许的高中或初中备选作文,0c5890835b9cf8ff2b0be9e96563ce274d7114a4d692390283db9dc596499055,高一 寒假生活,550
NJ2,J2,https://www.zuowen.com/e/20210119/600689fa7d17f.shtml,3113090,寒假生活：寒假生活,2021-01-19,未标注,未核验,,网络资源,476,近似,81,拒绝,面包屑不属于允许的高中或初中备选作文,37bbc00be9b7a9b30c750dffd5c023564f2c4d526b147efdaefccfb2638cba59,高一 寒假生活,550
NJ2,J2,https://www.zuowen.com/e/20210119/600689ff365c4.shtml,3113092,寒假生活：寒假里的快乐生活,2021-01-19,未标注,未核验,,网络资源,408,近似,83,拒绝,面包屑不属于允许的高中或初中备选作文,d17f67e49ff3a53594e11548bb5fcaf89da41cc69c27acff43977b7919f026d3,寒假生活,500
NJ2,J2,https://www.zuowen.com/e/20210913/613ec61090476.shtml,3144957,我的暑假生活（二）,2021-09-13,未标注,未核验,,网络资源,472,近似,91,拒绝,面包屑不属于允许的高中或初中备选作文,2aa0c78609113f356f6f6a0195394848bef770f78b32e29a8301ef8b2910face,高二 暑假生活,550
NJ2,J2,https://www.zuowen.com/e/20210119/6006896c5a89f.shtml,3113055,寒假生活：愉快的寒假生活,2021-01-19,未标注,未核验,,网络资源,279,近似,80,拒绝,面包屑不属于允许的高中或初中备选作文,3c934df6193c7e7398672d0efdf28f0c550552c1ef693ba353750257770cb247,高一 寒假生活,350
NJ2,J2,https://www.zuowen.com/e/20210119/600689fd02ac5.shtml,3113091,寒假生活：愉快的寒假生活,2021-01-19,未标注,未核验,,网络资源,283,近似,87,拒绝,面包屑不属于允许的高中或初中备选作文,7c9368d811fa035cd4a81d0853311ae9665632730a52b646214a833c2e2ea9d5,高一 寒假生活,350
NJ2,J2,https://www.zuowen.com/e/20210128/601270946a333.shtml,3114027,关于旅行的作文：旅行景点（三）,2021-01-28,未标注,未核验,,网络资源,511,近似,81,拒绝,面包屑不属于允许的高中或初中备选作文,271d1c05673e0bb8fe9589e8af63c1221e2907369476d0ec7b19f1f907a0bc56,旅行经历,600
NJ2,J2,https://www.zuowen.com/e/20210119/600689a8277dc.shtml,3113065,寒假生活：有趣的寒假生活（二）,2021-01-19,未标注,未核验,,网络资源,545,近似,91,拒绝,面包屑不属于允许的高中或初中备选作文,ed0a992baeda515065b8a042bb007fbea9372bd8d2b9a15603391f62d7dc15a8,高一 寒假生活,650
NJ2,J2,https://www.zuowen.com/e/20210705/60e26c17676cc.shtml,3138028,我的暑假生活（二）,2021-07-05,未标注,未核验,,网络资源,501,近似,81,拒绝,面包屑不属于允许的高中或初中备选作文,16feed14d687daad9e3dd54724d725b49f7adface847fd7082605dfe6ea63b42,高二 暑假生活,550
NJ2,J2,https://www.zuowen.com/e/20090924/4b8bd33a4cf0a.shtml,1041888,焦急等待中的我们,2009-09-24,高二,高中,叙事作文,网络资源,473,不匹配,2,拒绝,主题不匹配,37e48e2c85dac3dc8f33a0210ad694c602ec3dc9ab7cb5a222886614aa486c62,高中栏目:https://www.zuowen.com/gaozhong/gaoer/xushi/,500
NJ2,J2,https://www.zuowen.com/e/20090909/4b8bcf895df90.shtml,968123,快乐的春游,2009-09-09,高二,高中,叙事作文,网络资源,500,扩展,52,入选,,38da9acb22a61e966cc28fc05832c1323477489c80a61fcde1e6f176595e56ea,高中栏目:https://www.zuowen.com/gaozhong/gaoer/xushi/,550
NJ2,J2,https://www.zuowen.com/e/20090925/4b8bd340b3f10.shtml,1045620,我要去旅游,2009-09-25,高三,高中,叙事作文,网络资源,799,扩展,52,拒绝,正文汉字数超出200-787,093dff6d0d66e5960f698b3d93d6da0d1ee87cad0b1f72ff8c5206329afc5cce,高中栏目:https://www.zuowen.com/gaozhong/gaosan/xushi/,900
NJ2,J2,https://www.zuowen.com/e/20090920/4b8bd300819b4.shtml,1019496,珍贵的友谊,2009-09-20,高二,高中,叙事作文,网络资源,940,不匹配,2,拒绝,正文汉字数超出200-787,c398259258a15df9517fca6b4db4bc274360a67c251da498af6bddbf996e26eb,高中栏目:https://www.zuowen.com/gaozhong/gaoer/xushi/,1200
NJ2,J2,https://www.zuowen.com/e/20131230/52c165a749f5b.shtml,,难忘你——同行者,2013-12-30,,,,作文网高中年级栏目,0,,0.0,失败,未找到 con_content 正文,,高中栏目:https://www.zuowen.com/gaozhong/gaoyi/xunshi/,2000
NJ2,J2,https://www.zuowen.com/e/20150717/55a8b7c730a9b.shtml,2780531,心两室，路四方,2015-07-17,高一,高中,叙事作文,作文网原创,1297,不匹配,4,拒绝,正文汉字数超出200-787,7d881e959a5b24e513e526d0956db31b49774f8e9b273013ab04d76d3e4e71cb,高中栏目:https://www.zuowen.com/gaozhong/gaoyi/xunshi/,1500
NJ2,J2,https://www.zuowen.com/e/20090922/4b8bd314955af.shtml,1028126,旅游记,2009-09-22,高一,高中,叙事作文,网络资源,729,扩展,57,入选,,833497910b170148502b9d7f1d3b5b18da44465d51924378e48a57b6da448aea,高中 旅游记,800
NJ2,J2,https://www.zuowen.com/e/20110421/569e23528470d.shtml,2823821,慢小姐与快先生旅游记,2011-04-21,未标注,未核验,,作文网整合,828,扩展,55,拒绝,面包屑不属于允许的高中或初中备选作文,2f4c1605dbded03aa2565229770a2832b4cd76531cae591c2798fd753631fe50,高中 旅游记,
NJ2,J2,https://www.zuowen.com/e/20121122/50adcfef5694c.shtml,2354673,关于经历的作文：一次难忘的经历,2012-11-22,未标注,未核验,,作文网整合,301,扩展,55,拒绝,面包屑不属于允许的高中或初中备选作文,0af64309b03e5393a6009e277763bf63fe73b468a30f38ff1e26102b609aef4f,假期经历,350
NJ2,J2,https://www.zuowen.com/e/20121205/50beda1deb908.shtml,2361861,关于旅行的作文：惊险旅行,2012-12-05,未标注,未核验,,作文网整理,559,扩展,53,拒绝,面包屑不属于允许的高中或初中备选作文,193d5b9a3b6ba2f949f8852eff263d68bfeb7d81e258b47fd55cb055400d647a,旅行经历,650
NJ2,J2,https://www.zuowen.com/e/20110607/569e22a5bbf95.shtml,2823500,小蜗牛的旅行,2011-06-07,未标注,未核验,,作文网整合,189,扩展,51,拒绝,面包屑不属于允许的高中或初中备选作文,248904567c173d41f6213f10f1f657606fb6ae83ce96482175b7906995705ab4,旅行经历,
NJ2,J2,https://www.zuowen.com/e/20090628/4b8bd57953348.shtml,1258756,人教版高中第三册四单元作文：一次难忘的飞机旅行,2009-06-28,未标注,高中,,网络,486,扩展,49,入选,,e388d8390aa94bad73ede22edddd2e97ec60fd4b1b091b39009686abb8d73ab9,高中 难忘的假期,600
NJ2,J2,https://www.zuowen.com/e/20130805/51ffb89c9d7d5.shtml,2500876,漳州东山岛旅游记,2013-08-05,未标注,未核验,,作文网原创,381,扩展,56,拒绝,面包屑不属于允许的高中或初中备选作文,bc042beb74d84ff9e4551ef0cf5a703b6f10f70a34f0581b40e7832a3defa197,高中 旅游记,450
NJ2,J2,https://www.zuowen.com/e/20141221/54962c482b189.shtml,2739718,旅游记,2014-12-21,未标注,未核验,叙事作文,作文网原创,483,扩展,56,拒绝,面包屑不属于允许的高中或初中备选作文,067d27b110ad3e28aa397488712533198ad8afa7bb45542855c0eb351396b9bc,高中 旅游记,550
NJ2,J2,https://www.zuowen.com/e/20190522/5ce420af4365a.shtml,3015551,漳州东山岛旅游记,2019-05-22,未标注,未核验,,网站资源,375,扩展,56,拒绝,面包屑不属于允许的高中或初中备选作文,c85fdabf1049978dcd7f7941b4d4b97e82ab1e510562fd82847635cdaf2c20a5,高中 旅游记,400
NJ2,J2,https://www.zuowen.com/e/20190715/5d2c6cac0c7c7.shtml,3024635,黄龙九寨沟旅游记,2019-07-15,未标注,未核验,,网络资源,434,扩展,56,拒绝,面包屑不属于允许的高中或初中备选作文,0beb75fdbce3023dc082ebaf0efe2d9ec2aa2d924b29b0cf402f6bd6a7880223,高中 旅游记,500
NJ2,J2,https://www.zuowen.com/e/20200311/5e6881bf7e6b9.shtml,3065719,关于经历的作文：经历,2020-03-11,未标注,未核验,,网络资源,1130,宽泛,38,拒绝,面包屑不属于允许的高中或初中备选作文,ff0688d15bf7be2a43f7cd1ba7471cfe44130f337ba54fe0ac9baadcb6a556d5,旅行经历,1200
NJ2,J2,https://www.zuowen.com/e/20210128/601272533f76b.shtml,3114054,关于旅行的作文：难忘的旅行,2021-01-28,未标注,未核验,,网络资源,788,扩展,54,拒绝,面包屑不属于允许的高中或初中备选作文,649a89b4ecfbfeedd04ec7d8d47044cefc6ed87260a71d8e038b551fce0244c8,旅行经历,900
NJ2,J2,https://www.zuowen.com/e/20090924/4b8bd3398f474.shtml,1041641,美好的回忆,2009-09-24,高三,高中,叙事作文,网络资源,571,宽泛,43,入选,,e8aea243ea9bcf2b98264069ef0404ba827e3f2dfbc905cb2b1dc201d99c1ef1,高中栏目:https://www.zuowen.com/gaozhong/gaosan/xushi/,700
NJ2,J2,https://www.zuowen.com/e/20120828/503ba74c18297.shtml,2310766,爱,2012-08-28,高三,高中,叙事作文,作文网原创,480,宽泛,37,入选,,acf7ea0e1ac859109b1bbf1057e8da66b23c9b4f6417e2a86cd1b86ee081d7dd,高中栏目:https://www.zuowen.com/gaozhong/gaosan/xushi/,600
NJ2,J2,https://www.zuowen.com/e/20090915/4b8bcfdb824d0.shtml,996721,成功的代价,2009-09-15,高二,高中,叙事作文,网络资源,1320,宽泛,40,拒绝,正文汉字数超出200-787,0fe7d941edbb6711624620b4ecabb88a3e6bd86eb5136065fba3df0d25a7ac1c,高中栏目:https://www.zuowen.com/gaozhong/gaoer/xushi/,1500
NJ2,J2,https://www.zuowen.com/e/20090920/4b8bd301d66ec.shtml,1019933,如果,2009-09-20,高二,高中,叙事作文,网络资源,443,不匹配,3,拒绝,主题不匹配,80ec97aa9dbad80783266dadd01bd6febee198edda712a66eed7d6b1f4d22183,高中栏目:https://www.zuowen.com/gaozhong/gaoer/xushi/,450
NJ2,J2,https://www.zuowen.com/e/20090913/4b8bcfc03354e.shtml,986946,难忘记,2009-09-13,高二,高中,叙事作文,网络资源,614,宽泛,40,入选,,91c0f6f78f5bf1f7d89d2752b85dddb920559bbf6653c336359f3a72dc099df5,高中栏目:https://www.zuowen.com/gaozhong/gaoer/xushi/,700
NJ2,J2,https://www.zuowen.com/e/20090917/4b8bcff4436a9.shtml,1005703,想对老师说的话,2009-09-17,高二,高中,叙事作文,网络资源,960,宽泛,36,拒绝,正文汉字数超出200-787,526717e4e08018bf1b82ae8601fb7c4671e2cfed944f0c261689298745d616d3,高中栏目:https://www.zuowen.com/gaozhong/gaoer/xushi/,1000
NJ2,J2,https://www.zuowen.com/e/20090909/4b8bcf86565c2.shtml,966936,记忆的深处,2009-09-09,高二,高中,叙事作文,网络资源,545,宽泛,34,入选,,3c6668c890e834f1e2cdc9621aa5cb8fdf49932d5739742c6595aa0fce6821b9,高中栏目:https://www.zuowen.com/gaozhong/gaoer/xushi/,650
NJ2,J2,https://www.zuowen.com/e/20090920/4b8bd01a89686.shtml,1018858,花开花落,2009-09-20,高二,高中,叙事作文,网络资源,469,不匹配,3,拒绝,主题不匹配,5891bd74de7fe6a99c162c3db16ef4e41f3f716081b8d07d943982e4296a4a09,高中栏目:https://www.zuowen.com/gaozhong/gaoer/xushi/,550
NJ2,J2,https://www.zuowen.com/e/20111114/4ec0715c271e6.shtml,2119071,回家变得好奢侈,2011-11-14,高三,高中,叙事作文,作文网原创,640,宽泛,36,入选,,dfcb967d8a29f7c1a15c1af2acb6172fd9381319c1c6af45842de1948bed8a77,高中栏目:https://www.zuowen.com/gaozhong/gaosan/xushi/,700
NJ2,J2,https://www.zuowen.com/e/20090822/4b8bce46167b0.shtml,855517,不经历风雨怎能见彩虹,2009-08-22,高二,高中,,本站原创,784,宽泛,36,拒绝,体裁不是叙事或写人,befd7c0e2dea638995b54fb7f9eceeb4af9928698c44a97c070490a081f813f0,高二 假期经历,900
NJ2,J2,https://www.zuowen.com/e/20090912/4b8bcfb56d4e5.shtml,983456,初中生活的回忆,2009-09-12,高二,高中,叙事作文,网络资源,508,宽泛,36,入选,,d1f497c3a009573cde37836a8d245f1d0c11292121b371e4fd1d0fbab40603ea,高中栏目:https://www.zuowen.com/gaozhong/gaoer/xushi/,600
NJ2,J2,https://www.zuowen.com/e/20090926/4b8bd3484dfbe.shtml,1048132,我们,2009-09-26,高三,高中,叙事作文,网络资源,445,不匹配,2,拒绝,主题不匹配,5739122aa1c31e2b582fc5adbe917a4698d8f03c190f8d74766ea36e4af82e88,高中栏目:https://www.zuowen.com/gaozhong/gaosan/xushi/,500
NJ2,J2,https://www.zuowen.com/e/20110527/4ddf06f42c393.shtml,1890655,我们十七岁的故事,2011-05-27,高二,高中,叙事作文,作文网原创,1630,宽泛,33,拒绝,正文汉字数超出200-787,8910dcc474eabb3a5478626e922bb5e706bde8fc1319ec6ba40ef13c79d40cb3,高中栏目:https://www.zuowen.com/gaozhong/gaoer/xushi/,2000
NJ2,J2,https://www.zuowen.com/e/20090920/4b8bd01c31989.shtml,1019191,从灾难中看到希望,2009-09-20,高二,高中,叙事作文,网络资源,600,不匹配,3,拒绝,主题不匹配,48783838d892aae9c8ba6ab72e6b5978a5127f3177c3b7a95a495961b28855d7,高中栏目:https://www.zuowen.com/gaozhong/gaoer/xushi/,700
NJ2,J2,https://www.zuowen.com/e/20090925/4b8bd341570f1.shtml,1045834,嗜甜高三,2009-09-25,高三,高中,叙事作文,网络资源,642,不匹配,4,拒绝,主题不匹配,48f11e308adbeea07533af5b3fbe4124c847e37ba7363e79cdc6c55ab686b22f,高中栏目:https://www.zuowen.com/gaozhong/gaosan/xushi/,700
NJ2,J2,https://www.zuowen.com/e/20090928/4b8bd35b8d685.shtml,1055339,离别,2009-09-28,高三,高中,叙事作文,网络资源,583,不匹配,9,拒绝,主题不匹配,89926086daf86c1db332ef0e29bfc2b72f66f1e86d28aa021dbaec6a82942a33,高中栏目:https://www.zuowen.com/gaozhong/gaosan/xushi/,650
NJ2,J2,https://www.zuowen.com/e/20091223/4b8bd6552ec22.shtml,1346022,在苍白的流年中无声呐喊,2009-12-23,高三,高中,叙事作文,网络资源,1317,不匹配,2,拒绝,正文汉字数超出200-787,2d9f39b357adf2e9511e76cc6981952613a2e6a91a37305851cc97d7c97ac47e,高中栏目:https://www.zuowen.com/gaozhong/gaosan/xushi/,1500
NJ2,J2,https://www.zuowen.com/e/20100901/4c7e2d656642a.shtml,1741158,过生日,2010-09-01,高二,高中,叙事作文,作文网,467,不匹配,4,拒绝,主题不匹配,095166ea62a18238ad2e74f488b7290d76ccbddffc91b409561fd5e18bbf8b35,高中栏目:https://www.zuowen.com/gaozhong/gaoer/xushi/,550
NJ2,J2,https://www.zuowen.com/e/20111129/4ed43629458da.shtml,2132898,美丽的仙人桥,2011-11-29,高三,高中,叙事作文,作文网原创,724,不匹配,4,拒绝,主题不匹配,4bb99478d3699620ddbf969843223be3dc0a93d5d937ab4dc64622aed4b23b96,高中栏目:https://www.zuowen.com/gaozhong/gaosan/xushi/,800
NJ2,J2,https://www.zuowen.com/e/20120827/503afa992eeba.shtml,2309825,在快乐中成长,2012-08-27,高三,高中,叙事作文,作文网原创,327,宽泛,31,入选,,f4b94305368b00bdb9097af8cf854a4047976b9a4e4b3c82b8487713421a4006,高中栏目:https://www.zuowen.com/gaozhong/gaosan/xushi/,400
NJ2,J2,https://www.zuowen.com/e/20120925/5060e4fe47189.shtml,2323565,世间最难以报答的恩情,2012-09-25,高二,高中,叙事作文,作文网原创,3431,不匹配,2,拒绝,正文汉字数超出200-787,32c44920c1ced29ac13c129a94d2df5471ea0e37042de2e1c4f886da22b317ba,高中栏目:https://www.zuowen.com/gaozhong/gaoer/xushi/,3000
NJ2,J2,https://www.zuowen.com/e/20090912/4b8bcfb5601e0.shtml,983438,窗,2009-09-12,高二,高中,叙事作文,网络资源,724,不匹配,3,拒绝,主题不匹配,f06e0607c1294515a000ee45df2addd8ea758db432d8cb1d6135c8972555773a,高中栏目:https://www.zuowen.com/gaozhong/gaoer/xushi/,900
NJ2,J2,https://www.zuowen.com/e/20090913/4b8bcfc1da791.shtml,987621,经历,2009-09-13,高二,高中,叙事作文,网络资源,669,宽泛,34,入选,,b0390449212c90719086b0e9da9f6ecb3d007cc5bd3d9d958ce1c0a550e0888a,高中栏目:https://www.zuowen.com/gaozhong/gaoer/xushi/,800
NJ2,J2,https://www.zuowen.com/e/20090927/4b8bd34f46dd4.shtml,1050725,还未开始的童话,2009-09-27,高三,高中,叙事作文,网络资源,775,不匹配,2,拒绝,主题不匹配,5a3dab4f6cdd8cdfae1695896bd96b5377154f759ddab04e3e6e7380c8db3cd4,高中栏目:https://www.zuowen.com/gaozhong/gaosan/xushi/,800
NJ2,J2,https://www.zuowen.com/e/20090928/4b8bd359894cc.shtml,1054582,相聚,2009-09-28,高三,高中,叙事作文,网络资源,1269,近似,82,拒绝,正文汉字数超出200-787,aa216c5eb2d83ef59ec5adc69b0af644aa1197c980961cb8b04c611e73cb37cd,高中栏目:https://www.zuowen.com/gaozhong/gaosan/xushi/,1500
NJ2,J2,https://www.zuowen.com/e/20091010/4b8bd3a851f13.shtml,1083631,困难之外,2009-10-10,高三,高中,叙事作文,网络资源,555,不匹配,2,拒绝,主题不匹配,2010fabbc7afccf3de0f403a17c980b2c28d855e17d70590a9d3b7b82e14a1ff,高中栏目:https://www.zuowen.com/gaozhong/gaosan/xushi/,650
NJ2,J2,https://www.zuowen.com/e/20091014/4b8bd3cc9d7fe.shtml,1097044,难忘的小学生活,2009-10-14,高三,高中,叙事作文,网络资源,520,宽泛,31,入选,,6c71b21c675849eeaad3dd249f3f43c194947d4cd0916ee77c86ea008b5b3c61,高中栏目:https://www.zuowen.com/gaozhong/gaosan/xushi/,600
NJ2,J2,https://www.zuowen.com/e/20100901/4c7dc9d5b9458.shtml,1740536,过生日,2010-09-01,高二,高中,叙事作文,作文网,526,不匹配,3,拒绝,主题不匹配,f9d0d6150d746623bf3d5762ab5b5adc29b906a2a04e9882539736427760107b,高中栏目:https://www.zuowen.com/gaozhong/gaoer/xushi/,600
NJ2,J2,https://www.zuowen.com/e/20100927/4ca06d90689c5.shtml,1753632,师恩难忘,2010-09-27,高三,高中,叙事作文,作文网,585,宽泛,29,入选,,fd157a779556755cd13d6ee10bf416180ac54c01dc2c31c42f86102d7bdf409a,高中栏目:https://www.zuowen.com/gaozhong/gaosan/xushi/,650
NJ2,J2,https://www.zuowen.com/e/20110329/4d912265a2b6e.shtml,1839921,记忆中的初中生活,2011-03-29,高三,高中,叙事作文,作文网原创,1181,宽泛,33,拒绝,正文汉字数超出200-787,d69a75d80918ca7ef71ad5989bd6611f106e292aa8222c3173699a8306c3a84f,高中栏目:https://www.zuowen.com/gaozhong/gaosan/xushi/,1500
NJ2,J2,https://www.zuowen.com/e/20120913/505170d43db06.shtml,2318817,香橙回忆录,2012-09-13,高二,高中,叙事作文,转载,1435,宽泛,30,拒绝,正文汉字数超出200-787,b19bb98d365f4b8a94f86df7fe6319a9857c9ba1901171eaef6a93b814d52a7b,高中栏目:https://www.zuowen.com/gaozhong/gaoer/xushi/,1500
NJ2,J2,https://www.zuowen.com/e/20090912/4b8bcfb5a4faf.shtml,983533,故事,2009-09-12,高二,高中,叙事作文,网络资源,747,宽泛,31,入选,,4e5e44d9f39b197564028822b63877be536a7c472509072011e80c0161154e4f,高中栏目:https://www.zuowen.com/gaozhong/gaoer/xushi/,800
NJ2,J2,https://www.zuowen.com/e/20090915/4b8bcfd87c264.shtml,995645,China加油,2009-09-15,高二,高中,叙事作文,网络资源,543,不匹配,2,拒绝,主题不匹配,ea2b35455545d10122bc7a7ece09ad31212f0cdae645ad799f226abbe30e4f85,高中栏目:https://www.zuowen.com/gaozhong/gaoer/xushi/,600
NJ2,J2,https://www.zuowen.com/e/20090915/4b8bcfdb7f204.shtml,996717,青春的季节,2009-09-15,高二,高中,叙事作文,网络资源,654,不匹配,2,拒绝,主题不匹配,bfb1a283bd720c0a0248b6da6809f1783c495f7808d66ee395cc8496046b6a2b,高中栏目:https://www.zuowen.com/gaozhong/gaoer/xushi/,700
NJ2,J2,https://www.zuowen.com/e/20090919/4b8bd009a3bea.shtml,1013145,冰冷的成长,2009-09-19,高二,高中,叙事作文,网络资源,876,宽泛,33,拒绝,正文汉字数超出200-787,9ef8d42ba0e421f314018f8730f24217738d3cc63c192a014014b0c6d4375335,高中栏目:https://www.zuowen.com/gaozhong/gaoer/xushi/,1000
NJ2,J2,https://www.zuowen.com/e/20090922/4b8bd31c85984.shtml,1031173,泛潮的记忆,2009-09-22,高二,高中,叙事作文,网络资源,606,宽泛,35,入选,,ac1a15ce1cb43bf9ee1492b32ad1777773e3dbad087fa84e30b611432abaf1b9,高中栏目:https://www.zuowen.com/gaozhong/gaoer/xushi/,650
NJ2,J2,https://www.zuowen.com/e/20090924/4b8bd33659848.shtml,1040363,感动,2009-09-24,高三,高中,叙事作文,网络资源,1686,不匹配,2,拒绝,正文汉字数超出200-787,f7aa03bd8a39e045a0a571258134fd2433698e27467f846cddaa48e2cb5696e4,高中栏目:https://www.zuowen.com/gaozhong/gaosan/xushi/,2000
NJ2,J2,https://www.zuowen.com/e/20090924/4b8bd3383b2b0.shtml,1041101,只因我们都是人,2009-09-24,高三,高中,叙事作文,网络资源,858,不匹配,2,拒绝,正文汉字数超出200-787,5cb68dd719acc20ef40dadb47b53a21a0144341bd210a484b860c70f2820cbfb,高中栏目:https://www.zuowen.com/gaozhong/gaosan/xushi/,1000
NJ2,J2,https://www.zuowen.com/e/20090926/4b8bd349a97ff.shtml,1048613,是否该常去阅览室,2009-09-26,高二,高中,叙事作文,网络资源,534,不匹配,2,拒绝,主题不匹配,249447ff2b3f6c974f5f51c29a55c783eaeeb0c032dbde18cea8a68f6b038036,高中栏目:https://www.zuowen.com/gaozhong/gaoer/xushi/,600
NJ2,J2,https://www.zuowen.com/e/20090926/4b8bd34acbb94.shtml,1049041,梦入儿时,2009-09-26,高二,高中,叙事作文,网络资源,792,不匹配,2,拒绝,正文汉字数超出200-787,97fd8b49a58b048310905f4fe7766c1b468213a0b26775b8116bc5f93e5a931c,高中栏目:https://www.zuowen.com/gaozhong/gaoer/xushi/,1000
NJ2,J2,https://www.zuowen.com/e/20090927/4b8bd34f5fafa.shtml,1050759,有故事的人,2009-09-27,高三,高中,叙事作文,网络资源,509,宽泛,34,入选,,f6b47412f1faccaa41eab1ab1e40546a13c09aee36616b8a2051e7afb9a27825,高中栏目:https://www.zuowen.com/gaozhong/gaosan/xushi/,550
NJ2,J2,https://www.zuowen.com/e/20090928/4b8bd35b97aa7.shtml,1055355,成长,2009-09-28,高三,高中,叙事作文,网络资源,1494,宽泛,35,拒绝,正文汉字数超出200-787,1ffa11a1d91cd2c1c61e6a9113140ca59e270580ccabb9919f54546f0e648614,高中栏目:https://www.zuowen.com/gaozhong/gaosan/xushi/,1500
NJ2,J2,https://www.zuowen.com/e/20111114/4ec0715b1d94d.shtml,2119070,父爱伴随我成长,2011-11-14,高三,高中,叙事作文,作文网原创,608,宽泛,26,入选,,4162814a54827926fa9104199bf06740a79552cff5d2d88673225eb0407dc158,高中栏目:https://www.zuowen.com/gaozhong/gaosan/xushi/,800
NJ2,J2,https://www.zuowen.com/e/20130701/51d118e46429f.shtml,2479924,回忆过去，把握现在，展望未来,2013-07-01,高一,高中,叙事作文,作文网原创,653,宽泛,37,入选,,736c7510d994f0aecae72d1779615db7808cc62b0d100845d5887975645c62a8,高中栏目:https://www.zuowen.com/gaozhong/gaoyi/xunshi/,700
NJ2,J2,https://www.zuowen.com/e/20131211/52a804ddb5678.shtml,2574551,让我难忘的一件事,2013-12-11,高一,高中,叙事作文,作文网原创,689,宽泛,32,入选,,9189f840aa367c87af01d1179f5d76d87e99469a6688934819f37687e36e1cab,高中栏目:https://www.zuowen.com/gaozhong/gaoyi/xunshi/,750
NJ2,J2,https://www.zuowen.com/e/20130701/51d118eff0ad1.shtml,2479931,出错,2013-07-01,高一,高中,叙事作文,作文网原创,1431,不匹配,2,拒绝,正文汉字数超出200-787,cee6732bd376c707aeff0d0c367890fbe395435d5c6f215f8ca109a8c2d7d336,高中栏目:https://www.zuowen.com/gaozhong/gaoyi/xunshi/,1500
NJ2,J2,https://www.zuowen.com/e/20130917/52380186270e7.shtml,2521947,令人难忘的细节,2013-09-17,高一,高中,叙事作文,作文网原创,1006,宽泛,29,拒绝,正文汉字数超出200-787,60dae473116d2459c83815c7b948927c584c0fdac4b39ab45a0d2535878c9e96,高中栏目:https://www.zuowen.com/gaozhong/gaoyi/xunshi/,1200
NJ2,J2,https://www.zuowen.com/e/20130926/5244403578b06.shtml,2527157,毕业寄语,2013-09-26,高一,高中,叙事作文,作文网原创,541,不匹配,6,拒绝,主题不匹配,deb6c2e96a56f29edef29119725968eeab1b2c9e1c8aca9e89789a37d16694b9,高中栏目:https://www.zuowen.com/gaozhong/gaoyi/xunshi/,600
NJ2,J2,https://www.zuowen.com/e/20131019/52616522374f7.shtml,2540515,感动,2013-10-19,高一,高中,叙事作文,作文网原创,991,不匹配,2,拒绝,正文汉字数超出200-787,24d03895c97ca622d738edb406f7d7eeec4eff63d2016ae664a226809e273239,高中栏目:https://www.zuowen.com/gaozhong/gaoyi/xunshi/,1200
NJ2,J2,https://www.zuowen.com/e/20141228/549fe69fce90e.shtml,2741156,生活·挫折,2014-12-28,高一,高中,叙事作文,作文网原创,678,宽泛,39,入选,,f5e09abd693e476186d72a7d83dec36f52e4555a496b1980a42c15c1d0a11430,高中栏目:https://www.zuowen.com/gaozhong/gaoyi/xunshi/,900
NJ2,J2,https://www.zuowen.com/e/20141103/5456edbd9ae1d.shtml,2731701,我心中的绿地,2014-11-03,高一,高中,叙事作文,作文网原创,653,不匹配,4,拒绝,主题不匹配,0257bd92ef458624cb23c433e3d0174987f1def93e2b6e48c2dfb45d0f15380b,高中栏目:https://www.zuowen.com/gaozhong/gaoyi/xunshi/,800
NJ2,J2,https://www.zuowen.com/e/20140214/52fd69d64fec0.shtml,2613641,难忘毕业季,2014-02-14,高一,高中,叙事作文,作文网原创,953,宽泛,36,拒绝,正文汉字数超出200-787,c30cf30e7b98d4c36c846d27b47574e86689067eb62750f675c2a1d276ef578e,高中栏目:https://www.zuowen.com/gaozhong/gaoyi/xunshi/,1000
NJ2,J2,https://www.zuowen.com/e/20140415/534d46f09a146.shtml,2656704,赛车与洋娃娃的故事,2014-04-15,高一,高中,叙事作文,作文网原创,824,宽泛,27,拒绝,正文汉字数超出200-787,9abeddd8db3d2579eddd499a761b3b7684f4e4dbc7c106b480b0e80dbae0b733,高中栏目:https://www.zuowen.com/gaozhong/gaoyi/xunshi/,1000
NJ2,J2,https://www.zuowen.com/e/20140811/53e82e2288d27.shtml,,故乡槐山村,2014-08-11,,,,作文网高中年级栏目,0,,0.0,失败,未找到 con_content 正文,,高中栏目:https://www.zuowen.com/gaozhong/gaoyi/xunshi/,3000
NJ2,J2,https://www.zuowen.com/e/20140813/53eb0eee3345f.shtml,2714611,路,2014-08-13,高一,高中,叙事作文,作文网原创,647,不匹配,2,拒绝,主题不匹配,daa5e82cf3ebf436b3ea84ef68abecd06f14377739a2232a2c285a1bd5f67e92,高中栏目:https://www.zuowen.com/gaozhong/gaoyi/xunshi/,1200
NJ2,J2,https://www.zuowen.com/e/20150213/54dd71c6bc82c.shtml,2748665,记忆是美好的,2015-02-13,高一,高中,叙事作文,作文网原创,314,宽泛,39,入选,,0acf2f043c5c62aebd8bce16eb7c57b3c9bb46d472ef83108bc5bffeaf0fd209,高中栏目:https://www.zuowen.com/gaozhong/gaoyi/xunshi/,350
NJ2,J2,https://www.zuowen.com/e/20150714/55a4b24ea0107.shtml,2779947,初三的阳光,2015-07-14,高一,高中,叙事作文,作文网原创,236,宽泛,36,入选,,54ebcb2e56b982099e0cc9a7b38c153aae87b681c974a39c035dee887a0b2e4d,高中栏目:https://www.zuowen.com/gaozhong/gaoyi/xunshi/,250
NJ2,J2,https://www.zuowen.com/e/20150907/55ed4aa510232.shtml,2787160,在 汗 水 中 成 长 ——军训感悟,2015-09-07,高一,高中,叙事作文,作文网原创,577,宽泛,38,入选,,a7c39ee6f873e7344950e9ff032e7caa8415022071b4e0f9f713a751f4e9e6af,高中栏目:https://www.zuowen.com/gaozhong/gaoyi/xunshi/,700
NJ2,J2,https://www.zuowen.com/e/20150906/55eb14bec28c3.shtml,,不同的人生不同的路,2015-09-06,,,,作文网高中年级栏目,0,,0.0,失败,未找到 con_content 正文,,高中栏目:https://www.zuowen.com/gaozhong/gaoyi/xunshi/,1200
NJ2,J2,https://www.zuowen.com/e/20150313/550273943b627.shtml,2753128,高中那些事,2015-03-13,高一,高中,叙事作文,作文网原创,694,不匹配,3,拒绝,主题不匹配,55da55d0e7ee7f957e67b185243cbbfabac2c0d083a71d26065c5fceeaba536b,高中栏目:https://www.zuowen.com/gaozhong/gaoyi/xunshi/,800
NJ2,J2,https://www.zuowen.com/e/20150913/55f567a2bb325.shtml,2788293,我的梦想,2015-09-13,高一,高中,叙事作文,作文网原创,1474,不匹配,2,拒绝,正文汉字数超出200-787,5821c7bba54d9a6dec796734ecbdf6c264bdf4e77a05a7803babb350b523326a,高中栏目:https://www.zuowen.com/gaozhong/gaoyi/xunshi/,1500
NJ2,J2,https://www.zuowen.com/e/20150913/55f567e236e19.shtml,2788294,我的梦想,2015-09-13,高一,高中,叙事作文,作文网原创,1474,不匹配,2,拒绝,正文汉字数超出200-787,5821c7bba54d9a6dec796734ecbdf6c264bdf4e77a05a7803babb350b523326a,高中栏目:https://www.zuowen.com/gaozhong/gaoyi/xunshi/,1500
NJ2,J2,https://www.zuowen.com/e/20150915/55f7af2a12db2.shtml,2788512,再见,2015-09-15,高一,高中,叙事作文,作文网原创,296,不匹配,2,拒绝,主题不匹配,d529f330f22ac8b704d824dfd719ca3d540f190931e5fd688d2a5dd31c9e10e6,高中栏目:https://www.zuowen.com/gaozhong/gaoyi/xunshi/,350
NJ2,J2,https://www.zuowen.com/e/20160725/5795823d9a461.shtml,2924370,感动,2016-07-25,高一,高中,叙事作文,作文网原创,518,不匹配,6,拒绝,主题不匹配,052e86d154a79e2249f959031d8d3cd66cf2e1ac8c028c5ebefdc445a6dfd767,高中栏目:https://www.zuowen.com/gaozhong/gaoyi/xunshi/,600
NJ2,J2,https://www.zuowen.com/e/20160906/57ce6bd92dc6c.shtml,2929083,庆第30个教师节，记难忘的夜自修,2016-09-06,高一,高中,叙事作文,作文网高中作文文库（作文网原创）,589,宽泛,41,入选,,036acb9fa3128aec938c206cca9eaeaeb702a9c131570bfd91113f8971ff5dc2,高中作文文库:https://www.zuowen.com/wk/gz-0-2-18-0-2.html,750
NJ2,J2,https://www.zuowen.com/e/20200908/5f57457309bdd.shtml,3098587,经历是一种收获,2020-09-08,高一,高中,叙事作文,网络资源,667,宽泛,37,入选,,ae85b3ad8ecd35003734cb1d9275d795bfbc8d908528fea801f9d82c70ee5234,高一 假期经历,750
NJ2,J2,https://www.zuowen.com/e/20200603/5ed7226ac0060.shtml,3087751,那次难忘的经历,2020-06-03,高三,高中,叙事作文,网络资源,942,宽泛,35,拒绝,正文汉字数超出200-787,f693dae31d3c31079ff78f3d71f5f72b997b976c42c76596b70be7a43e9ccaba,高三 假期经历,1000
NJ2,J2,https://www.zuowen.com/e/20200705/5f016bb9d1e30.shtml,3090711,那次难忘的经历,2020-07-05,高一,高中,叙事作文,网络资源,942,宽泛,35,拒绝,正文汉字数超出200-787,f693dae31d3c31079ff78f3d71f5f72b997b976c42c76596b70be7a43e9ccaba,高一 假期经历,1000
NJ2,J2,https://www.zuowen.com/e/20201219/5fdd94048be25.shtml,3108925,那次难忘的经历,2020-12-19,高一,高中,叙事作文,网络资源,942,宽泛,35,拒绝,正文汉字数超出200-787,f693dae31d3c31079ff78f3d71f5f72b997b976c42c76596b70be7a43e9ccaba,高一 假期经历,1000
NJ2,J2,https://www.zuowen.com/e/20250609/68468d4d17472.shtml,3351115,放飞和平鸽 8,2025-06-09,高三,高中,叙事作文,网络转载,419,不匹配,3,拒绝,人工审核排除：正文自述升入小学高年级，与高中参照学段不符,5547712e8b5fe074be5f1d0fa57f1707d33708b098e5cf36477fb67990e763ba,高中栏目:https://www.zuowen.com/gaozhong/gaosan/xushi/,500
NJ2,J2,https://www.zuowen.com/e/20121122/50adca6e568ac.shtml,2354630,关于经历的作文：难忘的经历,2012-11-22,未标注,未核验,,作文网整合,461,宽泛,45,拒绝,面包屑不属于允许的高中或初中备选作文,3b737467f1cb1cc02f9c388572b3cac24342058d360c755146213c928639ab8f,假期经历,500
NJ2,J2,https://www.zuowen.com/e/20121122/50adcabd4c755.shtml,2354633,关于经历的作文：难忘的经历,2012-11-22,未标注,未核验,,作文网整合,538,宽泛,38,拒绝,面包屑不属于允许的高中或初中备选作文,88df202a0a0553069f32316daac931e4b5bc9e9b055305171a6a3eec389c2ec0,假期经历,600
NJ2,J2,https://www.zuowen.com/e/20100610/4c10afa141bb8.shtml,1657914,人教版高中第六册三单元作文：一件难忘的事（2）,2010-06-10,未标注,高中,,作文网,734,宽泛,39,入选,,c2ab738b65d20a09c757affd9d5c6256b39ff05edc020e6b1243c6f65c226152,高中 难忘的假期,800
NJ2,J2,https://www.zuowen.com/e/20121122/50adce8950189.shtml,2354662,关于经历的作文：一次难忘的经历,2012-11-22,未标注,未核验,,作文网整合,777,宽泛,38,拒绝,面包屑不属于允许的高中或初中备选作文,61ec6ea2f5f2ac9ff25fc0a6d75426fcd560398f1ea21b651580d69df0bad590,假期经历,800
NJ2,J2,https://www.zuowen.com/e/20121122/50adcec6b1b93.shtml,2354664,关于经历的作文：一次难忘的经历,2012-11-22,未标注,未核验,,作文网整合,702,宽泛,39,拒绝,面包屑不属于允许的高中或初中备选作文,7d8f16cd20f0fac690447c036dd55b89ee3159723dd7263ea609762369fc4764,假期经历,800
NJ2,J2,https://www.zuowen.com/e/20090902/4b8bcf1976a0e.shtml,928379,高中教师节征文《师恩难忘》,2009-09-02,未标注,未核验,,网络资源,877,宽泛,36,拒绝,面包屑不属于允许的高中或初中备选作文,f744c47e6266a5d31ed3179330ab5943ccc3d78cfb8fe66e311758599e0bb17b,高中 难忘的假期,900
NJ2,J2,https://www.zuowen.com/e/20121122/50adcf76b38d4.shtml,2354669,关于经历的作文：一次难忘的经历,2012-11-22,未标注,未核验,,作文网整合,592,宽泛,36,拒绝,面包屑不属于允许的高中或初中备选作文,843371b70c62745aca3e368a1e181d517ba4c2bee13dcba47771d04e695c5b8f,假期经历,700
NJ2,J2,https://www.zuowen.com/e/20100610/4c1096a39a5c6.shtml,1657619,人教版高中第二册第二单元作文：令我难忘的一件事,2010-06-10,未标注,高中,,百度文库,471,宽泛,32,入选,,6e71a43558a05320d9eb43c5bdc54aea0b1d4bb9c7e7e255645f791faa15e334,高中 难忘的假期,550
NJ2,J2,https://www.zuowen.com/e/20121122/50adcb9281368.shtml,2354638,关于经历的作文：难忘的经历,2012-11-22,未标注,未核验,,作文网整合,941,宽泛,38,拒绝,面包屑不属于允许的高中或初中备选作文,be1e0df5b360a187483852a4434c6bc142d8cb1ecd3dcbbb26bf95a9794a5c57,旅行经历,1000
NJ2,J2,https://www.zuowen.com/e/20121122/50adcc1677d27.shtml,2354641,关于经历的作文：难忘的经历,2012-11-22,未标注,未核验,,作文网整合,492,宽泛,36,拒绝,面包屑不属于允许的高中或初中备选作文,a14f7faeb053acdb6107538a923bf53afb345ce16d7446bc37c68d704dfd1e27,假期经历,600
NJ2,J2,https://www.zuowen.com/e/20121122/50adcc8a4c86a.shtml,2354648,关于经历的作文：难忘的经历,2012-11-22,未标注,未核验,,作文网整合,969,宽泛,32,拒绝,面包屑不属于允许的高中或初中备选作文,dd1b252db9778fba3edf02058cce4d0dd21b917efa982f437ac7af074e20f331,假期经历,1000
NJ2,J2,https://www.zuowen.com/e/20121122/50adcf3fcb76a.shtml,2354667,关于经历的作文：一次难忘的经历,2012-11-22,未标注,未核验,,作文网整合,353,宽泛,35,拒绝,面包屑不属于允许的高中或初中备选作文,80862cdd4a61721844fc12122703ba5c865fbe42c740b1d58b8d85c5a20e9d5d,假期经历,400
NJ2,J2,https://www.zuowen.com/e/20121122/50add0a0b8bd8.shtml,2354681,关于经历的作文：一次难忘的经历,2012-11-22,未标注,未核验,,作文网整合,620,宽泛,32,拒绝,面包屑不属于允许的高中或初中备选作文,971b89df91e0c64ef4c1fa0c20f71688c27629336ab10af78f24fce94d96b4eb,假期经历,700
NJ2,J2,https://www.zuowen.com/e/20091227/4b8bd6716dd69.shtml,1357098,我经历的一件事,2009-12-27,未标注,未核验,,本站原创,501,宽泛,33,拒绝,面包屑不属于允许的高中或初中备选作文,5e951b6859621abf77b748bdb454c331757df431d617072cb8b5acdbfc83191d,假期经历,
NJ2,J2,https://www.zuowen.com/e/20090904/4b8bcf3509b08.shtml,937857,我经历了分班,2009-09-04,高二,高中,,网络资源,311,宽泛,32,拒绝,体裁不是叙事或写人,82ddd9257cdf06353f91a784ee1e4ab00af25e0e5625de3b238c04aa10a56752,假期经历,
NJ2,J2,https://www.zuowen.com/e/20091216/4b8bd612e6659.shtml,1320302,人教版高中第五册二单元作文：我的一次经历,2009-12-16,未标注,高中,,网络资源,684,宽泛,27,入选,,948df9afef5f1d56d2769bfa3768345a760c986ba7baed67dc07a1ee6b22efc8,高中 旅行经历,800
NJ2,J2,https://www.zuowen.com/e/20091216/4b8bd612ed24d.shtml,1320312,人教版高中第五册二单元作文：“十”的五天经历,2009-12-16,未标注,高中,,网络资源,664,宽泛,32,入选,,1441a0de616ca12938d5e9da939a2b6c9e5afd500cc478b57848484ea396d8ad,高中 旅行经历,1000
NJ2,J2,https://www.zuowen.com/e/20100610/4c10b2b3e8caa.shtml,1657978,人教版高中第四册第四单元作文：“十”的五天经历,2010-06-10,未标注,高中,,作文网,664,宽泛,32,拒绝,正文近重复（五元组Jaccard>=0.85）,5b2f61c11c8e8b0d15a763d86114b26879747598c46502f23395500e333b8ba5,高中 旅行经历,1000
NJ2,J2,https://www.zuowen.com/e/20121207/50c15a65d063d.shtml,2363484,关于经历的作文：我的读书经历,2012-12-07,未标注,未核验,,作文网整理,517,宽泛,34,拒绝,面包屑不属于允许的高中或初中备选作文,6cfe9cfc87c4f1538bf52c8f87464b94d822316a345afa0250a4ebd3535c3fc1,旅行经历,550
NJ2,J2,https://www.zuowen.com/e/20160127/56a86dc56dfe1.shtml,2855098,浅谈实习的经历,2016-01-27,未标注,未核验,,作文网整合,1166,宽泛,30,拒绝,面包屑不属于允许的高中或初中备选作文,add066cff6fe671f6ea5ef70bfd373abda4c26bc7617f5df75db2ef62ae79e72,假期经历,
NJ2,J2,https://www.zuowen.com/e/20180630/5b36f7f995c50.shtml,2986459,2018年关于经历作文的汇总（高中）,2018-06-30,未标注,未核验,,作文网整理,324,宽泛,36,拒绝,面包屑不属于允许的高中或初中备选作文,2d33050897d5c257b6b94698e1f0a50a437987c14786765e7e662c7773cfaa4f,高中 旅行经历,
NJ2,J2,https://www.zuowen.com/e/20180710/5b44b380f31bc.shtml,2990542,那未经历的经历,2018-07-10,高三,高中,叙事作文,作文网整理,833,宽泛,37,拒绝,正文汉字数超出200-787,716912cc2479a6200870e05a4b3be79451b6e327f375ad8838bc670a036ab659,假期经历,900
NJ2,J2,https://www.zuowen.com/e/20190904/5d6f303643a6a.shtml,3034268,关于教师节的作文：高中作文——师恩难忘,2019-09-04,未标注,高中,,网络资源,684,宽泛,36,拒绝,体裁不是叙事或写人,fd439e9f6b709383450dc0f0caeca867ad29f150201aa9b825372a76e43d1c62,高中 难忘的假期,700
NJ2,J2,https://www.zuowen.com/e/20200311/5e68841098336.shtml,3065731,关于经历的作文：经历,2020-03-11,未标注,未核验,,网络资源,661,宽泛,41,拒绝,面包屑不属于允许的高中或初中备选作文,01f5938dfd55c10c58c8487397a9e462b9d300cddfc64daf79de7deadc15e64e,假期经历,800
NJ2,J2,https://www.zuowen.com/e/20200311/5e688070e5e44.shtml,3065705,关于经历的作文：经历,2020-03-11,未标注,未核验,,网络资源,653,宽泛,37,拒绝,面包屑不属于允许的高中或初中备选作文,11ad4572a8047e15f285bd76e7b20e125a7de5b3b1d98ae9d30317b167354f05,假期经历,750
NJ2,J2,https://www.zuowen.com/e/20200311/5e688078e32d8.shtml,3065709,关于经历的作文：经历,2020-03-11,未标注,未核验,,网络资源,472,宽泛,37,拒绝,面包屑不属于允许的高中或初中备选作文,3df4ff78a65392d6df6052f32f3177172c28b5bd616e72691c38e1e006555e26,假期经历,550
NJ2,J2,https://www.zuowen.com/e/20200311/5e6882e4627c5.shtml,3065721,关于经历的作文：经历,2020-03-11,未标注,未核验,,网络资源,558,宽泛,37,拒绝,面包屑不属于允许的高中或初中备选作文,1b321a4e44b3b2a5c4a4abb0685ab65bcdacfd6131989aaafadd19f1b02ac47e,假期经历,650
NJ2,J2,https://www.zuowen.com/e/20200311/5e6882e830a63.shtml,3065723,关于经历的作文：经历,2020-03-11,未标注,未核验,,网络资源,484,宽泛,35,拒绝,面包屑不属于允许的高中或初中备选作文,072abb9d0176031badb7e7a979ab6778b8095aa709b158a22682665ef149ca2c,假期经历,550
NJ2,J2,https://www.zuowen.com/e/20200311/5e6882ea08775.shtml,3065724,关于经历的作文：经历,2020-03-11,未标注,未核验,,网络资源,481,宽泛,39,拒绝,面包屑不属于允许的高中或初中备选作文,18b86c6299a3f4c2100e45d159724cae56baa33a856f09898b397d18857df2b0,旅行经历,550
NJ2,J2,https://www.zuowen.com/e/20200311/5e6881b4b23cd.shtml,3065714,关于经历的作文：经历,2020-03-11,未标注,未核验,,网络资源,425,宽泛,32,拒绝,面包屑不属于允许的高中或初中备选作文,5402c3c53e9345a56aa6791f15fd1a03b96280a191f510f245ad4df2b46d99d6,假期经历,500
NJ2,J2,https://www.zuowen.com/e/20200311/5e68841785c95.shtml,3065735,关于经历的作文：经历,2020-03-11,未标注,未核验,,网络资源,863,宽泛,37,拒绝,面包屑不属于允许的高中或初中备选作文,56a1187ff367214d6e995ac5772181cf55f3aa1302765b5533f13b7f99d5ac28,假期经历,1000
NJ2,J2,https://www.zuowen.com/e/20200520/5ec510e91dde3.shtml,3082228,人教版高中第一册三单元作文：难忘那位特殊的姐姐,2020-05-20,未标注,高中,,本站原创,837,宽泛,39,拒绝,正文汉字数超出200-787,666fa6cad65fab1a50b9943489a581b34393da023a5a896d9f7f2c280de61f1e,高中 难忘的假期,900
NJ2,J2,https://www.zuowen.com/e/20200520/5ec523a6494d5.shtml,3082283,人教版高中第一册四单元作文：难忘的一件事,2020-05-20,未标注,高中,,本站原创,602,宽泛,36,入选,,7d7d9884b5232c8593acf722291cdd3f15f94fb8e2235f776f291c4f5eb16165,高中 难忘的假期,700
NJ2,J2,https://www.zuowen.com/e/20200526/5ecced97e3c97.shtml,3085507,人教版高中第六册五单元作文：致所有经历过高考的同学,2020-05-26,未标注,高中,,网络资源,1547,宽泛,36,拒绝,正文汉字数超出200-787,04bf8fb5b68b1af0c978d266602a82e18acbb71b56603885128ac6d546a24292,高中 旅行经历,1500
NJ2,J2,https://www.zuowen.com/e/20200311/5e688072e9e9d.shtml,3065706,关于经历的作文：经历,2020-03-11,未标注,未核验,,网络资源,750,宽泛,36,拒绝,面包屑不属于允许的高中或初中备选作文,566a51cab3a656096353aa45fd9e3667be153a6c5842650ae43f0af2e5c3a43b,假期经历,800
NJ2,J2,https://www.zuowen.com/e/20200311/5e6881afb2a82.shtml,3065712,关于经历的作文：经历,2020-03-11,未标注,未核验,,网络资源,427,宽泛,33,拒绝,面包屑不属于允许的高中或初中备选作文,7a20117d437056e6a702917e0c579696dbf7128b96dfddff677c355d98759b31,假期经历,500
NJ2,J2,https://www.zuowen.com/e/20200311/5e6882ec31cab.shtml,3065725,关于经历的作文：经历,2020-03-11,未标注,未核验,,网络资源,308,宽泛,33,拒绝,面包屑不属于允许的高中或初中备选作文,8b5a9124ecb6a359927a6ccbc88f0ff608465ddbb5208086e35036ae3e57b473,假期经历,400
NJ2,J2,https://www.zuowen.com/e/20200311/5e6882ee1170a.shtml,3065726,关于经历的作文：经历,2020-03-11,未标注,未核验,,网络资源,535,宽泛,34,拒绝,面包屑不属于允许的高中或初中备选作文,d2282f744c8b2a5c96bd9897a52a82184e1086ce3b00990e09e16faed5716405,假期经历,650
NJ2,J2,https://www.zuowen.com/e/20200311/5e6882efce55d.shtml,3065727,关于经历的作文：经历,2020-03-11,未标注,未核验,,网络资源,511,宽泛,32,拒绝,面包屑不属于允许的高中或初中备选作文,74217362750bf2a55d978fc0a0b9d89ec4216199cc7a973922afde1a87907621,假期经历,600
NJ2,J2,https://www.zuowen.com/e/20200521/5ec608b9b3380.shtml,3082582,人教版高中第三册一单元作文：不经历风雨怎么见彩虹,2020-05-21,未标注,高中,,本站原创,752,宽泛,37,入选,,7b7349084b8c721f361620eac91fa8a85ba19b7b2fba5e08000acc2a2c0bcd81,高中 旅行经历,900
NJ2,J2,https://www.zuowen.com/e/20200523/5ec88cab74fca.shtml,3083586,人教版高中第五册二单元作文：这件事令我难忘,2020-05-23,未标注,高中,,网络资源,738,宽泛,41,入选,,3aba0c51342227eef7a67ba38ca716850e88835ebe66fc257a27e54366796827,高中 难忘的假期,800
NJ2,J2,https://www.zuowen.com/e/20200524/5ec9fb3926ea2.shtml,3084545,人教版高中第六册二单元作文：我最难忘的回忆,2020-05-24,未标注,高中,,网络资源,1167,宽泛,41,拒绝,正文汉字数超出200-787,1f15d46a1f397670e773cb7bf299f37779dfe63db39c11fd6ddec836208fe4ab,高中 难忘的假期,1200
NJ2,J2,https://www.zuowen.com/e/20200311/5e6881b84d4d8.shtml,3065716,关于经历的作文：经历,2020-03-11,未标注,未核验,,网络资源,614,宽泛,29,拒绝,面包屑不属于允许的高中或初中备选作文,85368e1494451cad19305735cd62f2eb72b39b0a5f3f70e120d374ba71ce7aa8,旅行经历,700
NJ2,J2,https://www.zuowen.com/e/20200311/5e6881ba1eb02.shtml,3065717,关于经历的作文：经历,2020-03-11,未标注,未核验,,网络资源,568,宽泛,30,拒绝,面包屑不属于允许的高中或初中备选作文,4b53ad192e8c55b1d945fb5bb45b5c746f64979d3c93197207e1ecb026bb018b,假期经历,650
NJ2,J2,https://www.zuowen.com/e/20200311/5e6881bc13b55.shtml,3065718,关于经历的作文：经历,2020-03-11,未标注,未核验,,网络资源,471,宽泛,32,拒绝,面包屑不属于允许的高中或初中备选作文,812e8302a0939201c2479fc0476c68dbc8818f86ce99a92df289126e35ea7291,旅行经历,550
NJ2,J2,https://www.zuowen.com/e/20200311/5e68840d617a3.shtml,3065729,关于经历的作文：经历,2020-03-11,未标注,未核验,,网络资源,526,宽泛,36,拒绝,面包屑不属于允许的高中或初中备选作文,f7b558f8d7a639997d3f59afadad4485be8f1cddd69c7263ddeabe540260dc26,假期经历,600
NJ2,J2,https://www.zuowen.com/e/20200311/5e6884156e5f2.shtml,3065734,关于经历的作文：经历,2020-03-11,未标注,未核验,,网络资源,686,宽泛,31,拒绝,面包屑不属于允许的高中或初中备选作文,84a2876b5214b95261043934bc5d1ad57e5bbc2d3467b9907ad44ea21d94227e,假期经历,800
NJ2,J2,https://www.zuowen.com/e/20200523/5ec88ca965ac6.shtml,3083585,人教版高中第五册二单元作文：这件事令我难忘,2020-05-23,未标注,高中,,网络资源,739,宽泛,32,拒绝,标准化题目重复,acbaafef548ff043dceeb4bfc64af9c2a88369650dd4799e6a3937162805984a,高中 难忘的假期,800
NJ2,J2,https://www.zuowen.com/e/20200522/5ec7b986e819a.shtml,3083317,人教版高中第四册三单元作文：让孩子经历磨砺,2020-05-22,未标注,高中,,网络资源,771,宽泛,31,拒绝,人工审核排除：正文以论证家长应让孩子经受磨炼为主，不是亲历事件记叙文,85979fcb26e4ddd0777f0db2eddb692cb38d24a84bc9195ba8fa86c7c5bd6ece,高中 旅行经历,800
NJ2,J2,https://www.zuowen.com/e/20200311/5e687e731f06b.shtml,3065703,关于经历的作文：经历,2020-03-11,未标注,未核验,,网络资源,2004,宽泛,31,拒绝,面包屑不属于允许的高中或初中备选作文,f72fc2caea0b5cde3d1e06fb5f0eb4e74934be294e6c94fe8051fdbe71b77822,假期经历,2000
NJ2,J2,https://www.zuowen.com/e/20200311/5e68806ec6084.shtml,3065704,关于经历的作文：经历,2020-03-11,未标注,未核验,,网络资源,738,宽泛,31,拒绝,面包屑不属于允许的高中或初中备选作文,0b2ae76653797d0178b340fd506467f1da08b7c084dd03de8a8ea07042800b5f,假期经历,800
NJ2,J2,https://www.zuowen.com/e/20200311/5e688074da744.shtml,3065707,关于经历的作文：经历,2020-03-11,未标注,未核验,,网络资源,615,宽泛,27,拒绝,面包屑不属于允许的高中或初中备选作文,4afb27fa4f864c9dbc6ff9f61dc0efb0f1a5e05855e9e5e71ea320c17ef63a64,假期经历,750
NJ2,J2,https://www.zuowen.com/e/20200311/5e68807ad914e.shtml,3065710,关于经历的作文：经历,2020-03-11,未标注,未核验,,网络资源,518,宽泛,28,拒绝,面包屑不属于允许的高中或初中备选作文,35dda3f3ace3176461c10b67d55184d09d004cf9e9d6aa115012fd0918cf0fd5,假期经历,650
NJ2,J2,https://www.zuowen.com/e/20200311/5e6880812b692.shtml,3065711,关于经历的作文：经历,2020-03-11,未标注,未核验,,网络资源,660,宽泛,27,拒绝,面包屑不属于允许的高中或初中备选作文,61bac3f8effc3fd722e0ad2214e039b0beba2b21776b1aa9ecc1377eff559ba0,旅行经历,800
NJ2,J2,https://www.zuowen.com/e/20200311/5e6881b21fd46.shtml,3065713,关于经历的作文：经历,2020-03-11,未标注,未核验,,网络资源,566,宽泛,33,拒绝,面包屑不属于允许的高中或初中备选作文,cf6b8daf2fee3da940880bce9b5d3c6ac8e36a3ee5c47970d9d346d1e68571c2,假期经历,650
NJ2,J2,https://www.zuowen.com/e/20200311/5e6881b6825cf.shtml,3065715,关于经历的作文：经历,2020-03-11,未标注,未核验,,网络资源,760,宽泛,32,拒绝,面包屑不属于允许的高中或初中备选作文,29224f4bf8cb84ea171434a46e55f7f3fb6f797d715a741c2d723997ae49a9e3,旅行经历,800
NJ2,J2,https://www.zuowen.com/e/20200311/5e68840b9d280.shtml,3065728,关于经历的作文：经历,2020-03-11,未标注,未核验,,网络资源,487,宽泛,31,拒绝,面包屑不属于允许的高中或初中备选作文,14960014acfc6819af38c4de62953e1fd1368224acf9e274baad41c420f406e3,假期经历,600
NJ2,J2,https://www.zuowen.com/e/20200520/5ec4f6bf9aebd.shtml,3082157,人教版高中第一册二单元作文：难忘的作“弊”记,2020-05-20,未标注,高中,,本站原创,829,宽泛,31,拒绝,正文汉字数超出200-787,c47e57e345e5775ce2d115095027d2af6b4dd7564d6c4d8b2c8c018ded098a72,高中 难忘的假期,900
NJ2,J2,https://www.zuowen.com/e/20200520/5ec4fed7514cb.shtml,3082207,人教版高中第一册三单元作文：你是难忘的友情,2020-05-20,未标注,高中,,本站原创,764,宽泛,37,入选,,0c402c0c89625075ce81010d040c8cbc2c6846fb7e862d61d533fc269df58c3c,高中 难忘的假期,800
NJ2,J2,https://www.zuowen.com/e/20200520/5ec52205a0357.shtml,3082275,人教版高中第一册四单元作文：一件难忘的事,2020-05-20,未标注,高中,,本站原创,592,宽泛,28,入选,,a3915968a6816f7546b730f1757f1051e3c2fe249e3cfa176425242971327a2d,高中 难忘的假期,700
NJ2,J2,https://www.zuowen.com/e/20210702/60df1831a4af0.shtml,3137708,高一日记：我曾经经历的一件事,2021-07-02,高一,高中,,网络资源,554,宽泛,32,拒绝,体裁不是叙事或写人,4b4ab99b68ca1c533627bb9922707b5dd5f5243903ae8bd827dce7ae8981030b,高一 假期经历,700
NJ2,J2,https://www.zuowen.com/e/20090822/4b8bce4612d12.shtml,,生活的色彩,2009-08-22,,,,本站原创,0,,0.0,拒绝,搜索标题与摘要主题不匹配，未请求正文,,高二 暑假生活,900
NJ2,J2,https://www.zuowen.com/e/20090822/4b8bce4624664.shtml,,为自己创造生活,2009-08-22,,,,本站原创,0,,0.0,拒绝,搜索标题与摘要主题不匹配，未请求正文,,高二 暑假生活,1200
NJ2,J2,https://www.zuowen.com/e/20090821/4b8bce3e61c92.shtml,,生活的色彩,2009-08-21,,,,高考网,0,,0.0,拒绝,搜索标题与摘要主题不匹配，未请求正文,,高二 暑假生活,800
NJ2,J2,https://www.zuowen.com/e/20090822/4b8bce44ae774.shtml,,我的生活,2009-08-22,,,,本站原创,0,,0.0,拒绝,搜索标题与摘要主题不匹配，未请求正文,,高二 暑假生活,350
NJ2,J2,https://www.zuowen.com/e/20090822/4b8bce4520fa2.shtml,,生活絮语,2009-08-22,,,,本站原创,0,,0.0,拒绝,搜索标题与摘要主题不匹配，未请求正文,,高二 暑假生活,1000
NJ2,J2,https://www.zuowen.com/e/20090822/4b8bce4608a5d.shtml,,生活的依傍,2009-08-22,,,,本站原创,0,,0.0,拒绝,搜索标题与摘要主题不匹配，未请求正文,,高二 暑假生活,800
NJ2,J2,https://www.zuowen.com/e/20090822/4b8bce460ac1e.shtml,,爱，生活,2009-08-22,,,,本站原创,0,,0.0,拒绝,搜索标题与摘要主题不匹配，未请求正文,,高二 暑假生活,800
NJ2,J2,https://www.zuowen.com/e/20090822/4b8bce460cf4b.shtml,,生活了悟,2009-08-22,,,,本站原创,0,,0.0,拒绝,搜索标题与摘要主题不匹配，未请求正文,,高二 暑假生活,1000
NJ2,J2,https://www.zuowen.com/e/20090822/4b8bce460fe2e.shtml,,生活不是一场戏,2009-08-22,,,,本站原创,0,,0.0,拒绝,搜索标题与摘要主题不匹配，未请求正文,,高二 暑假生活,900
NJ2,J2,https://www.zuowen.com/e/20090822/4b8bce462233b.shtml,,创造生活,2009-08-22,,,,本站原创,0,,0.0,拒绝,搜索标题与摘要主题不匹配，未请求正文,,高二 暑假生活,750
NJ2,J2,https://www.zuowen.com/e/20090822/4b8bce4625220.shtml,,我的生活我创造,2009-08-22,,,,本站原创,0,,0.0,拒绝,搜索标题与摘要主题不匹配，未请求正文,,高二 暑假生活,550
NJ2,J2,https://www.zuowen.com/e/20190903/5d6ddc504d973.shtml,,一片泥土的经历,2019-09-03,,,,网络资源,0,,0.0,拒绝,搜索标题与摘要主题不匹配，未请求正文,,高一 假期经历,1500
NJ2,J2,https://www.zuowen.com/e/20200225/5e55042343be7.shtml,,经历风雨,2020-02-25,,,,网络资源,0,,0.0,拒绝,搜索标题与摘要主题不匹配，未请求正文,,高一 假期经历,750
NJ2,J2,https://www.zuowen.com/e/20210306/6043855fdd706.shtml,,高一议论文：不经历风雨，怎见彩虹,2021-03-06,,,,网络资源,0,,0.0,拒绝,搜索标题与摘要主题不匹配，未请求正文,,高一 假期经历,650
NJ2,J2,https://www.zuowen.com/e/20210418/607bb610ebb5a.shtml,,经历,2021-04-18,,,,网络资源,0,,0.0,拒绝,搜索标题与摘要主题不匹配，未请求正文,,高三 假期经历,550
NJ2,J2,https://www.zuowen.com/e/20210418/607bb63d39c74.shtml,,炸鱼经历,2021-04-18,,,,网络资源,0,,0.0,拒绝,搜索标题与摘要主题不匹配，未请求正文,,高三 假期经历,1500
NJ2,J2,https://www.zuowen.com/e/20100127/4b8bd6fe7f028.shtml,,无聊的假期,2010-01-27,,,,本站原创,0,,0.0,拒绝,搜索标题与摘要主题不匹配，未请求正文,,假期经历,
NJ2,J2,https://www.zuowen.com/e/20100128/4b8bd70a00396.shtml,,高中寒假作文：假期旋律,2010-01-28,,,,网络资源,0,,0.0,拒绝,搜索标题与摘要主题不匹配，未请求正文,,高中 难忘的假期,450
NJ2,J2,https://www.zuowen.com/e/20091106/4b8bd4a2406e3.shtml,,小儿假期回忆录,2009-11-06,,,,本站原创,0,,0.0,拒绝,搜索标题与摘要主题不匹配，未请求正文,,难忘的假期,
NJ2,J2,https://www.zuowen.com/e/20120627/4feadb99db041.shtml,,哲理故事：经理的假期,2012-06-27,,,,作文网整理,0,,0.0,拒绝,搜索标题与摘要主题不匹配，未请求正文,,难忘的假期,
NJ2,J2,https://www.zuowen.com/e/20090721/4b8bcce0cba63.shtml,,假期的一天,2009-07-21,,,,本站原创,0,,0.0,拒绝,搜索标题与摘要主题不匹配，未请求正文,,假期经历,
NJ2,J2,https://www.zuowen.com/e/20091119/4b8bd529b0f6e.shtml,,人教版高中第一册三单元作文：假期体验生活,2009-11-19,,,,网络资源,0,,0.0,拒绝,搜索标题与摘要主题不匹配，未请求正文,,高中 难忘的假期,650
NJ2,J2,https://www.zuowen.com/e/20100401/4bb410c2b3263.shtml,,寒假生活,2010-04-01,,,,作文网 一滴,0,,0.0,拒绝,搜索标题与摘要主题不匹配，未请求正文,,高一 寒假生活,
NJ2,J2,https://www.zuowen.com/e/20101029/4cca930b45085.shtml,,假期,2010-10-29,,,,作文网,0,,0.0,拒绝,搜索标题与摘要主题不匹配，未请求正文,,难忘的假期,200
NJ2,J2,https://www.zuowen.com/e/20111221/4ef0b7a2c8d1a.shtml,,假期,2011-12-21,,,,作文网原创,0,,0.0,拒绝,搜索标题与摘要主题不匹配，未请求正文,,难忘的假期,800
NJ2,J2,https://www.zuowen.com/e/20120802/501a12bed49c8.shtml,,关于暑假生活的作文：暑假的生活,2012-08-02,,,,作文网整理,0,,0.0,拒绝,搜索标题与摘要主题不匹配，未请求正文,,暑假生活,550
NJ2,J2,https://www.zuowen.com/e/20090715/4b8bcc909929c.shtml,,盲石子旅游记,2009-07-15,,,,网络资源,0,,0.0,拒绝,搜索标题与摘要主题不匹配，未请求正文,,高中 旅游记,750
NJ2,J2,https://www.zuowen.com/e/20090720/4b8bccdd426d6.shtml,,盲石子旅游记,2009-07-20,,,,网络资源,0,,0.0,拒绝,搜索标题与摘要主题不匹配，未请求正文,,高中 旅游记,750
NJ2,J2,https://www.zuowen.com/e/20080901/569de723741db.shtml,,两个旅行的人,2008-09-01,,,,作文网整合,0,,0.0,拒绝,搜索标题与摘要主题不匹配，未请求正文,,旅行经历,
NJ2,J2,https://www.zuowen.com/e/20091211/4b8bd5ead6a7b.shtml,,圆形旅游记,2009-12-11,,,,网络资源,0,,0.0,拒绝,搜索标题与摘要主题不匹配，未请求正文,,高中 旅游记,600
NJ2,J2,https://www.zuowen.com/e/20100123/4b8bd6e88c250.shtml,,黄金周旅游记,2010-01-23,,,,网络资源,0,,0.0,拒绝,搜索标题与摘要主题不匹配，未请求正文,,高中 旅游记,450
NJ2,J2,https://www.zuowen.com/e/20100610/4c10af01913f8.shtml,,人教版高中第六册三单元作文：另人难忘的一件事,2010-06-10,,,,作文网,0,,0.0,拒绝,搜索标题与摘要主题不匹配，未请求正文,,高中 难忘的假期,500
NJ2,J2,https://www.zuowen.com/e/20120216/4f3c92f893ff2.shtml,,兰州动物园旅游记,2012-02-16,,,,作文网原创,0,,0.0,拒绝,搜索标题与摘要主题不匹配，未请求正文,,高中 旅游记,450
NJ2,J2,https://www.zuowen.com/e/20120306/4f55b67b4e8e5.shtml,,旅游记,2012-03-06,,,,作文网原创,0,,0.0,拒绝,搜索标题与摘要主题不匹配，未请求正文,,高中 旅游记,1200
NJ2,J2,https://www.zuowen.com/e/20090805/4b8bcd77434ad.shtml,,动画国旅游记,2009-08-05,,,,网络资源,0,,0.0,拒绝,搜索标题与摘要主题不匹配，未请求正文,,高中 旅游记,1000
NJ2,J2,https://www.zuowen.com/e/20090825/4b8bce7403180.shtml,,高中军训作文：难忘的军训,2009-08-25,,,,网络资源,0,,0.0,拒绝,搜索标题与摘要主题不匹配，未请求正文,,高中 难忘的假期,1000
NJ2,J2,https://www.zuowen.com/e/20090829/4b8bcec61d897.shtml,,香蕉皮旅游记,2009-08-29,,,,网络资源,0,,0.0,拒绝,搜索标题与摘要主题不匹配，未请求正文,,高中 旅游记,900
NJ2,J2,https://www.zuowen.com/e/20091114/4b8bd4fc3fdd0.shtml,,经历了才明白,2009-11-14,,,,本站原创,0,,0.0,拒绝,搜索标题与摘要主题不匹配，未请求正文,,假期经历,
NJ2,J2,https://www.zuowen.com/e/20091216/4b8bd611dd065.shtml,,人教版高中第五册二单元作文：时空旅行（2）,2009-12-16,,,,网络资源,0,,0.0,拒绝,搜索标题与摘要主题不匹配，未请求正文,,高中 旅行经历,400
NJ2,J2,https://www.zuowen.com/e/20091218/4b8bd6226b97f.shtml,,数学城旅游记,2009-12-18,,,,网络资源,0,,0.0,拒绝,搜索标题与摘要主题不匹配，未请求正文,,高中 旅游记,400
NJ2,J2,https://www.zuowen.com/e/20100106/4b8bd691e9b7d.shtml,,小燕子的经历,2010-01-06,,,,本站原创,0,,0.0,拒绝,搜索标题与摘要主题不匹配，未请求正文,,假期经历,
NJ2,J2,https://www.zuowen.com/e/20100422/4bd03cf59356e.shtml,,小兔菲菲旅游记,2010-04-22,,,,作文网,0,,0.0,拒绝,搜索标题与摘要主题不匹配，未请求正文,,高中 旅游记,550
NJ2,J2,https://www.zuowen.com/e/20111213/4ee697c7040a2.shtml,,甄东旅游记,2011-12-13,,,,作文网原创,0,,0.0,拒绝,搜索标题与摘要主题不匹配，未请求正文,,高中 旅游记,1200
NJ2,J2,https://www.zuowen.com/e/20120320/4f6820289fd06.shtml,,甄东旅游记,2012-03-20,,,,作文网原创,0,,0.0,拒绝,搜索标题与摘要主题不匹配，未请求正文,,高中 旅游记,1200
NJ2,J2,https://www.zuowen.com/e/20120717/500504a2eecde.shtml,,香蕉皮旅游记,2012-07-17,,,,作文网原创,0,,0.0,拒绝,搜索标题与摘要主题不匹配，未请求正文,,高中 旅游记,1000
NJ2,J2,https://www.zuowen.com/e/20120822/50348635e166a.shtml,,露露旅游记,2012-08-22,,,,作文网原创,0,,0.0,拒绝,搜索标题与摘要主题不匹配，未请求正文,,高中 旅游记,1500
NJ2,J2,https://www.zuowen.com/e/20121220/50d24ec6a8e23.shtml,,标点符号旅游记,2012-12-20,,,,作文网原创,0,,0.0,拒绝,搜索标题与摘要主题不匹配，未请求正文,,高中 旅游记,350
NJ2,J2,https://www.zuowen.com/e/20090918/4b8bd000f230f.shtml,,独自旅行,2009-09-18,,,,网络资源,0,,0.0,拒绝,搜索标题与摘要主题不匹配，未请求正文,,旅行经历,
NJ2,J2,https://www.zuowen.com/e/20091216/4b8bd6119851d.shtml,,人教版高中第五册二单元作文：时空旅行（1）,2009-12-16,,,,网络资源,0,,0.0,拒绝,搜索标题与摘要主题不匹配，未请求正文,,高中 旅行经历,1000
NJ2,J2,https://www.zuowen.com/e/20091216/4b8bd6119ec05.shtml,,人教版高中第五册二单元作文：一次时空旅行,2009-12-16,,,,网络资源,0,,0.0,拒绝,搜索标题与摘要主题不匹配，未请求正文,,高中 旅行经历,1200
NJ2,J2,https://www.zuowen.com/e/20091218/4b8bd6233f389.shtml,,悲伤的旅行,2009-12-18,,,,本站原创,0,,0.0,拒绝,搜索标题与摘要主题不匹配，未请求正文,,旅行经历,
NJ2,J2,https://www.zuowen.com/e/20120109/569e1a84c9afa.shtml,,风的旅行,2012-01-09,,,,作文网整合,0,,0.0,拒绝,搜索标题与摘要主题不匹配，未请求正文,,旅行经历,
NJ2,J2,https://www.zuowen.com/e/20121205/50beda6164318.shtml,,关于旅行的作文：落叶旅行记,2012-12-05,,,,作文网整理,0,,0.0,拒绝,搜索标题与摘要主题不匹配，未请求正文,,旅行经历,650
NJ2,J2,https://www.zuowen.com/e/20131006/5250bb33c0f54.shtml,,暑假生活二、三事,2013-10-06,,,,作文网原创,0,,0.0,拒绝,搜索标题与摘要主题不匹配，未请求正文,,高二 暑假生活,1200
NJ2,J2,https://www.zuowen.com/e/20131215/52ada6071036d.shtml,,《骑鹅旅行记》读后感——不经历风雨怎能见彩虹,2013-12-15,,,,作文网原创,0,,0.0,拒绝,搜索标题与摘要主题不匹配，未请求正文,,高中 旅行经历,750
NJ2,J2,https://www.zuowen.com/e/20130614/51bb2280217dd.shtml,,头发旅游记,2013-06-14,,,,作文网原创,0,,0.0,拒绝,搜索标题与摘要主题不匹配，未请求正文,,高中 旅游记,550
NJ2,J2,https://www.zuowen.com/e/20130108/50ebafee5e334.shtml,,记一次旅游,2013-01-08,,,,作文网原创,0,,0.0,拒绝,搜索标题与摘要主题不匹配，未请求正文,,高中 旅游记,700
NJ2,J2,https://www.zuowen.com/e/20130303/5132fcbfd6d00.shtml,,鸭子旅游记,2013-03-03,,,,作文网原创,0,,0.0,拒绝,搜索标题与摘要主题不匹配，未请求正文,,高中 旅游记,650
NJ2,J2,https://www.zuowen.com/e/20130422/5174d6ec647d1.shtml,,[4月征文]春姑娘旅游记,2013-04-22,,,,作文网原创,0,,0.0,拒绝,搜索标题与摘要主题不匹配，未请求正文,,高中 旅游记,1000
NJ2,J2,https://www.zuowen.com/e/20140429/535fbc593036e.shtml,,筷子王国旅游记,2014-04-29,,,,作文网原创,0,,0.0,拒绝,搜索标题与摘要主题不匹配，未请求正文,,高中 旅游记,600
NJ2,J2,https://www.zuowen.com/e/20140825/53faad52391b2.shtml,,洞头旅游记,2014-08-25,,,,作文网原创,0,,0.0,拒绝,搜索标题与摘要主题不匹配，未请求正文,,高中 旅游记,1200
NJ2,J2,https://www.zuowen.com/e/20140912/54129952517b3.shtml,,小枫叶旅游记,2014-09-12,,,,作文网原创,0,,0.0,拒绝,搜索标题与摘要主题不匹配，未请求正文,,高中 旅游记,550
NJ2,J2,https://www.zuowen.com/e/20141118/569dd0e654e8f.shtml,,小猴的旅游记,2014-11-18,,,,作文网整合,0,,0.0,拒绝,搜索标题与摘要主题不匹配，未请求正文,,高中 旅游记,
NJ2,J2,https://www.zuowen.com/e/20140107/569e217bca8d9.shtml,,小壁虎的旅行,2014-01-07,,,,作文网整合,0,,0.0,拒绝,搜索标题与摘要主题不匹配，未请求正文,,旅行经历,
NJ2,J2,https://www.zuowen.com/e/20140425/5359ce1c6a30e.shtml,,记一次旅游途中发生的事,2014-04-25,,,,作文网原创,0,,0.0,拒绝,搜索标题与摘要主题不匹配，未请求正文,,高中 旅游记,500
NJ2,J2,https://www.zuowen.com/e/20140430/5360ac391f224.shtml,,人民币旅游记,2014-04-30,,,,作文网原创,0,,0.0,拒绝,搜索标题与摘要主题不匹配，未请求正文,,高中 旅游记,700
NJ2,J2,https://www.zuowen.com/e/20140827/53fd7881513f7.shtml,,旅游记,2014-08-27,,,,作文网原创,0,,0.0,拒绝,搜索标题与摘要主题不匹配，未请求正文,,高中 旅游记,1200
NJ2,J2,https://www.zuowen.com/e/20141118/569e20407d9d1.shtml,,鞋子旅游记,2014-11-18,,,,作文网整合,0,,0.0,拒绝,搜索标题与摘要主题不匹配，未请求正文,,高中 旅游记,
NJ2,J2,https://www.zuowen.com/e/20140709/53bcc407d4f07.shtml,,书海“旅游”记,2014-07-09,,,,作文网原创,0,,0.0,拒绝,搜索标题与摘要主题不匹配，未请求正文,,高中 旅游记,500
NJ2,J2,https://www.zuowen.com/e/20141118/569dd0e638431.shtml,,“善良”的旅行,2014-11-18,,,,作文网整合,0,,0.0,拒绝,搜索标题与摘要主题不匹配，未请求正文,,旅行经历,
NJ2,J2,https://www.zuowen.com/e/20150119/569e1e61d85d8.shtml,,月亮老人的假期,2015-01-19,,,,作文网整合,0,,0.0,拒绝,搜索标题与摘要主题不匹配，未请求正文,,难忘的假期,
NJ2,J2,https://www.zuowen.com/e/20150309/54fd2e534661b.shtml,,假期,2015-03-09,,,,作文网原创,0,,0.0,拒绝,搜索标题与摘要主题不匹配，未请求正文,,难忘的假期,300
NJ2,J2,https://www.zuowen.com/e/20160127/56a86b96b2377.shtml,,教师假期学习计划,2016-01-27,,,,作文网整合,0,,0.0,拒绝,搜索标题与摘要主题不匹配，未请求正文,,难忘的假期,
NJ2,J2,https://www.zuowen.com/e/20160811/57ac0cb5c38c7.shtml,,[暑假生活] “忐忑”的暑假生活,2016-08-11,,,,作文网原创,0,,0.0,拒绝,搜索标题与摘要主题不匹配，未请求正文,,暑假生活,600
NJ2,J2,https://www.zuowen.com/e/20160829/57c3e0beef5d6.shtml,,[暑假生活]我的暑假生活,2016-08-29,,,,作文网原创,0,,0.0,拒绝,搜索标题与摘要主题不匹配，未请求正文,,暑假生活,650
NJ2,J2,https://www.zuowen.com/e/20160127/56a866173f47d.shtml,,假期社会实践报告,2016-01-27,,,,作文网整合,0,,0.0,拒绝,搜索标题与摘要主题不匹配，未请求正文,,难忘的假期,
NJ2,J2,https://www.zuowen.com/e/20160818/57b54faf604db.shtml,,[暑假生活]暑假生活,2016-08-18,,,,作文网整合,0,,0.0,拒绝,搜索标题与摘要主题不匹配，未请求正文,,暑假生活,1200
NJ2,J2,https://www.zuowen.com/e/20160127/56a8662d28754.shtml,,假期打工实践报告,2016-01-27,,,,作文网整合,0,,0.0,拒绝,搜索标题与摘要主题不匹配，未请求正文,,难忘的假期,
NJ2,J2,https://www.zuowen.com/e/20160127/56a8773a918e6.shtml,,假期读书倡议书,2016-01-27,,,,作文网整合,0,,0.0,拒绝,搜索标题与摘要主题不匹配，未请求正文,,难忘的假期,
NJ2,J2,https://www.zuowen.com/e/20160727/57981a1e38b74.shtml,,[暑假生活]我的暑假生活,2016-07-27,,,,作文网原创,0,,0.0,拒绝,搜索标题与摘要主题不匹配，未请求正文,,暑假生活,1200
NJ2,J2,https://www.zuowen.com/e/20160127/56a85f2ef3991.shtml,,假期实习证明,2016-01-27,,,,作文网整合,0,,0.0,拒绝,搜索标题与摘要主题不匹配，未请求正文,,难忘的假期,
NJ2,J2,https://www.zuowen.com/e/20160127/56a86a9026cea.shtml,,高二暑假学习计划书,2016-01-27,,,,作文网整合,0,,0.0,拒绝,搜索标题与摘要主题不匹配，未请求正文,,高二 暑假生活,
NJ2,J2,https://www.zuowen.com/e/20160728/57996b9e02a0b.shtml,,[暑假生活]我的暑假生活,2016-07-28,,,,作文网原创,0,,0.0,拒绝,搜索标题与摘要主题不匹配，未请求正文,,暑假生活,700
NJ2,J2,https://www.zuowen.com/e/20160728/5799a2e4c1f08.shtml,,[暑假生活]记我的暑假生活,2016-07-28,,,,作文网原创,0,,0.0,拒绝,搜索标题与摘要主题不匹配，未请求正文,,暑假生活,900
NJ2,J2,https://www.zuowen.com/e/20160801/579efff306239.shtml,,[暑假生活] 我的暑假生活,2016-08-01,,,,作文网原创,0,,0.0,拒绝,搜索标题与摘要主题不匹配，未请求正文,,暑假生活,2000
NJ2,J2,https://www.zuowen.com/e/20160811/57ac1481c3615.shtml,,[暑假生活] 我的暑假生活???????????????,2016-08-11,,,,作文网原创,0,,0.0,拒绝,搜索标题与摘要主题不匹配，未请求正文,,暑假生活,1200
NJ2,J2,https://www.zuowen.com/e/20160811/57ac1d617bbab.shtml,,[暑假生活]我的暑假生活,2016-08-11,,,,作文网原创,0,,0.0,拒绝,搜索标题与摘要主题不匹配，未请求正文,,暑假生活,650
NJ2,J2,https://www.zuowen.com/e/20160816/57b2e25ad4417.shtml,,[暑假生活]我的暑假生活,2016-08-16,,,,作文网原创,0,,0.0,拒绝,搜索标题与摘要主题不匹配，未请求正文,,暑假生活,550
NJ2,J2,https://www.zuowen.com/e/20160816/57b2e25bd4c60.shtml,,[暑假生活]我的暑假生活,2016-08-16,,,,作文网原创,0,,0.0,拒绝,搜索标题与摘要主题不匹配，未请求正文,,暑假生活,700
NJ2,J2,https://www.zuowen.com/e/20160822/57ba781f21a09.shtml,,[暑假生活]我的暑假生活,2016-08-22,,,,作文网原创,0,,0.0,拒绝,搜索标题与摘要主题不匹配，未请求正文,,暑假生活,1200
NJ2,J2,https://www.zuowen.com/e/20160822/57ba781fa12e1.shtml,,[暑假生活]我的暑假生活,2016-08-22,,,,作文网原创,0,,0.0,拒绝,搜索标题与摘要主题不匹配，未请求正文,,暑假生活,550
NJ2,J2,https://www.zuowen.com/e/20160829/57c3dfeb5ff5a.shtml,,[暑假生活]我的暑假生活,2016-08-29,,,,作文网原创,0,,0.0,拒绝,搜索标题与摘要主题不匹配，未请求正文,,暑假生活,600
NJ2,J2,https://www.zuowen.com/e/20180625/5b31038a688d0.shtml,,Happy holidays快乐的假期,2018-06-25,,,,作文网整理,0,,0.0,拒绝,搜索标题与摘要主题不匹配，未请求正文,,难忘的假期,
NJ2,J2,https://www.zuowen.com/e/20180803/5b64251208972.shtml,,高二暑假物理学习计划（一）,2018-08-03,,,,作文网整理,0,,0.0,拒绝,搜索标题与摘要主题不匹配，未请求正文,,高二 暑假生活,
NJ2,J2,https://www.zuowen.com/e/20180803/5b6425509af85.shtml,,高二暑假物理学习计划（二）,2018-08-03,,,,作文网整理,0,,0.0,拒绝,搜索标题与摘要主题不匹配，未请求正文,,高二 暑假生活,
NJ2,J2,https://www.zuowen.com/e/20180421/5adb15ef2f123.shtml,,企业家家名人故事：李开复自述高中第一次创业经历,2018-04-21,,,,本站原创,0,,0.0,拒绝,搜索标题与摘要主题不匹配，未请求正文,,高中 旅行经历,800
NJ2,J2,https://www.zuowen.com/e/20180908/5b933ce1b78df.shtml,,鼋头渚旅游记,2018-09-08,,,,作文网整理,0,,0.0,拒绝,搜索标题与摘要主题不匹配，未请求正文,,高中 旅游记,1200
NJ2,J2,https://www.zuowen.com/e/20180111/5a56c4c5b0f49.shtml,,平潭旅游记,2018-01-11,,,,作文网原创,0,,0.0,拒绝,搜索标题与摘要主题不匹配，未请求正文,,高中 旅游记,800
NJ2,J2,https://www.zuowen.com/e/20180301/5a976211275b5.shtml,,平潭旅游记,2018-03-01,,,,本站原创,0,,0.0,拒绝,搜索标题与摘要主题不匹配，未请求正文,,高中 旅游记,750
NJ2,J2,https://www.zuowen.com/e/20180606/5b1797a8a92d8.shtml,,平潭旅游记,2018-06-06,,,,本站原创,0,,0.0,拒绝,搜索标题与摘要主题不匹配，未请求正文,,高中 旅游记,750
NJ2,J2,https://www.zuowen.com/e/20190815/5d550365ac0b6.shtml,,[2019年8月暑假]我的暑假生活（二）,2019-08-15,,,,,0,,0.0,拒绝,搜索标题与摘要主题不匹配，未请求正文,,高二 暑假生活,1200
NJ2,J2,https://www.zuowen.com/e/20190918/5d81a5fed690c.shtml,,高三读后感：假期作业之读后感1,2019-09-18,,,,网络资源,0,,0.0,拒绝,搜索标题与摘要主题不匹配，未请求正文,,高三 假期经历,1500
NJ2,J2,https://www.zuowen.com/e/20190913/5d7b9cd9e6183.shtml,,高二日记：假期学习生活,2019-09-13,,,,网络资源,0,,0.0,拒绝,搜索标题与摘要主题不匹配，未请求正文,,高二 假期经历,500
NJ2,J2,https://www.zuowen.com/e/20190918/5d81a650e2ece.shtml,,高三读后感：假期作业之读后感3,2019-09-18,,,,网络资源,0,,0.0,拒绝,搜索标题与摘要主题不匹配，未请求正文,,高三 假期经历,1000
NJ2,J2,https://www.zuowen.com/e/20190918/5d81a67803d8e.shtml,,高三读后感：假期作业之读后感2,2019-09-18,,,,网络资源,0,,0.0,拒绝,搜索标题与摘要主题不匹配，未请求正文,,高三 假期经历,450
NJ2,J2,https://www.zuowen.com/e/20190521/5ce420129994d.shtml,,筷子王国旅游记,2019-05-21,,,,网站资源,0,,0.0,拒绝,搜索标题与摘要主题不匹配，未请求正文,,高中 旅游记,550
NJ2,J2,https://www.zuowen.com/e/20200520/5ec5220a1c25f.shtml,,人教版高中第一册四单元作文：我经历了挫折,2020-05-20,,,,本站原创,0,,0.0,拒绝,搜索标题与摘要主题不匹配，未请求正文,,高中 旅行经历,550
NJ2,J2,https://www.zuowen.com/e/20200520/5ec4f6caee629.shtml,,人教版高中第一册二单元作文：令人难忘的细节,2020-05-20,,,,本站原创,0,,0.0,拒绝,搜索标题与摘要主题不匹配，未请求正文,,高中 难忘的假期,800
NJ2,J2,https://www.zuowen.com/e/20200521/5ec60ac39d5f9.shtml,,人教版高中第三册一单元作文：不经历风雨，怎么见彩虹,2020-05-21,,,,本站原创,0,,0.0,拒绝,搜索标题与摘要主题不匹配，未请求正文,,高中 旅行经历,900
NJ2,J2,https://www.zuowen.com/e/20200524/5ec9fb3797217.shtml,,人教版高中第六册二单元作文：最难忘的景与情,2020-05-24,,,,网络资源,0,,0.0,拒绝,搜索标题与摘要主题不匹配，未请求正文,,高中 难忘的假期,2000
NJ2,J2,https://www.zuowen.com/e/20200525/5ecb33f71e4f1.shtml,,人教版高中第六册三单元作文：最难忘的老师,2020-05-25,,,,网络资源,0,,0.0,拒绝,搜索标题与摘要主题不匹配，未请求正文,,高中 难忘的假期,1500
NJ2,J2,https://www.zuowen.com/e/20200521/5ec61098a86b1.shtml,,人教版高中第三册一单元作文：不经历风雨，怎会见彩虹,2020-05-21,,,,本站原创,0,,0.0,拒绝,搜索标题与摘要主题不匹配，未请求正文,,高中 旅行经历,700
NJ2,J2,https://www.zuowen.com/e/20200523/5ec9009d0ae28.shtml,,人教版高中第五册四单元作文：不经历风雨，怎会见彩虹,2020-05-23,,,,网络资源,0,,0.0,拒绝,搜索标题与摘要主题不匹配，未请求正文,,高中 旅行经历,700
NJ2,J2,https://www.zuowen.com/e/20200524/5ec9eaa08c243.shtml,,人教版高中第六册二单元作文：旅行的意义,2020-05-24,,,,网络资源,0,,0.0,拒绝,搜索标题与摘要主题不匹配，未请求正文,,高中 旅行经历,800
NJ2,J2,https://www.zuowen.com/e/20210805/610b376612c53.shtml,,高二日记：快乐假期,2021-08-05,,,,网络资源,0,,0.0,拒绝,搜索标题与摘要主题不匹配，未请求正文,,高二 假期经历,600
NJ2,J2,https://www.zuowen.com/e/20210805/610b3df5bf6cd.shtml,,高二日记：假期调色板,2021-08-05,,,,网络资源,0,,0.0,拒绝,搜索标题与摘要主题不匹配，未请求正文,,高二 假期经历,600
NJ2,J2,https://www.zuowen.com/e/20210119/600689f648032.shtml,,寒假生活：有意义的寒假生活,2021-01-19,,,,网络资源,0,,0.0,拒绝,搜索标题与摘要主题不匹配，未请求正文,,高一 寒假生活,700
NJ2,J2,https://www.zuowen.com/e/20210119/600689f81938e.shtml,,寒假生活：有意义的寒假生活,2021-01-19,,,,网络资源,0,,0.0,拒绝,搜索标题与摘要主题不匹配，未请求正文,,高一 寒假生活,700
NJ2,J2,https://www.zuowen.com/e/20210119/6006857b0caa0.shtml,,寒假生活：我的寒假生活（二）,2021-01-19,,,,网络资源,0,,0.0,拒绝,搜索标题与摘要主题不匹配，未请求正文,,高一 寒假生活,600
NJ2,J2,https://www.zuowen.com/e/20210119/6006857d7623c.shtml,,寒假生活：我的寒假生活（三）,2021-01-19,,,,网络资源,0,,0.0,拒绝,搜索标题与摘要主题不匹配，未请求正文,,高一 寒假生活,600
NJ2,J2,https://www.zuowen.com/e/20210119/6006896282aaf.shtml,,寒假生活：美好的寒假生活,2021-01-19,,,,网络资源,0,,0.0,拒绝,搜索标题与摘要主题不匹配，未请求正文,,高一 寒假生活,400
NJ2,J2,https://www.zuowen.com/e/20210119/6006896ece6c5.shtml,,寒假生活：满意的寒假生活,2021-01-19,,,,网络资源,0,,0.0,拒绝,搜索标题与摘要主题不匹配，未请求正文,,高一 寒假生活,500
NJ2,J2,https://www.zuowen.com/e/20210119/600689bcbfd1c.shtml,,寒假生活：很有趣的寒假生活,2021-01-19,,,,网络资源,0,,0.0,拒绝,搜索标题与摘要主题不匹配，未请求正文,,高一 寒假生活,350
NJ2,J2,https://www.zuowen.com/e/20210119/600689beabfa1.shtml,,寒假生活：很有趣的寒假生活,2021-01-19,,,,网络资源,0,,0.0,拒绝,搜索标题与摘要主题不匹配，未请求正文,,高一 寒假生活,350
NJ2,J2,https://www.zuowen.com/e/20210119/600689c75a5d3.shtml,,寒假生活：有趣寒假生活（二）,2021-01-19,,,,网络资源,0,,0.0,拒绝,搜索标题与摘要主题不匹配，未请求正文,,高一 寒假生活,800
NJ2,J2,https://www.zuowen.com/e/20210119/600689ccc7afc.shtml,,寒假生活：充实的寒假生活,2021-01-19,,,,网络资源,0,,0.0,拒绝,搜索标题与摘要主题不匹配，未请求正文,,高一 寒假生活,800
NJ2,J2,https://www.zuowen.com/e/20210119/600689d9c62f3.shtml,,寒假生活：有滋有味的寒假生活,2021-01-19,,,,网络资源,0,,0.0,拒绝,搜索标题与摘要主题不匹配，未请求正文,,寒假生活,800
NJ2,J2,https://www.zuowen.com/e/20210616/60c9f89e12f0a.shtml,,暑假生活计划（二）,2021-06-16,,,,网络资源,0,,0.0,拒绝,搜索标题与摘要主题不匹配，未请求正文,,高二 暑假生活,1000
NJ2,J2,https://www.zuowen.com/e/20210702/60df1a4bbb067.shtml,,高二日记：糟糕的暑假,2021-07-02,,,,网络资源,0,,0.0,拒绝,搜索标题与摘要主题不匹配，未请求正文,,高二 暑假生活,650
NJ2,J2,https://www.zuowen.com/e/20210805/610b411ed3be8.shtml,,暑假生活开始啦（二）,2021-08-05,,,,网络资源,0,,0.0,拒绝,搜索标题与摘要主题不匹配，未请求正文,,高二 暑假生活,900
NJ2,J2,https://www.zuowen.com/e/20210805/610b43ab3a4db.shtml,,高二日记：快乐暑假,2021-08-05,,,,网络资源,0,,0.0,拒绝,搜索标题与摘要主题不匹配，未请求正文,,高二 暑假生活,600
NJ2,J2,https://www.zuowen.com/e/20210913/613ec5d0b985e.shtml,,暑假生活计划（二）,2021-09-13,,,,网络资源,0,,0.0,拒绝,搜索标题与摘要主题不匹配，未请求正文,,高二 暑假生活,550
NJ2,J2,https://www.zuowen.com/e/20210913/613ec5f05e30f.shtml,,丰富的暑假生活（二）,2021-09-13,,,,网络资源,0,,0.0,拒绝,搜索标题与摘要主题不匹配，未请求正文,,高二 暑假生活,550
NJ2,J2,https://www.zuowen.com/e/20210926/615017df04740.shtml,,初二日记：暑假生活（二）,2021-09-26,,,,网络资源,0,,0.0,拒绝,搜索标题与摘要主题不匹配，未请求正文,,高二 暑假生活,550
NJ2,J2,https://www.zuowen.com/e/20210128/6012724c3c0aa.shtml,,关于旅行的作文：难忘的旅行,2021-01-28,,,,网络资源,0,,0.0,拒绝,搜索标题与摘要主题不匹配，未请求正文,,旅行经历,500
NJ2,J2,https://www.zuowen.com/e/20210128/601272788602a.shtml,,关于旅行的作文：难忘的旅行,2021-01-28,,,,网络资源,0,,0.0,拒绝,搜索标题与摘要主题不匹配，未请求正文,,旅行经历,750
NJ2,J2,https://www.zuowen.com/e/20210204/601bc6817caec.shtml,,关于旅行的作文：难忘的旅行,2021-02-04,,,,网络资源,0,,0.0,拒绝,搜索标题与摘要主题不匹配，未请求正文,,旅行经历,750
NJ2,J2,https://www.zuowen.com/e/20210303/603f6329f1408.shtml,,高一想象作文：“税款”旅游记,2021-03-03,,,,网络资源,0,,0.0,拒绝,搜索标题与摘要主题不匹配，未请求正文,,高中 旅游记,650
NJ2,J2,https://www.zuowen.com/e/20210702/60df19e5e3222.shtml,,高二日记：生活需要磨炼(二),2021-07-02,,,,网络资源,0,,0.0,拒绝,搜索标题与摘要主题不匹配，未请求正文,,高二 暑假生活,650
NJ1,J1,https://www.zuowen.com/e/20130815/520ce42100b7c.shtml,2506157,当姐姐的感觉,2013-08-15,高一,高中,写人作文,作文网原创,752,精确,111,入选,,a87375f0e7166bdf4d9cd4f37e9cb18cdc94fb0f132fd458ca4fad6cd880b035,高中栏目:https://www.zuowen.com/gaozhong/gaoyi/xieren/,800
NJ1,J1,https://www.zuowen.com/e/20100518/4bf237d20d4c1.shtml,1490784,对我影响最大的一个人,2010-05-18,未标注,未核验,写人作文,作文网,508,精确,125,拒绝,面包屑不属于允许的高中或初中备选作文,f82a5f423d142db197014b05acaf9c84e0c49d26fb587f2fe50db977b9f53433,高二 对我影响最大的人,600
NJ1,J1,https://www.zuowen.com/e/20121022/508511f71d33c.shtml,2335371,对我影响最大的那个人,2012-10-22,未标注,未核验,叙事作文,作文网原创,565,精确,117,拒绝,面包屑不属于允许的高中或初中备选作文,767523f8f532fb5b605a0eb694907939ce27e37c941d8d63bd731f4ab052d985,高二 对我影响最大的人,650
NJ1,J1,https://www.zuowen.com/e/20091110/4b8bd4c581f6d.shtml,1193291,对我影响最大的一个人,2009-11-10,初三,初中,叙事作文,网络资源,613,精确,119,拒绝,面包屑不属于允许的高中或初中备选作文,d944f247455cc177ca609e7b71757b195a694b0d0563cea4c9b4e5ee0c46c31a,高二 对我影响最大的人,750
NJ1,J1,https://www.zuowen.com/e/20091221/4b8bd641cba81.shtml,1338651,一个对我影响最大的人,2009-12-21,未标注,未核验,写人作文,网络资源,194,精确,117,拒绝,面包屑不属于允许的高中或初中备选作文,5679d3d09588c7f6d6d8c70ba0da7e930d8ae623e0789f8f17fdf59052597148,高二 对我影响最大的人,200
NJ1,J1,https://www.zuowen.com/e/20101013/4cb52857ddba3.shtml,1757647,对我影响最大的一个人,2010-10-13,初三,初中,写人作文,作文网,575,精确,117,拒绝,面包屑不属于允许的高中或初中备选作文,e2441319a2309590d922fec448e16fd62f9e78b266c5bc3f5236f609aeb55f56,高二 对我影响最大的人,650
NJ1,J1,https://www.zuowen.com/e/20110621/4e00058ae1dfb.shtml,1932517,对我影响最大的一个人,2011-06-21,初一,初中,叙事作文,E度作文网原创,584,精确,117,拒绝,面包屑不属于允许的高中或初中备选作文,7354e25113388e19ef2af889047b0435ede4ecb47b8e86d398030ba09c07a4e0,高二 对我影响最大的人,750
NJ1,J1,https://www.zuowen.com/e/20090803/4b8bcd6656a2a.shtml,777588,记一个对我影响最大的人,2009-08-03,未标注,未核验,叙事作文,网络资源,252,精确,116,拒绝,面包屑不属于允许的高中或初中备选作文,8f999b99dde71d35c3952cfcde1b3c764a6984a336ba02a0582a41295d30cb53,高二 对我影响最大的人,250
NJ1,J1,https://www.zuowen.com/e/20091204/4b8bd5abe3126.shtml,1280649,对我影响最大的一个人,2009-12-04,初三,初中,,网络资源,594,精确,116,拒绝,面包屑不属于允许的高中或初中备选作文,02ab71c34c464d0ec520c4f7befca2bf5332545642c0e847aa82c758cce649e9,对我影响最大的人,650
NJ1,J1,https://www.zuowen.com/e/20110729/4e32259e71264.shtml,1992764,对我影响最大的一个动作,2011-07-29,未标注,未核验,,作文网原创,400,精确,117,拒绝,面包屑不属于允许的高中或初中备选作文,ef9d603d0519fe181d3b888153cdd0cabb4e77e7399270a2ba4491fb4945aa6e,高二 对我影响最大的人,450
NJ1,J1,https://www.zuowen.com/e/20101102/4cd000fe9063b.shtml,1769701,对我影响最大的一个人,2010-11-02,未标注,未核验,叙事作文,作文网,669,精确,117,拒绝,面包屑不属于允许的高中或初中备选作文,7d1e2c21133984a05bf9bdb2f302ff9cef4414066f1dfe530696922e511b3f4d,高二 对我影响最大的人,750
NJ1,J1,https://www.zuowen.com/e/20120105/4f059c6f68137.shtml,2161225,对我影响最大的一个人,2012-01-05,初三,初中,话题作文,作文网原创,643,精确,115,拒绝,面包屑不属于允许的高中或初中备选作文,899fff9af0e8e51d92c63e094a2a4fa4e51fbea9fe54cf0af8f5b12af387f420,高二 对我影响最大的人,750
NJ1,J1,https://www.zuowen.com/e/20090731/4b8bcd4d6e0ca.shtml,769289,榜样,2009-07-31,未标注,未核验,叙事作文,网络资源,886,精确,116,拒绝,面包屑不属于允许的高中或初中备选作文,6ae6461434246449a60f10e6fa589ff6fd9c1289087a5291386aa80d74e87ed6,高中 我的榜样,1000
NJ1,J1,https://www.zuowen.com/e/20091203/4b8bd5a68fcf8.shtml,1278373,对我影响最大的一个人,2009-12-03,未标注,未核验,写人作文,网络资源,600,精确,117,拒绝,面包屑不属于允许的高中或初中备选作文,934d1811de533d04a769dc2231cee63dc18f03244ec0b730dc48c3cab45a7df1,高二 对我影响最大的人,650
NJ1,J1,https://www.zuowen.com/e/20100205/4b8bd734d0ce8.shtml,1430963,对我影响最大的人,2010-02-05,初一,初中,叙事作文,本站原创本文系作文网（zuowen.com）用户原创文章，,844,精确,116,拒绝,面包屑不属于允许的高中或初中备选作文,4d47574d6c83c8c96ac2a0880bc811977a7a2192968fa6eb13ac978c1a1dc507,高二 对我影响最大的人,1000
NJ1,J1,https://www.zuowen.com/e/20100205/4b8bd7359f155.shtml,1431369,对我影响最大的人,2010-02-05,未标注,未核验,,本站原创本文系作文网（zuowen.com）用户原创文章，,844,精确,116,拒绝,面包屑不属于允许的高中或初中备选作文,4d47574d6c83c8c96ac2a0880bc811977a7a2192968fa6eb13ac978c1a1dc507,高二 对我影响最大的人,
NJ1,J1,https://www.zuowen.com/e/20100519/4bf35b762c6bf.shtml,1491922,对我影响最大的一个人,2010-05-19,初二,初中,话题作文,作文网,808,精确,117,拒绝,面包屑不属于允许的高中或初中备选作文,89dca563dfd901c054a1a4137372a4e0d9e9cf41e3ebb0bec5e0ea8915b94d32,高二 对我影响最大的人,1000
NJ1,J1,https://www.zuowen.com/e/20100726/4c4cef586b05f.shtml,1699605,对我影响最大的一个人,2010-07-26,初一,初中,叙事作文,作文网,563,精确,112,拒绝,面包屑不属于允许的高中或初中备选作文,ccaf81fcf181981ee0870b415c368c2addabc8f57d0bbdc1c64f537e5789d4de,高二 对我影响最大的人,650
NJ1,J1,https://www.zuowen.com/e/20101020/4cbe6b2890d54.shtml,1760578,对我影响最大的一个人,2010-10-20,初二,初中,写人作文,作文网,957,精确,117,拒绝,面包屑不属于允许的高中或初中备选作文,6c7430d9dc71384173b94d74788e74c83b314c95598f49909ca029985dd4426b,高二 对我影响最大的人,1200
NJ1,J1,https://www.zuowen.com/e/20120606/4fcf048ed2ce8.shtml,2255095,知识改变了我,2012-06-06,初三,初中,话题作文,作文网原创,896,精确,119,拒绝,面包屑不属于允许的高中或初中备选作文,6fe6f91928f08aa4c81454d5ad75bbff1bfb601f61b16f30b54683cf5b8c8459,高中 改变我的人,
NJ1,J1,https://www.zuowen.com/e/20120625/4fe8476bf1af0.shtml,2268448,六月有奖征文：父亲的目光影响了我,2012-06-25,未标注,未核验,,作文网原创,574,精确,118,拒绝,面包屑不属于允许的高中或初中备选作文,fa0a0d3af876cb780801d45fdd46306cd098ada2454212866bca5b39d6b952f5,高中 影响我的父亲,650
NJ1,J1,https://www.zuowen.com/e/20121204/50bdc82c4c64d.shtml,2361558,关于改变的作文：书，改变了我的生活,2012-12-04,未标注,未核验,,作文网整理,430,精确,115,拒绝,面包屑不属于允许的高中或初中备选作文,b517886966d00d6f547ef591d2054416dd631c47158883f9d4d4dce1deb75fd8,高中 改变我的人,450
NJ1,J1,https://www.zuowen.com/e/20121204/50bdc86d08020.shtml,2361561,关于改变的作文：知识改变了我,2012-12-04,未标注,未核验,,作文网整理,885,精确,119,拒绝,面包屑不属于允许的高中或初中备选作文,b88ae830e0f93a855f7f3536e7ebf425eec8d8185e6a7e5719512c5209903beb,高中 改变我的人,1000
NJ1,J1,https://www.zuowen.com/e/20091102/4b8bd47598c26.shtml,1162124,对我影响最大的人,2009-11-02,初三,初中,叙事作文,本站原创,748,精确,118,拒绝,面包屑不属于允许的高中或初中备选作文,51c5429e9f352533c7861ab4bed6b776e97545273bfc968a57a3bf23a61bca08,高二 对我影响最大的人,900
NJ1,J1,https://www.zuowen.com/e/20091102/4b8bd477ac59c.shtml,1163001,对我影响最大的人,2009-11-02,未标注,未核验,,本站原创,748,精确,118,拒绝,面包屑不属于允许的高中或初中备选作文,51c5429e9f352533c7861ab4bed6b776e97545273bfc968a57a3bf23a61bca08,高二 对我影响最大的人,
NJ1,J1,https://www.zuowen.com/e/20091116/4b8bd508a8dec.shtml,1218564,对我影响最大的一本书,2009-11-16,初一,初中,叙事作文,网络资源,525,精确,110,拒绝,面包屑不属于允许的高中或初中备选作文,9c45d1d21ba8d64d20c155b4544f10fe46e42e395d287b9dbcbc08791105e363,高二 对我影响最大的人,600
NJ1,J1,https://www.zuowen.com/e/20091206/4b8bd5be5eade.shtml,1287128,对我影响最大的一个人,2009-12-06,初三,初中,叙事作文,网络资源,751,精确,115,拒绝,面包屑不属于允许的高中或初中备选作文,a313441cabb21a157ba2c288cd496198d01ccf008ce8308149a5986e7beb0202,高二 对我影响最大的人,800
NJ1,J1,https://www.zuowen.com/e/20100110/4b8bd6a09d126.shtml,1375051,对我影响最大的一个人,2010-01-10,初三,初中,写人作文,本站原创本文系作文网（zuowen.com）用户原创文章，,626,精确,117,拒绝,面包屑不属于允许的高中或初中备选作文,1489af68be806f4023ca6665a4167a343dbc81eb1e839797b526307c5fdd6ebc,高二 对我影响最大的人,750
NJ1,J1,https://www.zuowen.com/e/20100110/4b8bd6a5c77c1.shtml,1377323,对我影响最大的一个人,2010-01-10,未标注,未核验,,本站原创本文系作文网（zuowen.com）用户原创文章，,626,精确,117,拒绝,面包屑不属于允许的高中或初中备选作文,1489af68be806f4023ca6665a4167a343dbc81eb1e839797b526307c5fdd6ebc,高二 对我影响最大的人,
NJ1,J1,https://www.zuowen.com/e/20100406/4bba2dd1a1cc9.shtml,1471245,那件事改变了我,2010-04-06,未标注,未核验,,作文网 李海杏,1466,精确,117,拒绝,面包屑不属于允许的高中或初中备选作文,dcb912e51df93ed81c703fa7e5184d8b72417ffb3607f97ba6624d54386b5fba,高中 改变我的人,
NJ1,J1,https://www.zuowen.com/e/20100607/4c0ca9cb7b45a.shtml,1654570,对我影响最大的一个人,2010-06-07,初二,初中,写人作文,作文网,964,精确,118,拒绝,面包屑不属于允许的高中或初中备选作文,525f00bbdf976925e3f3ea97fed182104465d3687bcd0b377ec9dd25b39d4794,高二 对我影响最大的人,1200
NJ1,J1,https://www.zuowen.com/e/20110727/4e2fcd78f18d2.shtml,1985095,对我影响最大的一个人,2011-07-27,初三,初中,写人作文,作文网原创,900,精确,111,拒绝,面包屑不属于允许的高中或初中备选作文,ee0cc4316dd347dba992c602109c58acf972f66324b058923cd0330c1cb0b9a5,高二 对我影响最大的人,1000
NJ1,J1,https://www.zuowen.com/e/20120109/4f0af7f1d8dbf.shtml,2162800,对我影响最大的一个人,2012-01-09,初三,初中,写人作文,作文网原创,908,精确,111,拒绝,面包屑不属于允许的高中或初中备选作文,6834d29698933ad7215787bc1da9b0703f6d4b656a32eac0b4165c75760c420d,高二 对我影响最大的人,1000
NJ1,J1,https://www.zuowen.com/e/20120411/4f84f0d54158b.shtml,2220320,对我影响最大的一句话,2012-04-11,未标注,未核验,叙事作文,作文网原创,475,精确,115,拒绝,面包屑不属于允许的高中或初中备选作文,323adaa691aa314d7a03d4d0743d7f3974c61ee76e7b892e07356606a8f192a5,高二 对我影响最大的人,600
NJ1,J1,https://www.zuowen.com/e/20120629/4fed04a1b47b6.shtml,2272391,对我影响最大的一个人,2012-06-29,初二,初中,写人作文,作文网原创,545,精确,117,拒绝,面包屑不属于允许的高中或初中备选作文,5bfe6123ba8dc3462d22689fa0d89d418032dd3b185afcfcfa4b7ec2e2b08e7a,高二 对我影响最大的人,650
NJ1,J1,https://www.zuowen.com/e/20130519/51987fe7c9bc6.shtml,2453979,一位影响了我一生的老师,2013-05-19,未标注,未核验,写人作文,作文网原创,270,精确,118,拒绝,面包屑不属于允许的高中或初中备选作文,05c944b23e5585e56b262a1b5dded9ecaad9fc70c08807b292d7f021c0614341,高中 影响我的老师,300
NJ1,J1,https://www.zuowen.com/e/20131115/5285cd7fd9ea2.shtml,2557228,影响,2013-11-15,未标注,未核验,写人作文,作文网原创,290,精确,116,拒绝,面包屑不属于允许的高中或初中备选作文,071528c66576b5203a75f096c4abfb5258e8ca6159891a2e94091a1aa29491a3,影响我的老师,300
NJ1,J1,https://www.zuowen.com/e/20131225/52b9b98281740.shtml,2585261,你，对我影响最大的一个人,2013-12-25,初二,初中,写人作文,作文网原创,643,精确,126,拒绝,面包屑不属于允许的高中或初中备选作文,d687f2bcb827e4a5fb20402b755f0258cfc1c5d176392d9175c1dad430de2bc0,高二 对我影响最大的人,700
NJ1,J1,https://www.zuowen.com/e/20131016/525e0635de329.shtml,2538270,对我影响最大的一个人,2013-10-16,初一,初中,写人作文,作文网原创,567,精确,112,拒绝,面包屑不属于允许的高中或初中备选作文,e485b4d00d4ae78addb0d62dd9f1aacfc864a1c38ff7ee5a0435bf51aba22b22,高二 对我影响最大的人,650
NJ1,J1,https://www.zuowen.com/e/20130506/518799e5d773a.shtml,2444642,是他改变了我,2013-05-06,未标注,未核验,叙事作文,作文网原创,1240,精确,118,拒绝,面包屑不属于允许的高中或初中备选作文,0cae2eb79e46583105e88c50a020f421d74bdb1bbe6cc04f47f1f418a57c0d82,高中 改变我的人,1500
NJ1,J1,https://www.zuowen.com/e/20131120/528c42306b11d.shtml,2559924,对我影响最大的一个人,2013-11-20,初一,初中,叙事作文,作文网原创,440,精确,111,拒绝,面包屑不属于允许的高中或初中备选作文,292feb89b68c66da710ba9b894aff682aa10aa9bc12652390bc557b726adc048,高二 对我影响最大的人,500
NJ1,J1,https://www.zuowen.com/e/20131016/525ea2325ee99.shtml,2538924,[PK赛]关于改变的作文：真情改变了我的心,2013-10-16,未标注,未核验,,作文网原创,830,精确,114,拒绝,面包屑不属于允许的高中或初中备选作文,63934122114dc4a35ff29a6d00a7c558bf36c304c0bb1943ba9c8e2b8d50e9ef,高中 改变我的人,900
NJ1,J1,https://www.zuowen.com/e/20140501/53622bd5c94df.shtml,2669815,[为学杯A组]对我影响最大的一本书,2014-05-01,高一,未核验,,作文网原创,568,精确,122,拒绝,面包屑不属于允许的高中或初中备选作文,6de1d0c92a1917a9b5b59897146be84938a6fdbaa2ac997b5248fae264a1c08d,高二 对我影响最大的人,650
NJ1,J1,https://www.zuowen.com/e/20140206/52f3b009ab873.shtml,2608786,对我影响最大的那个人,2014-02-06,未标注,未核验,叙事作文,作文网原创,576,精确,117,拒绝,面包屑不属于允许的高中或初中备选作文,f77edd9ec26d3a07e3692ce00dac252fbb4fa996a43694d394ba1d23c13bfaa0,高二 对我影响最大的人,650
NJ1,J1,https://www.zuowen.com/e/20140331/5338d3bd8d18d.shtml,2645294,对我影响最大的人,2014-03-31,未标注,未核验,写人作文,作文网原创,1502,精确,117,拒绝,面包屑不属于允许的高中或初中备选作文,4dd63bfbebdce7e1b5d8b65a2722db713723a4e3662d38874be998eee31d7410,高二 对我影响最大的人,1500
NJ1,J1,https://www.zuowen.com/e/20140410/5345701a6a57d.shtml,2652246,对我影响最大的一个人,2014-04-10,初二,初中,话题作文,作文网原创,692,精确,116,拒绝,面包屑不属于允许的高中或初中备选作文,3eb756e16ba384307bc3175d4044952913c5cb9ee7bbbae62dc1b8b3088479d0,高二 对我影响最大的人,750
NJ1,J1,https://www.zuowen.com/e/20140413/534a644a4426a.shtml,2654680,是你改变了我,2014-04-13,初二,初中,话题作文,作文网原创,619,精确,117,拒绝,面包屑不属于允许的高中或初中备选作文,4d44e61609a0bf7df9b1f1dcc2929f76b7f845eccabe92c9d4770985afd93320,高中 改变我的人,750
NJ1,J1,https://www.zuowen.com/e/20161205/58450ca1b16e8.shtml,2937435,对我影响最大的动作,2016-12-05,初一,未核验,,作文网原创,389,精确,117,拒绝,面包屑不属于允许的高中或初中备选作文,eff023d531ce828fd25a8a16edb3c82af8b7d32516d18ac45c437130a8acd521,高二 对我影响最大的人,400
NJ1,J1,https://www.zuowen.com/e/20160627/5771006e29cab.shtml,2922274,影响,2016-06-27,高一,高中,写人作文,作文网原创,627,精确,117,入选,,0a849c53bbc1aac5f281bc8de6240868298e2c6f89f09ddffd0738ee472e7a5b,影响我的老师,700
NJ1,J1,https://www.zuowen.com/e/20160104/568a38f00705e.shtml,2802053,他影响了我,2016-01-04,未标注,未核验,写人作文,作文网原创,825,精确,118,拒绝,面包屑不属于允许的高中或初中备选作文,4d031cf64a932a39086004cf991c5e0ffee6eb3f3596747b918cd5fa517fa110,影响我的老师,900
NJ1,J1,https://www.zuowen.com/e/20160809/57a9dfcbe3483.shtml,2925430,那个影响我的人,2016-08-09,初二,未核验,,作文网原创,1022,精确,118,拒绝,面包屑不属于允许的高中或初中备选作文,cc506a477fd6785dcfc812cf2ecd8ffe53445d412f3a124998f2cc141bc3479c,影响我的老师,1200
NJ1,J1,https://www.zuowen.com/e/20171201/5a20f9a75f0a9.shtml,2959068,[原创达人] 对我影响最大的一个人,2017-12-01,初三,未核验,,作文网原创,565,精确,117,拒绝,面包屑不属于允许的高中或初中备选作文,2d10fbe8782b2dce5ef9513e4efb43badf674c8c0419100ac20902705da9a345,高二 对我影响最大的人,650
NJ1,J1,https://www.zuowen.com/e/20170523/5923cd09b8ddc.shtml,2946084,那个影响了我的人,2017-05-23,初一,未核验,,作文网原创,852,精确,112,拒绝,面包屑不属于允许的高中或初中备选作文,d53a05cca7258265fbb7df5b2e829ef1610bc396bf3d36c972df14800eb61735,影响我的老师,1000
NJ1,J1,https://www.zuowen.com/e/20170716/596ad28a8185b.shtml,2949086,那个影响了我的人,2017-07-16,初一,未核验,,作文网原创,657,精确,125,拒绝,面包屑不属于允许的高中或初中备选作文,4dcfb69653acc16f061a99af3089d87e4069cf148375396d9cbb69db189fe657,影响我的老师,900
NJ1,J1,https://www.zuowen.com/e/20171109/5a03f0e8e1b80.shtml,2956820,她影响了我,2017-11-09,初二,初中,写人作文,本站原创,694,精确,112,拒绝,面包屑不属于允许的高中或初中备选作文,519c32ef0ce5b8343a5dc2b83dcdeb73b6ea481654d84a8e6b419bb012f02134,影响我的老师,750
NJ1,J1,https://www.zuowen.com/e/20180627/5b330de91377c.shtml,2985785,对我影响最大的动作,2018-06-27,未标注,未核验,,本站原创,389,精确,117,拒绝,面包屑不属于允许的高中或初中备选作文,e25bef91639483f6c02f4d4240a03affce80e8291197786964d3af8c67d2de08,高二 对我影响最大的人,400
NJ1,J1,https://www.zuowen.com/e/20180228/5a96545936fa2.shtml,2965859,对我影响最大的人,2018-02-28,未标注,未核验,,作文网原创,675,精确,117,拒绝,面包屑不属于允许的高中或初中备选作文,5d24686dac21c2d14c1a32a59ccc80534f7fb0b3468709347201d32db868d8bc,高二 对我影响最大的人,750
NJ1,J1,https://www.zuowen.com/e/20190808/5d4c031e74012.shtml,3029096,关于父爱的作文：对我影响最大的那个人,2019-08-08,未标注,未核验,,网络资源,590,精确,117,拒绝,面包屑不属于允许的高中或初中备选作文,2fe59d41cbb21d8b126132144d0c38b0b3aa71d7de587acb74d3757bfbe78fed,高二 对我影响最大的人,650
NJ1,J1,https://www.zuowen.com/e/20201216/5fd9d34777989.shtml,3107761,关于爷爷的作文：对我影响最大的一个人,2020-12-16,未标注,未核验,,网络资源,489,精确,125,拒绝,面包屑不属于允许的高中或初中备选作文,591983a1bae9805a03217ae8b108ec0d1425585129569b6f9aa639c055e4e91c,高二 对我影响最大的人,600
NJ1,J1,https://www.zuowen.com/e/20200403/5e86ca8a6d5aa.shtml,3070870,关于考试的作文：对我影响最大的一个人,2020-04-03,未标注,未核验,,网络资源,690,精确,117,拒绝,面包屑不属于允许的高中或初中备选作文,f008f00aeca0689bd0f73785ce023b08c94112363cd6c266f2ac5807a0d1b65c,高二 对我影响最大的人,750
NJ1,J1,https://www.zuowen.com/e/20200705/5f01eeb1d99b9.shtml,3090845,初三写人作文：对我影响最大的一个人（二）,2020-07-05,初三,初中,写人作文,网络资源,837,精确,118,拒绝,面包屑不属于允许的高中或初中备选作文,8752f3264963dd3bc966e74f9f923f2a99fd492f0bbb1994d03e51b29b25bc86,高二 对我影响最大的人,1000
NJ1,J1,https://www.zuowen.com/e/20200830/5f4bc2ba9988a.shtml,3097481,五年级写人作文：对我影响最大的一个人,2020-08-30,未标注,未核验,写人作文,网络资源,479,精确,117,拒绝,面包屑不属于允许的高中或初中备选作文,4044c783b673573a73beed9cdd313b81921b4d7d4c60f3554c2c737f558e4b53,高二 对我影响最大的人,550
NJ1,J1,https://www.zuowen.com/e/20200705/5f01eea04c80c.shtml,3090844,初三写人作文：对我影响最大的一个人,2020-07-05,初三,初中,写人作文,网络资源,642,精确,112,拒绝,面包屑不属于允许的高中或初中备选作文,83fc0c01cc33c5d156bedcef20d4b228ddcd55ec816e14a2bfa1a88426ae4dc4,高二 对我影响最大的人,750
NJ1,J1,https://www.zuowen.com/e/20210522/60a8d48c316a4.shtml,3132246,四年级写人作文：有一位老师影响了我,2021-05-22,未标注,未核验,写人作文,网络资源,306,精确,117,拒绝,面包屑不属于允许的高中或初中备选作文,932e8cfb9c88f5d7b5acb6f513179589b03f05ae47b1e62b58d47a602758c47f,高中 影响我的老师,350
NJ1,J1,https://www.zuowen.com/e/20210522/60a8d7480fd67.shtml,3132361,六年级写人作文：有这么一位老师影响了我,2021-05-22,未标注,未核验,写人作文,网络资源,396,精确,118,拒绝,面包屑不属于允许的高中或初中备选作文,60767dd9c86768344b3499da54c51712d7f47d521e507659de0ac4e2a72b9f3f,高中 影响我的老师,500
NJ1,J1,https://www.zuowen.com/e/20090916/4b8bcfec277dd.shtml,1002762,母亲,2009-09-16,高二,高中,写人作文,网络资源,412,近似,88,入选,,0bd9e1e629924f6d220fbd948484b5eec6993d5e4ac248eead0e02e3387321b8,高中栏目:https://www.zuowen.com/gaozhong/gaoer/xieren/,500
NJ1,J1,https://www.zuowen.com/e/20090804/4b8bcd6a549ec.shtml,778928,妈妈的患者,2009-08-04,高三,高中,写人作文,网络资源,605,近似,86,入选,,07350fe89e70e7b01894c95dc224396e54cc34573152c8937ba56f1bc99b844f,高中栏目:https://www.zuowen.com/gaozhong/gaosan/xieren/,700
NJ1,J1,https://www.zuowen.com/e/20090906/4b8bcf50e4a7a.shtml,947577,一瞬间的友谊,2009-09-06,高三,高中,写人作文,网络资源,596,近似,84,入选,,8e46cf20a005dd266f6216bd2ee54728ac7ed25726980168f1ce8200f4ed555c,高中栏目:https://www.zuowen.com/gaozhong/gaosan/xieren/,650
NJ1,J1,https://www.zuowen.com/e/20090424/4b8bc9f18314f.shtml,470223,生命中的那缕阳光,2009-04-24,高三,高中,写人作文,网络资源,884,近似,92,拒绝,正文汉字数超出200-787,1e229f32916f29ba49e6f11925821404139f044f8022a07c4e55705b552ca75f,高中栏目:https://www.zuowen.com/gaozhong/gaosan/xieren/,1000
NJ1,J1,https://www.zuowen.com/e/20100426/4bd562cc3dca2.shtml,1481115,爱的回报,2010-04-26,高一,高中,写人作文,作文网,758,不匹配,6,拒绝,主题不匹配,b2eb09a25c16beef483fc78fff35555e4323c4fefa96565a2e313cc81f49d82f,高中栏目:https://www.zuowen.com/gaozhong/gaoyi/xieren/,900
NJ1,J1,https://www.zuowen.com/e/20131230/52c1664ad3356.shtml,2589896,你就是我的幸福,2013-12-30,高一,高中,写人作文,作文网原创,916,近似,85,拒绝,正文汉字数超出200-787,d11498d3dc8b78bb4d93f31e13383a207bc59fd852c1c492b3b1a8253ee11fe3,高中栏目:https://www.zuowen.com/gaozhong/gaoyi/xieren/,1000
NJ1,J1,https://www.zuowen.com/e/20170418/58f5a3acafabd.shtml,2944254,我有一个榜样,2017-04-18,高一,高中,写人作文,作文网高中作文文库（作文网原创）,604,近似,86,入选,,69a7f09a155369a6877248749a1beaae388b675e75d2989706b7ed2eef8666f5,高中作文文库:https://www.zuowen.com/wk/gz-0-1-16-0-2.html,650
NJ1,J1,https://www.zuowen.com/e/20190710/5d25ae0d567eb.shtml,3024045,父亲,2019-07-10,高三,高中,写人作文,网络资源,844,近似,86,拒绝,正文汉字数超出200-787,d0d3ae0751ab7c0795def5ef755fb5ec60a880b2764a08c842493a46679af8b5,高一 写人 父亲,900
NJ1,J1,https://www.zuowen.com/e/20250602/683d04c3792dc.shtml,3349634,我心中的榜样,2025-06-02,高二,高中,写人作文,网络转载,785,近似,79,候选,,f66587def0924290fbf952a7d850b54bb60ed43981898a159c716ad22eab85b0,高中栏目:https://www.zuowen.com/gaozhong/gaoer/xieren/,900
NJ1,J1,https://www.zuowen.com/e/20110509/4dc7379101933.shtml,1871148,我身边的榜样,2011-05-09,初一,初中,写人作文,作文网原创,471,近似,95,拒绝,面包屑不属于允许的高中或初中备选作文,3d077662abfd956655fa82ad35bdb2ba98edff9b17ea67515cf1c8c16d5c1470,我的榜样,550
NJ1,J1,https://www.zuowen.com/e/20120501/4f9f952d81e2f.shtml,2232253,榜样就在身边,2012-05-01,未标注,未核验,,作文网原创,439,近似,90,拒绝,面包屑不属于允许的高中或初中备选作文,01e9d2d973a93cb67f883682782b713781d2790df148e83f0b93eda681e90eb2,高中 我的榜样,600
NJ1,J1,https://www.zuowen.com/e/20120529/4fc4a48af20e2.shtml,2249492,榜样,2012-05-29,未标注,未核验,写人作文,作文网原创,607,近似,88,拒绝,面包屑不属于允许的高中或初中备选作文,b0e2c5b36c4a278745a0cb32c04a65cfafcbe3f3926f67c6df93b020b093fb37,高中 我的榜样,700
NJ1,J1,https://www.zuowen.com/e/20100104/4b8bd68a5fa30.shtml,1366173,榜样,2010-01-04,未标注,未核验,叙事作文,网络资源,362,近似,87,拒绝,面包屑不属于允许的高中或初中备选作文,52a32d0d46853a165d2b1250057f88fe3d18cb9988265d60232b2f3f5f942a28,我的榜样,400
NJ1,J1,https://www.zuowen.com/e/20091226/4b8bd665ced42.shtml,1353128,榜样,2009-12-26,未标注,未核验,叙事作文,本站原创,685,近似,87,拒绝,面包屑不属于允许的高中或初中备选作文,07b9655dde05bad868180cf481437300aca3ccee07494d15b8e09680848c4401,高中 我的榜样,800
NJ1,J1,https://www.zuowen.com/e/20091226/4b8bd666329d6.shtml,1353249,榜样,2009-12-26,未标注,未核验,,本站原创,685,近似,87,拒绝,面包屑不属于允许的高中或初中备选作文,07b9655dde05bad868180cf481437300aca3ccee07494d15b8e09680848c4401,高中 我的榜样,
NJ1,J1,https://www.zuowen.com/e/20110811/4e43b529eb442.shtml,2009354,榜样,2011-08-11,未标注,未核验,写人作文,作文网原创,369,近似,84,拒绝,面包屑不属于允许的高中或初中备选作文,0d537078d295ffd0ea6f4db8c4af78ab447cca1774547a7aa8f0e5a6bc8dacf8,高中 我的榜样,450
NJ1,J1,https://www.zuowen.com/e/20090804/4b8bcd6b43810.shtml,779337,榜样,2009-08-04,高三,高中,叙事作文,网络资源,1787,近似,87,拒绝,正文汉字数超出200-787,1bcdb860a7c7ec50985d11990d9a22245362a32ccdd3fc34e15546e771f5632f,高中 我的榜样,2000
NJ1,J1,https://www.zuowen.com/e/20090804/4b8bcd6cc7772.shtml,779916,我心中的榜样,2009-08-04,未标注,未核验,叙事作文,网络资源,518,近似,87,拒绝,面包屑不属于允许的高中或初中备选作文,a1e421d56f6b962bf075373f0b5fe92849970182837656d426af8616155d1378,我的榜样,600
NJ1,J1,https://www.zuowen.com/e/20090804/4b8bcd6fb71dd.shtml,780918,榜样,2009-08-04,初一,初中,议论文,网络资源,831,近似,87,拒绝,面包屑不属于允许的高中或初中备选作文,242f69b7272e70edb93702b208821909832ab23eda38c70ceaaf31508758b368,高中 我的榜样,1000
NJ1,J1,https://www.zuowen.com/e/20091217/4b8bd61932c7e.shtml,1322803,生活的榜样,2009-12-17,初三,初中,议论文,网络资源,802,近似,85,拒绝,面包屑不属于允许的高中或初中备选作文,e61ed0847fb581d30ffa56cdae30bf8812e43e3a4a31b7d1298303d16d553975,我的榜样,900
NJ1,J1,https://www.zuowen.com/e/20091225/4b8bd66298543.shtml,1351862,我的榜样,2009-12-25,初一,初中,写人作文,网络资源,483,近似,88,拒绝,面包屑不属于允许的高中或初中备选作文,74387eb3d59e0b897c05184627538ddc1c8098fe807e09490a1dad7263252699,高中 我的榜样,500
NJ1,J1,https://www.zuowen.com/e/20121007/5070fb2aad6da.shtml,2327744,哦，我的榜样,2012-10-07,未标注,未核验,写人作文,作文网原创,257,近似,85,拒绝,面包屑不属于允许的高中或初中备选作文,e67fd2815911ef5b40ee53c7abc0c8979cb4787a357d0c895875f8a8ec2e1b86,高中 我的榜样,300
NJ1,J1,https://www.zuowen.com/e/20090202/4b8bc97b7d5b3.shtml,409068,我的榜样高颖菲,2009-02-02,未标注,未核验,,作文网,585,近似,85,拒绝,面包屑不属于允许的高中或初中备选作文,97f4c82cd54c2ba0272cdb7646a7efeca7e43aa36fa38e960a52afb445481d8b,高中 我的榜样,
NJ1,J1,https://www.zuowen.com/e/20090629/4b8bcbdb74198.shtml,641070,诚信与榜样,2009-06-29,初二,初中,议论文,网络,695,近似,87,拒绝,面包屑不属于允许的高中或初中备选作文,1e2805cf14a266af4aada70729da8857d2a218a0333f3ef08ac6739ae153b4de,我的榜样,750
NJ1,J1,https://www.zuowen.com/e/20090919/4b8bd010b80ee.shtml,1015555,榜样,2009-09-19,高一,高中,,网络资源,608,近似,84,拒绝,体裁不是叙事或写人,16574c1f74818e75926b6f1cb9aa1c948789032cf1273af749a7fca122e5bce8,高中 我的榜样,650
NJ1,J1,https://www.zuowen.com/e/20091024/4b8bd42bba547.shtml,1134414,榜样,2009-10-24,初三,初中,议论文,网络资源,484,近似,84,拒绝,面包屑不属于允许的高中或初中备选作文,b1539596fea6ff0eaf068daaf245f834c9658088fad80476e0ebcbc07adc6d5f,高中 我的榜样,550
NJ1,J1,https://www.zuowen.com/e/20100802/4c569bd6826fd.shtml,1717854,我的榜样,2010-08-02,未标注,未核验,写人作文,作文网,804,近似,86,拒绝,面包屑不属于允许的高中或初中备选作文,e6ee67cbd76cacefb5d2f49246dca1d1a0ce1ee93b3371b61bf7237a9aef5991,高中 我的榜样,1000
NJ1,J1,https://www.zuowen.com/e/20110503/4dbffb55b2220.shtml,1866357,榜样,2011-05-03,未标注,未核验,话题作文,作文网原创,549,近似,82,拒绝,面包屑不属于允许的高中或初中备选作文,3cbdc8e3dce9a03b05670ee3874ee6a4520a7716be5d592b28f985f170b81bc4,高中 我的榜样,700
NJ1,J1,https://www.zuowen.com/e/20120611/4fd5b6e658038.shtml,2258074,她是我的榜样,2012-06-11,未标注,未核验,写人作文,作文网原创,579,近似,87,拒绝,面包屑不属于允许的高中或初中备选作文,0330ca9faaa12c890fed42099d3d526438f14512d18d6d67c50bc119075c9225,我的榜样,700
NJ1,J1,https://www.zuowen.com/e/20120716/5003af8824eed.shtml,2285388,榜样,2012-07-16,未标注,未核验,叙事作文,作文网原创,649,近似,80,拒绝,面包屑不属于允许的高中或初中备选作文,f42a9f87eea3a4b1d9e54cafdbb4fca303d01bc8259b6637d6ed6f854d53397d,我的榜样,750
NJ1,J1,https://www.zuowen.com/e/20120914/5052beb0493be.shtml,2319381,给我影响最大的人,2012-09-14,初二,初中,叙事作文,作文网原创,465,近似,83,拒绝,面包屑不属于允许的高中或初中备选作文,bc079470083e259db8812d6b04792dfd0606c0e5f344456bf0f69b23e3956e72,高二 对我影响最大的人,550
NJ1,J1,https://www.zuowen.com/e/20120928/50653602d4ff7.shtml,2325803,郭伟阳你是我的榜样,2012-09-28,未标注,未核验,叙事作文,作文网原创,734,近似,84,拒绝,面包屑不属于允许的高中或初中备选作文,08fa21ad0032c20767a6708391dac63ce088f665f49e91ab6c4638dc5f92afd9,我的榜样,800
NJ1,J1,https://www.zuowen.com/e/20121228/50dd85750a259.shtml,2374937,榜样表妹,2012-12-28,未标注,未核验,写人作文,作文网原创,731,近似,84,拒绝,面包屑不属于允许的高中或初中备选作文,bcdc8c152571f28202932e24567a5d2a3fd2121fec424bba77f609a2f73fd7a8,高中 我的榜样,800
NJ1,J1,https://www.zuowen.com/e/20121228/50dd857719257.shtml,2374938,榜样的力量,2012-12-28,未标注,未核验,写人作文,作文网原创,854,近似,87,拒绝,面包屑不属于允许的高中或初中备选作文,2dc6c93347a8218e8cf0264e83d0ee4525bba57cb159d590a43a136e7d779157,高中 我的榜样,1000
NJ1,J1,https://www.zuowen.com/e/20090712/4b8bcc6deb6b3.shtml,692387,好榜样,2009-07-12,未标注,未核验,叙事作文,网络资源,194,近似,88,拒绝,面包屑不属于允许的高中或初中备选作文,af9a58903e2c16f9590032615ec357cb0ae8ae8abd5786186812bd6278f2ece2,我的榜样,200
NJ1,J1,https://www.zuowen.com/e/20091017/4b8bd3e50c5a0.shtml,1108119,洪战辉——我的榜样,2009-10-17,初三,初中,叙事作文,网络资源,1104,近似,86,拒绝,面包屑不属于允许的高中或初中备选作文,82cdd7aaa95ed7a54e574180889c5181b0a8b85f0662894e7bc97c2a698cfba5,我的榜样,1200
NJ1,J1,https://www.zuowen.com/e/20110919/4e76867ad4450.shtml,2048266,榜样,2011-09-19,未标注,未核验,写人作文,作文网原创,407,近似,87,拒绝,面包屑不属于允许的高中或初中备选作文,1f079e3115c99dd5dbd8639e8a61438ca87290e6806ffc36e8b705e0433a48be,高中 我的榜样,450
NJ1,J1,https://www.zuowen.com/e/20120116/4f138a94b6d16.shtml,2166463,榜样,2012-01-16,初一,初中,写人作文,作文网原创,590,近似,82,拒绝,面包屑不属于允许的高中或初中备选作文,a982c7cba7cc648711269fe065127ab993a1424bb83fc5aedbe213e0719296b2,高中 我的榜样,650
NJ1,J1,https://www.zuowen.com/e/20120702/4ff12f275aced.shtml,2274277,榜样,2012-07-02,未标注,未核验,叙事作文,作文网原创,469,近似,81,拒绝,面包屑不属于允许的高中或初中备选作文,392718477c68060d2eccd0d8ec250b926227a5514770b8033f0ac16277ae3c8b,高中 我的榜样,550
NJ1,J1,https://www.zuowen.com/e/20121105/50970b0062bed.shtml,2342239,"榜样,就在我身边",2012-11-05,初一,初中,写人作文,转载,451,近似,80,拒绝,面包屑不属于允许的高中或初中备选作文,c107cb9bdb5079d493f3eba04d3c9669e31613d264ccc46acd35dc3a347b4b80,我的榜样,550
NJ1,J1,https://www.zuowen.com/e/20091128/4b8bd582036e2.shtml,1262499,他是我学习的榜样,2009-11-28,未标注,未核验,写人作文,网络资源,259,近似,78,拒绝,面包屑不属于允许的高中或初中备选作文,e18c7ee99f2417c57647f470bc61b70d3a698ee6423ee22446c7d7b1d854527f,高中 我的榜样,300
NJ1,J1,https://www.zuowen.com/e/20100818/4c6b8d7f3fcdf.shtml,1730681,她是我的榜样,2010-08-18,未标注,未核验,写人作文,作文网,262,近似,80,拒绝,面包屑不属于允许的高中或初中备选作文,f534f6d15f538e20c4b46a709e33381144f667d8b9b77576e3515b9f2b598c46,高中 我的榜样,300
NJ1,J1,https://www.zuowen.com/e/20110427/4db778b22e415.shtml,1861750,榜样的力量,2011-04-27,未标注,未核验,叙事作文,作文网原创,459,近似,83,拒绝,面包屑不属于允许的高中或初中备选作文,91ba1b20c7b1ff3cbc17d93c434b47ebfb5305dc8aca86ab009e556e54807d8d,我的榜样,500
NJ1,J1,https://www.zuowen.com/e/20110504/4dc0eed7eb9c9.shtml,1867545,你是我的榜样,2011-05-04,初二,初中,话题作文,作文网原创,378,近似,79,拒绝,面包屑不属于允许的高中或初中备选作文,baa2388b115a2d8088d5f81e78d2286b0d3d75882e7cae930e65b41d86d4a366,高中 我的榜样,450
NJ1,J1,https://www.zuowen.com/e/20120401/4f77a698d8ae2.shtml,2215123,我的榜样,2012-04-01,未标注,未核验,写人作文,作文网原创,734,近似,82,拒绝,面包屑不属于允许的高中或初中备选作文,06c2f079d4dd52573c59f6414b8db122d54f7b6d517a42d628a4d58cde723b91,高中 我的榜样,900
NJ1,J1,https://www.zuowen.com/e/20130318/514601c4a35a5.shtml,2413157,榜样妈妈,2013-03-18,未标注,未核验,写人作文,作文网原创,467,近似,88,拒绝,面包屑不属于允许的高中或初中备选作文,f52b1180ca1dd065951366c630af8ded7ffbece28eb4108855e7a38f88e04668,高中 我的榜样,500
NJ1,J1,https://www.zuowen.com/e/20130822/5216304bc6d6a.shtml,2509959,榜样,2013-08-22,未标注,未核验,叙事作文,作文网原创,451,近似,88,拒绝,面包屑不属于允许的高中或初中备选作文,ecb39a8a480e1e8ee591f957e955c133b2ad0cfdfb0425e3be4f9568ee92797d,高中 我的榜样,500
NJ1,J1,https://www.zuowen.com/e/20131121/528dcc3e6fc7a.shtml,2561165,盖茨——我的榜样,2013-11-21,未标注,未核验,,作文网原创,831,近似,86,拒绝,面包屑不属于允许的高中或初中备选作文,fd26b903ef2dd116ccbdfbf6455369f84613e2b837544d8aeb8369f3da7985f3,我的榜样,900
NJ1,J1,https://www.zuowen.com/e/20130121/50fc3bb71df6f.shtml,2384873,我心中的榜样,2013-01-21,未标注,未核验,写人作文,作文网原创,495,近似,86,拒绝,面包屑不属于允许的高中或初中备选作文,27ba3b96a5fa7cd83593560049670773ec4e40e001b9dfd6a3b551a2e5e8d4d8,我的榜样,550
NJ1,J1,https://www.zuowen.com/e/20130404/515d8377defb5.shtml,2424397,我的好榜样,2013-04-04,未标注,未核验,写人作文,作文网原创,335,近似,87,拒绝,面包屑不属于允许的高中或初中备选作文,67f9cff8996203b0c82dccac7c7cfcc5ee14104fd9c0c14d298af57960408be1,我的榜样,350
NJ1,J1,https://www.zuowen.com/e/20130506/5187961722afc.shtml,2444577,榜样,2013-05-06,未标注,未核验,写人作文,作文网原创,287,近似,83,拒绝,面包屑不属于允许的高中或初中备选作文,c644870b7ef912e8e6b873b1f0b42212a0aba2d548af94efd16bf2e4c7988e82,高中 我的榜样,350
NJ1,J1,https://www.zuowen.com/e/20130820/5212f82958c18.shtml,2508080,郭敬明，我因你为榜样,2013-08-20,初一,初中,写人作文,作文网原创,453,近似,81,拒绝,面包屑不属于允许的高中或初中备选作文,77de38592ff431e00debc17c4eebe1a2e6925a8783c1616c188a3aa5b1a1241e,高中 我的榜样,550
NJ1,J1,https://www.zuowen.com/e/20130201/510aa503f1acc.shtml,2392387,榜样就在我身边,2013-02-01,未标注,未核验,叙事作文,转载,688,近似,81,拒绝,面包屑不属于允许的高中或初中备选作文,4d73d6ce7ef9b7e2fbdef1655b3991c2a68ae09e6823224d47a5ea243f79472d,我的榜样,800
NJ1,J1,https://www.zuowen.com/e/20130303/51333b760c717.shtml,2405636,雷锋，我的榜样,2013-03-03,初二,初中,话题作文,作文网原创,504,近似,80,拒绝,面包屑不属于允许的高中或初中备选作文,713501dc7e5f4de115a5bfa1964b33d890578939830ba6950a6e85b4324ddaa6,高中 我的榜样,550
NJ1,J1,https://www.zuowen.com/e/20130615/51bc791633721.shtml,2472742,榜样，就在我身边,2013-06-15,未标注,未核验,叙事作文,作文网原创,452,近似,80,拒绝,面包屑不属于允许的高中或初中备选作文,8346b810227d7d9018ae0b82a918378447ab0e609d53c492138a63a182961be8,高中 我的榜样,500
NJ1,J1,https://www.zuowen.com/e/20130321/514b14925a661.shtml,2416541,我的榜样——雷锋,2013-03-21,初一,初中,话题作文,作文网原创,1043,近似,78,拒绝,面包屑不属于允许的高中或初中备选作文,e7bcf4697237d13866c1a471019cd9ae92a98ff22bf6c1f2975e29479f1be32c,高中 我的榜样,1200
NJ1,J1,https://www.zuowen.com/e/20130914/52343ab5dd6e6.shtml,2520745,榜样,2013-09-14,未标注,未核验,写人作文,作文网原创,716,近似,87,拒绝,面包屑不属于允许的高中或初中备选作文,b0e76cafcd7cd0fb4705f1c85f98adc0ff4b3872c1d2654f149e7793f51c3071,我的榜样,800
NJ1,J1,https://www.zuowen.com/e/20140423/53574721d91f9.shtml,2663615,榜样,2014-04-23,未标注,未核验,叙事作文,作文网原创,422,近似,90,拒绝,面包屑不属于允许的高中或初中备选作文,d3bd5fdec7e724331753a551ac1751e7131f819a7f4d2d6eba7bc1672dd0f484,高中 我的榜样,550
NJ1,J1,https://www.zuowen.com/e/20140528/5385b2eeac612.shtml,2682335,我们身边的榜样,2014-05-28,未标注,未核验,,作文网原创,715,近似,86,拒绝,面包屑不属于允许的高中或初中备选作文,227f934ca1a9fcadba23dbfc49f4f33ab34c757bc4db7992153aef7e2ec88249,高中 我的榜样,800
NJ1,J1,https://www.zuowen.com/e/20140702/53b3f285bc7c8.shtml,2699256,榜样,2014-07-02,初一,初中,写人作文,作文网原创,573,近似,85,拒绝,面包屑不属于允许的高中或初中备选作文,da36a0c6ba56f9d17716f5a49993bd7426f546016d825ff6360818824f91cd33,我的榜样,650
NJ1,J1,https://www.zuowen.com/e/20140212/52fb5c297f2de.shtml,2611960,它是我的榜样,2014-02-12,高三,高中,,作文网原创,418,近似,84,拒绝,体裁不是叙事或写人,a48fd60ad17f6ff4fc5d3df6b60118bd8295c37c89894415bc07ca1bab19f087,高中 我的榜样,500
NJ1,J1,https://www.zuowen.com/e/20140508/536b42aec5da9.shtml,2674025,榜样,2014-05-08,未标注,未核验,叙事作文,作文网原创,673,精确,117,拒绝,面包屑不属于允许的高中或初中备选作文,4b23c8ec8854f9ec72d2c6e7c7bfc699dbfad137dea1fc6322d78a1c065f2490,高中 我的榜样,800
NJ1,J1,https://www.zuowen.com/e/20140324/532fa0807339f.shtml,2641640,我身边的榜样,2014-03-24,未标注,未核验,叙事作文,转载,619,近似,84,拒绝,面包屑不属于允许的高中或初中备选作文,ca966266ecf93ab3e79d0af4d0baa27e7f70c7924808541a6dfca126dd858185,高中 我的榜样,700
NJ1,J1,https://www.zuowen.com/e/20140328/533546993b47e.shtml,2643711,他是我的好榜样,2014-03-28,未标注,未核验,写人作文,作文网原创,459,近似,85,拒绝,面包屑不属于允许的高中或初中备选作文,c30508d77e3d9296d484effa2a9b6e6e1bb8d01d0964c2287b2f1be54d1835a1,我的榜样,500
NJ1,J1,https://www.zuowen.com/e/20140421/5354b62c8639c.shtml,2661795,我身边的榜样,2014-04-21,初二,未核验,写人作文,转载,612,近似,84,拒绝,面包屑不属于允许的高中或初中备选作文,36940673295df835ca8297aa5671c2c73fce7f11e9ddf2f7e5eb4c735fc6a663,我的榜样,700
NJ1,J1,https://www.zuowen.com/e/20140125/52e3cb438f18a.shtml,2606719,你们就是我的榜样,2014-01-25,未标注,未核验,叙事作文,作文网原创,420,近似,79,拒绝,面包屑不属于允许的高中或初中备选作文,726b010f612f012bbf072477aeaf7ffc1c81d6ed8922336d4e067ddeb135364d,我的榜样,500
NJ1,J1,https://www.zuowen.com/e/20140403/533d5d97ef880.shtml,2647573,你是我的榜样,2014-04-03,初三,初中,写人作文,作文网原创,722,近似,80,拒绝,面包屑不属于允许的高中或初中备选作文,f2ea1211b008b0a20016da178ce5e7ef32f11f86e6095b6a759f06fcda4b8be7,高中 我的榜样,800
NJ1,J1,https://www.zuowen.com/e/20140424/53587810bbb7a.shtml,2664394,雷锋，我们的榜样,2014-04-24,未标注,未核验,写人作文,作文网原创,701,近似,79,拒绝,面包屑不属于允许的高中或初中备选作文,236eb89934b25cd68ff37b3495810c16d167ffd2a07e31d5cd85a0b82af21708,高中 我的榜样,800
NJ1,J1,https://www.zuowen.com/e/20150416/552f6a67a4b42.shtml,2759621,我的榜样,2015-04-16,初二,初中,写人作文,作文网原创,418,近似,83,拒绝,面包屑不属于允许的高中或初中备选作文,d910083e6fca7f2ae87a6459b074857bed61153abe07cf98a32732649e6aaf4f,高中 我的榜样,500
NJ1,J1,https://www.zuowen.com/e/20150704/55976d8156b9f.shtml,2776593,我的榜样,2015-07-04,未标注,未核验,写人作文,作文网原创,292,近似,87,拒绝,面包屑不属于允许的高中或初中备选作文,5a8de773dcf6d491e7ca1b00905a576c512dbffcb33e8f912a16c8c4f9a0b872,我的榜样,300
NJ1,J1,https://www.zuowen.com/e/20150427/553de0c65bbd9.shtml,2765602,榜样的力量,2015-04-27,未标注,未核验,叙事作文,作文网原创,486,近似,87,拒绝,面包屑不属于允许的高中或初中备选作文,fa3d76a5065eb739dd1b85274a077a1f6e01afd029df974d745dde563a02fdc0,我的榜样,550
NJ1,J1,https://www.zuowen.com/e/20150331/551a0b615a4fd.shtml,2756411,您是我的榜样,2015-03-31,初一,初中,,作文网原创,492,近似,86,拒绝,面包屑不属于允许的高中或初中备选作文,7a97be2e24b3bdf750c9416ba229249f0204b9a5c2dbc034b02a1585e503d191,高中 我的榜样,750
NJ1,J1,https://www.zuowen.com/e/20150906/55ebe1326afb1.shtml,2786818,我们的榜样——雷锋,2015-09-06,未标注,未核验,写人作文,作文网原创,547,近似,78,拒绝,面包屑不属于允许的高中或初中备选作文,9af272fde087b5e2fa9968754ce027ed5627dcecfef9d1dde095daae35acda79,高中 我的榜样,650
NJ1,J1,https://www.zuowen.com/e/20160303/56d7ddab84927.shtml,2911086,学习雷锋好榜样的名言,2016-03-03,未标注,未核验,,作文网整合,1018,近似,78,拒绝,面包屑不属于允许的高中或初中备选作文,37b54a38170376ddba1b5bc9e20df632243d0ca91742770fb4f094846aeec659,高中 我的榜样,
NJ1,J1,https://www.zuowen.com/e/20170302/58b803c58084d.shtml,2942048,榜样,2017-03-02,初三,未核验,,作文网原创,550,近似,86,拒绝,面包屑不属于允许的高中或初中备选作文,306c90314f6f496ad036c99be42272c8f822db58296edfd15f7f7852ef16321c,我的榜样,650
NJ1,J1,https://www.zuowen.com/e/20171014/59e172f0a1c5c.shtml,2955028,雷锋——我的榜样,2017-10-14,未标注,未核验,,作文网原创,319,近似,81,拒绝,面包屑不属于允许的高中或初中备选作文,45ac45bd764a79f76c22bad61712dac0b275a8260c48c329ea5a649eb582ef84,高中 我的榜样,350
NJ1,J1,https://www.zuowen.com/e/20180803/5b6407fee6aff.shtml,2998469,以他们为榜样,2018-08-03,未标注,未核验,,作文网整理,786,近似,88,拒绝,面包屑不属于允许的高中或初中备选作文,f76def2dd51824e4907a3402453cc6c9e1b7cda3e440c235b9c267dc05ae1cc9,我的榜样,800
NJ1,J1,https://www.zuowen.com/e/20180824/5b7ffc254b38c.shtml,3004056,我的榜样赵乐妍,2018-08-24,初三,初中,写人作文,作文网整理,466,近似,87,拒绝,面包屑不属于允许的高中或初中备选作文,c93228db968da3e86808576389d6c087c9c4031b09fa950678b2b614d7076658,高中 我的榜样,550
NJ1,J1,https://www.zuowen.com/e/20180906/5b9122b4cc832.shtml,3007849,表姐我的榜样,2018-09-06,未标注,未核验,,作文网整理,463,近似,87,拒绝,面包屑不属于允许的高中或初中备选作文,542901788c9b76f1d1245b686aa1f6248c9990a61cf121ec1b481427ef0c9209,高中 我的榜样,500
NJ1,J1,https://www.zuowen.com/e/20180802/5b62d71430b63.shtml,2998287,她是我的榜样,2018-08-02,未标注,未核验,写人作文,作文网整理,634,近似,87,拒绝,面包屑不属于允许的高中或初中备选作文,11b37821794dff1233a78095cefbb72520120fc2e97a00f636a82841c829a5f2,高中 我的榜样,700
NJ1,J1,https://www.zuowen.com/e/20180227/5a94cca3185c0.shtml,2965602,雷锋——我的榜样,2018-02-27,未标注,未核验,,本站原创,312,近似,81,拒绝,面包屑不属于允许的高中或初中备选作文,5ea3ffec036151edd3bfadf6992397a4010bb51465a471f3b69845b8c26e39b9,我的榜样,350
NJ1,J1,https://www.zuowen.com/e/20200525/5ecb5b732fae4.shtml,3084810,人教版高中第六册三单元作文：父亲,2020-05-25,未标注,高中,,网络资源,865,近似,86,拒绝,正文汉字数超出200-787,583daeae8faabdbc39473d408a232601e242445f163bff858b8a79f25b052800,高中 影响我的父亲,900
NJ1,J1,https://www.zuowen.com/e/20200525/5ecb5f97a645b.shtml,3084817,人教版高中第六册三单元作文：父亲,2020-05-25,未标注,高中,,网络资源,865,近似,86,拒绝,正文汉字数超出200-787,583daeae8faabdbc39473d408a232601e242445f163bff858b8a79f25b052800,高中 影响我的父亲,900
NJ1,J1,https://www.zuowen.com/e/20090901/4b8bcef75cd36.shtml,916663,告别昨天,2009-09-01,高三,高中,写人作文,网络,638,扩展,64,候选,,f4fb7fab7393cdfa7429cbff1e78b1acd9e3367b59a25235614eda09e2f2eedd,高中栏目:https://www.zuowen.com/gaozhong/gaosan/xieren/,750
NJ1,J1,https://www.zuowen.com/e/20090902/4b8bcf0c6b918.shtml,923861,爷爷的花儿落了,2009-09-02,高三,高中,写人作文,网络资源,815,扩展,66,拒绝,正文汉字数超出200-787,0b9d23a82461b7b41a4618af0f3423e55409e1fcfbd241addc47a8e8c315e01f,高中栏目:https://www.zuowen.com/gaozhong/gaosan/xieren/,1000
NJ1,J1,https://www.zuowen.com/e/20091026/4b8bd436e91ac.shtml,1138295,父亲,2009-10-26,高一,高中,写人作文,本站原创,799,扩展,64,拒绝,正文汉字数超出200-787,af6b824b6194254b469fc67267c213fe2e5aec25fb6b3d4af22ea7ed6a4c3b48,高中栏目:https://www.zuowen.com/gaozhong/gaoyi/xieren/,900
NJ1,J1,https://www.zuowen.com/e/20090823/4b8bce59b67df.shtml,861969,荷叶母亲,2009-08-23,高二,高中,写人作文,网络资源,1338,扩展,61,拒绝,正文汉字数超出200-787,576dee9df8a1562921571730cdbec86ad1b8ca2c1e7034561135e8605d6f22ca,高中栏目:https://www.zuowen.com/gaozhong/gaoer/xieren/,1500
NJ1,J1,https://www.zuowen.com/e/20090901/4b8bcef9b4980.shtml,917506,我的父亲,2009-09-01,高三,高中,写人作文,网络资源,798,扩展,70,拒绝,正文汉字数超出200-787,90396ebe272fdd81bc3801bea555a24be95b640ba800a6a5009f2205e13b7bdd,高中栏目:https://www.zuowen.com/gaozhong/gaosan/xieren/,900
NJ1,J1,https://www.zuowen.com/e/20090912/4b8bcfb1de8f1.shtml,982252,我的父亲,2009-09-12,高三,高中,写人作文,网络资源,1158,扩展,63,拒绝,正文汉字数超出200-787,4dfe8b694ecb803a68488220c37e01b18fb2b10bff728d4afbf5264b873340e9,高中栏目:https://www.zuowen.com/gaozhong/gaosan/xieren/,1200
NJ1,J1,https://www.zuowen.com/e/20110621/4dfffa5ecdbfd.shtml,1932290,我的父亲,2011-06-21,高一,高中,写人作文,E度作文网原创,625,扩展,66,候选,,a05a9908126539a31bcbff7a6c4f00329f0eeb53c7467d921fcd0cf35c5bfad2,高中栏目:https://www.zuowen.com/gaozhong/gaoyi/xieren/,700
NJ1,J1,https://www.zuowen.com/e/20090908/4b8bcf7467fef.shtml,960654,爸爸,2009-09-08,高三,高中,写人作文,网络资源,616,扩展,60,候选,,4cba92f4d2658d11f3c95c7a1ef7e735f6bcbf248e65df7b8137437a60b13e1c,高中栏目:https://www.zuowen.com/gaozhong/gaosan/xieren/,800
NJ1,J1,https://www.zuowen.com/e/20090519/4b8bca4924d7b.shtml,502535,写给爸爸,2009-05-19,高三,高中,写人作文,网络资源,1572,扩展,64,拒绝,正文汉字数超出200-787,4df9801b608a81a0bbd3593650b77d69e135929e244c582c2ae896c633c8666b,高中栏目:https://www.zuowen.com/gaozhong/gaosan/xieren/,1500
NJ1,J1,https://www.zuowen.com/e/20090815/4b8bcdf5067ba.shtml,826513,我,2009-08-15,高三,高中,写人作文,网络资源,507,不匹配,4,拒绝,主题不匹配,6a2c1ee0880d34dbc8278d5b2d08ec2b50702a45d56027f20db2a8d4a58f8e15,高中栏目:https://www.zuowen.com/gaozhong/gaosan/xieren/,600
NJ1,J1,https://www.zuowen.com/e/20090829/4b8bcebf291d6.shtml,897926,写人作文：爷爷·爸爸·我·姑姑,2009-08-29,高一,高中,写人作文,网络资源,696,扩展,63,候选,,d85bf54255d043a4844c103fcc3941b6fce3cda70ecd54af7456411bd8260053,高中栏目:https://www.zuowen.com/gaozhong/gaoyi/xieren/,800
NJ1,J1,https://www.zuowen.com/e/20090912/4b8bcfb6b7235.shtml,983899,温暖,2009-09-12,高三,高中,写人作文,网络资源,512,不匹配,3,拒绝,主题不匹配,0d5702acdcdd825954a85a6b75143a015e451808e7122d21c553112823a8b676,高中栏目:https://www.zuowen.com/gaozhong/gaosan/xieren/,550
NJ1,J1,https://www.zuowen.com/e/20090922/4b8bd31bf2eef.shtml,1030981,走进老师,2009-09-22,高三,高中,写人作文,网络资源,565,扩展,61,入选,,60d9c4c2a4350a36e03a3fbdf02c807a6ae657ae0ec7d5621a688d05a0ef4e4a,高中栏目:https://www.zuowen.com/gaozhong/gaosan/xieren/,650
NJ1,J1,https://www.zuowen.com/e/20090926/4b8bd34ac6984.shtml,1049034,我的母亲,2009-09-26,高三,高中,写人作文,网络资源,634,扩展,60,拒绝,标准化题目重复,7698283427c1236618a142be90e0e77d431879e8372f29bdc45412f537b30d2f,高中栏目:https://www.zuowen.com/gaozhong/gaosan/xieren/,700
NJ1,J1,https://www.zuowen.com/e/20100504/4bdf846c5ba6f.shtml,1483512,我的妈妈,2010-05-04,高二,高中,写人作文,作文网,1030,扩展,61,拒绝,正文汉字数超出200-787,6667ddc6f9f705b66703d4bea7d3207cd28d06005a9f1784cf8dc9abf7133e18,高中栏目:https://www.zuowen.com/gaozhong/gaoer/xieren/,1200
NJ1,J1,https://www.zuowen.com/e/20090608/4b8bcadb33831.shtml,552224,献给我和我们的母亲,2009-06-08,高三,高中,写人作文,网络,1821,扩展,60,拒绝,正文汉字数超出200-787,7a54787a8b7f4cbeb19fc3d63843d657440a18e4d41dda666bd60e3829a6d38c,高中栏目:https://www.zuowen.com/gaozhong/gaosan/xieren/,2000
NJ1,J1,https://www.zuowen.com/e/20090823/4b8bce5508b78.shtml,860348,我的妈妈,2009-08-23,高三,高中,写人作文,网络资源,548,扩展,64,入选,,9e97e24f940ca14123af7f98002dd983fcfc823325b7083c2e4bcba49367f461,高中栏目:https://www.zuowen.com/gaozhong/gaosan/xieren/,650
NJ1,J1,https://www.zuowen.com/e/20090823/4b8bce5526e41.shtml,860389,我的爸爸,2009-08-23,高三,高中,写人作文,网络资源,494,扩展,61,入选,,6dc6d17b6ba3c72326f2e8487dc8024ff1d0b21e5ed7cc4cc424c60157341c71,高中栏目:https://www.zuowen.com/gaozhong/gaosan/xieren/,600
NJ1,J1,https://www.zuowen.com/e/20090829/4b8bceb97cbbd.shtml,895936,刻骨铭心的是父亲的双手,2009-08-29,高三,高中,写人作文,网络资源,620,扩展,64,候选,,dd45bd10d5a27402e475fe49c849f0a2e9d9f65560001641681a5270766f43a4,高中栏目:https://www.zuowen.com/gaozhong/gaosan/xieren/,650
NJ1,J1,https://www.zuowen.com/e/20090912/4b8bcfb6cba77.shtml,983928,母亲的眼泪,2009-09-12,高二,高中,写人作文,网络资源,568,扩展,63,入选,,9375860485b30a0ccf1f2ff568cee06abd66554af3a508ed93dcf072b215ff7c,高中栏目:https://www.zuowen.com/gaozhong/gaoer/xieren/,650
NJ1,J1,https://www.zuowen.com/e/20090916/4b8bcfedda54f.shtml,1003391,母亲节的母亲,2009-09-16,高二,高中,写人作文,网络资源,451,扩展,60,入选,,2546d83fcab1e4938e19607b5ba7b9f57a1e2a19af85ef148aa4b005180d3fd3,高中栏目:https://www.zuowen.com/gaozhong/gaoer/xieren/,500
NJ1,J1,https://www.zuowen.com/e/20090921/4b8bd305a6a31.shtml,1021399,父亲,2009-09-21,高三,高中,写人作文,网络资源,402,扩展,61,入选,,31d317ac7f068164414984785bc0fdeff823eb426c9072c80628b147e550f387,高中栏目:https://www.zuowen.com/gaozhong/gaosan/xieren/,450
NJ1,J1,https://www.zuowen.com/e/20080917/4b8bc95b61ae3.shtml,393522,老蔡,2008-09-17,高一,高中,写人作文,网站资源,877,不匹配,3,拒绝,正文汉字数超出200-787,06b6b7b6d4207f2b4935f4ecf678d152b17ba21fc9214eb40c17c5ef18e57ccc,高中栏目:https://www.zuowen.com/gaozhong/gaoyi/xieren/,1000
NJ1,J1,https://www.zuowen.com/e/20090730/4b8bcd3851a56.shtml,761799,在母爱中飞翔,2009-07-30,高一,高中,写人作文,网络资源,659,不匹配,4,拒绝,主题不匹配,5d5f1ebdba10cb7cfca08f277abc5c85ebb9b763bc1c197e7e7f035191104d58,高中栏目:https://www.zuowen.com/gaozhong/gaoyi/xieren/,750
NJ1,J1,https://www.zuowen.com/e/20090803/4b8bcd662c23a.shtml,777529,我的老师,2009-08-03,高三,高中,写人作文,网络资源,1274,扩展,61,拒绝,正文汉字数超出200-787,71e500185a017548ff33341ec8bf3c6d54b55a54b0601969b8c9128bb739919a,高中栏目:https://www.zuowen.com/gaozhong/gaosan/xieren/,1500
NJ1,J1,https://www.zuowen.com/e/20090829/4b8bcebc706a8.shtml,896936,"写人作文：谢谢你,亲爱的老师",2009-08-29,高一,高中,写人作文,网络资源,1431,扩展,60,拒绝,正文汉字数超出200-787,5ec2b9527921d6316b68a1b0add8649c61bc02a214aba64937ab1dac9e979bee,高中栏目:https://www.zuowen.com/gaozhong/gaoyi/xieren/,1500
NJ1,J1,https://www.zuowen.com/e/20090911/4b8bcfae50332.shtml,980943,妈妈,2009-09-11,高二,高中,写人作文,网络资源,665,扩展,61,入选,,91a40a383a1078fa0f4f35c677a2d4a5efe146e390f0d68d32680d1b643c9f90,高中栏目:https://www.zuowen.com/gaozhong/gaoer/xieren/,800
NJ1,J1,https://www.zuowen.com/e/20090916/4b8bcfe558912.shtml,1000034,我的父亲,2009-09-16,高三,高中,写人作文,网络资源,1434,扩展,62,拒绝,正文汉字数超出200-787,d28ef1fd5d753ffccb61b7d3d239dfc39ce7ff5ab3bfab6d9def042d71936609,高中栏目:https://www.zuowen.com/gaozhong/gaosan/xieren/,1500
NJ1,J1,https://www.zuowen.com/e/20090923/4b8bd3226ede7.shtml,1033286,母亲,2009-09-23,高三,高中,写人作文,网络资源,575,扩展,60,拒绝,标准化题目重复,bc768efd93b246911910fe6b26d712fafe43e93bd7971fc52f36ca854b16479d,高中栏目:https://www.zuowen.com/gaozhong/gaosan/xieren/,650
NJ1,J1,https://www.zuowen.com/e/20090926/4b8bd34a1c9a4.shtml,1048760,父爱,2009-09-26,高三,高中,写人作文,网络资源,1104,不匹配,4,拒绝,正文汉字数超出200-787,f92f4391652770f891ed5840a7b852c297c5d759fc005d1b962227257f6efd84,高中栏目:https://www.zuowen.com/gaozhong/gaosan/xieren/,1200
NJ1,J1,https://www.zuowen.com/e/20091016/4b8bd3da6e873.shtml,1103860,我的新老师,2009-10-16,高一,高中,写人作文,本站原创,379,扩展,60,入选,,7f8029fa29b37e1433940207cbd4ab56650798234628579b8ad01808e2765b43,高中栏目:https://www.zuowen.com/gaozhong/gaoyi/xieren/,450
NJ1,J1,https://www.zuowen.com/e/20090624/4b8bcbb2752c6.shtml,626769,爷爷·爸爸·我·姑姑,2009-06-24,高二,高中,写人作文,网络资源,696,扩展,63,拒绝,正文哈希重复,d85bf54255d043a4844c103fcc3941b6fce3cda70ecd54af7456411bd8260053,高中栏目:https://www.zuowen.com/gaozhong/gaoer/xieren/,750
NJ1,J1,https://www.zuowen.com/e/20090803/4b8bcd66cd91b.shtml,777750,我最喜爱妈妈的爱,2009-08-03,高三,高中,写人作文,网络资源,983,扩展,63,拒绝,正文汉字数超出200-787,2222f6c6c15942ef9f932f8614b8a4d09bdf1180c4543c73207ece1d9f44608d,高中栏目:https://www.zuowen.com/gaozhong/gaosan/xieren/,1200
NJ1,J1,https://www.zuowen.com/e/20090803/4b8bcd68443a3.shtml,778231,我的好妈妈,2009-08-03,高三,高中,写人作文,网络资源,600,扩展,60,候选,,d2ee7492bc15184f94e219abc30e4388b338be2c9bdfee16ddb9a987ca70328e,高中栏目:https://www.zuowen.com/gaozhong/gaosan/xieren/,650
NJ1,J1,https://www.zuowen.com/e/20090823/4b8bce58c83c0.shtml,861656,手机,2009-08-23,高三,高中,写人作文,网络资源,476,不匹配,3,拒绝,主题不匹配,6c7f406a0e6cb7faa08bbe113cdd2953629e7deaada9bf701fbf4c3db3a4ad43,高中栏目:https://www.zuowen.com/gaozhong/gaosan/xieren/,500
NJ1,J1,https://www.zuowen.com/e/20090824/4b8bce6c2e31f.shtml,868190,老蔡,2009-08-24,高二,高中,写人作文,网络资源,853,不匹配,3,拒绝,正文汉字数超出200-787,a3343481e8164952dbbb08f908adfb654226ec70757a8e1622aba20a0af05846,高中栏目:https://www.zuowen.com/gaozhong/gaoer/xieren/,900
NJ1,J1,https://www.zuowen.com/e/20090824/4b8bce6c4b7fb.shtml,868230,"谢谢你,亲爱的老师",2009-08-24,高一,高中,写人作文,网络资源,1431,扩展,60,拒绝,正文汉字数超出200-787,5ec2b9527921d6316b68a1b0add8649c61bc02a214aba64937ab1dac9e979bee,高中栏目:https://www.zuowen.com/gaozhong/gaoyi/xieren/,1500
NJ1,J1,https://www.zuowen.com/e/20090826/4b8bce81327d4.shtml,875953,高中写人作文：我的妈妈(高一),2009-08-26,高一,高中,写人作文,网络资源,690,扩展,60,候选,,07a9f7bc0c3d1acb8e6a6587c69fa4180885597e15e4ea5292f3e11f078d733b,高中栏目:https://www.zuowen.com/gaozhong/gaoyi/xieren/,800
NJ1,J1,https://www.zuowen.com/e/20090826/4b8bce89da2db.shtml,879276,高中写人作文:想家的时候(高一),2009-08-26,高一,高中,写人作文,网络资源,450,不匹配,4,拒绝,主题不匹配,9fc90d75b693aba145a6813e1dc02b76482c26b08d9d63f5c57c5c707553cce9,高中栏目:https://www.zuowen.com/gaozhong/gaoyi/xieren/,550
NJ1,J1,https://www.zuowen.com/e/20090826/4b8bce89e3b41.shtml,879291,高中写人作文:追忆(高一),2009-08-26,高一,高中,写人作文,网络资源,1474,扩展,61,拒绝,正文汉字数超出200-787,c2be4ebe4b7503b90451b82e1fed35fb902f906ca518e2366c2ae0f1faf328dc,高中栏目:https://www.zuowen.com/gaozhong/gaoyi/xieren/,1500
NJ1,J1,https://www.zuowen.com/e/20090829/4b8bcebc63f5f.shtml,896919,写人作文：老蔡,2009-08-29,高一,高中,写人作文,网络资源,853,不匹配,3,拒绝,正文汉字数超出200-787,204329c65a1e7304532091f6183e57f81076b51f92166e79f2d4ef4641d8cd2d,高中栏目:https://www.zuowen.com/gaozhong/gaoyi/xieren/,1000
NJ1,J1,https://www.zuowen.com/e/20090829/4b8bcebfded32.shtml,898197,写人作文：父爱情深,2009-08-29,高一,高中,写人作文,网络资源,740,不匹配,4,拒绝,主题不匹配,16edabc2a733c8d1b9489bd822541d380639435d9b15091f647c37d5372360b0,高中栏目:https://www.zuowen.com/gaozhong/gaoyi/xieren/,800
NJ1,J1,https://www.zuowen.com/e/20090901/4b8bcef9445c4.shtml,917326,还债,2009-09-01,高三,高中,写人作文,网络资源,2033,不匹配,2,拒绝,正文汉字数超出200-787,956c7d7a184b1d5d35e2bbd8d223981253fbcf14efca38bea13a0bff23af1334,高中栏目:https://www.zuowen.com/gaozhong/gaosan/xieren/,2000
NJ1,J1,https://www.zuowen.com/e/20090906/4b8bcf525b4ba.shtml,947977,一场告别,2009-09-06,高三,高中,写人作文,网络资源,2086,扩展,61,拒绝,正文汉字数超出200-787,464290fa255891527059ff9e599105b22e5e5497f8c8274a83ee657667983f78,高中栏目:https://www.zuowen.com/gaozhong/gaosan/xieren/,2000
NJ1,J1,https://www.zuowen.com/e/20090911/4b8bcfada6031.shtml,980723,妈妈,2009-09-11,高二,高中,写人作文,网络资源,578,扩展,59,拒绝,标准化题目重复,bef4845e9d15c8822fbd1d7c82f0349970591b0415e763e32d47c77508e317fc,高中栏目:https://www.zuowen.com/gaozhong/gaoer/xieren/,650
NJ1,J1,https://www.zuowen.com/e/20090921/4b8bd30c65d2a.shtml,1024263,老师,2009-09-21,高一,高中,写人作文,网络资源,729,扩展,60,候选,,52262e80b9f2ae3a38de25a8ba555b6867faa0ad2e21565850d7c58715555ae9,高中栏目:https://www.zuowen.com/gaozhong/gaoyi/xieren/,800
NJ1,J1,https://www.zuowen.com/e/20091026/4b8bd44063318.shtml,1141644,十七岁那年的父亲节,2009-10-26,高三,高中,写人作文,网络资源,784,扩展,66,候选,,ea23375a9f11a6dda84865a9a24fae8075c911d5dc4f9238a870baf3a974ad9c,高中栏目:https://www.zuowen.com/gaozhong/gaosan/xieren/,900
NJ1,J1,https://www.zuowen.com/e/20110623/4e034c04ec503.shtml,1936765,怀恋语文老师,2011-06-23,高二,高中,写人作文,E度作文网原创,1273,扩展,60,拒绝,正文汉字数超出200-787,0971af24e7a43122655f0d531f493bdbca9ec3d7565513e1a84a739bff06cbc7,高中栏目:https://www.zuowen.com/gaozhong/gaoer/xieren/,1500
NJ1,J1,https://www.zuowen.com/e/20110629/4e0ac1f7aefdc.shtml,1943858,我有一个奢望,2011-06-29,高一,高中,写人作文,E度作文网原创,588,不匹配,3,拒绝,主题不匹配,643dc73e3f7eed85c592401dc2cd65abe85be889f9df7e4f90e8b5c7c329303d,高中栏目:https://www.zuowen.com/gaozhong/gaoyi/xieren/,700
NJ1,J1,https://www.zuowen.com/e/20110706/4e1407755b75c.shtml,1951860,我的父亲,2011-07-06,高一,高中,写人作文,E度作文网原创,1225,扩展,61,拒绝,正文汉字数超出200-787,6d878dd00ccaa2b3eefb9d3220034e6722700d65c56d2637cff01f73c32efc07,高中栏目:https://www.zuowen.com/gaozhong/gaoyi/xieren/,1500
NJ1,J1,https://www.zuowen.com/e/20120201/4f28bbb871df9.shtml,2172734,他,2012-02-01,高二,高中,写人作文,作文网原创,613,扩展,59,入选,,2e138894af7a59f5a6eda9986aa531f1a559a3cfcf75c0a45a1fb850780932cf,高中栏目:https://www.zuowen.com/gaozhong/gaoer/xieren/,700
NJ1,J1,https://www.zuowen.com/e/20071221/4b8bc94e8791d.shtml,389298,我的家庭,2007-12-21,高三,高中,写人作文,网络,813,不匹配,3,拒绝,正文汉字数超出200-787,373763a871b8797a0719ba1af715d98e7a249a958ab61b7ac20ea52c67fe71ba,高中栏目:https://www.zuowen.com/gaozhong/gaosan/xieren/,900
NJ1,J1,https://www.zuowen.com/e/20090519/4b8bca48e43ba.shtml,502448,微笑的瞬间,2009-05-19,高三,高中,写人作文,网络资源,546,不匹配,3,拒绝,主题不匹配,5d421d7f4bf7136d3655fe93065d3153c8c8724498a69dfe49b8cb8efb216681,高中栏目:https://www.zuowen.com/gaozhong/gaosan/xieren/,600
NJ1,J1,https://www.zuowen.com/e/20090616/4b8bcb38c5ea7.shtml,584226,眷恋那一缕青烟,2009-06-16,高三,高中,写人作文,网络,1388,不匹配,3,拒绝,正文汉字数超出200-787,0ce3ed20d436d927dca1344e9a4dae67be249df33ab37f76f6b4437747a57985,高中栏目:https://www.zuowen.com/gaozhong/gaosan/xieren/,1500
NJ1,J1,https://www.zuowen.com/e/20090823/4b8bce57d955f.shtml,861343,父子情深,2009-08-23,高三,高中,写人作文,网络资源,969,扩展,61,拒绝,正文汉字数超出200-787,1d2781dc92c3651ec1e078d6041429a30f02aded1be52436ecf41f52ce62e6d5,高中栏目:https://www.zuowen.com/gaozhong/gaosan/xieren/,1200
NJ1,J1,https://www.zuowen.com/e/20090823/4b8bce5805561.shtml,861387,我的母亲,2009-08-23,高三,高中,写人作文,网络资源,1135,扩展,64,拒绝,正文汉字数超出200-787,47e627ba19a40df4b1f0c3dd2bd868019f0cf7537ddfe4d3ac900fc3073436be,高中栏目:https://www.zuowen.com/gaozhong/gaosan/xieren/,1200
NJ1,J1,https://www.zuowen.com/e/20090829/4b8bcebc7702b.shtml,896945,写人作文：我的奶奶,2009-08-29,高一,高中,写人作文,网络资源,1105,扩展,67,拒绝,正文汉字数超出200-787,80ba9c449199409acf5fc435128b8c8dd1c37c1c6e41d7bda78ceaf7a40f520a,高中栏目:https://www.zuowen.com/gaozhong/gaoyi/xieren/,1200
NJ1,J1,https://www.zuowen.com/e/20090901/4b8bcefa1beb4.shtml,917645,我的爸爸,2009-09-01,高三,高中,写人作文,网络资源,398,扩展,56,拒绝,标准化题目重复,f5695bfb815207a5a82b203db689a03b81f2699b006083baffd7fd7169808d48,高中栏目:https://www.zuowen.com/gaozhong/gaosan/xieren/,450
NJ1,J1,https://www.zuowen.com/e/20090905/4b8bcf4de3731.shtml,946517,我爱母亲,2009-09-05,高三,高中,写人作文,网络资源,627,扩展,58,候选,,f4a4da3d0f18868a818d3b73146ea4cf633d7060fc8e38c8b6a5326302b06dde,高中栏目:https://www.zuowen.com/gaozhong/gaosan/xieren/,700
NJ1,J1,https://www.zuowen.com/e/20090909/4b8bcf86d4629.shtml,967157,我的母亲,2009-09-09,高三,高中,写人作文,网络资源,564,扩展,61,入选,,b9d27a71862a2b973b1512abb92a57b317c32132ec169e292d4fdb23ede27001,高中栏目:https://www.zuowen.com/gaozhong/gaosan/xieren/,600
NJ1,J1,https://www.zuowen.com/e/20090912/4b8bcfb6bb88c.shtml,983906,老师,2009-09-12,高三,高中,写人作文,网络资源,820,扩展,57,拒绝,正文汉字数超出200-787,bfa7e3d7860e5f2dd64e2c88b6dd719b532a362a72aa8a17215953b67a5c7095,高中栏目:https://www.zuowen.com/gaozhong/gaosan/xieren/,900
NJ1,J1,https://www.zuowen.com/e/20090913/4b8bcfc1c01a8.shtml,987594,母亲节,2009-09-13,高二,高中,写人作文,网络资源,665,扩展,63,入选,,6f2abfde9bd73e088dd27909399f06ac03840a42dcfcaeaf423a41a0cc156676,高中栏目:https://www.zuowen.com/gaozhong/gaoer/xieren/,700
NJ1,J1,https://www.zuowen.com/e/20090918/4b8bd0016b372.shtml,1010281,妈妈,2009-09-18,高二,高中,写人作文,网络资源,1139,扩展,63,拒绝,正文汉字数超出200-787,6a145b638611720eb20e6e54e6523086d94e9045a985f8ff0934ee3d75416a6d,高中栏目:https://www.zuowen.com/gaozhong/gaoer/xieren/,1200
NJ1,J1,https://www.zuowen.com/e/20090926/4b8bd34b958f0.shtml,1049301,有你的记忆,2009-09-26,高三,高中,写人作文,网络资源,991,不匹配,3,拒绝,正文汉字数超出200-787,430396ea1452dfa8e2139b9842e97160dd3221b2859ddf2ebd3365d1191f01a5,高中栏目:https://www.zuowen.com/gaozhong/gaosan/xieren/,1200
NJ1,J1,https://www.zuowen.com/e/20100628/4c284f73ee80e.shtml,1669746,为妈妈谱写流年,2010-06-28,高三,高中,写人作文,作文网,606,扩展,60,候选,,c1069985d840e03915b1bc5dd420ff0a9b50624124f8d15a1a9e8dc0626137d1,高中栏目:https://www.zuowen.com/gaozhong/gaosan/xieren/,750
NJ1,J1,https://www.zuowen.com/e/20110609/4df0de7fa2861.shtml,1914225,隐藏的温暖,2011-06-09,高二,高中,写人作文,E度作文网原创,752,不匹配,3,拒绝,主题不匹配,4c204b6f97d2d867181458223d3188f4f3bc5be62d947b4d37758c39ae9378be,高中栏目:https://www.zuowen.com/gaozhong/gaoer/xieren/,800
NJ1,J1,https://www.zuowen.com/e/20110615/4df87c03d6f6c.shtml,1926738,朋友,2011-06-15,高二,高中,写人作文,E度作文网原创,392,扩展,58,入选,,3964e388c68296d030034907b54c908eba617bd0160a924799f8910a25e199a1,高中栏目:https://www.zuowen.com/gaozhong/gaoer/xieren/,450
NJ1,J1,https://www.zuowen.com/e/20071221/4b8bc94e7b1d1.shtml,389281,随命寄意,2007-12-21,高三,高中,写人作文,网络,1085,扩展,67,拒绝,正文汉字数超出200-787,4ba0a9c1a76919b7053438a71c145c4e354728225ad82594142ff4c161ed62af,高中栏目:https://www.zuowen.com/gaozhong/gaosan/xieren/,1200
NJ1,J1,https://www.zuowen.com/e/20080306/4b8bc952ce84e.shtml,390420,未了情,2008-03-06,高一,高中,写人作文,中华作文网,1326,扩展,65,拒绝,正文汉字数超出200-787,9d2a843b16ccf1cdc2b04876ed7dd877271760b2e133cc8bedeaf8144f7ae627,高中栏目:https://www.zuowen.com/gaozhong/gaoyi/xieren/,1500
NJ1,J1,https://www.zuowen.com/e/20081114/4b8bc95fac773.shtml,395157,我就是我,2008-11-14,高二,高中,写人作文,网站资源,1073,不匹配,3,拒绝,正文汉字数超出200-787,7dde6b98487560a76246c4990765418262aaca2875e74a214e7bee041c1d96bf,高中栏目:https://www.zuowen.com/gaozhong/gaoer/xieren/,1200
NJ1,J1,https://www.zuowen.com/e/20090731/4b8bcd4d76d85.shtml,769301,感恩与我同行,2009-07-31,高三,高中,写人作文,本站原创,703,扩展,59,候选,,5b77f1fe4b4fde5f2210b98d4edbcf470c42f4198c2602c4954922338e862efd,高中栏目:https://www.zuowen.com/gaozhong/gaosan/xieren/,800
NJ1,J1,https://www.zuowen.com/e/20090803/4b8bcd685e9aa.shtml,778268,软座火车,2009-08-03,高三,高中,写人作文,网络资源,285,不匹配,3,拒绝,主题不匹配,b94b5fdccbff834501a3fadfaf9e691a7ed8cd064ba762f8b56b9d4ca2ac06c2,高中栏目:https://www.zuowen.com/gaozhong/gaosan/xieren/,350
NJ1,J1,https://www.zuowen.com/e/20090824/4b8bce6c4fe4d.shtml,868236,我的奶奶,2009-08-24,高一,高中,写人作文,网络资源,1105,扩展,67,拒绝,正文汉字数超出200-787,80ba9c449199409acf5fc435128b8c8dd1c37c1c6e41d7bda78ceaf7a40f520a,高中栏目:https://www.zuowen.com/gaozhong/gaoyi/xieren/,1200
NJ1,J1,https://www.zuowen.com/e/20090825/4b8bce72c1e43.shtml,870587,我的父亲,2009-08-25,高二,高中,写人作文,网络资源,701,扩展,58,拒绝,标准化题目重复,8d70e9aa8d5bee7e8b9ff3c56b14eeff7a0d1012f5c600fef4a5581eac8f1e68,高中栏目:https://www.zuowen.com/gaozhong/gaoer/xieren/,800
NJ1,J1,https://www.zuowen.com/e/20090901/4b8bcef88dee6.shtml,917073,白发情缘,2009-09-01,高三,高中,写人作文,网络资源,904,不匹配,2,拒绝,正文汉字数超出200-787,20bf468211b57f5af7ede262a6f6de7c8cb8b337dc946d6930e581b4dbd67bd8,高中栏目:https://www.zuowen.com/gaozhong/gaosan/xieren/,1200
NJ1,J1,https://www.zuowen.com/e/20090908/4b8bcf78ba8da.shtml,962181,我的性格,2009-09-08,高三,高中,写人作文,网络资源,862,扩展,61,拒绝,正文汉字数超出200-787,dbabebf881d3b914f00fbf7d177c0e6bd87b4b57a1805cbded3086bf7d604670,高中栏目:https://www.zuowen.com/gaozhong/gaosan/xieren/,1000
NJ1,J1,https://www.zuowen.com/e/20090912/4b8bcfb3334a8.shtml,982685,父亲,2009-09-12,高三,高中,写人作文,网络资源,692,扩展,60,拒绝,标准化题目重复,bee6a73d59074f772723573fc86e68de4301eb6dfac25cd5b578ab6297c681b4,高中栏目:https://www.zuowen.com/gaozhong/gaosan/xieren/,800
NJ1,J1,https://www.zuowen.com/e/20090921/4b8bd30d319ae.shtml,1024531,妈妈,2009-09-21,高三,高中,写人作文,网络资源,464,扩展,57,拒绝,标准化题目重复,f062f0229c8a3d62467dc00e98d9ce76d0aae4c7095fb67e7e92271414ff7a11,高中栏目:https://www.zuowen.com/gaozhong/gaosan/xieren/,500
NJ1,J1,https://www.zuowen.com/e/20090922/4b8bd31393b42.shtml,1027800,无言的父爱,2009-09-22,高三,高中,写人作文,网络资源,666,不匹配,3,拒绝,主题不匹配,6034d98836e2be82d679ba540840f291dd16ad9c97048d60f33858891663d389,高中栏目:https://www.zuowen.com/gaozhong/gaosan/xieren/,750
NJ1,J1,https://www.zuowen.com/e/20090922/4b8bd31689ac7.shtml,1028902,老父亲,2009-09-22,高一,高中,写人作文,网络资源,1698,扩展,58,拒绝,正文汉字数超出200-787,fba5f9bef84ce1384a13be610180bc9f653efe91f49576a868adc6fc112850cf,高中栏目:https://www.zuowen.com/gaozhong/gaoyi/xieren/,1500
NJ1,J1,https://www.zuowen.com/e/20101027/4cc7e4f21afcb.shtml,1764162,感同身受，心系于怀,2010-10-27,高二,高中,写人作文,作文网,1323,不匹配,2,拒绝,正文汉字数超出200-787,20d76881c2fc9e32781f26745ba7d378a5937104e7f8ad1d214f16d34ce1edd7,高中栏目:https://www.zuowen.com/gaozhong/gaoer/xieren/,1500
NJ1,J1,https://www.zuowen.com/e/20110118/4d35b6f48d8d6.shtml,1803874,兄长？老师？,2011-01-18,高一,高中,写人作文,作文网,519,扩展,57,入选,,ad3f36ceb64d0d0684dad45d6651511b4380c97b01c05362e5d3cd9e8e1a270d,高中栏目:https://www.zuowen.com/gaozhong/gaoyi/xieren/,600
NJ1,J1,https://www.zuowen.com/e/20110623/4e034c050ea48.shtml,1936767,老师的泪,2011-06-23,高二,高中,写人作文,E度作文网原创,975,扩展,63,拒绝,正文汉字数超出200-787,d459e200725702bb228d09665c47cc51aa7cd6dd95892f92579a767536fffe7e,高中栏目:https://www.zuowen.com/gaozhong/gaoer/xieren/,1200
NJ1,J1,https://www.zuowen.com/e/20090422/4b8bc9eb19db0.shtml,467655,母亲是一种岁月,2009-04-22,高三,高中,写人作文,网络资源,1109,扩展,60,拒绝,正文汉字数超出200-787,a87dd0cd520d1809fe3fa5a513324de825f42549b89d3416898bf820a171f177,高中栏目:https://www.zuowen.com/gaozhong/gaosan/xieren/,1200
NJ1,J1,https://www.zuowen.com/e/20090624/4b8bcbb28a6c3.shtml,626810,沉默的爱,2009-06-24,高二,高中,写人作文,网络资源,717,不匹配,4,拒绝,主题不匹配,2e3c4cd2fb81f0db7f3807a9ccaeffea211b8cf2cc39b9ba09b263da6e78a426,高中栏目:https://www.zuowen.com/gaozhong/gaoer/xieren/,800
NJ1,J1,https://www.zuowen.com/e/20090701/4b8bcbe80c6d2.shtml,645576,国庆日,2009-07-01,高一,高中,写人作文,网络资源,944,不匹配,3,拒绝,正文汉字数超出200-787,645eb1e87f78e1d4e7a92b2a8af4b6152fb0e87ea83a6f8fd61fa14583d38031,高中栏目:https://www.zuowen.com/gaozhong/gaoyi/xieren/,1000
NJ1,J1,https://www.zuowen.com/e/20090703/4b8bcc0b2d6e1.shtml,658092,老师，只有你站着,2009-07-03,高一,高中,写人作文,网络资源,620,扩展,60,候选,,8933f9b97f7e47214f4f505a300beea099f7b3ab503a18da0ad70e75ad3ec799,高中栏目:https://www.zuowen.com/gaozhong/gaoyi/xieren/,700
NJ1,J1,https://www.zuowen.com/e/20090731/4b8bcd4d7e2c1.shtml,769311,那一次登山,2009-07-31,高三,高中,写人作文,本站原创,1387,扩展,53,拒绝,正文汉字数超出200-787,0cb04d3d0d240811bec78fa0d0df81f84bdaf0955cf3b5c2e6c69b44ece384d3,高中栏目:https://www.zuowen.com/gaozhong/gaosan/xieren/,1500
NJ1,J1,https://www.zuowen.com/e/20090804/4b8bcd6a4de98.shtml,778918,爸爸,2009-08-04,高三,高中,写人作文,网络资源,452,扩展,57,拒绝,标准化题目重复,9ba322e5d35f177ee68bcea7ce00d37c14caf543934d29ed3b24378aeec00e52,高中栏目:https://www.zuowen.com/gaozhong/gaosan/xieren/,500
NJ1,J1,https://www.zuowen.com/e/20090824/4b8bce5e8e15b.shtml,863584,再次站起来,2009-08-24,高三,高中,写人作文,网络资源,548,扩展,58,入选,,a703017fd987ec6da22c61faec7e683a2a31720d54d61bbc388092a2ad1d767c,高中栏目:https://www.zuowen.com/gaozhong/gaosan/xieren/,600
NJ1,J1,https://www.zuowen.com/e/20090824/4b8bce6c10e30.shtml,868147,我的两位母亲,2009-08-24,高二,高中,写人作文,网络资源,672,扩展,61,入选,,e1970d0da8e7b17ce1b73671b22b18acaa645902093797be87ff5f60beab1af5,高中栏目:https://www.zuowen.com/gaozhong/gaoer/xieren/,750
NJ1,J1,https://www.zuowen.com/e/20090824/4b8bce6c13d18.shtml,868152,沉默的爱,2009-08-24,高二,高中,写人作文,网络资源,547,不匹配,4,拒绝,主题不匹配,c228a14183b86ef680d2b8d9f8d420b747dd20802f577fc0cd55e7958f3316c6,高中栏目:https://www.zuowen.com/gaozhong/gaoer/xieren/,600
NJ1,J1,https://www.zuowen.com/e/20090825/4b8bce72e4555.shtml,870634,想起奶奶,2009-08-25,高二,高中,写人作文,网络资源,618,近似,87,入选,,f12e2d8099e2bc13fedeeba0c98794367954b0cb2f689e39ff16c806448c3b09,高中栏目:https://www.zuowen.com/gaozhong/gaoer/xieren/,750
NJ1,J1,https://www.zuowen.com/e/20090826/4b8bce89cacac.shtml,879254,高中写人作文:恩人.保姆.朋友(高一),2009-08-26,高一,高中,写人作文,网络资源,609,扩展,54,候选,,104e23a5da41281a8569017a9015a5c88e2d44ae14f9f758c0378e6caec063ba,高中栏目:https://www.zuowen.com/gaozhong/gaoyi/xieren/,700
NJ1,J1,https://www.zuowen.com/e/20090826/4b8bce8c85e73.shtml,880202,想念恩师,2009-08-26,高三,高中,写人作文,网络资源,647,扩展,61,候选,,19c8b5fbe355beaddfe090cd04ecad7a5d053cd0bb617a0a625f7691eebc03d1,高中栏目:https://www.zuowen.com/gaozhong/gaosan/xieren/,800
NJ1,J1,https://www.zuowen.com/e/20090902/4b8bcf0c151f0.shtml,923729,爱笑的眼睛,2009-09-02,高三,高中,写人作文,网络资源,479,不匹配,3,拒绝,主题不匹配,ff14dbea19fe572e04a4c025df8cf57872921bf6e05d53bedd1460cf54e5caaf,高中栏目:https://www.zuowen.com/gaozhong/gaosan/xieren/,500
NJ1,J1,https://www.zuowen.com/e/20090905/4b8bcf4cab06a.shtml,946109,其实很爱母亲大人,2009-09-05,高三,高中,写人作文,网络资源,1208,扩展,57,拒绝,正文汉字数超出200-787,0ea7d001de2fc271e4322742a138d625e02057081fb24b8836bfe118bd9d657a,高中栏目:https://www.zuowen.com/gaozhong/gaosan/xieren/,1200
NJ1,J1,https://www.zuowen.com/e/20090906/4b8bcf50ca473.shtml,947517,爸爸，我爱你,2009-09-06,高三,高中,写人作文,网络资源,781,扩展,57,候选,,fbf92b2faf6829bdaad62357efdec78a14184763b881c25d775f8f205670a73a,高中栏目:https://www.zuowen.com/gaozhong/gaosan/xieren/,800
NJ1,J1,https://www.zuowen.com/e/20090912/4b8bcfb18c810.shtml,982139,我的风帆,2009-09-12,高三,高中,写人作文,网络资源,711,扩展,58,候选,,e32701d19010a877413c4425f5c7e9fcd12ba09d389c2958072f985ab0ec92a3,高中栏目:https://www.zuowen.com/gaozhong/gaosan/xieren/,800
NJ1,J1,https://www.zuowen.com/e/20090921/4b8bd30a0c233.shtml,1023420,讨厌的眼睛,2009-09-21,高三,高中,写人作文,网络资源,710,不匹配,2,拒绝,主题不匹配,e350aeb1fdb5f5466813fd818554970e5c78bd522fb76199b6ff332ce70b2663,高中栏目:https://www.zuowen.com/gaozhong/gaosan/xieren/,800
NJ1,J1,https://www.zuowen.com/e/20090922/4b8bd31a3f5c9.shtml,1030271,祝福母亲,2009-09-22,高三,高中,写人作文,网络资源,1742,扩展,58,拒绝,正文汉字数超出200-787,763fd7d9c7215a142191e31c796cc2ba6f7769bde3c8b90f1e7fea8a4ebcf206,高中栏目:https://www.zuowen.com/gaozhong/gaosan/xieren/,2000
NJ1,J1,https://www.zuowen.com/e/20090926/4b8bd34abd11d.shtml,1049021,我的父亲,2009-09-26,高三,高中,写人作文,网络资源,1241,扩展,58,拒绝,正文汉字数超出200-787,d122e995c8d1cfdce8cf33ed17840deedc97096303d23fa48c969c7d5d07af0e,高中栏目:https://www.zuowen.com/gaozhong/gaosan/xieren/,1200
NJ1,J1,https://www.zuowen.com/e/20091025/4b8bd42f06266.shtml,1135538,一个人开车的父亲,2009-10-25,高一,高中,写人作文,本站原创,863,扩展,60,拒绝,正文汉字数超出200-787,6390e5edbb2b2ef6a0602a7431ea7332d4be5985976cfc94570e3423f5cb30b1,高中栏目:https://www.zuowen.com/gaozhong/gaoyi/xieren/,1000
NJ1,J1,https://www.zuowen.com/e/20100705/4c3182445d3e2.shtml,1673898,七月,2010-07-05,高二,高中,写人作文,作文网,434,不匹配,3,拒绝,主题不匹配,08a8240c88204105f82e37f50879439d993a296a76a11a6d8e506961503e9b97,高中栏目:https://www.zuowen.com/gaozhong/gaoer/xieren/,500
NJ1,J1,https://www.zuowen.com/e/20110201/4d48066793cc1.shtml,1810523,一个令我难以忘怀的人,2011-02-01,高一,高中,写人作文,作文网,774,不匹配,4,拒绝,主题不匹配,1d51764fe3e27851d14710f0402cc7688d9d1b881d84017203bdd47abc2b9b0c,高中栏目:https://www.zuowen.com/gaozhong/gaoyi/xieren/,900
NJ1,J1,https://www.zuowen.com/e/20120314/4f6008d9530d4.shtml,2203871,我最敬爱的老师,2012-03-14,高一,高中,写人作文,作文网原创,1243,扩展,60,拒绝,正文汉字数超出200-787,3f535f1ec0eedfe7ab8f212aad4710ef20af0490c868d9cc2a045389a4cbb3ab,高中栏目:https://www.zuowen.com/gaozhong/gaoyi/xieren/,1500
NJ1,J1,https://www.zuowen.com/e/20120803/501b8904ba80e.shtml,2296768,那背影,2012-08-03,高一,高中,写人作文,作文网原创,573,不匹配,3,拒绝,主题不匹配,09529dac2b27a4f4a07b178d8fcecf18676ebb31269dd3c5eb1f8d9fa2db6e6c,高中栏目:https://www.zuowen.com/gaozhong/gaoyi/xieren/,650
NJ1,J1,https://www.zuowen.com/e/20080305/4b8bc952acd03.shtml,390374,乡下的祖父,2008-03-05,高一,高中,写人作文,作文吧,1058,扩展,57,拒绝,正文汉字数超出200-787,8e30534297bc44151714d00a0cb82f823843c756399299fc4421cb4ea9595a54,高中栏目:https://www.zuowen.com/gaozhong/gaoyi/xieren/,1200
NJ1,J1,https://www.zuowen.com/e/20090608/4b8bcadb292f5.shtml,552205,那些夹缝里的故事,2009-06-08,高三,高中,写人作文,网络,1305,不匹配,2,拒绝,正文汉字数超出200-787,ca87c223f95709aee83f58e693052c32717259b61a82d4777f32fb22d2fd8ba1,高中栏目:https://www.zuowen.com/gaozhong/gaosan/xieren/,1500
NJ1,J1,https://www.zuowen.com/e/20090616/4b8bcb3766167.shtml,583677,相信他，我的好爸爸,2009-06-16,高三,高中,写人作文,网络,489,扩展,57,入选,,d3cd19ea096168bc9e486a3d737110a8a5b360669e9256fd8b496161348c03d2,高中栏目:https://www.zuowen.com/gaozhong/gaosan/xieren/,550
NJ1,J1,https://www.zuowen.com/e/20090616/4b8bcb396452a.shtml,584446,所谓的友情,2009-06-16,高三,高中,写人作文,网络,1049,扩展,58,拒绝,正文汉字数超出200-787,8639af835cf09f6baea4962989e8301d7e2a0bd092fcfbe8aa8f8e09d65fef91,高中栏目:https://www.zuowen.com/gaozhong/gaosan/xieren/,1200
NJ1,J1,https://www.zuowen.com/e/20090626/4b8bcbc3dc6ad.shtml,632675,难忘的一个人,2009-06-26,高三,高中,写人作文,网络资源,822,不匹配,3,拒绝,正文汉字数超出200-787,4f7fe5cb12af30ab2f14c2c4dff936446f64b48b049b4b660e19e6543204f086,高中栏目:https://www.zuowen.com/gaozhong/gaosan/xieren/,1000
NJ1,J1,https://www.zuowen.com/e/20090701/4b8bcbe8097ed.shtml,645569,我的父母,2009-07-01,高一,高中,写人作文,网络资源,543,不匹配,3,拒绝,主题不匹配,112cbf7a2cab701f0c26df22ef62abe21ab99e138b78473f9e4c7ed5449246a7,高中栏目:https://www.zuowen.com/gaozhong/gaoyi/xieren/,650
NJ1,J1,https://www.zuowen.com/e/20090817/4b8bce06d8dc9.shtml,833273,重要,2009-08-17,高三,高中,写人作文,网络资源,1163,扩展,56,拒绝,正文汉字数超出200-787,a609c634be357af0b4a7199549c7e5fa5da1950c0eeca9238f5262a6d158d4f1,高中栏目:https://www.zuowen.com/gaozhong/gaosan/xieren/,1500
NJ1,J1,https://www.zuowen.com/e/20090818/4b8bce1544dc4.shtml,838479,用文字经营心情,2009-08-18,高三,高中,写人作文,网络资源,1175,不匹配,2,拒绝,正文汉字数超出200-787,66f3d641c4862658b749dca23f2e38d2636cd5fb2c27b6f79853f0f88678bfab,高中栏目:https://www.zuowen.com/gaozhong/gaosan/xieren/,1500
NJ1,J1,https://www.zuowen.com/e/20090823/4b8bce59af2a5.shtml,861959,温暖的瞬间,2009-08-23,高二,高中,写人作文,网络资源,565,不匹配,2,拒绝,主题不匹配,5f745e3e4b3a857ef4eb797b8f5f31c28fefa4971c9aa05c59d497eac7953a91,高中栏目:https://www.zuowen.com/gaozhong/gaoer/xieren/,600
NJ1,J1,https://www.zuowen.com/e/20090825/4b8bce72d89b7.shtml,870618,我只能像妈妈了,2009-08-25,高二,高中,写人作文,网络资源,852,扩展,64,拒绝,正文汉字数超出200-787,1b8ad98d2e62615f1e65d2c3e3d461a79f908f316137a4e8cbe97dd07e990916,高中栏目:https://www.zuowen.com/gaozhong/gaoer/xieren/,900
NJ1,J1,https://www.zuowen.com/e/20090826/4b8bce89c4ee3.shtml,879245,高中写人作文:妈妈，我想对你说(高一),2009-08-26,高一,高中,写人作文,网络资源,1024,扩展,58,拒绝,正文汉字数超出200-787,b1a2686e73ea08d6a74185aee39d76c17d270349f7a6718a794215b2d84ebd4c,高中栏目:https://www.zuowen.com/gaozhong/gaoyi/xieren/,1200
NJ1,J1,https://www.zuowen.com/e/20090826/4b8bce89e8198.shtml,879297,高中写人作文:妈妈的大嗓门(高一,2009-08-26,高一,高中,写人作文,网络资源,386,扩展,58,入选,,14c593804cbc5b05d101a39105fc6345917c600407e664b2e5cfd1415fb2653f,高中栏目:https://www.zuowen.com/gaozhong/gaoyi/xieren/,450
NJ1,J1,https://www.zuowen.com/e/20090827/4b8bcea52d6a4.shtml,889071,老师，您辛苦了！,2009-08-27,高三,高中,写人作文,网络资源,1016,扩展,60,拒绝,正文汉字数超出200-787,aaf784c830a7784581849446ff20c7bd5f26c4ed390beb5b64129d95fd1e54de,高中栏目:https://www.zuowen.com/gaozhong/gaosan/xieren/,1200
NJ1,J1,https://www.zuowen.com/e/20090828/4b8bcead3f1f9.shtml,891677,世界之最,2009-08-28,高三,高中,写人作文,网络资源,1464,不匹配,3,拒绝,正文汉字数超出200-787,9dda5f0dba2d057b31c51ba0dcc97291c0ab3efb630a7ebb0cacb5ace81f934c,高中栏目:https://www.zuowen.com/gaozhong/gaosan/xieren/,1500
NJ1,J1,https://www.zuowen.com/e/20090829/4b8bceb6eb7c6.shtml,895104,母爱,2009-08-29,高三,高中,写人作文,网络资源,805,扩展,61,拒绝,正文汉字数超出200-787,99bfa24ec618df317a823ba467c5eeaf744e0ccc5087df44f6856e2ee1cbad10,高中栏目:https://www.zuowen.com/gaozhong/gaosan/xieren/,900
NJ1,J1,https://www.zuowen.com/e/20090908/4b8bcf743617d.shtml,960574,印象最深的老师,2009-09-08,高三,高中,写人作文,网络资源,403,扩展,60,入选,,4d74a1a2bef9e2ec668c67e151e27869b10024b1112b4efbdccb3baf2ff96b6a,高中栏目:https://www.zuowen.com/gaozhong/gaosan/xieren/,450
NJ1,J1,https://www.zuowen.com/e/20090909/4b8bcf7f08111.shtml,964453,父亲,2009-09-09,高三,高中,写人作文,网络资源,1086,扩展,57,拒绝,正文汉字数超出200-787,073f57a2bd01fb8cf3d8ed01068824ed22527384b03d636fd0ba8cfa0510cd9e,高中栏目:https://www.zuowen.com/gaozhong/gaosan/xieren/,1200
NJ1,J1,https://www.zuowen.com/e/20090909/4b8bcf83a572a.shtml,965963,我妹,2009-09-09,高三,高中,写人作文,网络资源,1298,扩展,61,拒绝,正文汉字数超出200-787,1ad3f2418320c7596163081429f04daa24b6a93b9f2e1e9074a514d4159dc1ac,高中栏目:https://www.zuowen.com/gaozhong/gaosan/xieren/,1500
NJ1,J1,https://www.zuowen.com/e/20090912/4b8bcfb5d267b.shtml,983597,沉淀的美好,2009-09-12,高三,高中,写人作文,网络资源,1187,扩展,58,拒绝,正文汉字数超出200-787,bda09334c070bf9fc2b0aa24360ba726d7e256da30d8b79ff35a901bbdb1c52e,高中栏目:https://www.zuowen.com/gaozhong/gaosan/xieren/,1200
NJ1,J1,https://www.zuowen.com/e/20090915/4b8bcfdee0d15.shtml,997743,父亲,2009-09-15,高三,高中,写人作文,网络资源,1463,扩展,60,拒绝,正文汉字数超出200-787,063d8f0549affd43facc9c1c9e98e68609e630b164a741db81813e57cfb73fb1,高中栏目:https://www.zuowen.com/gaozhong/gaosan/xieren/,1500
NJ1,J1,https://www.zuowen.com/e/20090916/4b8bcfe7c4e63.shtml,1001068,朋友,2009-09-16,高三,高中,写人作文,网络资源,674,扩展,54,拒绝,标准化题目重复,59099fdc41c4223f20d471a1dfeefedd081476eabf2b1d03378e08bf3f7640aa,高中栏目:https://www.zuowen.com/gaozhong/gaosan/xieren/,750
NJ1,J1,https://www.zuowen.com/e/20090921/4b8bd30c9b458.shtml,1024341,与爱同行,2009-09-21,高一,高中,写人作文,网络资源,788,不匹配,2,拒绝,正文汉字数超出200-787,a21e952e104fc06311b7893ce16b856d643ec72f43ea9af5802e3cd70cdb837f,高中栏目:https://www.zuowen.com/gaozhong/gaoyi/xieren/,900
NJ1,J1,https://www.zuowen.com/e/20090921/4b8bd30f8c251.shtml,1025388,这样的同学,2009-09-21,高一,高中,写人作文,网络资源,962,扩展,60,拒绝,正文汉字数超出200-787,792976f0ee0a7687cded1da069b579fa663d2d7073161eb8268891c170338ff3,高中栏目:https://www.zuowen.com/gaozhong/gaoyi/xieren/,1200
NJ1,J1,https://www.zuowen.com/e/20090922/4b8bd31fe2287.shtml,1032308,我的奶奶,2009-09-22,高三,高中,写人作文,网络资源,868,扩展,58,拒绝,正文汉字数超出200-787,db2594132523752a77505af56fe5a0f3294b0a3436e465bc2db9f50d06bd707e,高中栏目:https://www.zuowen.com/gaozhong/gaosan/xieren/,900
NJ1,J1,https://www.zuowen.com/e/20090926/4b8bd3491d7ba.shtml,1048409,语文老师——陈顺海,2009-09-26,高三,高中,写人作文,网络资源,333,扩展,53,入选,,83620472610076d7162ba88def20e8ed912761bf3608326dd54ecc60385ea084,高中栏目:https://www.zuowen.com/gaozhong/gaosan/xieren/,400
NJ1,J1,https://www.zuowen.com/e/20090926/4b8bd3499db52.shtml,1048595,我的班主任,2009-09-26,高三,高中,写人作文,网络资源,608,不匹配,2,拒绝,主题不匹配,86a0640f98a5f6d80adbfd0c015bd53cd0b27e5cdfedde8e168b9c3725f05366,高中栏目:https://www.zuowen.com/gaozhong/gaosan/xieren/,650
NJ1,J1,https://www.zuowen.com/e/20100727/4c4e4cb26ad23.shtml,1703376,一根棍子,2010-07-27,高三,高中,写人作文,作文网,897,不匹配,2,拒绝,正文汉字数超出200-787,9e1690f267d96204421ad21e897f3974ef11c566370d870fae8728779c4a30d0,高中栏目:https://www.zuowen.com/gaozhong/gaosan/xieren/,1000
NJ1,J1,https://www.zuowen.com/e/20101109/4cd8d24649ab4.shtml,1772420,甜，蜜般的名字,2010-11-09,高二,高中,写人作文,作文网,1036,扩展,58,拒绝,正文汉字数超出200-787,1baf3a102746132a222c26eef50f4eaee28ecddc59ff259ad96c33e32f695d99,高中栏目:https://www.zuowen.com/gaozhong/gaoer/xieren/,1200
NJ1,J1,https://www.zuowen.com/e/20101227/4d1848356dd20.shtml,1794789,恩师,2010-12-27,高一,高中,写人作文,作文网,645,精确,117,入选,,b0c8fcb33d3e27fc57e0faa9cb1a448140621afc2a35b096258802dde6dc8191,高中栏目:https://www.zuowen.com/gaozhong/gaoyi/xieren/,800
NJ1,J1,https://www.zuowen.com/e/20110129/4d443557c8e67.shtml,1809619,朋友,2011-01-29,高一,高中,写人作文,作文网,496,扩展,57,拒绝,标准化题目重复,206d9ca6c4a100e5cd861e2ab0cce560ce5d11b5b2ef7fb0f8c2456f40e147e0,高中栏目:https://www.zuowen.com/gaozhong/gaoyi/xieren/,600
NJ1,J1,https://www.zuowen.com/e/20110210/4d53886d95d2f.shtml,1812050,那慈祥的面庞,2011-02-10,高一,高中,写人作文,作文网,515,不匹配,3,拒绝,主题不匹配,0718c690748958601e2a1b45b44ef538f1bf3ae4f044560d05e553b8c5984d4c,高中栏目:https://www.zuowen.com/gaozhong/gaoyi/xieren/,600
NJ1,J1,https://www.zuowen.com/e/20110609/4df0de7fae2c9.shtml,1914226,我心目中的好老师,2011-06-09,高二,高中,写人作文,E度作文网原创,2123,扩展,58,拒绝,正文汉字数超出200-787,75ebd72d281c7db611dd361cc4f25b83671bfb1c1adae9edbd8a4b6b43c3ca44,高中栏目:https://www.zuowen.com/gaozhong/gaoer/xieren/,2000
NJ1,J1,https://www.zuowen.com/e/20120229/4f4d84f933d21.shtml,2193546,老师我想对你说,2012-02-29,高一,高中,写人作文,作文网原创,816,扩展,57,拒绝,正文汉字数超出200-787,690c293f2b68a94103b7e1da62f6b2ebecb405e3718a56ab480a78760558cc68,高中栏目:https://www.zuowen.com/gaozhong/gaoyi/xieren/,1000
NJ1,J1,https://www.zuowen.com/e/20120607/4fcff1b00b426.shtml,2255624,永远的伤害,2012-06-07,高二,高中,写人作文,作文网原创,1721,扩展,64,拒绝,正文汉字数超出200-787,7522f89f4ade322b90da7f049e5d2abccb8c764ca3eeb7f12196169c8929d526,高中栏目:https://www.zuowen.com/gaozhong/gaoer/xieren/,2000
NJ1,J1,https://www.zuowen.com/e/20071221/4b8bc94e84a3f.shtml,389294,中日友好,2007-12-21,高三,高中,写人作文,网络,424,不匹配,2,拒绝,主题不匹配,b7b8802703375a37b9f78b10220a4c31381595e7eb920c388867ad5c42862777,高中栏目:https://www.zuowen.com/gaozhong/gaosan/xieren/,450
NJ1,J1,https://www.zuowen.com/e/20090515/4b8bca3bc5a51.shtml,497597,永远的友谊,2009-05-15,高三,高中,写人作文,网络资源,1008,扩展,57,拒绝,正文汉字数超出200-787,cfc493751316dfe4ccec16213a57144c78dc622d894059224d22a604aabe1820,高中栏目:https://www.zuowen.com/gaozhong/gaosan/xieren/,1200
NJ1,J1,https://www.zuowen.com/e/20090616/4b8bcb38f1e13.shtml,584298,月圆时候,2009-06-16,高三,高中,写人作文,网络,2358,不匹配,2,拒绝,正文汉字数超出200-787,8944cb0c43dd0d043182c39fa617ffa55751521d303ae715c621240d0030d8f2,高中栏目:https://www.zuowen.com/gaozhong/gaosan/xieren/,2000
NJ1,J1,https://www.zuowen.com/e/20090624/4b8bcbb2877de.shtml,626804,母爱像空气一样,2009-06-24,高二,高中,写人作文,网络资源,847,扩展,58,拒绝,正文汉字数超出200-787,3a1306edd532adb274b669c92edb345e1ec4c68efd086b9b091fe4c4d00418cc,高中栏目:https://www.zuowen.com/gaozhong/gaoer/xieren/,1000
NJ1,J1,https://www.zuowen.com/e/20090801/4b8bcd581e5a8.shtml,772644,永远是朋友,2009-08-01,高一,高中,写人作文,网络资源,318,扩展,56,入选,,337b2543ac4d278362ad824b212db49079fb5c8888663d9015db74daf2d26e90,高中栏目:https://www.zuowen.com/gaozhong/gaoyi/xieren/,350
NJ1,J1,https://www.zuowen.com/e/20090815/4b8bcdf258567.shtml,825505,价值,2009-08-15,高三,高中,写人作文,网络资源,392,不匹配,2,拒绝,主题不匹配,32d60ad491294474c195f7d761aff6e7c0905ea8fabe0d0d2e3145ed0312c01b,高中栏目:https://www.zuowen.com/gaozhong/gaosan/xieren/,450
NJ1,J1,https://www.zuowen.com/e/20090829/4b8bcec001a3a.shtml,898229,写人作文：我读懂了他的痛,2009-08-29,高一,高中,写人作文,网络资源,600,不匹配,2,拒绝,主题不匹配,a5d3ea8993f9ceaf236e7f47026325de0e1005e5d403fc881e651c62ed86303a,高中栏目:https://www.zuowen.com/gaozhong/gaoyi/xieren/,700
NJ1,J1,https://www.zuowen.com/e/20090901/4b8bcef8e092f.shtml,917194,彩虹在微笑,2009-09-01,高三,高中,写人作文,网络资源,1092,不匹配,2,拒绝,正文汉字数超出200-787,f6652c5f1a5c8e41c58182dfade4753b78c3c73975d6f6d5b4ca6ff1ea14a0ea,高中栏目:https://www.zuowen.com/gaozhong/gaosan/xieren/,1200
NJ1,J1,https://www.zuowen.com/e/20090901/4b8bcef9e37bc.shtml,917581,回报母爱,2009-09-01,高三,高中,写人作文,网络资源,591,不匹配,3,拒绝,主题不匹配,26e794ea38783487f42f41de836b8ca24a63961cd3c63533d048387205d9c426,高中栏目:https://www.zuowen.com/gaozhong/gaosan/xieren/,650
NJ1,J1,https://www.zuowen.com/e/20090909/4b8bcf8739a25.shtml,967325,父亲,2009-09-09,高三,高中,写人作文,网络资源,629,扩展,60,拒绝,标准化题目重复,bb60b57496297cc295dc7f969781239e6663eb06d4c066e374e67599d136d8fc,高中栏目:https://www.zuowen.com/gaozhong/gaosan/xieren/,800
NJ1,J1,https://www.zuowen.com/e/20090916/4b8bcfebbba81.shtml,1002631,父亲,2009-09-16,高二,高中,写人作文,网络资源,509,扩展,58,拒绝,标准化题目重复,44907c2f17c836e582cfe6efbb6201c429523f6aabe2e5495eca98bb44a4912a,高中栏目:https://www.zuowen.com/gaozhong/gaoer/xieren/,550
NJ1,J1,https://www.zuowen.com/e/20090920/4b8bd01ca4616.shtml,1019326,石头笑了,2009-09-20,高三,高中,写人作文,网络资源,982,不匹配,2,拒绝,正文汉字数超出200-787,86fab11c411f168de2cbd2682f3de70c0827fd2778c77ef9f1223bf4001339b3,高中栏目:https://www.zuowen.com/gaozhong/gaosan/xieren/,1200
NJ1,J1,https://www.zuowen.com/e/20090922/4b8bd31c0795d.shtml,1030997,我的父亲,2009-09-22,高三,高中,写人作文,网络资源,448,扩展,57,拒绝,标准化题目重复,c25555be9524b9d55968e2916108c2e228cc6dbb159e306e561b537e5fddd665,高中栏目:https://www.zuowen.com/gaozhong/gaosan/xieren/,550
NJ1,J1,https://www.zuowen.com/e/20090926/4b8bd348f0a63.shtml,1048362,深深的爱，却爱得平凡,2009-09-26,高三,高中,写人作文,网络资源,1408,扩展,58,拒绝,正文汉字数超出200-787,1d31355c6b39d8fb02d024d2f3c6b2b1e15821c1d4d790f8aa6287953a1afa79,高中栏目:https://www.zuowen.com/gaozhong/gaosan/xieren/,1500
NJ1,J1,https://www.zuowen.com/e/20110425/4db526eae701a.shtml,1859903,快乐,2011-04-25,高二,高中,写人作文,作文网原创,1295,不匹配,3,拒绝,正文汉字数超出200-787,cc421b2a22a5e9bda13489d3d1a6d2a3b9170b74939fcf2b96c85ec46797ef3d,高中栏目:https://www.zuowen.com/gaozhong/gaoer/xieren/,1500
NJ1,J1,https://www.zuowen.com/e/20110429/4db9f7f1a05e7.shtml,1864260,怀念徐君,2011-04-29,高二,高中,写人作文,作文网原创,1334,不匹配,2,拒绝,正文汉字数超出200-787,9ba2e2bf67f74ef41520aaa0708bd65ed458d811f2428ef31dbe6008edaf52cd,高中栏目:https://www.zuowen.com/gaozhong/gaoer/xieren/,1500
NJ1,J1,https://www.zuowen.com/e/20110530/4de2e59410d26.shtml,1891630,我的父亲,2011-05-30,高二,高中,写人作文,作文网原创,1292,扩展,57,拒绝,正文汉字数超出200-787,c8f2eaa4821275d59cc13db239941a2b4636a3599dcb53b80d8e57db0224e007,高中栏目:https://www.zuowen.com/gaozhong/gaoer/xieren/,1500
NJ1,J1,https://www.zuowen.com/e/20110623/4e034dd7189af.shtml,1936780,肩膀,2011-06-23,高一,高中,写人作文,E度作文网原创,674,不匹配,2,拒绝,主题不匹配,1f9b9910c8b9ee6735b403fb97d73f7fffb7071b5580f84d02aa10a432bc190d,高中栏目:https://www.zuowen.com/gaozhong/gaoyi/xieren/,800
NJ1,J1,https://www.zuowen.com/e/20110728/4e30c5db1e6aa.shtml,1985957,感恩父亲,2011-07-28,高一,高中,写人作文,作文网原创,975,扩展,57,拒绝,正文汉字数超出200-787,523cb8ed6a54bc01c26d2735af478a4d0afd6af3962e0af5fa19e0d21d1f3d72,高中栏目:https://www.zuowen.com/gaozhong/gaoyi/xieren/,1200
NJ1,J1,https://www.zuowen.com/e/20120130/4f26a439012e6.shtml,2171037,寻找,2012-01-30,高一,高中,写人作文,作文网原创,802,不匹配,2,拒绝,正文汉字数超出200-787,c854d892cd1521384c4461b99dde46ccf564b6fbdd813b057519f54471bee9d9,高中栏目:https://www.zuowen.com/gaozhong/gaoyi/xieren/,900
NJ1,J1,https://www.zuowen.com/e/20120313/4f5eaa76a0855.shtml,2202385,妈妈，我想对你说,2012-03-13,高一,高中,写人作文,作文网原创,1024,扩展,58,拒绝,正文汉字数超出200-787,b1a2686e73ea08d6a74185aee39d76c17d270349f7a6718a794215b2d84ebd4c,高中栏目:https://www.zuowen.com/gaozhong/gaoyi/xieren/,1200
NJ1,J1,https://www.zuowen.com/e/20120328/4f7278f6e51d0.shtml,2212755,因为有你，我的朋友,2012-03-28,高二,高中,写人作文,作文网原创,503,扩展,57,入选,,022b61cb8815615c5a4365ea76db18da640ca740aa15a39e842252dd5a15dff5,高中栏目:https://www.zuowen.com/gaozhong/gaoer/xieren/,550
NJ1,J1,https://www.zuowen.com/e/20120528/4fc2ecfc64b40.shtml,2248257,我的历史老师,2012-05-28,高二,高中,写人作文,作文网整理,926,扩展,57,拒绝,正文汉字数超出200-787,10d791160a0c350862e29b3b6f57522f99f4ebdd9da5f6153a2a48972688b959,高中栏目:https://www.zuowen.com/gaozhong/gaoer/xieren/,1000
NJ1,J1,https://www.zuowen.com/e/20120710/4ffb92bf79b43.shtml,2280656,我心中的大山,2012-07-10,高一,高中,写人作文,作文网原创,990,不匹配,2,拒绝,正文汉字数超出200-787,b7205419ba236fe58b32a3910259b5305875680d0c4f24fba452e34c057d69ae,高中栏目:https://www.zuowen.com/gaozhong/gaoyi/xieren/,1200
NJ1,J1,https://www.zuowen.com/e/20080305/4b8bc952b9451.shtml,390391,人不轻狂枉少年,2008-03-05,高一,高中,写人作文,中华作文网,838,不匹配,2,拒绝,正文汉字数超出200-787,5cd868ab1618ef155652c0fdc5c984958f6a8728c573aa89d216cd3652c13d70,高中栏目:https://www.zuowen.com/gaozhong/gaoyi/xieren/,900
NJ1,J1,https://www.zuowen.com/e/20090519/4b8bca48d0735.shtml,502421,父亲不知道,2009-05-19,高三,高中,写人作文,网络资源,553,扩展,53,入选,,40e9f6bed69c34f964e1cba1f2910003bfec7de8059cb46f67201dc70f532151,高中栏目:https://www.zuowen.com/gaozhong/gaosan/xieren/,600
NJ1,J1,https://www.zuowen.com/e/20090818/4b8bce0b0af9e.shtml,835060,父亲的烟瘾,2009-08-18,高三,高中,写人作文,网络资源,918,扩展,57,拒绝,正文汉字数超出200-787,18102c94f1ad542ab7fd933dcb12f96940aac25e69985e02974dfd2c6de69cae,高中栏目:https://www.zuowen.com/gaozhong/gaosan/xieren/,1000
NJ1,J1,https://www.zuowen.com/e/20090823/4b8bce558d772.shtml,860536,老k同桌,2009-08-23,高三,高中,写人作文,网络资源,277,不匹配,3,拒绝,主题不匹配,326709c983beb8bdc9f462f730c0fd7ef87cd4438cacd2bdc61e2e3cc336c80f,高中栏目:https://www.zuowen.com/gaozhong/gaosan/xieren/,300
NJ1,J1,https://www.zuowen.com/e/20090828/4b8bceaec25a1.shtml,892224,爸爸,2009-08-28,高三,高中,写人作文,网络资源,666,扩展,54,拒绝,标准化题目重复,c740ba86cc73a3bccf505840ed14a1c1cba2c128abf757d50067214e0328de4a,高中栏目:https://www.zuowen.com/gaozhong/gaosan/xieren/,700
NJ1,J1,https://www.zuowen.com/e/20090901/4b8bcef86370b.shtml,917015,在泪中知道了感恩,2009-09-01,高三,高中,写人作文,网络资源,1286,扩展,61,拒绝,正文汉字数超出200-787,2344f78b2773cc498936c393ab2b5450138292e92f814a4fcef523749d508417,高中栏目:https://www.zuowen.com/gaozhong/gaosan/xieren/,1500
NJ1,J1,https://www.zuowen.com/e/20090901/4b8bcef8b290c.shtml,917124,收藏感动,2009-09-01,高三,高中,写人作文,网络资源,970,不匹配,2,拒绝,正文汉字数超出200-787,eba1bb0d379b52bb29d56f18ca80359113ce52e3b24101b545e34e3a26b0d654,高中栏目:https://www.zuowen.com/gaozhong/gaosan/xieren/,1000
NJ1,J1,https://www.zuowen.com/e/20090908/4b8bcf744d8a4.shtml,960615,母亲,2009-09-08,高三,高中,写人作文,网络资源,657,扩展,56,拒绝,标准化题目重复,9b186bc4b7cfdea0fa0bef61c9c4b53706e2b83ddf2a1be93acfb85a0dc537f6,高中栏目:https://www.zuowen.com/gaozhong/gaosan/xieren/,750
NJ1,J1,https://www.zuowen.com/e/20090908/4b8bcf78c29ce.shtml,962192,对比自己,2009-09-08,高三,高中,写人作文,网络资源,530,不匹配,2,拒绝,主题不匹配,98c77d9dc27537e6b4f7483affb52b3d30371a421f5aade17ae274f44d726ed5,高中栏目:https://www.zuowen.com/gaozhong/gaosan/xieren/,600
NJ1,J1,https://www.zuowen.com/e/20090908/4b8bcf7a1e296.shtml,962665,妈妈的爱像省略号,2009-09-08,高三,高中,写人作文,网络资源,1437,扩展,57,拒绝,正文汉字数超出200-787,ff12e32a272d53b17525824e607cf8aea07d87d42914e5067f45bb1e91e13280,高中栏目:https://www.zuowen.com/gaozhong/gaosan/xieren/,1500
NJ1,J1,https://www.zuowen.com/e/20090912/4b8bcfb211403.shtml,982306,甜甜的等待,2009-09-12,高三,高中,写人作文,网络资源,1143,不匹配,2,拒绝,正文汉字数超出200-787,1c781051d8dc8185947f21faaf59a37cb5c1154a306ae7517e106d93488f9b83,高中栏目:https://www.zuowen.com/gaozhong/gaosan/xieren/,1200
NJ1,J1,https://www.zuowen.com/e/20090922/4b8bd3111f639.shtml,1026748,母亲，你是我一生的感动,2009-09-22,高三,高中,写人作文,网络资源,573,扩展,61,候选,,b6bf82591abee2c9269afcc269252c3f78941ee1f91b64b1f30300cea15580c3,高中栏目:https://www.zuowen.com/gaozhong/gaosan/xieren/,650
NJ1,J1,https://www.zuowen.com/e/20090926/4b8bd34848dad.shtml,1048124,朋友,2009-09-26,高三,高中,写人作文,网络资源,920,扩展,57,拒绝,正文汉字数超出200-787,e71d2d665e8b121fc2e7dfbb18fc364befc7b85dafeeb407c1e03ccfebcc23c8,高中栏目:https://www.zuowen.com/gaozhong/gaosan/xieren/,1000
NJ1,J1,https://www.zuowen.com/e/20091011/4b8bd3b1aec77.shtml,1087004,我的外婆,2009-10-11,高三,高中,写人作文,网络资源,843,扩展,56,拒绝,正文汉字数超出200-787,ab3e60f87c6de9dc1d0c9f19d291dfa3df857a269ba84fe1faccd23bb0342974,高中栏目:https://www.zuowen.com/gaozhong/gaosan/xieren/,900
NJ1,J1,https://www.zuowen.com/e/20100409/4bbea5eb0e860.shtml,1473525,触动心灵的爱,2010-04-09,高一,高中,写人作文,作文网,540,扩展,57,入选,,484383437d904020ffdd49cdb88861fd069950383528c5b4059e31a8b7a40794,高中栏目:https://www.zuowen.com/gaozhong/gaoyi/xieren/,650
NJ1,J1,https://www.zuowen.com/e/20100804/4c58d9706511a.shtml,1719307,我的爷爷,2010-08-04,高二,高中,写人作文,作文网,2737,扩展,64,拒绝,正文汉字数超出200-787,2dd158fd5e3ab91202fc100d100a7bbacdfecf695afb8e0ff6db35861730da48,高中栏目:https://www.zuowen.com/gaozhong/gaoer/xieren/,3000
NJ1,J1,https://www.zuowen.com/e/20101027/4cc7e4f1f3f15.shtml,1764159,秋别,2010-10-27,高二,高中,写人作文,作文网,975,不匹配,2,拒绝,正文汉字数超出200-787,a20c9ee3e6170e6b15573b3ff5a64fd3c797613330ee16b72b4691901915485d,高中栏目:https://www.zuowen.com/gaozhong/gaoer/xieren/,1200
NJ1,J1,https://www.zuowen.com/e/20101027/4cc7e4f222f99.shtml,1764163,收藏,2010-10-27,高二,高中,写人作文,作文网,767,不匹配,3,拒绝,主题不匹配,b5e00a9cd1e90dae1af7ff1457a490ef3ae16de1c1bfa71c1094badfdf3dd23d,高中栏目:https://www.zuowen.com/gaozhong/gaoer/xieren/,900
NJ1,J1,https://www.zuowen.com/e/20110120/4d37c08658901.shtml,1804477,母爱,2011-01-20,高一,高中,写人作文,作文网,760,不匹配,4,拒绝,主题不匹配,7d3a0d4a43bb0c0d62be0e0ca9fad9ad2f18dd8a67f5bf96977172e83f53cac8,高中栏目:https://www.zuowen.com/gaozhong/gaoyi/xieren/,800
NJ1,J1,https://www.zuowen.com/e/20110527/4ddf0606cfca1.shtml,1890644,我的妈妈,2011-05-27,高二,高中,写人作文,作文网原创,1606,扩展,60,拒绝,正文汉字数超出200-787,9473e5056ee5ffd75ff14f245c9fb8a081193f6a4174b547702a5d305001f293,高中栏目:https://www.zuowen.com/gaozhong/gaoer/xieren/,1500
NJ1,J1,https://www.zuowen.com/e/20110627/4e08167bb49df.shtml,1938875,父亲,2011-06-27,高三,高中,写人作文,E度作文网原创,970,扩展,63,拒绝,正文汉字数超出200-787,e4e7c8140806bb0235e3192c057a3203c6b9b8a7b4f08f4218773d00813e1bf6,高中栏目:https://www.zuowen.com/gaozhong/gaosan/xieren/,1200
NJ1,J1,https://www.zuowen.com/e/20110627/4e08213cf18c6.shtml,1939034,感谢您，老师,2011-06-27,高一,高中,写人作文,E度作文网原创,1863,扩展,61,拒绝,正文汉字数超出200-787,172afa4dd536d9f8ce882d543013881b4211567d53d69af62e3c9f0ccf8d2a25,高中栏目:https://www.zuowen.com/gaozhong/gaoyi/xieren/,2000
NJ1,J1,https://www.zuowen.com/e/20110728/4e30c5dd6131e.shtml,1985959,星光灿烂的日子,2011-07-28,高一,高中,写人作文,作文网原创,4650,不匹配,2,拒绝,正文汉字数超出200-787,16336bef3bfbeb42f654d058ab9d16b453897889f5f0a8321cd4bd3b52755c4e,高中栏目:https://www.zuowen.com/gaozhong/gaoyi/xieren/,3000
NJ1,J1,https://www.zuowen.com/e/20120314/4f6008daa91d3.shtml,2203872,我爱我的班主任,2012-03-14,高一,高中,写人作文,作文网原创,2067,不匹配,2,拒绝,正文汉字数超出200-787,70c96cd26f7bf6e5ad38abe7f898eb7d2aef2f179e1f82e2113db6145ce7c6b2,高中栏目:https://www.zuowen.com/gaozhong/gaoyi/xieren/,2000
NJ1,J1,https://www.zuowen.com/e/20120528/4fc2ec7ddaf19.shtml,2248252,听妈妈的话,2012-05-28,高二,高中,写人作文,作文网整理,1753,扩展,60,拒绝,正文汉字数超出200-787,185a26fe527b8881034b9d2027be201700bbf818c30b02bb0fecdb3d3ea35ba2,高中栏目:https://www.zuowen.com/gaozhong/gaoer/xieren/,2000
NJ1,J1,https://www.zuowen.com/e/20120802/501a47c526d38.shtml,2296203,日积月累的日子,2012-08-02,高一,高中,写人作文,作文网原创,599,扩展,62,候选,,85dd8fc18312fdcd7aa04114937529240cc81fd1e3e10aabbcc721bfe01a568b,高中栏目:https://www.zuowen.com/gaozhong/gaoyi/xieren/,700
NJ1,J1,https://www.zuowen.com/e/20090630/4b8bcbdf674f9.shtml,642234,快乐的字眼,2009-06-30,高一,高中,写人作文,网络资源,445,不匹配,2,拒绝,主题不匹配,df06f78e48c4b23b986809cdc25aee7ab28b649148295682cf0de5912e2b1c14,高中栏目:https://www.zuowen.com/gaozhong/gaoyi/xieren/,500
NJ1,J1,https://www.zuowen.com/e/20090818/4b8bce0b101af.shtml,835067,我的小词典,2009-08-18,高三,高中,写人作文,网络资源,774,不匹配,2,拒绝,主题不匹配,a0ceeafc0535dd9b2a7119f4e1e197f7b74123931238656cf6bf29e1a19bf380,高中栏目:https://www.zuowen.com/gaozhong/gaosan/xieren/,800
NJ1,J1,https://www.zuowen.com/e/20090823/4b8bce59c236f.shtml,861987,蓝色的伞,2009-08-23,高二,高中,写人作文,网络资源,535,扩展,58,入选,,342306e3a12f4abeb732a8dbcf179fb96e9405814aed6531a82557aaef5d13b9,高中栏目:https://www.zuowen.com/gaozhong/gaoer/xieren/,700
NJ1,J1,https://www.zuowen.com/e/20090824/4b8bce5eb2b82.shtml,863645,妈妈送的三句话,2009-08-24,高三,高中,写人作文,网络资源,548,扩展,57,入选,,ba7fb14905e1fed38f4da05bb83121c6b6182453f8d5ce7188e2ac6e106ec5ef,高中栏目:https://www.zuowen.com/gaozhong/gaosan/xieren/,650
NJ1,J1,https://www.zuowen.com/e/20090824/4b8bce6c18cd1.shtml,868159,像空气一样的母爱,2009-08-24,高二,高中,写人作文,网络资源,540,不匹配,2,拒绝,主题不匹配,1c6a6ec2776b8afb505d4d5a66a5c1ad017b98d84741427c73dc7f595ee30376,高中栏目:https://www.zuowen.com/gaozhong/gaoer/xieren/,600
NJ1,J1,https://www.zuowen.com/e/20090826/4b8bce89e8d51.shtml,879299,高中写人作文:如果他不是他(高一),2009-08-26,高一,高中,写人作文,网络资源,1053,不匹配,2,拒绝,正文汉字数超出200-787,3df2482b2f860e06a45a41d82c6716bba7b04dd9d3840c7cbe1f76d553c88063,高中栏目:https://www.zuowen.com/gaozhong/gaoyi/xieren/,1200
NJ1,J1,https://www.zuowen.com/e/20090829/4b8bcebcc5674.shtml,897052,写人作文：一起走过,2009-08-29,高一,高中,写人作文,网络资源,1376,不匹配,2,拒绝,正文汉字数超出200-787,8e86d02ea426173b60f6d0d4fb3fb1c2288fd8006cda2dd207574a77695c0ace,高中栏目:https://www.zuowen.com/gaozhong/gaoyi/xieren/,1500
NJ1,J1,https://www.zuowen.com/e/20090901/4b8bcef77bc94.shtml,916705,父爱,2009-09-01,高三,高中,写人作文,网络资源,664,不匹配,2,拒绝,主题不匹配,6582013786859b9f1e80e23edb412204f585891aa4bb5e587929da7cf4cc2a83,高中栏目:https://www.zuowen.com/gaozhong/gaosan/xieren/,750
NJ1,J1,https://www.zuowen.com/e/20090902/4b8bcf0d7ac98.shtml,924245,初读老师,2009-09-02,高三,高中,写人作文,网络资源,1304,扩展,57,拒绝,正文汉字数超出200-787,3de871485352d8c53152b4b10a0af76390e2652fb11e930007c1ef3aa271d4d7,高中栏目:https://www.zuowen.com/gaozhong/gaosan/xieren/,1500
NJ1,J1,https://www.zuowen.com/e/20090912/4b8bcfb352cc1.shtml,982728,黄牛父亲,2009-09-12,高三,高中,写人作文,网络资源,1022,扩展,60,拒绝,正文汉字数超出200-787,ba54f3df6ce693bbe5c772c822f77b43a75f9377c820e78abfb962d35edaaccd,高中栏目:https://www.zuowen.com/gaozhong/gaosan/xieren/,1200
NJ1,J1,https://www.zuowen.com/e/20090916/4b8bcfecc6b7b.shtml,1002999,爸爸的来信,2009-09-16,高二,高中,写人作文,网络资源,605,扩展,58,入选,,8ca1b6d64d0487bdd4aa15e4195e3201517e297f00671a58b1b0b70301cfd6b6,高中栏目:https://www.zuowen.com/gaozhong/gaoer/xieren/,650
NJ1,J1,https://www.zuowen.com/e/20090922/4b8bd314476bd.shtml,1028028,母爱,2009-09-22,高一,高中,写人作文,网络资源,677,不匹配,2,拒绝,主题不匹配,a3eaa0fb96db2c1cf2298292bca283572238d2f230cc675a77f82e34b2d8a33f,高中栏目:https://www.zuowen.com/gaozhong/gaoyi/xieren/,750
NJ1,J1,https://www.zuowen.com/e/20090922/4b8bd3168d566.shtml,1028907,想念海子,2009-09-22,高一,高中,写人作文,网络资源,455,扩展,53,入选,,711540c8c897de5f9d9a92066868b834e32682e13175e175674e0adc378fe0f7,高中栏目:https://www.zuowen.com/gaozhong/gaoyi/xieren/,500
NJ1,J1,https://www.zuowen.com/e/20091228/4b8bd66f217c5.shtml,1356187,父亲的背,2009-12-28,高一,高中,写人作文,本站原创,1032,扩展,58,拒绝,正文汉字数超出200-787,93e71636c19cb694eac2155fe0bb243a6ec76aa58cc3d1828ed726d31c44a998,高中栏目:https://www.zuowen.com/gaozhong/gaoyi/xieren/,1200
NJ1,J1,https://www.zuowen.com/e/20100126/4b8bd6f545e08.shtml,1406992,同学,2010-01-26,高三,高中,写人作文,本站原创,1189,扩展,57,拒绝,正文汉字数超出200-787,060d8f0bf980778f1b47ac6c2c09fbfb16d57e01de829fa04cb8f3c59ce31746,高中栏目:https://www.zuowen.com/gaozhong/gaosan/xieren/,1500
NJ1,J1,https://www.zuowen.com/e/20100517/4bf0d6d85e41b.shtml,1489459,母亲,2010-05-17,高二,高中,写人作文,作文网,805,扩展,60,拒绝,正文汉字数超出200-787,ad9f5e7b8de33249d47bc3ea9483681f92d1619174ade07b2d236fd6078b5a13,高中栏目:https://www.zuowen.com/gaozhong/gaoer/xieren/,1000
NJ1,J1,https://www.zuowen.com/e/20100613/4c148df2d742e.shtml,1661087,与你相邻,2010-06-13,高三,高中,写人作文,作文网,496,精确,112,入选,,8867ac992e4924289c8b433c54ce7a39b5f2c788c08520199ed05eb5dcd0077e,高中栏目:https://www.zuowen.com/gaozhong/gaosan/xieren/,700
NJ1,J1,https://www.zuowen.com/e/20100712/4c3ac85004860.shtml,1679374,含泪低诉：我有一个外甥,2010-07-12,高三,高中,写人作文,作文网,1298,扩展,58,拒绝,正文汉字数超出200-787,15ed8839ac54ef2bb0625946754bce805f2b173e2b4fc861b8b24c9ca5bcef91,高中栏目:https://www.zuowen.com/gaozhong/gaosan/xieren/,1500
NJ1,J1,https://www.zuowen.com/e/20100809/4c5f5f2a0e494.shtml,1722417,捕蛇妇,2010-08-09,高三,高中,写人作文,本站原创,779,不匹配,2,拒绝,主题不匹配,dd7f3acd1ede90a1944b4794520e0bac7c9355575de52c90c03db7245d5885dc,高中栏目:https://www.zuowen.com/gaozhong/gaosan/xieren/,900
NJ1,J1,https://www.zuowen.com/e/20101102/4ccfcaf378266.shtml,1769539,情锁,2010-11-02,高二,高中,写人作文,作文网,782,不匹配,2,拒绝,主题不匹配,95ba3dd5a7f45e07725747d3ba1a5a92cc31b8a78fd180934f4a8e07022ddbf5,高中栏目:https://www.zuowen.com/gaozhong/gaoer/xieren/,1000
NJ1,J1,https://www.zuowen.com/e/20110627/4e08213d0d871.shtml,1939035,我与父亲一同走过的路,2011-06-27,高一,高中,写人作文,E度作文网原创,1757,扩展,57,拒绝,正文汉字数超出200-787,ec1e583822577373577550bc023e8df1cb5166312b5a29ad36ad6a1891045d19,高中栏目:https://www.zuowen.com/gaozhong/gaoyi/xieren/,2000
NJ1,J1,https://www.zuowen.com/e/20110629/4e0ac54245b37.shtml,1943926,你的爱，我拿什么偿还？,2011-06-29,高三,高中,写人作文,E度作文网原创,2410,不匹配,2,拒绝,正文汉字数超出200-787,e33acc0f346a0221592fe2a6e453d538e7d733dd89a89696c9b342afe7753421,高中栏目:https://www.zuowen.com/gaozhong/gaosan/xieren/,2000
NJ1,J1,https://www.zuowen.com/e/20110629/4e0ac5436321c.shtml,1943927,父亲,2011-06-29,高三,高中,写人作文,E度作文网原创,1063,扩展,57,拒绝,正文汉字数超出200-787,66f7214836195994cb33e8d073587da15863942522a31fbc9325730775b4a59e,高中栏目:https://www.zuowen.com/gaozhong/gaosan/xieren/,1200
NJ1,J1,https://www.zuowen.com/e/20120130/4f26a436a585c.shtml,2171035,犹记深闺梦里人——一个永远的挚友,2012-01-30,高一,高中,写人作文,作文网原创,1483,不匹配,3,拒绝,正文汉字数超出200-787,34967f55499ddfd6a8ac3c00f5c3a269159db68f6e5918fcdc3d99174abbaba8,高中栏目:https://www.zuowen.com/gaozhong/gaoyi/xieren/,1500
NJ1,J1,https://www.zuowen.com/e/20120217/4f3e1e4976d81.shtml,2185554,我想握住你的手,2012-02-17,高一,高中,写人作文,作文网原创,635,扩展,56,候选,,62d016acad5d9dfa360878a8a3cdf1f982147578e06f66196d99a6e493894484,高中栏目:https://www.zuowen.com/gaozhong/gaoyi/xieren/,750
NJ1,J1,https://www.zuowen.com/e/20120717/5004f03007357.shtml,2286510,三色堇·三个人,2012-07-17,高一,高中,写人作文,作文网原创,685,不匹配,3,拒绝,主题不匹配,9ea2d69e6ec2093aed36bda187263e182b1f3463522f66a21192c1d649c796e3,高中栏目:https://www.zuowen.com/gaozhong/gaoyi/xieren/,800
NJ1,J1,https://www.zuowen.com/e/20120725/500f8d403b446.shtml,2291500,三色堇·三个人,2012-07-25,高一,高中,写人作文,作文网原创,685,不匹配,3,拒绝,主题不匹配,9ea2d69e6ec2093aed36bda187263e182b1f3463522f66a21192c1d649c796e3,高中栏目:https://www.zuowen.com/gaozhong/gaoyi/xieren/,750
NJ1,J1,https://www.zuowen.com/e/20080917/4b8bc95b60f27.shtml,393521,忘不了,2008-09-17,高一,高中,写人作文,网站资源,315,不匹配,2,拒绝,主题不匹配,4adda13a44277e537546fa36142aade1cb4351aad480ebaa952ddba1e92cb7a5,高中栏目:https://www.zuowen.com/gaozhong/gaoyi/xieren/,350
NJ1,J1,https://www.zuowen.com/e/20090430/4b8bc9fda08d5.shtml,475237,妈妈的爱,2009-04-30,高二,高中,写人作文,网络资源,871,扩展,57,拒绝,正文汉字数超出200-787,e58d9c3a8b86183b354f7c7227a49e9986fa9737114a014d560332ae97c6f618,高中栏目:https://www.zuowen.com/gaozhong/gaoer/xieren/,900
NJ1,J1,https://www.zuowen.com/e/20090528/4b8bca8421e86.shtml,523465,妈妈的爱,2009-05-28,高二,高中,写人作文,网络,802,扩展,57,拒绝,正文汉字数超出200-787,c1cf025afd24486b886546affb8595bd94f493667f44b5e05f8518faf48e0fee,高中栏目:https://www.zuowen.com/gaozhong/gaoer/xieren/,800
NJ1,J1,https://www.zuowen.com/e/20090626/4b8bcbc518bde.shtml,633114,情缘,2009-06-26,高三,高中,写人作文,网络资源,567,不匹配,2,拒绝,主题不匹配,a10b9c70f3713c745f2b8f8ac908ae092008d7ad00301ca526433eb8d9974c78,高中栏目:https://www.zuowen.com/gaozhong/gaosan/xieren/,650
NJ1,J1,https://www.zuowen.com/e/20090823/4b8bd74d6b863.shtml,1442094,无声的爱,2009-08-23,高二,高中,写人作文,网络资源,851,不匹配,4,拒绝,正文汉字数超出200-787,933d04ca1ed4052855832bbdc8ab14cc69a18d8cc246201828e3661275081ebc,高中栏目:https://www.zuowen.com/gaozhong/gaoer/xieren/,900
NJ1,J1,https://www.zuowen.com/e/20090906/4b8bcf52be33f.shtml,948147,父亲的脚印,2009-09-06,高三,高中,写人作文,网络资源,835,扩展,60,拒绝,正文汉字数超出200-787,ed8067f3e72029870310b8c7f01872159d5165a9ea7c7aed5fc12af409bd897d,高中栏目:https://www.zuowen.com/gaozhong/gaosan/xieren/,900
NJ1,J1,https://www.zuowen.com/e/20090912/4b8bcfb6dd3d5.shtml,983952,父爱,2009-09-12,高三,高中,写人作文,网络资源,633,不匹配,2,拒绝,主题不匹配,651b8b568dba4410bb37e7f4b1d101db63b2a04d4c1d129e577549110ccda941,高中栏目:https://www.zuowen.com/gaozhong/gaosan/xieren/,800
NJ1,J1,https://www.zuowen.com/e/20090926/4b8bd3482c599.shtml,1048076,母爱,2009-09-26,高三,高中,写人作文,网络资源,819,扩展,57,拒绝,正文汉字数超出200-787,7de599e41b5ee657c2fc466e45c95ea1bea3a33275d0e2889b725af92d0bfb8a,高中栏目:https://www.zuowen.com/gaozhong/gaosan/xieren/,900
NJ1,J1,https://www.zuowen.com/e/20091010/4b8bd3a91151d.shtml,1083917,奶奶,2009-10-10,高一,高中,写人作文,网络资源,1162,扩展,57,拒绝,正文汉字数超出200-787,81a22c4ec73e86a331ea48916768fa8fa28b7df6940f65db62302a2f23620157,高中栏目:https://www.zuowen.com/gaozhong/gaoyi/xieren/,1200
NJ1,J1,https://www.zuowen.com/e/20091010/4b8bd3a9c7095.shtml,1084173,母亲,2009-10-10,高三,高中,写人作文,网络资源,531,扩展,60,拒绝,标准化题目重复,948921a569ee89a6a2b4b6d3ed286253af3cb3aff6200b837dd88d91e71c2269,高中栏目:https://www.zuowen.com/gaozhong/gaosan/xieren/,650
NJ1,J1,https://www.zuowen.com/e/20110105/4d23fceb9e320.shtml,1797901,生活准则——爱与坚持,2011-01-05,高一,高中,写人作文,作文网,1394,不匹配,3,拒绝,正文汉字数超出200-787,386d816155c3b98944e965b59f806e15f0c1f0370bb546bcb51c133a9456286d,高中栏目:https://www.zuowen.com/gaozhong/gaoyi/xieren/,1500
NJ1,J1,https://www.zuowen.com/e/20110809/4e40cf848b42a.shtml,2006241,王老汉,2011-08-09,高一,高中,写人作文,作文网原创,3919,不匹配,2,拒绝,正文汉字数超出200-787,076727aaa038aec3be1ba7c21c6f74cd5694ec3a9f493d1e0360208023fcd413,高中栏目:https://www.zuowen.com/gaozhong/gaoyi/xieren/,3000
NJ1,J1,https://www.zuowen.com/e/20131010/52563e00a5d44.shtml,2534267,我的母亲,2013-10-10,高二,高中,写人作文,作文网原创,1197,扩展,64,拒绝,正文汉字数超出200-787,8d10dec218113c27258a771a9233f1f7a44e35ad5fae2286943c26df1b9e73bf,高中栏目:https://www.zuowen.com/gaozhong/gaoer/xieren/,1500
NJ1,J1,https://www.zuowen.com/e/20130221/51261e3a868a9.shtml,2398623,我的母亲的母亲,2013-02-21,高一,高中,写人作文,作文网原创,912,扩展,60,拒绝,正文汉字数超出200-787,c9a9a1d60eac1d5d569591251e49c98ec5151294a13a019ef7e183e9658814c3,高中栏目:https://www.zuowen.com/gaozhong/gaoyi/xieren/,1000
NJ1,J1,https://www.zuowen.com/e/20130206/5111ce45a4e55.shtml,2394897,父亲,2013-02-06,高一,高中,写人作文,作文网原创,642,扩展,61,拒绝,标准化题目重复,6e3f4ac7d96883e77eb2469e6352df49de3bdd65e34b0d8ba79c02aaf08d64fd,高中栏目:https://www.zuowen.com/gaozhong/gaoyi/xieren/,700
NJ1,J1,https://www.zuowen.com/e/20130415/516bf7003a94a.shtml,2431223,恩师的光环,2013-04-15,高二,高中,写人作文,作文网原创,1137,扩展,61,拒绝,正文汉字数超出200-787,7834acccc0f26d93a26e725a371f0dea28a06e1d3630bde6381b1a521308e22e,高中栏目:https://www.zuowen.com/gaozhong/gaoer/xieren/,1500
NJ1,J1,https://www.zuowen.com/e/20130420/51729be9f2da2.shtml,2434964,我的妈妈,2013-04-20,高二,高中,写人作文,作文网原创,699,扩展,61,拒绝,标准化题目重复,9d74c186d76e7226d33e20b7caae7cdb23b1100fcbc5405e93049021f7c0b730,高中栏目:https://www.zuowen.com/gaozhong/gaoer/xieren/,750
NJ1,J1,https://www.zuowen.com/e/20130405/515e271f94dac.shtml,2424895,感谢您，我们的副校长,2013-04-05,高一,高中,写人作文,作文网原创,287,不匹配,2,拒绝,主题不匹配,8f6f1fee45a79dd889f03a200661c20863e2c90e083fb5b3a48a7639e4d2ef24,高中栏目:https://www.zuowen.com/gaozhong/gaoyi/xieren/,300
NJ1,J1,https://www.zuowen.com/e/20131010/52563e00725e6.shtml,2534266,高贵的人性,2013-10-10,高二,高中,写人作文,作文网原创,1177,不匹配,2,拒绝,正文汉字数超出200-787,41266a0eec24e5c27f39c242e13458edb018aac26172e16c4e8c7046b879d307,高中栏目:https://www.zuowen.com/gaozhong/gaoer/xieren/,1200
NJ1,J1,https://www.zuowen.com/e/20131220/52b459953ae87.shtml,2581865,爷爷是个老头,2013-12-20,高一,高中,写人作文,作文网原创,143,扩展,53,拒绝,正文汉字数超出200-787,cc9af006fbd819188245e5ffa85c5bb6e8b40c7034aae423a2dd17a27f2e4d5d,高中栏目:https://www.zuowen.com/gaozhong/gaoyi/xieren/,150
NJ1,J1,https://www.zuowen.com/e/20130313/51408377b7b34.shtml,2411305,打不死的小强,2013-03-13,高一,高中,写人作文,作文网原创,406,扩展,59,入选,,934bf9da1d197d502e5769900bcd3c3280a97ada9e61614a48a9a914dbc53d9d,高中栏目:https://www.zuowen.com/gaozhong/gaoyi/xieren/,400
NJ1,J1,https://www.zuowen.com/e/20130405/515e271dd1471.shtml,2424894,八年六班的老师们,2013-04-05,高一,高中,写人作文,作文网原创,262,扩展,50,入选,,f30c99e5b280be78590f7e00f9c03e4f347fd7d087ba16a75822b90517348926,高中栏目:https://www.zuowen.com/gaozhong/gaoyi/xieren/,300
NJ1,J1,https://www.zuowen.com/e/20130815/520ce4211ee8f.shtml,2506158,父亲,2013-08-15,高一,高中,写人作文,作文网原创,1130,扩展,58,拒绝,正文汉字数超出200-787,6ff43b0543a6db7a5cce9547a62baa40036d20b9e0759ac39c7ccd00db318b7a,高中栏目:https://www.zuowen.com/gaozhong/gaoyi/xieren/,1200
NJ1,J1,https://www.zuowen.com/e/20130829/521ecef204030.shtml,2513331,感谢有你——父亲,2013-08-29,高一,高中,写人作文,作文网原创,847,扩展,60,拒绝,正文汉字数超出200-787,10a82e37c3ac0989fdef43fcc0dd31df6a02b9ff8e16bd3416edbf7aa758ffbb,高中栏目:https://www.zuowen.com/gaozhong/gaoyi/xieren/,900
NJ1,J1,https://www.zuowen.com/e/20130829/521ecef25b675.shtml,2513333,眼角的眼泪,2013-08-29,高一,高中,写人作文,作文网原创,1034,不匹配,2,拒绝,正文汉字数超出200-787,f673bf6700ff9e1b28ad8c9fec635aef2f906de5647fe040f2f8510c8aec27a6,高中栏目:https://www.zuowen.com/gaozhong/gaoyi/xieren/,1200
NJ1,J1,https://www.zuowen.com/e/20131126/5294a30cd31f2.shtml,2563599,友情,2013-11-26,高二,高中,写人作文,作文网原创,849,不匹配,3,拒绝,正文汉字数超出200-787,e634d15f22d788e2a2731d39eeb048ba75b67af5412ca6b08d040d8b7b2c99e6,高中栏目:https://www.zuowen.com/gaozhong/gaoer/xieren/,1000
NJ1,J1,https://www.zuowen.com/e/20130202/510cacb9ee7f8.shtml,2393162,渴 望,2013-02-02,高二,高中,写人作文,作文网原创,1149,不匹配,3,拒绝,正文汉字数超出200-787,231deb14561fadc5d8471a599f0ce09c70ff28c5603af71c3b6443f004100c0c,高中栏目:https://www.zuowen.com/gaozhong/gaoer/xieren/,1200
NJ1,J1,https://www.zuowen.com/e/20130415/516bee8d13ca4.shtml,2431141,朱老师的风采,2013-04-15,高二,高中,写人作文,作文网原创,1064,扩展,58,拒绝,正文汉字数超出200-787,06c9731914d82811b93f5cf78bde2dea9aaa3533e30d571992c80a08ce752e9b,高中栏目:https://www.zuowen.com/gaozhong/gaoer/xieren/,1200
NJ1,J1,https://www.zuowen.com/e/20131010/52563e005bdbe.shtml,2534265,我最想依靠的人是你,2013-10-10,高二,高中,写人作文,作文网原创,640,不匹配,2,拒绝,主题不匹配,805d1100d4c6cbfd416aba9f34d25a0611779d1d45c65627469088050947ce11,高中栏目:https://www.zuowen.com/gaozhong/gaoer/xieren/,700
NJ1,J1,https://www.zuowen.com/e/20131104/52776ef5a1ae5.shtml,2550160,与慈母书,2013-11-04,高二,高中,写人作文,作文网原创,763,扩展,61,候选,,dbdd4dbc146eca93c1791f74e5f3de4e22cd9896811bfa9a5f42be35625ba9ec,高中栏目:https://www.zuowen.com/gaozhong/gaoer/xieren/,800
NJ1,J1,https://www.zuowen.com/e/20130313/5140837449fe2.shtml,2411302,肩膀,2013-03-13,高一,高中,写人作文,作文网原创,731,不匹配,3,拒绝,主题不匹配,bdc45c3e6d5108a96b6c8c9beb72fbf5f34d01f24bb0abc73c675495ff50a259,高中栏目:https://www.zuowen.com/gaozhong/gaoyi/xieren/,800
NJ1,J1,https://www.zuowen.com/e/20130826/521b69a7c9edc.shtml,2511553,我心目中的好老师,2013-08-26,高一,高中,写人作文,作文网原创,1570,扩展,57,拒绝,正文汉字数超出200-787,868ffac9760ee3c9a14e40984fdcfac59fc0a4fc540ebd9d7b82732412e62c6d,高中栏目:https://www.zuowen.com/gaozhong/gaoyi/xieren/,1500
NJ1,J1,https://www.zuowen.com/e/20130905/522889fd163e8.shtml,2517502,致老师的一封信,2013-09-05,高一,高中,写人作文,作文网原创,582,扩展,58,候选,,48497c07c56869cb4553f5518586f2351f02c9b47d7c6c0fb870ddb3291cabea,高中栏目:https://www.zuowen.com/gaozhong/gaoyi/xieren/,700
NJ1,J1,https://www.zuowen.com/e/20131016/525df877d5b52.shtml,2538122,顺着天分做事，逆着性格做人,2013-10-16,高二,高中,写人作文,作文网原创,929,扩展,58,拒绝,正文汉字数超出200-787,5785e677ee52112a3f14241ca099d8855b70a54e1e7cbf620e4fb17f267885f0,高中栏目:https://www.zuowen.com/gaozhong/gaoer/xieren/,1000
NJ1,J1,https://www.zuowen.com/e/20131230/52c139cd1382f.shtml,2589588,给妈妈的一封信,2013-12-30,高一,高中,写人作文,作文网原创,700,扩展,57,候选,,248ee86899b223dfb118cd07cc644eedb30468718712ac755fc4fa290b1505ce,高中栏目:https://www.zuowen.com/gaozhong/gaoyi/xieren/,800
NJ1,J1,https://www.zuowen.com/e/20140829/540061f029d70.shtml,2718882,那最熟悉的陌生人——父亲,2014-08-29,高一,高中,写人作文,作文网整理,667,扩展,64,候选,,ae0c47d15865c5a37beb5002d957979e6afbeebd443667d0ef93a88c77201c03,高中栏目:https://www.zuowen.com/gaozhong/gaoyi/xieren/,
NJ1,J1,https://www.zuowen.com/e/20140412/53493f6fce7d6.shtml,2653719,我的母亲,2014-04-12,高一,高中,写人作文,作文网原创,1724,扩展,60,拒绝,正文汉字数超出200-787,956b7993cc03ded8706e8491f124aa8f8d6d233bea79eebf3d822e06b9acf78f,高中栏目:https://www.zuowen.com/gaozhong/gaoyi/xieren/,2000
NJ1,J1,https://www.zuowen.com/e/20140416/534e9b5616720.shtml,2657591,我的母亲,2014-04-16,高一,高中,写人作文,作文网原创,1725,扩展,60,拒绝,正文汉字数超出200-787,35887b66a10acb7bd7ef921a811f896616de1afc19411465d405a9b45b396a43,高中栏目:https://www.zuowen.com/gaozhong/gaoyi/xieren/,2000
NJ1,J1,https://www.zuowen.com/e/20140826/53fc446cd81ba.shtml,2717458,我的奶奶,2014-08-26,高一,高中,写人作文,作文网原创,296,扩展,63,入选,,79bd3e3c8b42d934a3d1654eba4c0ae7724d1a69089a5062621c0054083b9814,高中栏目:https://www.zuowen.com/gaozhong/gaoyi/xieren/,400
NJ1,J1,https://www.zuowen.com/e/20141118/546ab7cec4081.shtml,2734665,我的母亲,2014-11-18,高二,高中,写人作文,作文网整理,665,扩展,63,拒绝,正文哈希重复,6f2abfde9bd73e088dd27909399f06ac03840a42dcfcaeaf423a41a0cc156676,高中栏目:https://www.zuowen.com/gaozhong/gaoer/xieren/,700
NJ1,J1,https://www.zuowen.com/e/20140407/5342a418b144a.shtml,2650491,我的爸爸,2014-04-07,高一,高中,写人作文,作文网原创,690,扩展,61,拒绝,标准化题目重复,dd7283e6ddcb8c66f0ab729e3876c274a86b3c2c44c6390bc4764a5777c99173,高中栏目:https://www.zuowen.com/gaozhong/gaoyi/xieren/,800
NJ1,J1,https://www.zuowen.com/e/20141112/546326273aad1.shtml,2733723,职业——老师,2014-11-12,高二,高中,写人作文,作文网原创,508,扩展,58,入选,,d39b0bebfc9fb8b1c3985f36ff4181894317b4aef14afe2d22a6eab9945b7638,高中栏目:https://www.zuowen.com/gaozhong/gaoer/xieren/,600
NJ1,J1,https://www.zuowen.com/e/20140826/53fc4466adfb1.shtml,2717455,感谢有你,2014-08-26,高一,高中,写人作文,作文网原创,1277,扩展,58,拒绝,正文汉字数超出200-787,f671c4d1529afaa1f5085c7bb419c48dcfbcbeff1b9598d98edc965a19ef7d3e,高中栏目:https://www.zuowen.com/gaozhong/gaoyi/xieren/,1500
NJ1,J1,https://www.zuowen.com/e/20140829/54001485b646a.shtml,2718690,老殷头,2014-08-29,高一,高中,写人作文,作文网原创,583,不匹配,3,拒绝,主题不匹配,478b8b9065dea626bdc7a25c97dc18f8b2c97d0840b8d50b644e1cfb367749fd,高中栏目:https://www.zuowen.com/gaozhong/gaoyi/xieren/,750
NJ1,J1,https://www.zuowen.com/e/20140415/534d49480c4e5.shtml,2656731,致——我亲爱的奶奶,2014-04-15,高二,高中,写人作文,作文网原创,690,扩展,55,候选,,74dde892a15c2c7785921873d7c4e0db2b22c3464c416f7c22f383d7207c9923,高中栏目:https://www.zuowen.com/gaozhong/gaoer/xieren/,800
NJ1,J1,https://www.zuowen.com/e/20140904/5407d82f3ed6f.shtml,2719833,老师，你是我们的守护神,2014-09-04,高一,高中,写人作文,作文网整理,786,扩展,57,候选,,35d6aa237c789f29ced0b454ccbefe17ecf10eb6e4d2503fe36e7d9e56bf4544,高中栏目:https://www.zuowen.com/gaozhong/gaoyi/xieren/,900
NJ1,J1,https://www.zuowen.com/e/20140412/53493f7125abb.shtml,2653720,母爱无言,2014-04-12,高一,高中,写人作文,作文网原创,1030,不匹配,4,拒绝,正文汉字数超出200-787,1b81f2035aacfbf2b968df1cf72f85c4606d9607fd384ab925843d2305fa92c4,高中栏目:https://www.zuowen.com/gaozhong/gaoyi/xieren/,1200
NJ1,J1,https://www.zuowen.com/e/20140419/5352866831bc4.shtml,2660933,母亲情,2014-04-19,高一,高中,写人作文,作文网原创,917,扩展,58,拒绝,正文汉字数超出200-787,2a65895485bad033138defb7849c4826cdd5966c1d0d3e6a0480b9e303df2d4b,高中栏目:https://www.zuowen.com/gaozhong/gaoyi/xieren/,1000
NJ1,J1,https://www.zuowen.com/e/20140420/5353bd6241625.shtml,2661296,我姐是个好孩子,2014-04-20,高二,高中,写人作文,作文网原创,920,不匹配,2,拒绝,正文汉字数超出200-787,b0e3533cdc1b963785e8cc713c135c812c6986ad4a42fe026073cdb881e533f4,高中栏目:https://www.zuowen.com/gaozhong/gaoer/xieren/,900
NJ1,J1,https://www.zuowen.com/e/20140423/53575cfc13bdf.shtml,2663767,我最爱的傻姐姐,2014-04-23,高一,高中,写人作文,作文网原创,463,不匹配,4,拒绝,主题不匹配,894b4a185ad6644b250b14d14e7d6f185f1e4ba1202e1f2395539156ee116b9d,高中栏目:https://www.zuowen.com/gaozhong/gaoyi/xieren/,550
NJ1,J1,https://www.zuowen.com/e/20140507/536a2db9758b2.shtml,2673620,我的班主任,2014-05-07,高二,高中,写人作文,作文网原创,1239,不匹配,2,拒绝,正文汉字数超出200-787,62ba9248e8391ad0a7648b75d6318acd5cacd80217367fc0cbfeddf18472b897,高中栏目:https://www.zuowen.com/gaozhong/gaoer/xieren/,1500
NJ1,J1,https://www.zuowen.com/e/20140814/53ec5672394df.shtml,2714725,致我最挚爱的老师,2014-08-14,高一,高中,写人作文,作文网原创,985,扩展,56,拒绝,正文汉字数超出200-787,d43415a7632cb73c06ea2a6a2d65f6ac941ead84ee0e494ab212ca976fc80590,高中栏目:https://www.zuowen.com/gaozhong/gaoyi/xieren/,1200
NJ1,J1,https://www.zuowen.com/e/20140909/540ebe7bcd4e1.shtml,,失去的东西真的无法找回了吗？,2014-09-09,,,,作文网高中年级栏目,0,,0.0,失败,未找到 con_content 正文,,高中栏目:https://www.zuowen.com/gaozhong/gaoyi/xieren/,800
NJ1,J1,https://www.zuowen.com/e/20140415/534d494936c96.shtml,2656732,友情那点事,2014-04-15,高二,高中,写人作文,作文网原创,776,不匹配,2,拒绝,主题不匹配,30bd92b7ef69927bc378886b6977c31291a39596c0ceb2a55e0235eb88a6a6d0,高中栏目:https://www.zuowen.com/gaozhong/gaoer/xieren/,900
NJ1,J1,https://www.zuowen.com/e/20140417/534fe27db63ba.shtml,2659049,妈妈的节日,2014-04-17,高一,高中,写人作文,作文网原创,590,扩展,57,候选,,9f014d95086f9c392b8c976871cadca5945a7fa81b990d17c41c823c8ef81aea,高中栏目:https://www.zuowen.com/gaozhong/gaoyi/xieren/,650
NJ1,J1,https://www.zuowen.com/e/20140423/53575cfd35a23.shtml,2663768,我敬佩的一个人,2014-04-23,高一,高中,写人作文,作文网原创,419,扩展,58,入选,,d7967b47ae91d6d5e19dbe6d70a790716c25aa2905a6747069b1e1dba0456705,高中栏目:https://www.zuowen.com/gaozhong/gaoyi/xieren/,450
NJ1,J1,https://www.zuowen.com/e/20140818/53f166f8da10e.shtml,2715250,那双手,2014-08-18,高一,高中,写人作文,作文网原创,559,不匹配,2,拒绝,主题不匹配,aea9aff002a77f33344c40494e3b5ee477e2eeb3d13d34100e379c27c7c69d4c,高中栏目:https://www.zuowen.com/gaozhong/gaoyi/xieren/,1200
NJ1,J1,https://www.zuowen.com/e/20140826/53fc4467f1640.shtml,2717456,心中的微澜,2014-08-26,高一,高中,写人作文,作文网原创,556,扩展,57,候选,,9ef9178473ec41583d6194c167635084e3a8060d75169ce54f0333f5b028a373,高中栏目:https://www.zuowen.com/gaozhong/gaoyi/xieren/,800
NJ1,J1,https://www.zuowen.com/e/20140912/5412955675f2c.shtml,2721407,丢掉偏见,2014-09-12,高一,高中,写人作文,作文网原创,554,不匹配,2,拒绝,主题不匹配,a7527b26ae925474f62dea050d4925a9500c6520b819450002c60f8d40dff7f3,高中栏目:https://www.zuowen.com/gaozhong/gaoyi/xieren/,700
NJ1,J1,https://www.zuowen.com/e/20140417/534fe27baf21f.shtml,2659047,怦然心动的一刻,2014-04-17,高一,高中,写人作文,作文网原创,990,扩展,64,拒绝,正文汉字数超出200-787,eb3f0e66333e3934f47981d0bfbc270b5525b9836b379ce6be96916e84b0577c,高中栏目:https://www.zuowen.com/gaozhong/gaoyi/xieren/,1200
NJ1,J1,https://www.zuowen.com/e/20140826/53fc50b3576ed.shtml,2717478,姥姥,2014-08-26,高一,高中,写人作文,作文网整理,821,不匹配,2,拒绝,正文汉字数超出200-787,6dc0c2de6888cc8856ee0a4d01e8527be6a59412a804e2b874fce293a1c19945,高中栏目:https://www.zuowen.com/gaozhong/gaoyi/xieren/,
NJ1,J1,https://www.zuowen.com/e/20140417/534fe27cb2d6a.shtml,2659048,母爱似海,2014-04-17,高一,高中,写人作文,作文网原创,521,扩展,58,入选,,e94e0e801f6bbd02df60302ac964ed2159729967980430d56d024eb8c0d28e67,高中栏目:https://www.zuowen.com/gaozhong/gaoyi/xieren/,600
NJ1,J1,https://www.zuowen.com/e/20150722/55af4db6f1ea1.shtml,2781179,天使的另一个名字,2015-07-22,高二,高中,写人作文,作文网原创,721,不匹配,2,拒绝,主题不匹配,a2905474d22a3b440482b0e585d1fa59d06930d422674430317b1ab3a4631d43,高中栏目:https://www.zuowen.com/gaozhong/gaoer/xieren/,800
NJ1,J1,https://www.zuowen.com/e/20161229/58647529dbe0f.shtml,2939052,同学的关爱,2016-12-29,高三,高中,写人作文,作文网高中作文文库（作文网原创）,341,扩展,52,入选,,f1038ccc385ab2549f9418dbe2fe328951f19da85c8f6ff7b21550e671d7a11d,高中作文文库:https://www.zuowen.com/wk/gz-0-1-17-0-2.html,700
NJ1,J1,https://www.zuowen.com/e/20160906/57ce760f3f6c2.shtml,2929895,[母亲节征文]我的天使母亲,2016-09-06,高二,高中,写人作文,作文网高中作文文库（作文网原创）,546,扩展,60,入选,,94b1e6b57c3309f22012e97daa8fe6408aeeb08a3e683a94d083ee7fd4463290,高中作文文库:https://www.zuowen.com/wk/gz-0-1-16-0-2.html,650
NJ1,J1,https://www.zuowen.com/e/20160906/57ce87c652360.shtml,2930844,我的朋友,2016-09-06,高二,高中,写人作文,作文网高中作文文库（作文网原创）,518,扩展,60,入选,,6e191cc7884b66953a713f5aabdca2404be83a481c7afdd927dc470ddf65b302,高中作文文库:https://www.zuowen.com/wk/gz-0-1-16-0-2.html,650
NJ1,J1,https://www.zuowen.com/e/20161216/585347c24e823.shtml,2938214,我的母亲,2016-12-16,高二,高中,写人作文,作文网高中作文文库（作文网原创）,518,扩展,60,拒绝,标准化题目重复,4e4ea7121f3067cf4510dd110074cb7865efd37fd273f6378bd3cb12aea3432e,高中作文文库:https://www.zuowen.com/wk/gz-0-1-15-0-2.html,600
