篇名代码,作文文件名,纯文本字数,国籍,作文分数,词汇丰富度与词汇扩展,基础词汇与叙事推进,人称指涉与信息密度,句法延展与分句复杂度,动作过程与动词链,语言来源
J1,J1_55_01,304,韩国,55,0.44401674470373875,1.6572821022426476,1.792196033099311,-1.0735087803598475,-1.0611703451940617,学习者
J1,J1_60_01,254,日本,60,0.6781405005222687,0.5869377021976707,1.4316168181976492,-0.6369434661236087,-0.7942628598279234,学习者
J1,J1_60_02,268,马来西亚,60,0.577714178283285,0.06550851103623172,2.6344481246975424,1.0605195773591454,-1.1334754809643377,学习者
J1,J1_60_03,183,泰国,60,1.3162426678954398,1.2163511696485443,2.4508567127988177,1.814334621803376,-0.4371673023318851,学习者
J1,J1_60_04,434,韩国,60,0.03474242383369395,1.360947516347037,0.8281654973616662,-1.0061230210938068,-1.627056486346938,学习者
J1,J1_65_01,313,马来西亚,65,1.426194431845825,-0.11021003835730589,1.2650261368896973,-0.22521364551482198,-0.023524734283275357,学习者
J1,J1_65_02,344,韩国,65,-0.2188573153266733,0.16012192317950508,0.9687920612871087,-1.2644058745999065,-0.023249790966854436,学习者
J1,J1_65_03,242,新加坡,65,0.8060251162761728,0.2876467982562712,0.9266621545016731,-0.6656810761156646,0.559751340065767,学习者
J1,J1_65_04,372,韩国,65,-0.8326968675790214,0.0679654134839277,1.2525127145435193,-0.05775033956241414,-0.03705938676213104,学习者
J1,J1_65_05,208,缅甸,65,1.3675580092524164,1.4367140900155813,0.8119537785915195,-0.44557705105695916,2.1378338792474025,学习者
J1,J1_65_06,561,印度尼西亚,65,-0.7851490431017062,1.24442629505458,1.4053942624991944,-0.214182270085088,1.4022958050408671,学习者
J1,J1_65_07,322,印度尼西亚,65,-0.8547168237046687,0.8916224704747171,2.174754519219992,0.4411026382561574,0.29497375103120943,学习者
J1,J1_65_08,319,乌克兰,65,-0.39686756993455613,0.2692934933529835,2.01758807910073,0.40841958445760956,-0.1843703140899542,学习者
J1,J1_65_09,328,泰国,65,0.465921498908557,0.10575002125258048,2.76452528179672,0.042495976582379115,-0.4141122065764727,学习者
J1,J1_65_10,300,新加坡,65,2.7481491181667,-0.29643081044919334,-1.695921009631123,0.3294937880370768,-1.9157789045195899,学习者
J1,J1_65_11,486,新加坡,65,0.19719484164636863,-0.7738111714853998,0.44059999676160705,-0.08188236060863772,0.8229187785133484,学习者
J1,J1_65_12,507,波兰,65,-0.5223708561145637,-0.02034430013374605,0.8861403096283521,0.23921026569062007,-1.1292944200074173,学习者
J1,J1_65_13,365,新加坡,65,0.6581447869672449,-0.30692078795315775,-0.1322270020143789,2.9393013603334377,-0.4842345838367747,学习者
J1,J1_65_14,398,韩国,65,-0.9778613809137501,0.12203176521899271,1.992375229196037,-0.9076248411074619,-0.15501150363283192,学习者
J1,J1_65_15,268,英国,65,1.7922549120768103,0.3580269481334817,0.7216644929738669,1.4886617385171113,-0.501242361723643,学习者
J1,J1_65_16,428,印度尼西亚,65,-1.5359141443025537,0.6702512972967557,1.281423099496156,0.3131314383239907,-0.2412205907126933,学习者
J1,J1_65_17,213,日本,65,-0.6241878110781683,2.1733961528715695,1.7285235418105818,0.10896745422590988,3.411077711873935,学习者
J1,J1_65_18,346,韩国,65,-0.26943744275778736,1.510618851340217,1.9767892460679428,-1.33774463392002,-0.8637418731322006,学习者
J1,J1_65_19,302,美国,65,-0.3672096515056617,-0.15074971987933497,2.1362230810256246,-0.17421796778303064,-1.2508728939381522,学习者
J1,J1_65_20,276,新加坡,65,0.2762223745201601,-0.08191052286128325,0.6200414134461398,-1.1023957287911907,-0.6464120503124184,学习者
J1,J1_65_21,414,新加坡,65,-0.08277037273489608,-1.2643824759070998,0.650963186782578,-1.0334436731411405,-0.24427526733610733,学习者
J1,J1_65_22,332,缅甸,65,1.3554282608468877,0.5033929690335818,0.8750880886823006,-0.42229828858531554,2.100107282363904,学习者
J1,J1_65_23,216,葡萄牙,65,2.4964881086483643,0.5386649755327901,1.4770157934860957,1.0382772748084244,0.4437637537975119,学习者
J1,J1_65_24,150,英国,65,1.9561697455053657,-1.117772437231431,1.1116969755610675,0.22367940879997433,-1.434786356571981,学习者
J1,J1_70_01,320,俄罗斯,70,1.0939972400636344,1.3009587069485649,0.0048054463318976705,-0.4716977147861199,-0.42151817758994153,学习者
J1,J1_70_02,391,新加坡,70,0.9911059176007023,-0.06818031700022237,1.012533684126412,0.21379948399029836,1.1723947766866407,学习者
J1,J1_70_03,443,日本,70,0.42497183809407557,1.1079147985734557,0.05254322166557088,0.18752885376801173,-0.48660000090543953,学习者
J1,J1_70_04,342,新加坡,70,-0.17947592236274906,-0.704238963738685,1.4289466519057052,0.1987696334734936,-0.8851456265113299,学习者
J1,J1_70_05,394,日本,70,0.4145881789389534,-0.04193825517014922,1.5447446267669727,-0.7448833841476401,-1.7424450446765325,学习者
J1,J1_70_06,393,新加坡,70,1.5049593147971547,0.404118374634865,1.0845036854023344,3.4702423875012536,0.8661384394814651,学习者
J1,J1_70_07,415,韩国,70,-0.6410192933075155,0.9291900855752251,0.5469643774713177,-0.8541536702344513,0.10989661060958089,学习者
J1,J1_70_08,411,韩国,70,-1.1137402847416662,0.17198865412175096,0.04823741435645978,-0.15431498053885834,-1.010626709096146,学习者
J1,J1_70_09,379,韩国,70,0.9363679618135267,0.24139606755144635,1.110563792368545,-0.5082309354490182,-1.4847433067829425,学习者
J1,J1_70_10,432,新加坡,70,1.0572280200689668,-0.4218383256850673,0.9351478181288605,0.5574589953588726,1.4027894172921485,学习者
J1,J1_70_11,448,韩国,70,-0.008261363030723053,-0.04592664701680927,0.696515285211219,0.8632666769093043,-0.5986920467436391,学习者
J1,J1_70_12,317,韩国,70,0.7660579911831706,1.5951636659987203,0.42109175650619773,-1.276573415664138,-0.8499705122956863,学习者
J1,J1_70_13,399,加拿大,70,0.23553845096850348,-0.06170376102094064,0.6036974393347504,0.15598327271596574,-0.3025003525887193,学习者
J1,J1_70_14,311,泰国,70,0.24499517677955326,0.48268940775747643,0.8236612477516772,1.2026557347427822,0.07736276250257855,学习者
J1,J1_70_15,295,日本,70,0.702213158998645,0.732158874350884,1.2736624294292047,-0.016063074500356118,-0.24027652795289342,学习者
J1,J1_70_16,263,韩国,70,2.787517664038735,0.45352246422183384,0.29418447326256025,-0.6588464377461078,0.3561050519735385,学习者
J1,J1_70_17,413,韩国,70,-0.9211576447453003,0.29658068366237683,2.7526531067640865,-0.45879942473324364,-1.269678364868519,学习者
J1,J1_70_18,355,韩国,70,-0.24219376706302323,0.3432737256052906,1.0663814797076656,0.6060935919547655,-0.8594567733635411,学习者
J1,J1_70_19,331,日本,70,0.36519144933333425,1.5560475107176701,1.2054030988689306,0.4469604536258409,0.1996256173817793,学习者
J1,J1_70_20,373,日本,70,-1.0295510377073043,0.9952978474450582,0.7944767437365152,-2.2819529419404745,-1.3748795828253388,学习者
J1,J1_70_21,448,韩国,70,-1.3534312575249916,0.4703055956091076,0.004931430894294085,-0.3876607382705575,0.149391601392806,学习者
J1,J1_70_22,316,韩国,70,0.9277168077276755,1.4109062131604688,1.573114600461472,-0.3451814443098798,-0.8348349839189995,学习者
J1,J1_70_23,405,新加坡,70,0.8605508425604034,-0.43022878328807096,1.0053431548083378,0.6899059535297191,0.597902611315443,学习者
J1,J1_70_24,278,日本,70,-0.2697541668426078,0.9986126709622543,1.1573031559435571,-0.7330151784753064,-0.034781372968176565,学习者
J1,J1_70_25,334,新加坡,70,2.3225636646422227,-0.02988777512468761,-0.20588222119698157,1.8052337620971979,0.6146432410686176,学习者
J1,J1_70_26,406,韩国,70,-1.0186216436305007,-0.3112338910036372,2.266825425518051,-1.1133918809683216,-0.3277745185441532,学习者
J1,J1_70_27,322,日本,70,0.6122296319475792,0.437293121159743,0.5610318717554816,-1.011772809824861,-0.6022897481485417,学习者
J1,J1_70_28,293,韩国,70,0.7035428573076662,0.24253900525606803,0.5818777192487494,-1.5828476045169475,-0.6356717241961563,学习者
J1,J1_70_29,410,美国,70,-0.7737805473003847,0.2834150975956598,1.7196983247696505,-0.6545172027856697,0.35317872082823965,学习者
J1,J1_70_30,338,韩国,70,0.26896146577294494,-0.11309435100353707,1.7584689086326108,-0.403862287722795,-1.5304978766540795,学习者
J1,J1_70_31,294,马来西亚,70,1.4207437751092604,-0.08987449301527506,0.7900689224589539,1.7946562561057933,-0.6178241749418093,学习者
J1,J1_70_32,412,新加坡,70,0.45289266132336653,-0.6924470527967861,0.815752259709307,1.5125270670625102,-0.4727467187593834,学习者
J1,J1_70_33,331,日本,70,-0.47509210194478946,-0.29745199989314103,2.2410120165503784,1.1753094068352512,1.476510777251681,学习者
J1,J1_70_34,468,韩国,70,-0.26668182549148634,-0.3317157824915007,1.2295962209074927,-0.9914876429592518,0.820953161449661,学习者
J1,J1_70_35,375,韩国,70,-0.06686182812806267,0.9411781300487195,1.6256899417179633,-1.4612625921629225,0.5538003337756024,学习者
J1,J1_70_36,459,韩国,70,-1.137410855725575,1.0431320410466023,0.9604888674292361,-0.12546499133472316,-0.6001742191939343,学习者
J1,J1_70_37,375,日本,70,0.5898100658448777,0.8803900689674724,1.4448900060263454,0.2832807481710417,0.05227937420038806,学习者
J1,J1_70_38,284,印度尼西亚,70,0.46959426138872346,0.6283880941803003,1.315778012880091,-1.1246076860328453,-0.05571102981214582,学习者
J1,J1_70_39,404,日本,70,-1.084938356725129,0.06429579481640378,1.0429869250370751,0.6437505177341146,-1.3554505431927986,学习者
J1,J1_70_40,347,日本,70,0.19068523945051663,0.39416825841522996,0.9562647249736906,-0.5510826644319831,-1.4471340481990105,学习者
J1,J1_70_41,435,新加坡,70,-0.7897722568753999,-0.7323099131569127,1.8444181353879887,-0.5325453855057607,-0.844399960918564,学习者
J1,J1_70_42,367,日本,70,-0.6422554426219824,0.5378257875668285,1.0192715711959976,-0.7164078692592432,-0.1325645650721498,学习者
J1,J1_70_43,362,日本,70,-1.0716723011222626,0.8412082091077805,1.917165030321821,-0.19961835676506934,-1.0725087721330266,学习者
J1,J1_70_44,318,日本,70,-1.5143730084130225,0.20854118630610344,-0.794151930355586,-1.3869561208698862,-1.232887687510627,学习者
J1,J1_70_45,309,马来西亚,70,2.592363759653079,-1.479963434164658,-0.38479341679536944,0.9447284829631638,-0.29849472605754473,学习者
J1,J1_70_46,377,韩国,70,0.4410670680190135,-0.13506183090951207,1.9014316686599402,-1.2162692992233013,-1.3549439478093985,学习者
J1,J1_70_47,487,韩国,70,-0.7739911187706024,1.3093873394469688,2.5056555340660562,-0.5101330516947582,-0.14297360361672015,学习者
J1,J1_70_48,340,日本,70,0.5740153691777107,0.8472037777314757,1.7025963232322574,1.5301576615789725,-0.8380976709246761,学习者
J1,J1_80_01,525,马来西亚,80,0.031170973592218,-1.03855190602178,0.6127703947466717,1.559000982245056,0.5093261631088324,学习者
J1,J1_80_02,418,印度尼西亚,80,0.1487283065419091,0.05317840149167479,0.43302143341728766,0.44196145817003474,0.21427170767191345,学习者
J1,J1_80_03,463,新加坡,80,1.656622350115333,0.25891665601568836,-0.8300900229723689,0.8066916852348994,-0.39963668885914505,学习者
J1,J1_80_04,329,马来西亚,80,1.0099118182269349,-1.45477969675325,0.7490203954170774,0.12030616858512969,-0.03848442330650556,学习者
J1,J1_80_05,342,缅甸,80,-0.2531234950671716,-0.05213799550744938,0.176308568698787,0.46520049116580026,0.055814395465158984,学习者
J1,J1_80_06,485,韩国,80,0.7624287026078077,1.274830769910675,0.9230551327767326,-1.0806479456103197,0.9258156728369564,学习者
J1,J1_80_07,376,新加坡,80,1.10199506955383,-0.8034500509379269,-0.04141889937557817,-0.1570499909664062,-1.1628454553827536,学习者
J1,J1_80_08,235,印度尼西亚,80,-0.5545705853479763,-0.6104181555899654,0.8861976363549501,0.9088331199164181,-1.121879125499457,学习者
J1,J1_80_09,514,新加坡,80,0.8427777382204543,0.3930474776359859,0.7931207587674303,0.48111796717910166,0.73180829112181,学习者
J1,J1_80_10,347,印度尼西亚,80,-1.9136166020136316,0.5602928099985621,2.424508935709207,-0.6253482788384681,-0.7263223180918796,学习者
J1,J1_80_11,603,印度尼西亚,80,1.6261933053337192,0.07650730170188164,0.6638925205654747,3.890264042984297,0.02243103369700074,学习者
J1,J1_80_12,559,马来西亚,80,0.5742628649634979,-0.9806548534231685,0.1536795353059687,0.10628395655789277,-0.0831365197674527,学习者
J1,J1_80_13,383,马来西亚,80,0.9677810844606359,-0.7614889733109816,0.19281075961781666,-0.6939830228117959,0.3834283179943093,学习者
J1,J1_80_14,329,印度尼西亚,80,0.7515803302184009,1.0973746701941987,2.3069188300615946,-0.8644867779425043,0.41427451887854455,学习者
J1,J1_80_15,404,新加坡,80,0.9393448703402183,-1.0761979474245051,0.9442966076059921,1.746296649132119,-0.3752953594833849,学习者
J1,J1_80_16,545,日本,80,-0.5498231115071837,0.8894768263261545,0.801717805546425,0.2085020790785082,0.16804954255946283,学习者
J1,J1_80_17,467,新加坡,80,1.8709406617360056,-0.33474859021367226,-0.15398904002385205,1.4893110710512774,-0.9208577582693749,学习者
J1,J1_80_18,322,菲律宾,80,0.5665367536778952,0.8959793092573481,2.5911487164931315,-1.303794331232012,0.2776309633252729,学习者
J1,J1_80_19,303,葡萄牙,80,0.7557794539399888,0.9384488277417046,1.006032677147965,0.7160234391525747,-0.05678722740156388,学习者
J1,J1_80_20,452,奥地利,80,0.6311079913050941,0.04571437485558922,1.44672632192909,-1.071900551537324,-0.39328729485158925,学习者
J1,J1_80_21,376,葡萄牙,80,0.6737766747049834,0.19966456753845485,1.289118467552385,0.6635772882474067,-0.3820716579458323,学习者
J1,J1_80_22,582,新加坡,80,0.8556094726785788,0.649642027274995,0.8238376269750628,0.9621498205417683,-0.3112421358740925,学习者
J1,J1_80_23,330,泰国,80,-1.3495796697296765,1.3458569428162774,1.6743259994669024,-0.5514542506267386,-0.48233924562631436,学习者
J1,J1_80_24,472,缅甸,80,0.7220902588680266,0.20303591463254628,0.9020365418038727,0.4886488864959946,0.27849263597578944,学习者
J1,J1_80_25,434,新加坡,80,0.0814748311153984,-0.4254449491550357,0.1645716015189846,0.050107994591610534,2.4164980331259307,学习者
J1,J1_80_26,452,新加坡,80,0.8695043574514921,-0.9412749023026347,0.48107931736972437,0.4157989508930291,0.009046774292562036,学习者
J1,J1_80_27,500,新加坡,80,1.235686069478141,-0.47395699034834776,0.8369038929296931,-0.38772366355853655,-1.0557545638057135,学习者
J1,J1_80_28,446,马来西亚,80,0.9455866796950736,-0.42639330611471604,1.132716525659381,0.31396042519299383,0.6261731414914611,学习者
J1,J1_80_29,403,印度尼西亚,80,0.03574375775165066,0.2562918325860487,1.7965365076843915,-0.25490152109902176,0.4524138981583826,学习者
J1,J1_80_30,376,泰国,80,-0.1463096132008431,-0.21450365518879863,1.5598344146099303,0.19575426409862032,-0.32844056085937945,学习者
J1,J1_80_31,365,新加坡,80,1.6741702445306907,-0.21726007057136862,1.0973644515599985,1.4772421639159925,-0.9569336086695398,学习者
J1,J1_80_32,437,法国,80,1.054299008554548,0.1681030685680457,0.26987917295779773,-0.2535156049112583,-0.47498859501231955,学习者
J1,J1_80_33,475,葡萄牙,80,0.2402807773919076,-0.3686814389822801,1.5257562371932687,0.5150707941843127,-1.0673827933393036,学习者
J1,J1_80_34,428,马来西亚,80,0.5057654043543955,0.16836791140321658,1.099046410137026,1.1578418355812605,-0.8502894389748503,学习者
J1,J1_80_35,380,新加坡,80,0.9145061640010117,-1.7993910835309066,0.7188297780337801,-0.13570369054118306,-0.40138379472175956,学习者
J1,J1_80_36,453,马来西亚,80,0.1480002566604771,-0.2118269022651079,1.4124634410486736,0.02246964181166457,-0.5349789639228838,学习者
J1,J1_80_37,462,越南,80,0.6841494636128513,0.2643567122004652,0.8935552921809405,0.5335837586070604,0.06910282358444443,学习者
J1,J1_80_38,329,马来西亚,80,2.2320025902408935,-0.926670111464211,0.20603960133962412,1.7912306536267826,-0.052648336967900874,学习者
J1,J1_80_39,376,泰国,80,0.7076482447175562,1.3936920108341262,1.5221990753847696,-0.1269126310241866,-0.06762324633586872,学习者
J1,J1_80_40,443,缅甸,80,0.2249094249912948,0.060845588034588935,0.740888294995143,2.18816208708753,0.9550104042187253,学习者
J1,J1_80_41,318,新加坡,80,1.6724930720129014,0.7742794578792435,0.6602804801340897,0.7742459286495977,1.4526994160858333,学习者
J1,J1_80_42,473,马来西亚,80,2.6180057129943246,-0.9439965726619375,-0.6359717304568747,1.1014774570554944,-0.20701366608811644,学习者
J1,J1_80_43,592,马来西亚,80,1.3147085315191884,-0.7943148191512476,0.21600609582057748,-0.04230299144276555,1.06722437728392,学习者
J1,J1_80_44,322,印度尼西亚,80,-1.0179925109648986,0.24938889008767767,0.806885964544876,0.38262306791526496,-0.2871118092180837,学习者
J1,J1_85_01,376,日本,85,-0.9080193170713026,1.0451006996358865,1.3435995528350668,-1.455565517496439,-1.5012208276892165,学习者
J1,J1_85_02,293,印度尼西亚,85,0.5349137208329476,0.597490408863183,1.3999189050906042,-2.104795659474616,-0.46295929719355594,学习者
J1,J1_85_03,346,葡萄牙,85,0.7174028478485769,1.1435965263785244,2.0935342996127955,0.07647441439185462,1.9327592081233549,学习者
J1,J1_85_04,513,马来西亚,85,-0.3992847170897591,-0.18327007727856112,1.2189959669019534,0.7162432617665896,0.7036763814136362,学习者
J1,J1_85_05,390,韩国,85,1.1727585521090558,-0.10838918213039599,0.6664482780479482,0.36078170149174543,0.38608436523308576,学习者
J1,J1_85_06,431,葡萄牙,85,0.7090479995514991,-0.6165705553016865,0.4121189194621784,-0.1432515544744193,-0.340601560248623,学习者
J1,J1_85_07,437,马来西亚,85,0.21087875435238937,0.8140205848509157,1.533014533463892,-0.8842260870837858,1.2556125643701723,学习者
J1,J1_85_08,358,法国,85,0.5444459092299017,0.11456922916875402,2.2732955733668083,0.6838757129098177,-0.3307876975900365,学习者
J1,J1_85_09,489,新加坡,85,0.9594026278899239,-0.2864547476181789,0.34456729053370705,-0.37849530678038656,0.8423806738932679,学习者
J1,J1_85_10,540,菲律宾,85,0.1186694226082753,1.085436279657484,0.6689731897527159,1.4852117251604464,0.7630015510451448,学习者
J1,J1_85_11,431,菲律宾,85,-0.041659752923434455,-1.1064217153220364,0.8784546735077959,0.84819968781044,-0.006554120766097133,学习者
J1,J1_85_12,497,菲律宾,85,0.1234787165235818,0.8620418554957424,0.8911429368514996,1.3498114696360257,1.575503841872599,学习者
J1,J1_85_13,447,葡萄牙,85,-0.29621731784391053,-0.022088696289743182,1.8072947580528698,0.9863616842480397,-0.8831897058540683,学习者
J1,J1_85_14,495,美国,85,-0.7306325850772013,0.8711389800732242,1.3514595540358803,-0.6047742814417029,0.8867607275528706,学习者
J1,J1_85_15,460,菲律宾,85,0.9889406146836339,-0.40995418828400915,0.4075839496794999,0.749913536173608,-0.269762633542366,学习者
J1,J1_85_16,302,葡萄牙,85,0.8331318949592508,0.7970206603380418,0.9519891565558755,-0.6047861583787294,-0.7011168794483007,学习者
J1,J1_85_17,324,泰国,85,0.15349738284128633,1.443110275270755,1.7919922121588623,-0.7252679132082472,0.09465742618210697,学习者
J1,J1_85_18,400,缅甸,85,-0.7441029993728546,0.8013961869673002,0.591285501036608,-1.0559480515112332,1.3552590261865005,学习者
J1,J1_90_01,411,马来西亚,90,-0.3586686682780738,-0.970273637278076,0.06978083717650932,-1.378687597655045,-0.6957815556947607,学习者
J1,J1_90_02,487,新加坡,90,2.2445033029332815,-0.9268810127505508,0.4164194132324891,2.265346880312832,-0.497239142774345,学习者
J1,J1_90_03,584,新加坡,90,-0.04366218413787309,-0.7393097488268295,0.5174427573819808,2.537113767221807,0.7184356579254917,学习者
J1,J1_90_04,442,日本,90,0.272098180094188,0.759035434511873,0.9247913258820656,-0.9368820001878305,1.038050989113496,学习者
J1,J1_90_05,531,新加坡,90,1.0907350390797534,-0.026449088137333814,0.4559359194676647,3.0648995923498297,-0.053236586573335166,学习者
J1,J1_90_06,416,菲律宾,90,0.21618130648527922,-0.18984193590369386,0.9355167376148051,0.26243580928166527,0.3020209997024748,学习者
J1,J1_90_07,362,韩国,90,0.2806183119260986,-0.10342923420729512,0.5135472672112132,1.0152590854033057,0.13362643285740983,学习者
J1,J1_90_08,497,菲律宾,90,0.17419693357215785,-0.0003951104606179357,0.9778050383959705,0.5183200348901691,-0.1396784779711277,学习者
J1,J1_90_09,414,英国,90,1.3470562800906618,0.9892884696409611,1.0121992205366543,0.8532324586521881,0.9392972820804102,学习者
J1,J1_90_10,478,葡萄牙,90,0.7961326932447709,0.8182792995298352,1.3221247317479314,0.9662654834180662,-0.4247144671772211,学习者
J1,J1_90_11,391,葡萄牙,90,1.5669432129006775,-0.5835667204624133,0.7948227430056414,0.8483587262637733,0.5842510315795725,学习者
J1,J1_90_12,443,泰国,90,1.2399284391767056,0.1338630601334703,1.3287576984638316,1.0871865610286116,0.021257693846141814,学习者
J1,J1_95_01,389,新加坡,95,1.4917888276181266,-0.18154116149210348,0.3199253772639829,2.035156392528563,-0.15367280625407653,学习者
J1,J1_95_02,413,越南,95,-0.8827156482293267,0.43797260667358934,0.9687746989483448,-0.10290762472185333,-0.41084589926067705,学习者
J1,J1_95_03,546,菲律宾,95,0.44417092782698814,0.5858557366729045,0.16564070411836135,1.8277255481524148,1.0582456753982477,学习者
J1,J1_95_04,398,缅甸,95,-0.3538813857252667,0.5006025036515164,2.0128629385415038,0.00821766141526375,-0.7257284642898525,学习者
J2,J2_55_01,206,印度尼西亚,55,1.6383039258068794,1.2797965352063168,0.3143477506813678,-1.248543871633786,-1.9882219919975532,学习者
J2,J2_60_01,252,日本,60,0.2883230526176747,1.4592262460266032,0.008562403213619387,0.1951404555016025,1.0765257315124048,学习者
J2,J2_60_02,257,日本,60,1.2347096640504487,1.9606254855347898,1.4891851943320478,-0.9418053553717862,-0.22876469138076658,学习者
J2,J2_60_03,234,日本,60,0.9965907023239913,1.4349754530712286,-0.6457725558681389,-0.42192912591468407,-0.1451286956367613,学习者
J2,J2_60_04,219,日本,60,-0.02366356536506778,1.9907532999517694,-0.46606820740828814,-0.8227753093453892,0.8665276548003573,学习者
J2,J2_65_01,249,日本,65,-0.6540505496196504,1.7617781882107022,0.6261366984194655,-0.59870673222979,-0.1089335323012848,学习者
J2,J2_65_02,349,日本,65,0.9005355957522548,0.8969021696609673,0.9506399800722671,0.6139024738426034,-0.8193255440707973,学习者
J2,J2_65_03,560,日本,65,-1.1227319472745834,1.260637579648371,1.3504124259375112,0.2581163430728061,0.7537001197251402,学习者
J2,J2_65_04,440,日本,65,-0.9243402663399981,1.4632021772785693,0.9688785838098871,-0.10300402686633522,-0.39302588819476914,学习者
J2,J2_65_05,206,日本,65,1.4701162646494328,1.0271196105114877,-0.05684231477843938,0.20955109765880148,-2.0484583842424775,学习者
J2,J2_65_06,273,日本,65,1.3620497267565124,2.1313237891024537,0.6444143334767014,0.3742209742181544,-0.2881742636821483,学习者
J2,J2_65_07,310,日本,65,0.46091636267857566,1.0435589359578568,-1.2981158955628944,-2.074131052040363,-1.3457434171581117,学习者
J2,J2_65_08,410,日本,65,-0.35312949759948664,1.4880112543457915,-0.43725275340892833,0.7709050630720532,-0.7026585795445618,学习者
J2,J2_65_09,509,日本,65,-0.40798478619090467,2.273287185191828,0.037322773036831826,0.07423879847336075,1.0856909205958922,学习者
J2,J2_65_10,407,日本,65,0.18501563607943242,1.2983067241238277,1.4956224572952317,-0.7789816766982617,-0.505493812241869,学习者
J2,J2_65_11,200,日本,65,1.6125652357013864,1.7688051086002528,-0.45452789867669,-0.609457821515702,-0.07916865246940816,学习者
J2,J2_65_12,332,日本,65,-0.19245970034545193,1.3391590291424487,-0.06283428244208229,0.1315249881285396,-0.009552072649320007,学习者
J2,J2_65_13,236,加拿大,65,1.498866683135647,-0.4489500578462069,-0.13107406996796764,0.2569294888251848,-0.18243004947846855,学习者
J2,J2_65_14,325,日本,65,0.8735777330668288,1.4221525871425595,0.5378886208309405,-0.702587671943833,-0.7164130183118633,学习者
J2,J2_65_15,366,美国,65,0.9265396541206575,-0.3552058070120958,0.0068270131251672046,0.1284467056921977,-0.5736862413245861,学习者
J2,J2_65_16,397,日本,65,1.2923800896672775,0.40001467895055515,-0.4570266768849361,1.3671390330158035,-0.12635242280127965,学习者
J2,J2_65_17,364,日本,65,-0.23340588232486542,1.7109184432552602,-0.12746147643816771,0.26100455286330093,-0.3379220344433718,学习者
J2,J2_65_18,296,日本,65,0.8149920447149328,0.9965646066381973,1.4737445773813727,-1.9616559734846326,-0.7302439527537694,学习者
J2,J2_65_19,287,日本,65,-0.048510830192945095,0.9788084730620737,-0.20614853179397624,-0.23770844303714636,-1.363845290475425,学习者
J2,J2_65_20,455,日本,65,0.6905439275033703,1.2626201300395847,0.37097170388336576,1.164561723134545,-1.2196280937579376,学习者
J2,J2_65_21,318,日本,65,-0.1640539628787585,0.5270864744008493,-0.16095590844148158,1.7950265352710217,0.09329010453410422,学习者
J2,J2_65_22,297,日本,65,0.9348168293421538,1.274705103322074,0.5563763622987593,-0.7948741132891144,-0.011128114186269158,学习者
J2,J2_65_23,469,日本,65,-0.8338851672807156,0.5426679197825495,0.8520167438128309,-0.11577809596801462,-1.8355191639231119,学习者
J2,J2_65_24,310,日本,65,0.7664303552703988,0.9785375256190234,0.8520829342512642,0.9923394381664714,-0.7191115798632233,学习者
J2,J2_70_01,233,加拿大,70,1.3849845600718853,2.1840820030583576,1.027603989144997,-0.0745206422676468,0.765395918730457,学习者
J2,J2_70_02,349,日本,70,-0.08916691311013018,0.7475630853192635,0.10187174452617456,-0.22827106856206605,0.30194312820428665,学习者
J2,J2_70_03,337,日本,70,-0.3723334122739323,0.9378891116063546,0.8786139761204868,-0.7767503355747455,-2.0754609887161344,学习者
J2,J2_70_04,433,日本,70,-0.4214423716033889,2.037028265895093,1.5863608970368166,-1.3298914842998675,-1.7704665060570826,学习者
J2,J2_70_05,281,日本,70,0.7951294626773462,1.4660952295692558,1.277434331482115,-0.3176183043294425,-1.0563662775317684,学习者
J2,J2_70_06,424,日本,70,-0.9328445635814965,1.5473779185447258,-0.6416470879722154,0.8756857946104581,-1.4119755906319484,学习者
J2,J2_70_07,356,日本,70,-0.2684173844042459,1.301822155127411,-0.09995989408458028,-2.170371991947717,-1.1282573740330553,学习者
J2,J2_70_08,266,日本,70,0.8914752755608135,0.6357353244631252,-0.519979939718832,0.326120277522223,-1.4076571291145905,学习者
J2,J2_70_09,399,日本,70,-0.6220935770633863,1.6804485754987994,1.4435802214189521,-0.7145801781395059,0.03428354995686124,学习者
J2,J2_70_10,250,日本,70,1.1828427655540603,0.6520147995573962,0.041101064840089206,0.4708636963161039,-1.4132712260971212,学习者
J2,J2_70_11,326,日本,70,-0.2627684362464605,1.775133997987869,0.263054292459255,-1.6981854029699943,1.7216409684312075,学习者
J2,J2_70_12,301,日本,70,-0.48791446317004544,2.1539984590926413,1.7313101436241412,-1.0810948242010112,-0.8692590795099775,学习者
J2,J2_70_13,304,日本,70,1.8541326616285108,0.6625308972284922,-0.4819592219927348,0.4023664366121768,-1.6910727988633814,学习者
J2,J2_70_14,332,日本,70,0.03376233657087597,1.0117368377770073,1.089543661387674,0.4872433680498455,-0.1918349096558311,学习者
J2,J2_70_15,297,日本,70,0.7049985341527958,1.2653044895248078,0.8090358506059607,-1.058323080091484,-0.5743405195396766,学习者
J2,J2_70_16,391,日本,70,0.4129965173589192,1.5374409496277246,-0.12248562711040659,0.9655022651658707,-0.9316929576993864,学习者
J2,J2_70_17,328,日本,70,2.31991940903744,0.745750520267585,0.7745352825761381,0.09694977900131378,-0.6316833626785169,学习者
J2,J2_70_18,379,日本,70,0.46260084985946526,0.9826140324365247,0.8594557359497876,-0.39261891955810335,-1.0352369057190387,学习者
J2,J2_70_19,287,日本,70,0.5188821876154651,1.9691532384211006,0.138173121443823,-0.9872042006518686,-0.38096479890559476,学习者
J2,J2_70_20,337,日本,70,0.34947596468196424,0.5984384584614882,1.1918516350468564,-0.06906867512081719,0.38040909839788223,学习者
J2,J2_70_21,198,加拿大,70,2.007741206239302,0.7185423869798822,0.8352464453073654,0.2607808361772843,-1.0183982782424716,学习者
J2,J2_70_22,336,日本,70,-0.41239197484728624,0.8016299628691564,-1.0915989723714172,-1.7879159435360608,-1.9910123872413685,学习者
J2,J2_70_23,461,日本,70,-0.6097859623595155,1.2811244835825861,0.4750871200586042,0.4291775737790693,-0.626702718297651,学习者
J2,J2_70_24,403,日本,70,0.33951026118980415,0.7016208713871948,0.47680559444252923,0.6450088814705046,-0.9436410464419547,学习者
J2,J2_70_25,434,日本,70,-0.12637761354420043,1.3776433967153505,0.045872889375117055,-0.4716286204221165,-1.2531144613975178,学习者
J2,J2_70_26,333,日本,70,0.19289360188862623,1.724938648970976,1.084587187071731,-1.631013591025733,-1.1158142780057536,学习者
J2,J2_70_27,363,日本,70,0.5255254492057201,1.9305772009079853,-0.26232978133909535,-0.8567893656635214,-0.4652892953623514,学习者
J2,J2_70_28,344,日本,70,1.597432517458586,-0.4722502635694401,-0.3170911023705988,-0.6141750110035119,-1.3854410742055197,学习者
J2,J2_70_29,345,日本,70,-0.7974464603661879,0.8897233598345566,0.20053230696683808,-1.2748116164930612,-0.4748648089004036,学习者
J2,J2_70_30,330,日本,70,1.6100459284504867,1.2370777396231663,0.29451436931884223,0.31615366376586973,-1.0860941399394317,学习者
J2,J2_70_31,410,澳大利亚,70,3.3033161355460345,-0.1732635739870901,-0.7528808768990402,-1.2675978951150149,0.9170912716982287,学习者
J2,J2_70_32,285,日本,70,-0.6736361016444414,1.7186164284571062,0.23545027898712195,-0.08376025907375137,0.5355918372109743,学习者
J2,J2_70_33,335,日本,70,-0.7171333960885119,2.2145343795363392,-0.8408744943365115,0.5670227302843722,-0.20156544242519817,学习者
J2,J2_70_34,306,日本,70,0.4431403297800827,1.1262853814574618,0.17074944051597654,-0.817516858355685,-1.7340031339638096,学习者
J2,J2_70_35,435,日本,70,-0.6222018011710848,1.0800669771702358,0.06092034970576869,-1.5287741736289318,-0.4570113956086944,学习者
J2,J2_70_36,319,日本,70,0.24294957040511614,1.1649432283672976,-0.5459702794785127,-0.28583417498544306,-0.7145118751845996,学习者
J2,J2_70_37,360,日本,70,-0.7626312735388365,1.5354419593633508,1.3543937829824026,-1.0264399484185684,0.7087060409285727,学习者
J2,J2_70_38,382,日本,70,0.12954060149255864,1.8846317120661162,0.044575741666331534,-0.05340783095855032,-0.5789921292424076,学习者
J2,J2_70_39,379,日本,70,0.6887310935301708,1.416170710160776,-0.007364790784484625,0.4415413416368903,-0.25491192973744903,学习者
J2,J2_70_40,320,日本,70,-0.5848233782770037,1.3078601768506057,1.6184150442487462,-1.0003001212818043,-0.6939687887914933,学习者
J2,J2_70_41,297,日本,70,-0.20417609046229696,0.8953585932361771,0.1268556937553155,-0.15659501416462787,0.8466960321018694,学习者
J2,J2_70_42,382,日本,70,-0.5018119469013729,1.3583598268011408,0.20112177515403012,-0.08966409179522787,-0.7544547721067694,学习者
J2,J2_70_43,443,日本,70,-0.2816961547027616,1.20320173773738,-0.29603240730818475,-0.6709492520023792,-0.4221465671519517,学习者
J2,J2_70_44,435,菲律宾,70,1.2922641876717877,0.4971561671128991,-0.6325136376316456,-0.6483520077041909,-0.41777317860397306,学习者
J2,J2_70_45,383,美国,70,0.1984835705500023,1.2148304898065814,0.5517093128744651,0.12311520733833764,0.7941531045899639,学习者
J2,J2_70_46,256,日本,70,0.2890827979071344,0.5014280567785069,-0.317162252986246,-0.8748169959716987,0.9160599629543911,学习者
J2,J2_70_47,288,日本,70,1.494124579774491,-0.5558268256107946,-0.05869005425415287,0.5884617990077071,-0.9045395856574591,学习者
J2,J2_70_48,350,日本,70,0.005805839026238073,1.512036013940295,0.061339381093095724,0.2602494461995329,-0.8224055280347149,学习者
J2,J2_80_01,426,日本,80,-0.7156216494289862,1.4752982063128655,-0.3126135095940911,-1.7852281258940499,-0.7397105705213535,学习者
J2,J2_80_02,365,日本,80,-0.7961711280720698,1.9692899383973927,0.8221578751561784,-0.02611035929218039,0.30654132336761014,学习者
J2,J2_80_03,366,日本,80,0.6982862176317434,0.46869826762193084,-1.0640447541001916,-0.7650805204011533,-2.015958814549809,学习者
J2,J2_80_04,454,葡萄牙,80,1.5788096800151832,0.6700900081470492,0.24466559825977832,-0.28218752666529573,-0.7389554662735804,学习者
J2,J2_80_05,244,日本,80,0.7478792607669446,0.45378168023616905,0.7217806034815037,-0.34360750388434846,0.025757969423061872,学习者
J2,J2_80_06,331,日本,80,1.8760699474377074,0.9221840694197145,0.8695942127491162,-0.21805618065178362,-0.9300747580249772,学习者
J2,J2_80_07,443,加拿大,80,0.408779503264423,-0.853094342165155,-0.42171547468077286,0.745020899459172,-1.6732983535778703,学习者
J2,J2_80_08,394,日本,80,2.0203129876491683,0.8501985267252117,-0.5913872642587976,1.5266211834254328,-0.32550714354289884,学习者
J2,J2_80_09,455,加拿大,80,-0.1411660045739831,1.2550280224036214,0.36924127672608187,-0.6206569730624363,0.609576624817935,学习者
J2,J2_80_10,483,印度尼西亚,80,-0.2904893154045887,1.6025137948106445,-0.958722882194813,-0.3642908698769359,-0.5980880964764914,学习者
J2,J2_80_11,387,加拿大,80,-0.7838252369726381,1.1987226198021417,-0.12377145213139892,0.287499833903842,-1.1926932087442663,学习者
J2,J2_80_12,388,澳大利亚,80,0.17868762330616303,1.0174560192621773,0.9742827716635497,0.3030351455739291,0.035580555328330085,学习者
J2,J2_80_13,418,马来西亚,80,-1.4780924944747624,0.3767797417927626,1.5260425697758702,-0.3917878244419394,-0.1079960472974587,学习者
J2,J2_80_14,472,日本,80,0.28523459010968827,0.9740266971368169,0.22522695240035967,-0.8430719466795372,-1.1889868347071317,学习者
J2,J2_80_15,447,日本,80,0.25528065997468646,1.5058995084561098,0.35323939601898274,1.4090767637336417,-0.03480142555279568,学习者
J2,J2_80_16,336,日本,80,0.3626639828768319,1.7211417608014739,0.64898553666295,0.3889583668331351,-0.8226477008186562,学习者
J2,J2_80_17,319,日本,80,0.23979218834466168,0.7585499812037535,-0.5593619438461616,-0.2230169784123029,-0.4519036118494117,学习者
J2,J2_80_18,452,日本,80,0.8987788100644001,0.4205932409889349,1.1495000959607014,-0.17782084532737685,-0.74272623889267,学习者
J2,J2_80_19,397,英国,80,0.6424176204043879,0.9207721060293826,-0.4277077278114511,-0.2883497511616457,-0.7517246400651317,学习者
J2,J2_80_20,339,日本,80,0.36798675603447983,1.5342124443455802,-0.13482025620872304,-0.9872765009596937,0.4246825567029774,学习者
J2,J2_80_21,362,日本,80,-0.4852264533134222,1.157462885253872,0.5571198133260468,-1.3801616801210808,0.06251636752143781,学习者
J2,J2_80_22,462,日本,80,-0.17094664641059587,2.128504597411628,1.1941621359802224,-0.6299631622141507,-0.7080279511413631,学习者
J2,J2_80_23,409,日本,80,-0.3046880875365947,1.405144496646564,0.9091810944008789,-1.3836928967817657,-0.7361783142110928,学习者
J2,J2_80_24,383,日本,80,0.1256723994530527,1.4862658790285403,0.6766414857333741,1.0873417132791694,-1.2330592874890538,学习者
J2,J2_80_25,382,日本,80,0.14185766215692214,0.8302095748472823,-0.28323874150702905,1.130296613727252,-0.9063662704112266,学习者
J2,J2_80_26,318,日本,80,1.5893847345045362,-0.10969986166498175,-0.20769556680371348,1.656612308659624,-0.47753962751509715,学习者
J2,J2_80_27,347,菲律宾,80,-0.2321489392031116,2.1848127681105467,-0.012517173474110754,1.5425253460029735,-0.9490054155273172,学习者
J2,J2_80_28,478,比利时,80,1.1197691285509994,0.58200738873369,-0.14191882025452338,0.19689378555929382,0.3848800035272138,学习者
J2,J2_80_29,456,日本,80,0.6818398048220966,1.0898224736960447,0.154816117978444,0.5783444527164691,-0.14381863841850498,学习者
J2,J2_80_30,400,法国,80,0.8414361785485064,0.6421832538119329,1.068026765053585,-0.10827643126718592,-0.8495483092181018,学习者
J2,J2_80_31,363,日本,80,-0.6956593742532046,1.5042770854281686,0.6943052288365196,-0.8941471612641758,-1.539006945877112,学习者
J2,J2_80_32,416,日本,80,0.3879773598936047,1.1878226223462947,-0.4349483654834287,-0.788373948960643,-0.7721743114572578,学习者
J2,J2_80_33,437,日本,80,-0.9701981568642569,1.4791753323346823,-0.3738115157670585,-0.8476507062323506,-1.1283040656327161,学习者
J2,J2_80_34,387,日本,80,0.7519094909707544,0.9645410546184819,-0.03366608720571884,1.0199040360454616,-0.9304521329416635,学习者
J2,J2_80_35,321,日本,80,0.007708846134129575,2.2455262266548504,-0.3623451710409447,-0.06729075669433968,-0.5218080980671737,学习者
J2,J2_80_36,383,加拿大,80,1.854832565969938,1.5571986912789566,-0.51635505582744,-0.5905918181631047,-0.14894516168696337,学习者
J2,J2_80_37,472,日本,80,-0.04248269502951113,0.8598422372618592,-0.2707689812578787,0.015178045349713348,-0.4039896637769102,学习者
J2,J2_80_38,401,越南,80,0.6519185399789992,0.5792255066840654,-1.3821056379946175,0.6392759461923448,-0.5456960430392479,学习者
J2,J2_80_39,430,日本,80,1.045075673678823,0.9209533251984712,0.7732315449529432,0.05003326805168224,0.2793398235994733,学习者
J2,J2_80_40,428,日本,80,-1.5138650490554453,1.241153317699454,-1.2495461068579838,-1.5915096383079985,-0.7538294251370832,学习者
J2,J2_80_41,477,日本,80,-0.8498546653432361,1.527447001762855,1.17423847720227,-0.5873949080552291,0.23870018130262424,学习者
J2,J2_80_42,312,日本,80,1.877939249921465,0.7264466695293706,-0.5075985121025243,-0.40592349088236174,-0.09308773712916829,学习者
J2,J2_80_43,563,日本,80,0.7734519164819456,-0.22441545975646615,0.4813582110420019,0.7342576962694836,0.8062830233048399,学习者
J2,J2_80_44,339,日本,80,0.20618433984428397,0.11317951106338925,0.03525129648493224,-1.0940930337316495,-0.6134426885946629,学习者
J2,J2_85_01,304,日本,85,1.080598112744655,0.32847162423679377,-1.4276779733029632,-0.914405001126797,-1.6981925079638551,学习者
J2,J2_85_02,395,法国,85,1.2456800476967618,0.9446063606161408,0.38818752629200876,0.7563208946967114,-1.5762883024801044,学习者
J2,J2_85_03,427,澳大利亚,85,1.26602248784725,0.67074943833722,-0.5610674994686878,-1.2305104915718783,-0.8652455215094398,学习者
J2,J2_85_04,508,日本,85,0.4525607204461858,0.20032951794478104,-0.46379322135834344,-0.284230804264748,-1.0819377377482242,学习者
J2,J2_85_05,573,美国,85,0.825686580330372,0.6570971517007856,0.4307196095081026,-0.25525660713213705,-0.23968769330493625,学习者
J2,J2_85_06,477,日本,85,-0.616983088670255,0.5335601662863404,0.11919165126642034,0.1377567231913336,-1.2530562854747724,学习者
J2,J2_85_07,391,日本,85,0.41010358416306536,1.324032049224163,-0.3244780153726363,-0.21733981607604871,-0.459421345780886,学习者
J2,J2_85_08,330,日本,85,1.9535479919570862,-0.3984065914993231,0.6496177004546971,-0.8757380781205238,-1.5920055533413948,学习者
J2,J2_85_09,554,日本,85,0.48456321543203174,1.8375144886328696,0.6614305385330908,-1.9338806330080323,-0.5260201155242136,学习者
J2,J2_85_10,424,马来西亚,85,0.0897533983663364,-0.1892347895617865,0.12150772385752763,0.580119669366019,1.1540484540390614,学习者
J2,J2_85_11,424,菲律宾,85,1.905663554718258,-0.268309114865972,-0.6406434257820272,-0.2106304043748566,-1.1565236672905563,学习者
J2,J2_85_12,355,日本,85,0.6044187779769565,0.864906363453479,0.08760187270639594,0.4150090988868419,0.5820293884677008,学习者
J2,J2_85_13,449,日本,85,-0.6067932569977282,-0.0773148589196556,1.0364113268778878,-0.6002247115652435,-0.5919085094679553,学习者
J2,J2_85_14,647,新西兰,85,-0.31133484209119017,0.4835229698483507,0.9170754170292315,1.83269136228602,-0.033182349995959835,学习者
J2,J2_85_15,550,加拿大,85,-1.0312571340646755,0.9689353341374801,-0.10012881484790928,0.3713825185866663,-1.0650224843392246,学习者
J2,J2_85_16,281,加拿大,85,1.4784791795563303,0.1779271123508004,-0.8500327941212267,-1.061936482655159,-2.003931561152818,学习者
J2,J2_85_17,415,日本,85,2.6330307408344575,0.05352483136369981,-1.0325126702597631,-0.10429492698283302,-0.643087660057315,学习者
J2,J2_85_18,346,日本,85,-0.38976551999382875,1.8458073156635004,0.812750269679655,-0.6726938708350342,-0.9229348904085737,学习者
J2,J2_90_01,434,日本,90,-0.2431036267754205,1.7572453573797207,-0.6752016683798165,0.8837186286292369,0.3708053378022737,学习者
J2,J2_90_02,406,日本,90,0.4268216486899217,1.3564241631582055,0.2447430792501933,0.13211411079285268,1.0702194758934176,学习者
J2,J2_90_03,372,英国,90,0.9712146429658614,0.07377704560722408,-0.6492423315423518,0.16630583670669863,-1.6503915132369011,学习者
J2,J2_90_04,438,日本,90,1.192488455061569,1.1777623767499468,-0.7349795668707917,0.4760178633113827,-1.4524367417574622,学习者
J2,J2_90_05,382,加拿大,90,0.6330204044136958,1.3263499380231571,0.5574694627082407,-0.03905453158836835,-0.3978430516640662,学习者
J2,J2_90_06,434,加拿大,90,-0.09425256253485507,0.5813686423228475,0.6025629758830412,1.542467143169158,-1.8944767276017909,学习者
J2,J2_90_07,485,日本,90,0.5778807675751517,1.1650822400608571,0.15005282132297545,-0.3984635789970144,-0.8753658382446665,学习者
J2,J2_90_08,485,印度尼西亚,90,-0.48701712331505137,1.737454115152401,0.007824295378920931,0.07733085907584773,-1.0423895750652479,学习者
J2,J2_90_09,433,日本,90,1.4555639151886186,-0.11367813219835715,-0.2704561494789453,-0.13927670924611432,-1.751824272396181,学习者
J2,J2_90_10,391,印度尼西亚,90,0.26044596984340795,0.2882843724142583,0.2958983972076774,0.5792749718627329,-0.07528417570745154,学习者
J2,J2_90_11,413,日本,90,1.5889269963993704,0.3262254606839825,0.5642525767470762,0.3712901899941623,-1.2027625111148188,学习者
J2,J2_90_12,357,日本,90,0.18653537633167327,1.018396737239418,-0.3587622558500499,-0.44916973647989117,-1.5294280374735776,学习者
J2,J2_95_01,419,日本,95,0.16693422524493695,1.201840522294138,0.02672127599364106,0.3904799189790447,-0.8743495446054527,学习者
J2,J2_95_02,578,泰国,95,1.213903739743709,-0.07114737637646087,-1.473158468776239,0.09866756988534589,-0.5509830325346454,学习者
J2,J2_95_03,349,菲律宾,95,1.3285053054080382,-1.029144664809103,0.025137765825807217,-0.8807838600394724,0.15879669503198696,学习者
J2,J2_95_04,458,马来西亚,95,1.353541068894864,-0.9929834446753333,0.5764245635877595,-0.22603432277731725,-0.39067138864258727,学习者
Y1,Y1_55_01,304,韩国,55,0.07048564212307205,-0.6571890799506063,-1.1241361767694984,0.05877024056504733,1.9083264841045577,学习者
Y1,Y1_60_01,320,荷兰,60,0.12419621936665856,-1.177050538963306,-1.1061850790309267,-0.14484838494332475,3.2607091223897235,学习者
Y1,Y1_60_02,259,印度尼西亚,60,-1.8358964752674196,-0.5669687309099868,-0.8578523156018716,2.5009331216439357,1.7843941207660148,学习者
Y1,Y1_60_03,395,波兰,60,-0.0389727479031701,-0.18838112065041535,-0.6335377636425416,0.8550280708256759,1.8796551164037831,学习者
Y1,Y1_60_04,273,美国,60,1.1731720919460822,-1.110847395256029,-1.5584422190649976,-0.00013053821150916023,0.7234991134830928,学习者
Y1,Y1_65_01,411,荷兰,65,-1.3536224130619656,-0.7210776317913452,-1.703127095883745,-1.1991442513062995,2.9261867904354437,学习者
Y1,Y1_65_02,320,俄罗斯,65,-1.2188402907173512,-0.4202691913907407,-1.7498886951209476,-0.9629403385741635,1.7643400390459385,学习者
Y1,Y1_65_03,374,美国,65,-1.4100657810613606,0.4216292147818814,-1.317334346875053,-0.39169758817544714,1.4738366862466532,学习者
Y1,Y1_65_04,381,韩国,65,0.7799397761511996,-2.106888050241969,-1.5388281137881816,0.11343898160999705,-0.8222940017821329,学习者
Y1,Y1_65_05,277,马来西亚,65,1.7951473763549022,-1.761208194143767,-1.649866042286868,-1.6436369947515155,1.5773325979350101,学习者
Y1,Y1_65_06,208,美国,65,1.819720688463888,-1.0661091708532329,-0.7180100734205608,-1.3253912549690643,1.3948431599195525,学习者
Y1,Y1_65_07,227,马来西亚,65,1.4829416240381124,-2.163966172380938,-1.1211732510380383,-0.972305357763677,1.1762741314343186,学习者
Y1,Y1_65_08,409,印度尼西亚,65,-0.15231099874468976,-0.3377172889176021,-0.9467005445000025,0.1085195446811192,1.1546126504661856,学习者
Y1,Y1_65_09,360,韩国,65,-0.8093616602322136,-0.34809579059219226,-1.3028028046324416,-1.2778268306555156,-0.15674957651600752,学习者
Y1,Y1_65_10,372,蒙古国,65,-0.05357621473493349,-0.44129718782614147,-0.5421462056214881,0.1094356289357654,1.2935171038995783,学习者
Y1,Y1_65_11,340,韩国,65,-0.4990740157127429,-0.2056494352795657,-0.805202776633035,0.3409925868884973,1.7467084836299822,学习者
Y1,Y1_65_12,474,德国,65,0.8462779405011821,-1.1176865148357138,-1.3638149631095435,-0.5189610030572823,1.2604594438919425,学习者
Y1,Y1_65_13,311,泰国,65,-0.9802274936135632,-0.8320498347922922,-1.0859160598074888,-0.7350941172470903,-0.18310833832694887,学习者
Y1,Y1_65_14,252,印度尼西亚,65,-1.6097060844282038,-2.0197576571355396,-1.7783038931547994,-1.1084441758838914,1.8203017251642792,学习者
Y1,Y1_65_15,290,印度尼西亚,65,0.1142356157762829,-0.9576798746075069,-0.6289839348560947,-0.5928921316104491,2.059130814297169,学习者
Y1,Y1_65_16,379,泰国,65,-0.679638532513585,-2.0440696734774764,-1.3399822439507687,2.1128429729725413,0.33955845744530905,学习者
Y1,Y1_65_17,363,韩国,65,0.23865397260651394,-1.9532230966618362,-1.3608649287227226,-0.40036681012777303,1.862568377440943,学习者
Y1,Y1_65_18,426,德国,65,0.9426017099349608,-1.1796232320927247,-1.6447989914138157,-0.046193160963551666,-0.35290646638541995,学习者
Y1,Y1_65_19,358,韩国,65,-0.21151525467324828,-1.2522645745778882,-1.1387147445161645,-0.8709071291334638,0.8099703778877786,学习者
Y1,Y1_65_20,618,泰国,65,-0.7505573729006848,-0.3978871061701118,-1.066354301461901,1.9962398754336006,1.5102347789704986,学习者
Y1,Y1_65_21,224,韩国,65,1.0574183021521228,0.09121628919297442,-1.6458749559140615,0.05298093916949852,-0.6360699628814489,学习者
Y1,Y1_65_22,268,韩国,65,1.329460328232812,-0.6524776446049019,-1.5732559969836637,-1.1478108774502267,0.2965643677253408,学习者
Y1,Y1_65_23,320,德国,65,0.8493668186704051,-1.4905528030192503,-0.9934671250296204,2.819911368996604,-1.2486892985779827,学习者
Y1,Y1_65_24,345,日本,65,0.13717584018426482,0.00973908288241656,-1.2355419697632728,-0.7141543049376274,2.306344718459746,学习者
Y1,Y1_70_01,392,韩国,70,0.10241304238615694,-0.6283729373760389,-1.2821991384554294,0.003403323408428108,-0.42117666116109326,学习者
Y1,Y1_70_02,293,韩国,70,0.669592899355696,0.03189440284463861,-0.4906951609764712,-0.49486504703752493,0.09516623300398645,学习者
Y1,Y1_70_03,330,日本,70,-0.37427462706523273,-1.026564996919445,-1.001832390163281,-0.4148054638757283,2.287018223753102,学习者
Y1,Y1_70_04,331,韩国,70,-0.34928890547859154,-1.2325266806221096,-1.5632568530897677,1.5479685212673788,0.1030545275528761,学习者
Y1,Y1_70_05,464,瑞士,70,0.30465053370489287,-0.7326980478140395,-0.2981265874833863,0.5088994308192644,-0.09187789329513717,学习者
Y1,Y1_70_06,293,韩国,70,0.36742359889691967,0.017379552855360712,-0.9514924140182972,-0.3973521500176314,1.8109718651821696,学习者
Y1,Y1_70_07,414,韩国,70,-0.250242050033727,-0.13966602499255917,-1.2732139771612365,-0.33189050450195473,1.7855803706522815,学习者
Y1,Y1_70_08,229,白俄罗斯,70,0.12044872827346581,-2.0062773916285197,-0.8140047421438089,0.09719284408701007,0.8106247235348918,学习者
Y1,Y1_70_09,387,韩国,70,-1.2766215429576067,-0.5801910534197926,-0.7598403461954413,0.3927418839546049,-0.4605627976471895,学习者
Y1,Y1_70_10,259,韩国,70,0.5645672142491458,-0.6641410125982603,-0.9951729902281066,-0.8548588047113277,0.7540196930559252,学习者
Y1,Y1_70_11,404,韩国,70,-0.556831142632111,-0.5588920083581902,-0.6235576064590446,-0.1391325717773401,0.6670893083156911,学习者
Y1,Y1_70_12,357,韩国,70,0.10945275174951342,-0.5842297086306079,-1.351361954358948,-0.9846517021826573,-0.16993473813509202,学习者
Y1,Y1_70_13,480,马来西亚,70,-0.2907875685369738,-2.504647262172841,-1.1680121378929071,0.36392242425460564,-0.5284946223697339,学习者
Y1,Y1_70_14,410,缅甸,70,-2.1377130812814795,-1.319611748208179,-1.6676078219585562,-0.5433742206570225,0.05118608569005091,学习者
Y1,Y1_70_15,368,韩国,70,0.32889958278088033,-0.3331661032504745,-2.1691987996793585,0.29351091781209937,2.0686381729931425,学习者
Y1,Y1_70_16,333,美国,70,-0.4975742845387455,-1.0260142421209397,-1.4622005819176263,-0.30856130775597995,0.5774292180716255,学习者
Y1,Y1_70_17,262,印度尼西亚,70,-0.041292503943252526,-1.8140547482469216,-1.770614178377873,0.5183562833090943,1.6142665162731225,学习者
Y1,Y1_70_18,362,缅甸,70,-0.0968166622157788,-0.6687793219038753,-0.8672731119580861,1.798145454336377,0.9660229619688311,学习者
Y1,Y1_70_19,268,韩国,70,-0.035086975021238094,-1.9065229981755634,-1.7096561562594912,-0.17248997294560772,0.08931629750726465,学习者
Y1,Y1_70_20,352,韩国,70,-1.4080245575099477,0.7276584049417426,-1.1146796009134803,-1.5886918739943625,2.6387722157008513,学习者
Y1,Y1_70_21,284,印度尼西亚,70,-0.4435072997005581,-0.5416862467872307,-1.4354484578812967,-0.14121098380523958,2.102357863914558,学习者
Y1,Y1_70_22,429,印度尼西亚,70,0.8376231271728427,-0.6615182590958291,0.05299399639393958,-0.5644504186951682,0.6735580046798779,学习者
Y1,Y1_70_23,366,韩国,70,0.29169981255929806,-0.8487145792129666,-1.3581578210896699,0.9692043877740452,1.3518211056630605,学习者
Y1,Y1_70_24,280,新加坡,70,0.8844016404964423,-2.220436779363637,-1.2399843368304537,0.13177207859098616,1.3760435100382267,学习者
Y1,Y1_70_25,375,缅甸,70,1.1814893853807291,0.20562334950626474,-0.3938764730680046,-0.44300589445000255,2.429768123064808,学习者
Y1,Y1_70_26,324,韩国,70,0.4867886457494016,-2.66421414534048,-1.2745151134902375,0.7173543205754513,-0.6418778318161406,学习者
Y1,Y1_70_27,503,泰国,70,-1.6152253601690028,-0.48026967075941274,-0.5579523163609544,1.0067938354534296,1.231096992834466,学习者
Y1,Y1_70_28,368,韩国,70,-0.35854060849098945,-1.6869906850207843,-1.5807613459738878,0.967877764027661,-0.974729288077172,学习者
Y1,Y1_70_29,381,柬埔寨,70,0.030599298275267393,-0.6012828996266167,-0.9829248474719082,2.026339188596182,-0.7326949235823776,学习者
Y1,Y1_70_30,325,韩国,70,0.4371606866076043,-1.276097860057112,-1.38318659023572,1.8015193518411536,0.4695035894099015,学习者
Y1,Y1_70_31,369,韩国,70,-0.1527262364019411,-1.3020881047236723,-1.547036228438077,-0.3586482477121594,0.9208921623863113,学习者
Y1,Y1_70_32,351,韩国,70,0.2538353210158293,0.02423062002530892,-0.33045287471929946,-0.8123100294703788,1.1619846826769928,学习者
Y1,Y1_70_33,377,韩国,70,0.10374949795729775,-0.9480653047817428,-0.624912813950913,-0.1487944401596643,-0.5762204084712582,学习者
Y1,Y1_70_34,321,韩国,70,-0.765842418571086,-0.2520983825701106,-0.8141989620389012,-0.09759399789092375,-0.16125648829367947,学习者
Y1,Y1_70_35,312,韩国,70,0.637302299668155,-1.699374177558169,-1.6308112293440682,0.7869519535809502,1.8742712880794716,学习者
Y1,Y1_70_36,355,韩国,70,-0.4253305070104507,-0.6284439058709883,-1.3941047641864017,-0.38106635195132765,0.6772798978389454,学习者
Y1,Y1_70_37,337,韩国,70,-0.4119550910565849,-1.6455318249218347,-1.3687221152008533,0.47511961838320527,0.1382499160911135,学习者
Y1,Y1_70_38,404,韩国,70,-0.9247360221625687,-0.4345173919865206,-1.284130160830638,1.4214810308565369,0.9843011648353489,学习者
Y1,Y1_70_39,340,韩国,70,-1.0809072746981063,-0.4396488903518236,-1.520545295667925,-1.0895447338589381,0.4059385228525375,学习者
Y1,Y1_70_40,372,马来西亚,70,1.6376637391373103,-0.7795464011357912,-0.8489691866902301,-0.7031432825762118,0.19817586472123203,学习者
Y1,Y1_70_41,315,缅甸,70,0.8986713030308401,-0.6701306054310273,-0.7579945965533699,1.7688172322710132,-0.4196624935424568,学习者
Y1,Y1_70_42,461,印度尼西亚,70,0.14431273803997294,-0.712950888817381,-1.354667846742853,1.0606199554187896,0.715578051621685,学习者
Y1,Y1_70_43,273,韩国,70,-0.7518009871979078,-0.6031547391114321,-1.0046193229820366,0.6981493822868485,0.4142732089462648,学习者
Y1,Y1_70_44,369,韩国,70,-0.6728157131898203,-0.8252660254743205,-1.7546822658930155,-0.6493148927993991,-0.15473695486386596,学习者
Y1,Y1_70_45,310,韩国,70,0.46822934936805194,-0.7602083448119638,-0.7624119806230679,0.6685707404499835,-0.21256390517273216,学习者
Y1,Y1_70_46,311,韩国,70,0.15362839385202431,-0.4168134592725325,-0.5314327548961386,0.21357826750755535,0.3697089783623284,学习者
Y1,Y1_70_47,323,韩国,70,-0.5990171318535061,-1.6628413393288126,-1.4156411413578893,1.6973633188792978,0.5908236739576734,学习者
Y1,Y1_70_48,441,加拿大,70,0.013455925331054714,-1.699629598870757,-1.447898539715269,-0.054998675213886676,0.44866705669538426,学习者
Y1,Y1_80_01,389,日本,80,0.0063250017132347805,-1.4416273118993324,-0.8109253105653228,-0.5058216172848746,-0.32597802366843637,学习者
Y1,Y1_80_02,362,印度尼西亚,80,-0.4315060253402477,-0.16466888979562275,-1.1093763132003467,-0.32453069910974347,1.5815167208478653,学习者
Y1,Y1_80_03,385,韩国,80,-0.6415266438133289,-0.7305496713673222,-1.4766188410484293,-0.09521768535256983,0.09505374162496362,学习者
Y1,Y1_80_04,249,韩国,80,-0.2500379918580415,-1.6117355064313363,-1.2513051540522218,0.3229907569119515,0.32976552610619747,学习者
Y1,Y1_80_05,473,韩国,80,-0.15386217715686396,-0.8178222064924674,-1.3351218882577578,0.388957792680853,-0.043649956130195885,学习者
Y1,Y1_80_06,311,意大利,80,1.1767093738133165,-0.638762258951125,0.0855995203694486,-0.19471428981375455,-0.07230265742205569,学习者
Y1,Y1_80_07,344,马来西亚,80,0.39420868544260423,-1.9558838542964603,-1.1251890231641353,1.506338501703469,0.564912873965081,学习者
Y1,Y1_80_08,449,厄瓜多尔,80,-0.9513085311484671,0.19486553388428182,0.14787799687027064,0.37526402337352627,1.463513544244941,学习者
Y1,Y1_80_09,422,日本,80,-0.8457056842167986,-0.8965483139300269,-1.1551597079105733,-1.7104807747610753,1.1244292686210584,学习者
Y1,Y1_80_10,436,法国,80,-0.5117868303761046,-1.4515095212975009,-1.212015119174022,-0.4686532607803836,1.6827506842793676,学习者
Y1,Y1_80_11,364,日本,80,-1.2692170562191631,-0.9721441819914373,-1.3167475709068324,-1.2752782556164886,-0.05405288627074105,学习者
Y1,Y1_80_12,367,越南,80,-0.13905156053750797,-0.9393649860872244,-2.5172531243784295,0.8812447369197566,3.3909590839149555,学习者
Y1,Y1_80_13,305,日本,80,0.13569559376458581,-0.5465888684279334,-1.4771556850011325,-0.44805053577874726,-0.8116242230414928,学习者
Y1,Y1_80_14,330,保加利亚,80,0.2923723988582827,-0.5463983231945748,-0.4670672845323302,-0.33579184686065916,0.47213403273920057,学习者
Y1,Y1_80_15,302,日本,80,-0.4486701590416943,-1.5726683705349407,-1.8879013788084837,1.2718111170614816,-0.1585536399940135,学习者
Y1,Y1_80_16,368,韩国,80,0.8564822581625094,-0.3915650952819483,-0.9281424454829946,1.5119900314170018,-0.4771886881505739,学习者
Y1,Y1_80_17,234,泰国,80,-0.4332441533762441,-0.939221794201868,-1.0881611449156334,-0.04697632282688595,-1.7498377137605994,学习者
Y1,Y1_80_18,346,几内亚比绍,80,-0.5972535848227661,-0.9570063337850293,-0.9782633432665878,2.4994036137452054,-0.22697588706182026,学习者
Y1,Y1_80_19,359,蒙古国,80,-0.5201499664560251,0.2526454459422969,-0.5355816156253316,0.4485854361269306,1.5397622856901159,学习者
Y1,Y1_80_20,435,日本,80,0.9898491938542633,-2.0608104288417572,-1.4763565816508168,0.21435295028531262,0.5545769498655718,学习者
Y1,Y1_80_21,246,韩国,80,-1.0453348895886356,-0.7076857965377539,-1.3054258637549798,-0.6063685406537349,2.3059864447602383,学习者
Y1,Y1_80_22,312,缅甸,80,0.8172170970245766,-0.4063474593242318,-0.592213889336815,-0.7489235809909744,1.5809102890218547,学习者
Y1,Y1_80_23,345,韩国,80,0.6635869565260999,-0.8273736415433522,-0.8951692106013172,1.1352631988595951,0.942742685046627,学习者
Y1,Y1_80_24,353,韩国,80,0.13544040762995047,0.16826753771594213,-1.242634245397346,1.1778412117213324,0.3903573344453964,学习者
Y1,Y1_80_25,330,日本,80,-0.6088487502533754,-0.03569406606472737,-1.3714034394204533,-1.3861187496607887,-0.4146972529691791,学习者
Y1,Y1_80_26,419,韩国,80,-1.058533481126151,0.033169448096311165,-0.29625848337059846,2.5128673261711576,-0.6402800058106177,学习者
Y1,Y1_80_27,417,日本,80,-1.9710754521700704,0.2848392452023408,-0.6660565874979782,-1.2639056807417224,2.9668916401214336,学习者
Y1,Y1_80_28,417,缅甸,80,-0.2447517178349218,-0.3790000221096667,-0.826776634195938,0.3079969739547028,2.4555941067570957,学习者
Y1,Y1_80_29,450,泰国,80,-0.25396164207656813,-0.14189991280496758,-1.3550668915197144,-0.014102350931046174,2.7725134295006546,学习者
Y1,Y1_80_30,338,泰国,80,1.4504037120461617,-1.210803989462354,-1.2874490919158341,0.8601008755645873,0.5279019806701666,学习者
Y1,Y1_80_31,260,韩国,80,1.4728653236022504,-1.3356180514426175,-1.429738267255148,-0.8215342223572567,-0.004559257533415517,学习者
Y1,Y1_80_32,269,美国,80,-0.05830376834342474,-0.9621902090661886,-0.6894441051721824,-1.854861424431775,1.2885543697271464,学习者
Y1,Y1_80_33,357,日本,80,1.5563362212349203,-2.274227389490471,-1.1389298740726341,0.9051860111298917,-0.2959147370572755,学习者
Y1,Y1_80_34,302,韩国,80,-0.535666668487235,0.22810416944994447,-0.5510355463343203,-0.6188283471349568,-0.4904726079462655,学习者
Y1,Y1_80_35,371,缅甸,80,0.27498212909520336,-1.056571646447937,-0.9717465278835996,1.5247982559278235,0.5752228525714254,学习者
Y1,Y1_80_36,463,韩国,80,-0.49632401742458065,-1.1893502430798024,-1.3639391322127916,-0.652247770476552,0.6291809583157054,学习者
Y1,Y1_80_37,361,塔吉克斯坦,80,0.8383404591550996,0.05592436001554113,-1.1850738693237486,1.8200970273308668,0.8424577188944182,学习者
Y1,Y1_80_38,442,澳大利亚,80,-0.012004220765336901,-1.8349960767468276,-1.9687092369410377,1.3793517205325183,1.042234020999075,学习者
Y1,Y1_80_39,396,泰国,80,0.45399180930534516,-1.2788105955375075,-0.1678848157257334,0.762529339587124,1.2401298399886538,学习者
Y1,Y1_80_40,269,韩国,80,-0.2700063363865348,-0.3439463247895734,-1.3610531609327878,-0.8556295052274371,-0.024213469711117663,学习者
Y1,Y1_80_41,360,缅甸,80,0.017003673582896603,-0.6342160132816274,-1.6917356614763743,1.9363960222342926,3.1464458313023393,学习者
Y1,Y1_80_42,364,日本,80,0.14117080538850846,-0.6104301283536027,-0.6246701063102218,-0.41264279075983845,2.3680490918879316,学习者
Y1,Y1_80_43,358,法国,80,0.7892830514845829,-0.7134066894918417,-1.243782652548965,-0.21379433319342486,2.463845975299634,学习者
Y1,Y1_80_44,395,韩国,80,-1.1100653004539944,-0.7704914770919719,-1.7148030679547444,-1.3844727733442042,0.3296679521411142,学习者
Y1,Y1_85_01,348,加拿大,85,1.1577611556358456,1.2127325116077485,0.22129564396287144,0.02841932836533928,0.13261095176719181,学习者
Y1,Y1_85_02,328,芬兰,85,0.31028157963915365,-0.9046969603543997,-0.5998259557117793,-1.7623114472241137,1.8915734036550922,学习者
Y1,Y1_85_03,405,缅甸,85,-0.7466526794210436,-0.638228832876353,-0.3233881694359749,-0.8352307907428308,0.020180398977580897,学习者
Y1,Y1_85_04,430,越南,85,-1.4361025739689872,-0.3019683066413568,-0.44301152373019304,-1.350371373864279,-0.17895528584840711,学习者
Y1,Y1_85_05,301,缅甸,85,-0.5257795686738901,-0.5800952870225413,-1.1527522932579481,0.45161795574788494,0.3049935460116567,学习者
Y1,Y1_85_06,316,拉脱维亚,85,-0.2707307967318857,0.6117315074434517,-1.4734582793645064,-0.5761475431611797,2.837941837795589,学习者
Y1,Y1_85_07,388,缅甸,85,-0.8831383887332821,-0.6194996926846165,-0.6940557283097637,-0.017793358504204035,1.237698038249362,学习者
Y1,Y1_85_08,334,瑞士,85,0.0025875770752608355,-1.2250128237676643,-0.9470575614750495,-0.6367935566081714,-0.852419739345868,学习者
Y1,Y1_85_09,334,美国,85,0.1103011879283675,-0.13637255902093398,-1.1107896835401991,-0.9529610024327154,0.8497060444516358,学习者
Y1,Y1_85_10,434,缅甸,85,0.07062354983813111,-1.4054850983115519,-1.3871231525351888,1.2127014109415184,0.7697188162565631,学习者
Y1,Y1_85_11,351,马来西亚,85,1.0934428806085212,-1.7116803826984586,-1.7936060343240863,0.6782930706737178,1.62617171478093,学习者
Y1,Y1_85_12,344,印度尼西亚,85,0.41785042190552746,-0.7011378205667289,-1.4412277249941732,-0.8795701845239319,1.2053809878614512,学习者
Y1,Y1_85_13,486,缅甸,85,-0.4370186653917693,-0.5567379713592654,-1.0977333770421482,0.5602859152047579,-0.07615959323160756,学习者
Y1,Y1_85_14,366,波兰,85,-0.6308954953062508,-1.1982337007867956,-1.1436842319257445,-0.36938512331539985,1.2653683385427,学习者
Y1,Y1_85_15,315,韩国,85,-0.28209372468041793,-1.138097587590371,-1.319065122226272,-0.4302211684672182,-0.517202459299711,学习者
Y1,Y1_85_16,326,新加坡,85,-0.44686901960485836,-1.9119063222430974,-1.119588539174201,-1.169204570679808,-1.450184097854714,学习者
Y1,Y1_85_17,456,柬埔寨,85,0.3991410564731505,-1.39318376344594,-0.9832170271402361,2.24551449682492,-0.5153942435862829,学习者
Y1,Y1_85_18,427,日本,85,-0.26245301279552224,-0.25631956957784535,-1.2498570141429357,0.2193342829821495,0.6892422877365397,学习者
Y1,Y1_90_01,232,缅甸,90,0.6460019873924946,-0.898143654544918,-1.7623128379810018,-0.8808666197614388,0.22050227980596498,学习者
Y1,Y1_90_02,296,土库曼,90,-0.06489650342325562,-0.19421150064768153,-0.3281750939687608,1.2614059744434143,1.3676062262785071,学习者
Y1,Y1_90_03,342,德国,90,1.7477650538499578,-1.592209378795911,-1.072924766390147,4.321123505922709,0.8334241227464473,学习者
Y1,Y1_90_04,408,几内亚比绍,90,0.37939929601601574,-2.1336117494798534,-1.1977664950770348,1.7720497364880876,1.0571652596162673,学习者
Y1,Y1_90_05,328,韩国,90,-1.6404446615363841,-1.6569287847493965,-1.3317269864031762,-0.3813928246433458,0.45349270383328255,学习者
Y1,Y1_90_06,424,马来西亚,90,0.3020227807920955,-1.4898394597620057,-0.899671403596643,1.4539890693121411,-0.4297319474941572,学习者
Y1,Y1_90_07,486,日本,90,-0.9658203831770705,-0.44027054003372923,-0.48475435839050385,-0.15803146622057782,1.4454856201968167,学习者
Y1,Y1_90_08,417,法国,90,-0.12066120813605022,0.014484935787141417,-0.39849104116513295,-0.23597598274402004,0.7350480545574594,学习者
Y1,Y1_90_09,389,俄罗斯,90,0.7369018407189519,-1.275912648269777,-1.0499271363716005,0.29056932211589664,0.6536581238587965,学习者
Y1,Y1_90_10,354,印度尼西亚,90,-0.6684703206357436,-0.7616856309530183,-1.3476946431178558,-1.1945500255059611,-0.2586497816012181,学习者
Y1,Y1_90_11,448,美国,90,0.3977116487393003,-1.0364732856810448,-0.9808930126671338,-1.6045450854246475,0.8816048036198237,学习者
Y1,Y1_90_12,430,英国,90,0.29889558606624655,-1.1444856375625,-1.0040774197029934,1.7496632811983,0.6228512746805288,学习者
Y1,Y1_95_01,432,美国,95,0.3530753966797926,-3.2377477286148277,-1.751275065861065,1.0920711571680917,0.4552809275653765,学习者
Y1,Y1_95_02,350,缅甸,95,1.1428106747713713,-1.3301658986476417,-1.1485068045589393,1.1920168622690437,-0.24076060017582024,学习者
Y1,Y1_95_03,398,几内亚比绍,95,1.8759659584595094,-2.1994876591709644,-0.7014243011764165,0.8604272657115959,-0.8232088069750428,学习者
Y1,Y1_95_04,369,德国,95,0.2571200790780406,-1.1862307279238453,-1.2857194698907173,-0.2729424722005002,0.6677344139840431,学习者
Y2,Y2_55_01,292,柬埔寨,55,0.2969603782062077,-0.7944306284676974,-0.6069572745289832,0.446342723432539,0.07969930997803486,学习者
Y2,Y2_60_01,362,俄罗斯,60,-0.06625519520603657,-1.618277156365811,-0.4238546366964158,-0.9322937340417973,-0.22815427856556006,学习者
Y2,Y2_60_02,281,澳大利亚,60,-1.6289210702572563,-1.1841838968479161,-0.5816784865770247,1.2599540350153438,-0.8785794263675961,学习者
Y2,Y2_60_03,305,越南,60,-0.092891010485514,-0.11134187662641255,-0.30072269247375605,-0.3547583980563612,-0.8380900826322139,学习者
Y2,Y2_60_04,312,印度尼西亚,60,-1.0130776250024878,-0.05626722303929621,-0.607659279655283,-0.26764469239072597,0.11376809633341982,学习者
Y2,Y2_65_01,385,加拿大,65,-0.6571589181369966,-0.4661605462023842,-0.5475127711080718,0.5200138371145739,0.5431766444035696,学习者
Y2,Y2_65_02,267,马来西亚,65,1.8099082665435837,-1.1184903578437735,-0.3015308910812726,-0.867169978220882,-0.10659410914242576,学习者
Y2,Y2_65_03,326,印度尼西亚,65,-0.7444974300287228,0.012260391993835893,0.15028912316710125,-1.4275974752803229,0.0633471752710832,学习者
Y2,Y2_65_04,269,新加坡,65,-0.4560840995581237,-0.471269841248726,-0.6318151429646053,0.32795707335870505,-0.5203187748002401,学习者
Y2,Y2_65_05,294,日本,65,0.574806093083914,-0.9543506038424674,-0.6352801377013628,-0.5469960051466235,-1.0304821490186915,学习者
Y2,Y2_65_06,301,德国,65,0.07573237539755028,-0.2627864324263125,0.09602633882569801,-0.18591049521620046,-0.49608663048432816,学习者
Y2,Y2_65_07,298,美国,65,-0.777196316195945,-1.0015719515043615,-0.4230361547307987,-1.54273028836898,0.33548624222650464,学习者
Y2,Y2_65_08,376,英国,65,-0.365611877790269,-1.5951041595837976,-0.8461922010324466,0.15522067059722114,1.223172253302002,学习者
Y2,Y2_65_09,381,越南,65,-0.3903492771850334,0.2666972629794126,0.3548606922968391,0.28784286318150476,0.48087624269677204,学习者
Y2,Y2_65_10,269,俄罗斯,65,-0.7791262345772494,-0.6228995713371899,1.086850590869467,-0.8112895828098157,-1.7754458524916354,学习者
Y2,Y2_65_11,348,澳大利亚,65,-0.9035759428115443,0.43722052042715137,-0.052397422508929155,-0.6644456886483534,0.24316801619647632,学习者
Y2,Y2_65_12,399,德国,65,-0.5670831241496423,-0.15247812423474397,-0.11398655583324212,-0.09800820778184526,0.8602411858561477,学习者
Y2,Y2_65_13,365,法国,65,-1.8460849521192242,0.17810000656508698,-0.1390108719368736,-0.07956773584394723,0.6465270617751206,学习者
Y2,Y2_65_14,367,泰国,65,-2.3050540108515367,0.15135550279183846,0.3953356969861191,-0.2770367577433608,0.02807478751372348,学习者
Y2,Y2_65_15,317,英国,65,1.2358510632511375,-0.07286594030900666,-0.6492052637625694,2.6065687773913977,0.3766385006069826,学习者
Y2,Y2_65_16,309,法国,65,-1.690139524765355,-1.3372374076652211,-0.9806257834803425,0.4642021420103289,-1.4072728149277673,学习者
Y2,Y2_65_17,298,越南,65,-0.8231426099666506,0.09823345318775586,-0.14285753186404657,0.835832273235965,-0.7933104553740261,学习者
Y2,Y2_65_18,289,美国,65,-0.1662537231173999,-0.3388553370748171,-0.3382642239013268,0.07317880348198422,0.10131366706239407,学习者
Y2,Y2_65_19,287,日本,65,-1.2978603481187456,-0.8913218297994608,-0.1735781504821988,-1.1097190465123863,-0.4729107208089078,学习者
Y2,Y2_65_20,364,英国,65,-1.2918391311979085,-0.4555679822194476,-0.15416380810616503,1.322499916906283,-0.2356525553022611,学习者
Y2,Y2_65_21,416,印度尼西亚,65,-0.2835671580683091,-0.7306846602563775,0.05605486293112212,-0.6082429740649135,-0.9527003132585954,学习者
Y2,Y2_65_22,383,澳大利亚,65,-2.2942401568014947,0.7387686955487784,0.4513169049253389,-0.42105176099135466,0.44088619293879105,学习者
Y2,Y2_65_23,310,乌兹别克斯坦,65,-1.9279426263720885,-0.24053886300231062,-0.1786191357994201,-0.7845159988056507,-0.3086949992592573,学习者
Y2,Y2_65_24,366,韩国,65,-0.6942282337203156,-1.1090523915476815,0.22440235544126264,-0.3521655049061456,-1.229972260664965,学习者
Y2,Y2_70_01,405,泰国,70,-1.8146956111225419,-0.5296238796933809,-0.4035736904193934,0.7992491710121882,0.10515586294348536,学习者
Y2,Y2_70_02,391,日本,70,-0.6777551071345059,-0.9778330981627651,0.5181028596253061,-1.1863292434097945,-1.2721763569363682,学习者
Y2,Y2_70_03,353,日本,70,-2.788123266190515,-0.005790667695010538,-0.5772531501419333,-1.2065178152441776,-0.8245780054942139,学习者
Y2,Y2_70_04,292,越南,70,-0.8218470719018501,0.49570242222065,-0.770874276294307,0.035578175440620884,-0.025496795225180575,学习者
Y2,Y2_70_05,405,日本,70,-1.1533187918400085,-1.1073375028134822,-0.41850069839447057,0.17087857985006788,-0.42813900508878094,学习者
Y2,Y2_70_06,322,越南,70,-0.42439623159670664,-0.6819428820103416,-0.5108738678916235,0.21363836200239633,-0.02307515077723835,学习者
Y2,Y2_70_07,352,日本,70,-0.35322567366113056,-0.15615972753583593,0.21015432064287565,-0.5432735305801335,-0.19734841875357176,学习者
Y2,Y2_70_08,263,越南,70,0.661459305215496,-1.342878098045543,-0.5701285380900655,-0.19166848179260948,0.5849817969121227,学习者
Y2,Y2_70_09,277,日本,70,-0.6303395757951166,-1.5330763135145928,-0.3660073201877063,0.48828269244390965,-0.6935545506885427,学习者
Y2,Y2_70_10,319,日本,70,-1.7651771694845981,-0.08242038725226149,-0.8253205791861988,-0.30402444859046907,-0.818627231759501,学习者
Y2,Y2_70_11,372,日本,70,-0.7494760419108988,0.5747238222949013,0.9293208111390391,-1.3758539417916964,-0.3915998910143584,学习者
Y2,Y2_70_12,287,越南,70,-0.38717636278585815,0.022471119003941515,-0.030726150778866267,-0.8698234100113926,-0.15609016461873942,学习者
Y2,Y2_70_13,379,日本,70,-1.8211466978280326,-0.22710805625996802,-0.4434624552968463,-0.5135652293061505,-1.0082277269810056,学习者
Y2,Y2_70_14,335,法国,70,-0.4917409663898961,-0.921297104889808,-0.5445428607652312,-0.2526585373348531,0.22544947211287655,学习者
Y2,Y2_70_15,370,泰国,70,-0.17258834367854475,0.48013099583993224,0.7764999794533227,-1.6974353951060006,1.0557928197469675,学习者
Y2,Y2_70_16,458,保加利亚,70,-1.4038539168499304,-1.0554803261483299,-0.47398865600671436,0.6625242794880511,-0.12850178959329508,学习者
Y2,Y2_70_17,511,越南,70,-1.0182126279225145,0.23732356785067923,0.02276695758471212,0.1138939405792152,-0.18431635565146814,学习者
Y2,Y2_70_18,450,澳大利亚,70,-0.43909313433487934,-0.6706315764445768,0.1233282825598235,0.0814707687605653,-0.5424150857721697,学习者
Y2,Y2_70_19,372,日本,70,-0.9082988528823132,0.3129942478174144,0.3002143206871721,-1.5441317772880694,0.20821747103275315,学习者
Y2,Y2_70_20,494,日本,70,-1.2643243227892154,0.8860659581472525,1.2353798283380941,-1.5754820229244384,-0.32746093755329,学习者
Y2,Y2_70_21,445,加拿大,70,0.38196608598520765,-0.6915218756783286,-0.6425248980057939,2.72368929393644,-0.46649113011679344,学习者
Y2,Y2_70_22,553,澳大利亚,70,-0.8555430562015158,-0.02802936838959815,-0.5398622820741763,2.035164087596146,1.515129932812739,学习者
Y2,Y2_70_23,340,美国,70,-0.23781625540103699,0.4217043061781005,-0.6972104634585843,-0.4206912340476163,0.8567810967112716,学习者
Y2,Y2_70_24,379,日本,70,-1.2529702260505078,-0.1506480363385071,-0.2042943805093171,1.9339905969044433,0.7914833903100478,学习者
Y2,Y2_70_25,336,日本,70,1.1457819193424075,0.0009119770446142501,-0.1542120596039046,-0.3777096100014691,-0.13646463557441066,学习者
Y2,Y2_70_26,317,印度尼西亚,70,-1.0584929803645031,-0.3965431256146554,0.1368907246052261,0.2891629631696969,2.170045477857348,学习者
Y2,Y2_70_27,391,澳大利亚,70,1.2377072711284127,-1.393399734078738,-0.7186137154784555,0.750317408399886,-1.826930504250385,学习者
Y2,Y2_70_28,371,日本,70,-0.8727275518821392,-1.1437536542167337,-0.6772719132612831,-1.3994053421164778,-0.564864225283701,学习者
Y2,Y2_70_29,333,日本,70,-1.8004623249370793,-0.10138348247449908,0.31668898717954164,-1.578091304882754,-1.6936364881024075,学习者
Y2,Y2_70_30,476,澳大利亚,70,-1.6279725513711443,-1.0974268696277123,-1.045817210453793,1.4013315439013871,0.6349928156978095,学习者
Y2,Y2_70_31,432,新加坡,70,-0.5930573491217012,-0.7271114423037922,-0.1987187891555131,-1.066335681816479,0.4286970230381961,学习者
Y2,Y2_70_32,296,日本,70,0.9196831245795263,0.01433036511414089,-0.36452021864847317,-0.07248860895492039,-0.47340859195623897,学习者
Y2,Y2_70_33,375,日本,70,-0.09874003561491931,0.34438968652251006,0.09875290114258929,-1.5687187903385553,-0.010593831359818848,学习者
Y2,Y2_70_34,425,德国,70,-1.7715764996397934,0.3689996695612222,0.5873390034264241,-0.6408999388539058,0.46707812785749675,学习者
Y2,Y2_70_35,385,泰国,70,0.04117941330099836,1.045293388331765,0.5589338463052362,-0.3415064834648208,0.9147554050904567,学习者
Y2,Y2_70_36,364,乌克兰,70,-0.4893430914725312,-0.6122002796713204,-0.6406327940887119,-0.257881177347284,0.30827971697603873,学习者
Y2,Y2_70_37,375,越南,70,-0.5525091061931537,0.4816368348597013,-0.6763356717327613,2.960828046159149,0.8500269088073056,学习者
Y2,Y2_70_38,325,德国,70,-0.8184176407549163,-1.175735504473636,0.08179724807197837,-0.7542840847443698,-1.508010887467654,学习者
Y2,Y2_70_39,404,越南,70,-1.0355620997753017,0.68221706652366,-0.2880959981005257,0.5871590915968748,0.7438291680325697,学习者
Y2,Y2_70_40,348,日本,70,-0.6925761110606261,-0.46462728682111665,0.11029437156178408,-0.3832893111744996,0.6051834529010781,学习者
Y2,Y2_70_41,329,日本,70,-0.4529751890186369,1.028151476664081,0.7002354781065796,-0.8310133237350467,-0.6534630152110213,学习者
Y2,Y2_70_42,344,日本,70,-0.18532666635817913,1.011724005721664,0.4068264639274557,-0.4818955404491195,0.6118436133556044,学习者
Y2,Y2_70_43,358,日本,70,-0.9404630375211364,-0.32202686000795633,-0.7098214926027245,-0.34372237015605833,1.0604724214982553,学习者
Y2,Y2_70_44,340,日本,70,-0.2989118622441966,1.2019723956396662,1.1492640433171786,-0.5334141747107751,-1.6577286753363507,学习者
Y2,Y2_70_45,396,澳大利亚,70,-0.841268835365509,-1.7365212920177484,-0.7595249288913213,-0.38922868474428046,-0.6500623593752289,学习者
Y2,Y2_70_46,296,法国,70,0.5715317853984307,-0.5812799507178731,1.5017094885386075,1.2940245499832514,0.9954423222576415,学习者
Y2,Y2_70_47,348,日本,70,-1.1687901443000592,-1.2838207720800165,-1.020204746291061,0.35479114064369865,0.48482133220578505,学习者
Y2,Y2_70_48,354,日本,70,-0.19956286144411572,0.5557996614004526,0.5933846553366321,-0.22352266591049463,-0.23937204385787647,学习者
Y2,Y2_80_01,353,马来西亚,80,-0.43355932318617457,-1.035943216358948,-1.1449076433571985,0.12976141004397299,1.0435169276925986,学习者
Y2,Y2_80_02,330,日本,80,-1.8029372979562872,-0.026778449997197473,0.38848505342477274,0.10281810553400114,-0.21158595122922255,学习者
Y2,Y2_80_03,440,日本,80,-1.9499535496288123,-1.3694102818388514,-0.3917338823495286,0.6191503308937637,-1.5715707361616555,学习者
Y2,Y2_80_04,304,日本,80,-1.1892262068809,-0.7416042095481074,-0.9133127166532006,-0.1234770540590673,0.01879455187760928,学习者
Y2,Y2_80_05,375,日本,80,-0.7603422386240172,-0.2199584985535163,-0.36749738125346565,-0.4995327328159419,-0.4268747089793913,学习者
Y2,Y2_80_06,354,加拿大,80,-0.9848960396374189,-0.2852617333713192,-1.2595489072744321,-0.7396010217772115,0.504828494848751,学习者
Y2,Y2_80_07,404,日本,80,-0.3949016878901268,-1.03619219901912,0.6079475830836824,0.2285988644370674,-0.41754442977312123,学习者
Y2,Y2_80_08,436,日本,80,-1.925211113001456,-1.0751809035775424,-0.8665267312292924,-1.0739075710611021,0.1723996260953487,学习者
Y2,Y2_80_09,354,日本,80,-1.263454210161625,0.07080620247449322,-0.48236523115639734,0.42221110783119375,0.7652106068278636,学习者
Y2,Y2_80_10,414,越南,80,-0.10971551387009633,-0.004915871128298721,-0.25720090190836586,-0.55101288960677,0.14404660875553077,学习者
Y2,Y2_80_11,396,俄罗斯,80,-0.4775259418524754,-0.5761790455471568,-0.6005128800537755,-0.27902583980758694,-0.36011174527226225,学习者
Y2,Y2_80_12,454,日本,80,-1.311721156255046,-0.5667552847587892,-0.27626551336430477,-0.8915697699182644,0.1113177266536711,学习者
Y2,Y2_80_13,577,德国,80,-2.48994031526162,0.04113016818807416,-0.8746938121258249,-0.04296726545588326,1.3025020280220074,学习者
Y2,Y2_80_14,489,日本,80,-0.2739793033045797,0.3551790402720421,0.597504873289766,-0.8114605683481743,0.8125628520871434,学习者
Y2,Y2_80_15,465,日本,80,-1.269073482987331,0.5656837848990166,0.5482420768299843,-0.5868744762919997,0.5662531372171458,学习者
Y2,Y2_80_16,399,日本,80,-1.347947905730822,0.18141234453744223,-0.11411068178954663,-1.107590321562805,-0.7924844066625107,学习者
Y2,Y2_80_17,424,日本,80,-2.6823807392990564,-0.15770005379571003,-0.40545905625197365,-1.3342942259588062,-1.278036319800647,学习者
Y2,Y2_80_18,288,巴西,80,0.5407319151990926,-0.3322271144255008,-0.3911076293297465,0.6938091892558353,0.7494276735160003,学习者
Y2,Y2_80_19,412,俄罗斯,80,-0.4439199645913706,-0.5570001589930473,-0.03554218152546654,0.017344956995004258,-1.1303335447111156,学习者
Y2,Y2_80_20,427,日本,80,-2.1576091537029014,-1.2429785958348585,-0.7687307872778782,-0.8051162360672457,-0.7860559879572324,学习者
Y2,Y2_80_21,396,印度尼西亚,80,-1.484003037064646,-0.804200944045961,-0.18247450006916519,-0.424147426173628,0.6233129748528496,学习者
Y2,Y2_80_22,373,日本,80,-0.2903215521525643,0.5763034126133253,-0.07228640821844223,-0.8007903926169684,-0.2675033935072236,学习者
Y2,Y2_80_23,346,加拿大,80,-0.9726492074690095,-0.1384034528236696,0.07701935935574952,0.3391460350725497,0.9264100546487587,学习者
Y2,Y2_80_24,412,日本,80,-1.6405712368727243,-1.0682796262060636,-0.4991908062951163,-0.4087073836809904,-0.06373209276473919,学习者
Y2,Y2_80_25,291,泰国,80,-1.1386366011985865,0.39217982999633194,0.3657870786982576,-1.7968613039563877,0.5205299257235223,学习者
Y2,Y2_80_26,421,俄罗斯,80,-0.2774034653159437,-0.3690014507684047,0.4516985052836439,-0.580703564235547,-0.3426168414035778,学习者
Y2,Y2_80_27,399,日本,80,-1.672936453001973,0.2503009995508667,1.3792685268603841,-0.3765553806391446,-1.2653452886677838,学习者
Y2,Y2_80_28,338,越南,80,-0.46332141958228834,-0.8419422403150558,0.36064430787234353,0.6519058922838662,-0.03398932091010236,学习者
Y2,Y2_80_29,609,越南,80,-2.5002801782745743,0.1565982788804406,-0.2983705545387667,1.0558857755674322,1.1565847657264672,学习者
Y2,Y2_80_30,342,印度尼西亚,80,-0.40290995245813604,-1.5268298038629222,-1.1703599268506792,-0.5304042441764135,-0.3943053049465207,学习者
Y2,Y2_80_31,350,日本,80,-0.29398889844229326,-0.6637531788081285,0.18153224200100102,-0.4653763191162905,-0.8685317404642606,学习者
Y2,Y2_80_32,448,日本,80,-1.8114347565934246,1.6328530379313424,1.6297812164261885,-0.5822941629479782,-0.6644721688537105,学习者
Y2,Y2_80_33,364,德国,80,-0.5216526439619048,-0.4788379315104682,-0.025877961524839323,-1.6277467525525893,0.5742889717590292,学习者
Y2,Y2_80_34,323,日本,80,-1.2284487521572331,-0.6368321443467057,-0.6741370152647801,-0.62330827646175,-0.6024360706540124,学习者
Y2,Y2_80_35,364,日本,80,-0.48912997836791405,0.45179052662675584,0.5085535295432003,1.0190619248235866,-0.6473951803885221,学习者
Y2,Y2_80_36,422,美国,80,0.5693564515741087,-1.2878740757199434,-0.6873234702788449,1.1643057299460873,-0.6404537489149871,学习者
Y2,Y2_80_37,362,日本,80,-0.4789770212952606,0.6336111862692186,1.8461101928812247,0.4572404919320846,-0.29671061449072367,学习者
Y2,Y2_80_38,356,英国,80,-0.040042272550300725,-1.247296636749896,-0.5227400575398318,1.5744791856067692,0.47127763112166055,学习者
Y2,Y2_80_39,295,日本,80,-0.11790448447176352,0.010108862742521901,0.37146520525575116,-1.2366107455820947,-2.302078691423351,学习者
Y2,Y2_80_40,378,日本,80,-0.8965550734602621,-0.413142126929318,-0.3190086548508013,0.11401411652865479,2.2402378599376593,学习者
Y2,Y2_80_41,343,日本,80,-1.241870150437765,0.6581626394521646,0.8736480285917908,-0.6908720468001299,0.42549832487166894,学习者
Y2,Y2_80_42,407,巴西,80,-0.8113818860286927,-0.41926529848688543,1.0102967848965543,-1.4635275497245617,-0.15856237175825777,学习者
Y2,Y2_80_43,489,日本,80,-1.4204746180002792,0.26671746006375413,0.7517893692387476,-1.6395137112313802,-1.21633071357185,学习者
Y2,Y2_80_44,356,日本,80,0.7291061993733751,0.4298053833995559,0.5136571089420038,-1.5075426516151114,-0.9626544459459322,学习者
Y2,Y2_85_01,387,日本,85,-2.039304723200504,0.3714669235985343,0.19161440980323524,-2.0892739799508004,-1.3755412891630572,学习者
Y2,Y2_85_02,479,新加坡,85,-1.1194439922395112,-0.564309223185388,0.07931001710504487,-0.8527581520347061,-0.3286856776594557,学习者
Y2,Y2_85_03,380,瑞典,85,0.33960717666568896,-0.6694515182121806,0.40076322623285965,-0.4121180701572194,0.1980688007417243,学习者
Y2,Y2_85_04,447,英国,85,-1.2075348668583146,-0.4456384646250796,-0.44644927371532517,-1.4873866590064238,0.8586150765459509,学习者
Y2,Y2_85_05,320,印度尼西亚,85,-1.9596450381288688,-0.2746445684853666,-0.8150120404919944,1.7529860596899949,-0.07625619772278393,学习者
Y2,Y2_85_06,526,韩国,85,-0.9203847740972584,0.2554144502671416,0.9943024860867354,-0.5216319221949486,-0.3737377529379872,学习者
Y2,Y2_85_07,347,瑞士,85,-0.37341118110888777,-0.4111555069605262,0.5693316696430765,1.9937036948938298,-1.1690243917906695,学习者
Y2,Y2_85_08,372,俄罗斯,85,-0.31019239044479474,-0.6599906592598146,-0.17908250252752922,0.09652716899510264,1.344370664357854,学习者
Y2,Y2_85_09,499,英国,85,-2.0341614569622486,0.002216521519214909,-0.2678227798314502,-0.6900125379409111,0.8221196132161188,学习者
Y2,Y2_85_10,592,越南,85,-1.930555916683352,-0.15732809944356912,-0.3034677029831603,1.1497140096694085,-0.3213764136118715,学习者
Y2,Y2_85_11,536,越南,85,-2.0520363292523798,-0.9227725146304085,0.03176654199123745,0.8472236885506061,0.36084186822389547,学习者
Y2,Y2_85_12,347,加拿大,85,-1.3041768763704906,-1.54205413213828,-0.956661253101657,-0.32109566363960734,-0.46071009576793276,学习者
Y2,Y2_85_13,439,比利时,85,0.6380661411021536,-0.15875256715927594,-0.25687647291100296,-0.22087949336069482,0.21901685051429604,学习者
Y2,Y2_85_14,421,加拿大,85,0.0033064917211350813,-1.433592051238559,-0.3810516523985561,1.2833014696662512,1.6446153594973891,学习者
Y2,Y2_85_15,463,蒙古国,85,-2.8610722045565247,0.8502748190255132,1.2890761180394745,-0.6199039407127419,0.3315806630754088,学习者
Y2,Y2_85_16,312,马来西亚,85,0.43042539389871065,-1.2489464259753922,-0.21640429970836397,0.10487571163267764,-0.9683767238556372,学习者
Y2,Y2_85_17,375,加拿大,85,0.4155420957205912,-1.5593460626590607,-1.1366809219100777,-0.5811445207031192,-0.22414599752320508,学习者
Y2,Y2_85_18,358,美国,85,-2.0464678846086772,0.35602939506342257,1.6726940744215812,0.9751215424683874,-0.08983868770795823,学习者
Y2,Y2_90_01,367,美国,90,-0.9935918367494676,-1.7921571654118853,-0.9152059482732201,-0.32086263251181,0.5337495839901467,学习者
Y2,Y2_90_02,514,菲律宾,90,-0.8233408829330832,0.5208651153958068,0.9545225670250589,-0.6941105784210783,0.3399726749936527,学习者
Y2,Y2_90_03,387,韩国,90,-0.6209998610452234,-0.2057945494801616,-0.36556822504077613,-0.37178837775068235,1.1487517413522499,学习者
Y2,Y2_90_04,383,日本,90,-0.25993809412747443,-1.2310074737296943,-0.6863204171899717,0.24779585126200065,0.03979580240751037,学习者
Y2,Y2_90_05,416,英国,90,-0.01722063364965579,-1.3471948288956992,0.3527749082436444,0.7752918170924757,-1.6770453698411294,学习者
Y2,Y2_90_06,501,越南,90,-1.779226845134938,-0.4872449284308936,-0.6138606103452054,-0.6934986881597066,-0.1586614098145378,学习者
Y2,Y2_90_07,328,越南,90,-0.7699926919755152,0.7466244882023145,0.19933930665370353,0.5707209175500099,-0.3999051102514773,学习者
Y2,Y2_90_08,456,新加坡,90,-0.07463296181862472,0.3532744404584264,1.4805050998688327,-1.5341549205506297,0.4972581298193267,学习者
Y2,Y2_90_09,348,菲律宾,90,-0.5997206516659337,-0.42318385161246397,-1.45451729221865,0.35468460234824484,-1.1318744800756413,学习者
Y2,Y2_90_10,612,泰国,90,-0.8411812691161175,0.813984153994818,1.9142047283874697,-0.3080784994014188,-0.14889707163949978,学习者
Y2,Y2_90_11,521,俄罗斯,90,-1.2049847368595368,0.22919533800607514,0.32183557373527544,1.01597744299671,1.9310825930004696,学习者
Y2,Y2_90_12,524,加拿大,90,0.4317812367095485,0.04878051263650009,-0.33291884353437856,-0.39372956964679817,0.3267527076498935,学习者
Y2,Y2_95_01,378,墨西哥,95,0.3882188707677341,-0.04805804223780333,-0.3986688027750152,1.8724075466526138,0.21987236287234108,学习者
Y2,Y2_95_02,404,西班牙,95,-1.4609591251785987,-0.5651491613772925,-0.01475587971007018,0.7322450149311567,-0.2539249259922464,学习者
Y2,Y2_95_03,463,阿根廷,95,-1.3250423400620905,-1.0763535470332355,-0.5939701838109006,0.8429263769144892,0.493082820272043,学习者
Y2,Y2_95_04,395,朝鲜,95,-0.34776977373057366,-0.9697647856652288,0.27273519656637757,0.5632242501207876,-1.0294922985482886,学习者
NJ1,NJ1_001,262,中国（公开网络样本）,,2.1192196889909916,0.7035043359986944,-0.3021237011729469,0.07196522029381908,0.7603230400863925,公开网络母语参照
NJ1,NJ1_002,296,中国（公开网络样本）,,0.8172580152068479,-0.08252446427403767,0.15880085576619,0.9644019467345392,-1.5406404565080403,公开网络母语参照
NJ1,NJ1_003,318,中国（公开网络样本）,,0.9145820766140659,-0.680334315921607,0.9599893877577413,0.3733375395628829,-0.12429203741787762,公开网络母语参照
NJ1,NJ1_004,333,中国（公开网络样本）,,-0.33456917430398386,0.4254352730846166,1.439422208115438,0.8434727495160937,0.3566017187857092,公开网络母语参照
NJ1,NJ1_005,341,中国（公开网络样本）,,1.062770826648891,1.4203130979949592,1.012950838175941,1.4284239742845755,-0.07766730927491869,公开网络母语参照
NJ1,NJ1_006,379,中国（公开网络样本）,,1.8927366445217455,0.357573043414159,0.37894255499009827,2.5662128578965633,-0.2008729218809187,公开网络母语参照
NJ1,NJ1_007,386,中国（公开网络样本）,,0.04460950900162193,0.7485156123519437,0.16911985409270142,1.167818703357864,-0.6128054227229627,公开网络母语参照
NJ1,NJ1_008,392,中国（公开网络样本）,,-0.7423901539779755,0.944085626038126,2.2216333475030505,1.3541861894916405,-0.07602046942027735,公开网络母语参照
NJ1,NJ1_009,402,中国（公开网络样本）,,-0.6537473009810871,0.013869067771960225,0.35013513176026295,1.5301694084112547,-0.8455625954310302,公开网络母语参照
NJ1,NJ1_010,403,中国（公开网络样本）,,0.523128436613626,1.494072485282532,0.12569864768717465,1.379889520848563,-0.960574840886478,公开网络母语参照
NJ1,NJ1_011,406,中国（公开网络样本）,,0.5768994630001743,-0.8245252367004045,-0.336341374101696,3.130353538565463,-0.59297847434789,公开网络母语参照
NJ1,NJ1_012,412,中国（公开网络样本）,,0.5602200648732598,-0.8166206644236846,0.6437863715339459,1.5504912704484077,-1.413492566031516,公开网络母语参照
NJ1,NJ1_013,419,中国（公开网络样本）,,-0.08654682530158866,0.4271914623622894,1.183874181569802,0.2432577040571255,-1.0668921887497782,公开网络母语参照
NJ1,NJ1_014,451,中国（公开网络样本）,,-0.8710508012575133,0.767840439846756,1.1743731573475946,0.08849151827681008,-0.8537046856745115,公开网络母语参照
NJ1,NJ1_015,455,中国（公开网络样本）,,0.7891038161430027,0.17903345419354605,0.5158927922005785,2.4321218308563863,-0.9065536667450654,公开网络母语参照
NJ1,NJ1_016,489,中国（公开网络样本）,,1.2334560830169083,0.1423158472630639,0.5586572515164702,-0.3885508363620719,-0.2720168438929993,公开网络母语参照
NJ1,NJ1_017,494,中国（公开网络样本）,,0.9910102890970295,0.5874280010770908,0.44212951045185367,2.9992209074776834,0.22031731006776153,公开网络母语参照
NJ1,NJ1_018,496,中国（公开网络样本）,,0.4501384540850633,-0.09069359966614175,0.8625161059455264,0.12689695575787432,0.6828554220566713,公开网络母语参照
NJ1,NJ1_019,503,中国（公开网络样本）,,0.06611619440427997,0.6044614974346803,0.9807074905095147,-1.0693580328262373,1.414422927231365,公开网络母语参照
NJ1,NJ1_020,508,中国（公开网络样本）,,-0.4570746548449822,-0.2360884556309891,0.48365942398904643,2.193633941677976,-0.24867863567821052,公开网络母语参照
NJ1,NJ1_021,518,中国（公开网络样本）,,-0.11498665148640509,0.6812059144278073,2.460611148109782,-1.125678043115712,-0.9264517186454839,公开网络母语参照
NJ1,NJ1_022,519,中国（公开网络样本）,,-0.9354372194582279,0.28485590695445473,1.1586043216983342,4.216633430347235,0.3219237081235313,公开网络母语参照
NJ1,NJ1_023,521,中国（公开网络样本）,,0.31979920733140954,-0.4153095094122407,0.371310676079649,1.1269794848153938,-0.9612396312132817,公开网络母语参照
NJ1,NJ1_024,535,中国（公开网络样本）,,-2.396376860263475,-1.1605384748766638,0.0007148623892641424,1.6105042302707864,-1.2033717846985332,公开网络母语参照
NJ1,NJ1_025,540,中国（公开网络样本）,,-0.3447079344110742,0.24159562027001769,0.9140519158882836,1.7336977711389594,2.2916382691764023,公开网络母语参照
NJ1,NJ1_026,546,中国（公开网络样本）,,0.7744193131721576,-0.01807913111088223,1.3870690639956873,2.4710997334225726,0.004519794538339681,公开网络母语参照
NJ1,NJ1_027,548,中国（公开网络样本）,,1.0519242404482028,0.5958862463195819,-0.028332754724529154,-0.05493895603009782,0.4760587903966483,公开网络母语参照
NJ1,NJ1_028,548,中国（公开网络样本）,,1.36084022348063,0.03403518786484457,0.38738482128947904,1.266744944792024,-0.5506020538988559,公开网络母语参照
NJ1,NJ1_029,548,中国（公开网络样本）,,0.9954912862574763,-0.17408385106393537,0.4468123393073208,1.2585746675123572,-0.12078315703027959,公开网络母语参照
NJ1,NJ1_030,553,中国（公开网络样本）,,1.6286882233403244,-1.9550281379913237,-0.0888210986337261,-0.8783883551606477,0.7380031313838707,公开网络母语参照
NJ1,NJ1_031,564,中国（公开网络样本）,,1.3315196947626216,-0.6761423438997115,0.3460652650686053,0.08768766869399393,-0.6989717749156739,公开网络母语参照
NJ1,NJ1_032,565,中国（公开网络样本）,,-1.582675497410431,0.4408894620502543,-0.29766745414306295,1.330881944893422,3.0221906120242843,公开网络母语参照
NJ1,NJ1_033,568,中国（公开网络样本）,,0.8106430290562537,-0.18963569108124365,0.5651036972316954,0.6949444551326783,-0.7954178113066572,公开网络母语参照
NJ1,NJ1_034,596,中国（公开网络样本）,,0.34978002657725504,-1.5445726873522123,0.4495491596267349,0.07323995022112374,-1.002595025775326,公开网络母语参照
NJ1,NJ1_035,604,中国（公开网络样本）,,-2.6198569212179397,0.08605436297987143,0.7524280403693536,8.8899929860729,-0.17245331738223352,公开网络母语参照
NJ1,NJ1_036,605,中国（公开网络样本）,,0.49143961282347226,0.8035130878495111,-0.494721263472768,1.205386872497067,-0.1332020952009543,公开网络母语参照
NJ1,NJ1_037,605,中国（公开网络样本）,,1.570301161316109,-0.46897138689021567,0.18761451371093715,1.5108245845928456,-0.8010741743546225,公开网络母语参照
NJ1,NJ1_038,613,中国（公开网络样本）,,0.4135965759692334,-0.3260774489946646,0.6482525358010544,1.412147102859187,-0.2742596158632515,公开网络母语参照
NJ1,NJ1_039,618,中国（公开网络样本）,,1.0204707144005085,-0.38821109540109633,0.2004854310254198,1.95501252245345,-0.5003290366710962,公开网络母语参照
NJ1,NJ1_040,627,中国（公开网络样本）,,0.4857351711912906,0.9799636473454285,0.16220306047893218,7.053349549719062,0.44318886887467035,公开网络母语参照
NJ1,NJ1_041,645,中国（公开网络样本）,,1.1728811381601383,-0.4294721601789585,0.738540684607983,0.20498555368809257,-0.07740311926224447,公开网络母语参照
NJ1,NJ1_042,665,中国（公开网络样本）,,0.5060927266157449,-0.030664150171106054,0.7947690509979316,1.095251980762528,-0.2806906110685544,公开网络母语参照
NJ1,NJ1_043,665,中国（公开网络样本）,,0.31845969761680504,-1.4029984878797037,-0.6154960719997253,0.8388927300782771,-0.16963640244399894,公开网络母语参照
NJ1,NJ1_044,672,中国（公开网络样本）,,0.03890348360473943,-0.06501795150554585,1.481750535788074,1.081252353355459,-0.15904532076547828,公开网络母语参照
NJ1,NJ1_045,752,中国（公开网络样本）,,0.6181466763556169,-0.4968483041122349,1.395056476725105,1.7292948776984092,-0.5132796929727453,公开网络母语参照
NJ2,NJ2_001,236,中国（公开网络样本）,,1.063802303919204,-0.49933194858228136,-0.42375502014167504,-0.012597857142565692,-1.8826154473284686,公开网络母语参照
NJ2,NJ2_002,314,中国（公开网络样本）,,0.1190772981099083,0.37655135895303377,1.5380539142726948,1.3650194123273716,-0.08882944473346159,公开网络母语参照
NJ2,NJ2_003,327,中国（公开网络样本）,,0.7532825688655528,-0.2018325345137259,0.009797259247309897,2.5614727138797786,-0.9694997694147671,公开网络母语参照
NJ2,NJ2_004,343,中国（公开网络样本）,,0.7372085371778798,-1.282601097514918,-0.21373528715334333,2.8109665387947302,0.052815315931063866,公开网络母语参照
NJ2,NJ2_005,403,中国（公开网络样本）,,1.2996319082725662,0.9370507643574505,-0.43801157245858363,6.334101554442065,0.0813196113988702,公开网络母语参照
NJ2,NJ2_006,414,中国（公开网络样本）,,0.6412382694844633,1.0606867774086215,0.44297461275265554,0.8963068466025473,0.6709761090444479,公开网络母语参照
NJ2,NJ2_007,454,中国（公开网络样本）,,0.15404281566762806,0.5809080043644613,0.07447221484967022,2.1800725270086,0.7415941508733648,公开网络母语参照
NJ2,NJ2_008,471,中国（公开网络样本）,,0.9956038072827411,0.6055179975509842,0.0702271471166931,0.5514653978027206,0.09339581840080265,公开网络母语参照
NJ2,NJ2_009,480,中国（公开网络样本）,,0.904540866038374,0.26934014586111765,0.19995639625501788,1.087858648709157,-0.7250192738550538,公开网络母语参照
NJ2,NJ2_010,486,中国（公开网络样本）,,-0.1043353432332176,1.0805790874819332,0.1040092112189521,0.15080309365020478,0.395115621357181,公开网络母语参照
NJ2,NJ2_011,490,中国（公开网络样本）,,0.5642573989378108,0.0999156338424594,-0.2625257518825415,0.8975524183396928,-0.5096612240405997,公开网络母语参照
NJ2,NJ2_012,500,中国（公开网络样本）,,1.5355694921547967,-0.14374890185285955,-1.3497408536055644,0.4196819406244395,-1.0669233190883365,公开网络母语参照
NJ2,NJ2_013,508,中国（公开网络样本）,,1.487516418469798,0.4775096727421872,0.08592746696372998,1.932352083985794,0.18447730343255342,公开网络母语参照
NJ2,NJ2_014,509,中国（公开网络样本）,,0.6412261485450724,-0.2614037153653178,0.8569219554170308,0.7752320701109897,0.26567534448009505,公开网络母语参照
NJ2,NJ2_015,513,中国（公开网络样本）,,0.5552302311588294,-0.4911460123131371,-0.6712306534787802,5.67141361316451,1.7180876488804264,公开网络母语参照
NJ2,NJ2_016,520,中国（公开网络样本）,,-0.1698030698451818,0.519944781503335,1.8032652275880618,1.0027890508693862,0.3946654403603906,公开网络母语参照
NJ2,NJ2_017,545,中国（公开网络样本）,,-0.031049454376227973,0.18471235158883,0.46502874340035627,1.831797686793519,1.0853339879301676,公开网络母语参照
NJ2,NJ2_018,571,中国（公开网络样本）,,0.18640707043822108,1.1359492134957927,0.3141640004991189,1.31175079981122,-0.1729778461756634,公开网络母语参照
NJ2,NJ2_019,577,中国（公开网络样本）,,1.2612032251460343,-1.2354152195709045,-0.36272299223936016,1.001379110198223,0.6233231348809896,公开网络母语参照
NJ2,NJ2_020,585,中国（公开网络样本）,,0.5265080736776815,0.23072858533957646,0.7222797030028735,0.19302776707662558,-0.33053971783541325,公开网络母语参照
NJ2,NJ2_021,589,中国（公开网络样本）,,-0.013420826665974852,-0.10284778732796147,-0.6969581038637671,3.5108587352269582,-1.3522922614070159,公开网络母语参照
NJ2,NJ2_022,592,中国（公开网络样本）,,-0.008809373835820535,0.720454664143661,0.4050068172106906,3.577754345380581,1.2706745431405433,公开网络母语参照
NJ2,NJ2_023,602,中国（公开网络样本）,,-0.26275903204527595,0.5067016417901206,0.9845426097563612,3.024463186422712,-0.2537795700763142,公开网络母语参照
NJ2,NJ2_024,606,中国（公开网络样本）,,1.1341089635718011,-0.596196608704237,-0.16479592262020953,-0.2683114926173522,0.5992421128623718,公开网络母语参照
NJ2,NJ2_025,608,中国（公开网络样本）,,-0.20297963187754656,-0.39893301068693354,0.9029307686369056,3.5039131478594054,-0.32975446052974516,公开网络母语参照
NJ2,NJ2_026,611,中国（公开网络样本）,,0.2051633520227946,0.2675052114157602,0.9646125827714597,2.282499190846258,0.3928831337148926,公开网络母语参照
NJ2,NJ2_027,614,中国（公开网络样本）,,-0.21519031090806062,0.42900602386754166,0.3122208831785219,0.06191890036522446,1.4055934523547997,公开网络母语参照
NJ2,NJ2_028,636,中国（公开网络样本）,,0.5674929617947417,0.8690988158170797,0.41082327465286095,0.9280698038764967,0.6525161457259009,公开网络母语参照
NJ2,NJ2_029,640,中国（公开网络样本）,,-2.754917643525879,-0.7070111872341742,0.5126312813646868,1.198789790406416,0.19677069757649468,公开网络母语参照
NJ2,NJ2_030,653,中国（公开网络样本）,,1.4153237313820684,-1.1625525194991841,-0.6065566870140112,2.5752754498757118,-1.4784233172687316,公开网络母语参照
NJ2,NJ2_031,664,中国（公开网络样本）,,-0.062282406077239734,-0.18354259099384448,0.05704469521759518,-0.17596744283308008,0.4877544923395956,公开网络母语参照
NJ2,NJ2_032,667,中国（公开网络样本）,,1.436777633748964,-0.20270589766848288,-0.11600255013155883,1.0045248776465532,0.8505795593082328,公开网络母语参照
NJ2,NJ2_033,669,中国（公开网络样本）,,0.22422440297668364,-0.35607296378792397,-0.03130474646390825,-0.2611859036485008,-0.03802846498668002,公开网络母语参照
NJ2,NJ2_034,678,中国（公开网络样本）,,-0.0094837461591575,-1.3935584653628557,-0.5338811719402259,0.40203724045626543,1.3844563248435995,公开网络母语参照
NJ2,NJ2_035,684,中国（公开网络样本）,,1.0554783057142352,0.06164581715761816,0.6884760177017795,-0.24877331372214226,0.6161224063552674,公开网络母语参照
NJ2,NJ2_036,689,中国（公开网络样本）,,-0.16498622163302423,1.3176309770998733,0.13662844470707478,4.4198938139959125,0.030350982244212475,公开网络母语参照
NJ2,NJ2_037,710,中国（公开网络样本）,,0.5856228393531412,0.6182722957759786,0.5686386531745828,0.8436422627139002,0.4294778173455171,公开网络母语参照
NJ2,NJ2_038,717,中国（公开网络样本）,,0.8042914488677223,-0.37644367900173525,-0.1083766134222,3.8041636631069076,-0.6216585714603804,公开网络母语参照
NJ2,NJ2_039,729,中国（公开网络样本）,,-0.431967717137775,0.6244024199314594,0.1031164446520005,2.59568564143093,0.07713855971644895,公开网络母语参照
NJ2,NJ2_040,734,中国（公开网络样本）,,0.13172188367406265,-0.9225915373958671,-0.26923327068042635,2.448037491785085,-0.4221725514107009,公开网络母语参照
NJ2,NJ2_041,736,中国（公开网络样本）,,1.0438242816588168,-0.14309879947268833,-0.16373208720603394,1.0236800579318515,0.5427576467877989,公开网络母语参照
NJ2,NJ2_042,738,中国（公开网络样本）,,0.9747200140666241,-0.9971211039482872,0.600631729690955,0.316251358122606,0.047102736164428,公开网络母语参照
NJ2,NJ2_043,747,中国（公开网络样本）,,-0.19943668787450483,-0.4336119755709117,1.2092522103454837,1.9496585212528523,0.4489635477556195,公开网络母语参照
NJ2,NJ2_044,752,中国（公开网络样本）,,0.399376681576292,-0.5429102061777553,0.01289973129304968,-0.14684923592026777,0.18039151477258786,公开网络母语参照
NJ2,NJ2_045,764,中国（公开网络样本）,,-1.0502519289800392,0.24582831407455535,0.7932832596767782,2.7426901456596777,1.9836148737251444,公开网络母语参照
NY1,NY1_001,367,中国（公开网络样本）,,1.0320901196268304,-1.3062664626583078,-0.11796627035609074,0.08354810007993058,1.090970768724004,公开网络母语参照
NY1,NY1_002,416,中国（公开网络样本）,,0.1853493713015785,-1.233135968978697,-0.12716726112568313,0.8036174096321477,3.2217670967076284,公开网络母语参照
NY1,NY1_003,431,中国（公开网络样本）,,1.0600283107534796,-1.7546070070503392,-0.33665817767446454,1.4645257862629404,-1.4739506399059945,公开网络母语参照
NY1,NY1_004,433,中国（公开网络样本）,,1.133494936305053,-0.9532332754134337,0.1304281954311634,0.9556919469590451,0.9608252852149208,公开网络母语参照
NY1,NY1_005,456,中国（公开网络样本）,,1.0895473983294859,-1.3523480176463012,-1.1935197347122404,4.387252745878405,-0.34048471651620543,公开网络母语参照
NY1,NY1_006,457,中国（公开网络样本）,,-0.04646533388069729,-1.4092861130790904,-0.6241274857749288,0.4133015085605455,0.2652094077987285,公开网络母语参照
NY1,NY1_007,472,中国（公开网络样本）,,1.5528958223791205,-1.6174810763062994,-1.0506452838101161,-1.9246412494045149,-0.14489771826727685,公开网络母语参照
NY1,NY1_008,475,中国（公开网络样本）,,-0.003988436462464894,-1.0229076987311907,-0.6057780082961274,1.508772585090083,0.8867036606529464,公开网络母语参照
NY1,NY1_009,529,中国（公开网络样本）,,0.4823470897080561,-0.9091548782698655,-0.45093640206394264,2.684269352556904,-0.965492196620613,公开网络母语参照
NY1,NY1_010,530,中国（公开网络样本）,,-0.37234107832087165,-1.2608184716392938,-0.4732213828986254,-1.5255673817894,0.27461707822107684,公开网络母语参照
NY1,NY1_011,535,中国（公开网络样本）,,-1.2176174128114532,-1.680763262220774,-1.2026177735708878,2.5615572393537756,2.245554754832268,公开网络母语参照
NY1,NY1_012,548,中国（公开网络样本）,,1.5142492851023805,-1.2179668546171638,-1.6006393739950866,0.3783611434878757,-0.5670190926249199,公开网络母语参照
NY1,NY1_013,568,中国（公开网络样本）,,1.0589841955463293,-2.309544650703742,-2.399513644932735,2.5632879931194785,-0.6910552050279067,公开网络母语参照
NY1,NY1_014,583,中国（公开网络样本）,,0.0016491458696276482,-0.01703910350910261,-0.6726110383313424,0.5670600548001689,0.014970698143039932,公开网络母语参照
NY1,NY1_015,587,中国（公开网络样本）,,1.137525030464158,-1.084073855934997,-0.9958580168595896,2.4127443254712118,-0.7567175528628937,公开网络母语参照
NY1,NY1_016,606,中国（公开网络样本）,,-0.5690411656248384,-1.4121890114842965,-1.321145376654395,-0.6119353827053874,1.1020999950813655,公开网络母语参照
NY1,NY1_017,607,中国（公开网络样本）,,1.4713088543429549,-0.413745575606111,-1.4317999847575857,0.46491809919622135,0.7868030078649766,公开网络母语参照
NY1,NY1_018,623,中国（公开网络样本）,,1.786819818243017,-1.7142837662913168,-1.6763580789669954,5.67463285941548,0.3695693566049149,公开网络母语参照
NY1,NY1_019,637,中国（公开网络样本）,,0.5928331299522086,-0.8516094270120278,-0.40475930710332625,0.1785574082983068,0.8243522204612748,公开网络母语参照
NY1,NY1_020,639,中国（公开网络样本）,,-1.0227522438204772,-1.6402982249356348,-0.7014765598312559,0.875332548571839,-0.23613376991361693,公开网络母语参照
NY1,NY1_021,666,中国（公开网络样本）,,-0.2694327877659138,-1.8640986299830233,-0.4596234259456836,0.6274617519702295,-0.8217915617166219,公开网络母语参照
NY1,NY1_022,667,中国（公开网络样本）,,-0.5032383905139015,-1.5032294536032658,0.16151279812977612,0.6511622270814987,1.9755528494841355,公开网络母语参照
NY1,NY1_023,668,中国（公开网络样本）,,-0.7202697787929189,-1.5507386138840404,-0.5863121578153836,0.598976338601414,-0.4478102537807707,公开网络母语参照
NY1,NY1_024,669,中国（公开网络样本）,,-0.6990319435154725,-2.231169157050037,-1.6746190074223308,0.5278408246495293,1.153145382023324,公开网络母语参照
NY1,NY1_025,675,中国（公开网络样本）,,-0.4765758412551909,-1.6044893673358802,-0.49778986944650777,4.347392621139909,-1.1989094341301862,公开网络母语参照
NY1,NY1_026,677,中国（公开网络样本）,,-0.5173975038157889,-1.5987840698106717,-0.5152342072926887,4.341651003913736,-1.2083219009874122,公开网络母语参照
NY1,NY1_027,681,中国（公开网络样本）,,1.182220234611851,-1.1855569881002153,-0.5969191743874924,1.4897755751127941,-0.42908185699491835,公开网络母语参照
NY1,NY1_028,686,中国（公开网络样本）,,0.9727257773655373,-1.9937364277201846,-1.1576678278590506,1.9876669533809177,0.5291878714381671,公开网络母语参照
NY1,NY1_029,695,中国（公开网络样本）,,1.0180203467420612,-1.8786580645772388,-1.3396130601130445,2.1163047632925642,0.2838171578105851,公开网络母语参照
NY1,NY1_030,700,中国（公开网络样本）,,-0.9186016454879057,-2.09649764837004,-0.6509225991970531,0.9867197011137143,-0.308178573791807,公开网络母语参照
NY1,NY1_031,701,中国（公开网络样本）,,0.6500283517266331,-1.239659583188341,0.007257785300668409,0.15438712415561112,0.7741928396285913,公开网络母语参照
NY1,NY1_032,702,中国（公开网络样本）,,0.9841347203859087,-1.2568284329026553,-0.7457226621186703,0.8864951322628114,0.5639249100049635,公开网络母语参照
NY1,NY1_033,709,中国（公开网络样本）,,-0.5560181714967237,-2.366888889816199,-0.8723891291152684,1.4982547475315289,0.8582081879523447,公开网络母语参照
NY1,NY1_034,711,中国（公开网络样本）,,0.5057868167392294,-1.2564910843894856,-0.47493184766862284,2.2295097691139745,0.5920410902699109,公开网络母语参照
NY1,NY1_035,720,中国（公开网络样本）,,-0.2446496712935218,-1.2603010330801687,-0.3879397382943493,0.393488196908812,1.0901385395024068,公开网络母语参照
NY1,NY1_036,720,中国（公开网络样本）,,0.3912299518551797,-0.6771811316862834,-1.2921823872790492,0.09435058547852625,0.6061351399072821,公开网络母语参照
NY1,NY1_037,720,中国（公开网络样本）,,2.092897772944259,-2.62275294893364,-1.5640176414228872,3.2070011576368036,2.3112319580895417,公开网络母语参照
NY1,NY1_038,726,中国（公开网络样本）,,2.0357592834658003,-1.269400034168213,-1.1567113301872975,0.8691524550408586,0.054529558212633375,公开网络母语参照
NY1,NY1_039,726,中国（公开网络样本）,,-0.6160914957566965,-1.5214359192510167,-1.2146345283794062,3.007576676298519,-0.004500706117815842,公开网络母语参照
NY1,NY1_040,740,中国（公开网络样本）,,1.9456797119362033,-0.7546759747157757,-0.9166184730504483,2.2842443320782384,-0.7381912911779761,公开网络母语参照
NY1,NY1_041,743,中国（公开网络样本）,,-0.09806836534955592,-1.9289727252649203,-0.9914866835737153,0.7686734993157556,0.8467569278086103,公开网络母语参照
NY1,NY1_042,754,中国（公开网络样本）,,2.0303080136915916,-1.3227347038069213,-2.0404548402282296,3.031616698210962,0.9432666509867013,公开网络母语参照
NY1,NY1_043,765,中国（公开网络样本）,,1.4974074040509584,-1.1124605216566779,-0.9498916271142551,0.5792272559103837,0.6281561122709827,公开网络母语参照
NY1,NY1_044,766,中国（公开网络样本）,,-0.8494984790660417,-0.9475844250490741,-1.093292343029006,2.5355733316006677,0.8006484297436425,公开网络母语参照
NY1,NY1_045,766,中国（公开网络样本）,,0.20159309556245786,-1.5181952171502933,-0.6960075456328845,1.2402566087754667,1.0664233008204167,公开网络母语参照
NY2,NY2_001,219,中国（公开网络样本）,,1.7815599450040693,-1.3464249005119664,-0.4271826343783894,0.9075738206585349,1.4857820777935917,公开网络母语参照
NY2,NY2_002,261,中国（公开网络样本）,,0.787212801003725,-0.14083545892816773,-0.10789612599973118,3.2428799576351257,0.14746283386480344,公开网络母语参照
NY2,NY2_003,269,中国（公开网络样本）,,0.7752584865402256,-1.3026209740519559,-0.6975334234566274,0.29006896327319054,-0.14304258024407884,公开网络母语参照
NY2,NY2_004,306,中国（公开网络样本）,,0.4073366347635234,0.5189065592764016,-0.21983413232567522,1.149307845057921,0.3510696679662792,公开网络母语参照
NY2,NY2_005,321,中国（公开网络样本）,,1.3343683984187051,-0.889369551711017,-0.5976192573492015,0.10789448548217287,0.8248720719616541,公开网络母语参照
NY2,NY2_006,336,中国（公开网络样本）,,1.5523952487810893,-0.8381218131258853,-0.7635123169814697,0.17015970605337236,0.8009877702434945,公开网络母语参照
NY2,NY2_007,336,中国（公开网络样本）,,0.0586856386895521,-1.250935540207262,-0.7321024475403414,0.37845786172949647,0.6634204261088316,公开网络母语参照
NY2,NY2_008,348,中国（公开网络样本）,,-1.272302113024142,-1.1658329017723936,-1.2330217633161724,2.273977483610207,1.6217735628129355,公开网络母语参照
NY2,NY2_009,356,中国（公开网络样本）,,-0.2663442174107996,-2.0572813414974807,-0.9778988198747662,1.8302252231376945,3.343554948125786,公开网络母语参照
NY2,NY2_010,388,中国（公开网络样本）,,1.3098875777147088,-2.068494777216888,-0.6206952068798048,1.2896654596304833,-0.47387312802730697,公开网络母语参照
NY2,NY2_011,396,中国（公开网络样本）,,1.0405684763454306,-1.5729978633184145,-0.30295214943589743,2.189363281785645,0.7973562413246731,公开网络母语参照
NY2,NY2_012,428,中国（公开网络样本）,,0.22849319274402213,-0.023208234401558506,-0.5100534244706394,3.936979271503046,1.3162213451363778,公开网络母语参照
NY2,NY2_013,436,中国（公开网络样本）,,-2.131799049547907,-1.0463720386844366,0.6157718639911623,0.2689068839350355,0.2678492370679971,公开网络母语参照
NY2,NY2_014,448,中国（公开网络样本）,,1.260406211747952,-0.5109924481238616,0.03117457386280551,0.251687602965825,1.436422685003815,公开网络母语参照
NY2,NY2_015,454,中国（公开网络样本）,,1.9423065444022172,-0.853218295873925,-0.37829678738501576,0.5273748667783754,1.0115703896236525,公开网络母语参照
NY2,NY2_016,464,中国（公开网络样本）,,-0.9544643087630256,-1.2892756254601832,-0.8083179669189756,0.7213050239741735,-0.6924695775623132,公开网络母语参照
NY2,NY2_017,481,中国（公开网络样本）,,2.432987036825671,-1.0340973845918964,-0.8430053267353307,4.035683071856748,-0.3803654988757188,公开网络母语参照
NY2,NY2_018,487,中国（公开网络样本）,,-1.2673101360970989,-1.0839731095896348,-0.44847539628951705,0.014138455593620071,0.741463922239764,公开网络母语参照
NY2,NY2_019,505,中国（公开网络样本）,,0.9165669751690164,-0.8104001229939805,-0.8924630596134653,0.5025327073182793,0.7480039613511437,公开网络母语参照
NY2,NY2_020,508,中国（公开网络样本）,,-0.40359671428755695,-0.681354703520021,1.446016779694032,0.0018762350196697857,0.5601538978830336,公开网络母语参照
NY2,NY2_021,528,中国（公开网络样本）,,-0.4351338145179546,-0.6877235051657321,-0.649211278949048,1.789817513901396,1.4036957217451054,公开网络母语参照
NY2,NY2_022,535,中国（公开网络样本）,,0.07814169356565973,-1.4744553356963956,0.041772680806019,0.25596696851524636,0.7467867700648458,公开网络母语参照
NY2,NY2_023,540,中国（公开网络样本）,,-0.6759346741801193,-0.8097381131740085,0.10240688544611545,4.176090920394542,1.04175854726778,公开网络母语参照
NY2,NY2_024,540,中国（公开网络样本）,,0.23223505136171457,-1.1315061831139133,-0.1878139890899345,-0.2505541809755442,0.30503337261587504,公开网络母语参照
NY2,NY2_025,545,中国（公开网络样本）,,-1.1408668905150323,-1.045284911845481,-0.3932158492993623,2.3884227524271524,0.3530782772401571,公开网络母语参照
NY2,NY2_026,550,中国（公开网络样本）,,0.8774100000431097,-1.2401963278725179,-0.6380495308285872,1.1393033055026045,1.311546537409983,公开网络母语参照
NY2,NY2_027,559,中国（公开网络样本）,,0.25376875715604813,-1.595899416026326,-0.08570387813477952,1.3473929768742563,0.6457846626553468,公开网络母语参照
NY2,NY2_028,599,中国（公开网络样本）,,0.5583329269347185,-1.0740778610905823,0.4705238202468092,2.731917759565808,0.18393679397299137,公开网络母语参照
NY2,NY2_029,621,中国（公开网络样本）,,-0.7436457659898918,-3.1177778320579326,-0.7991771199019833,-0.7089589492882006,0.07956199619074329,公开网络母语参照
NY2,NY2_030,624,中国（公开网络样本）,,-1.7743652107078058,-0.10510342905877591,-0.031138450394281824,0.31539538623315916,2.0030531413220265,公开网络母语参照
NY2,NY2_031,633,中国（公开网络样本）,,0.0561041382840083,-1.2263376966882027,-0.537991611661841,0.27727855437377424,1.2842521621682794,公开网络母语参照
NY2,NY2_032,645,中国（公开网络样本）,,-1.07512082006927,-0.6312495518167937,0.057541545395160654,1.7137680840131977,1.1133363241854748,公开网络母语参照
NY2,NY2_033,654,中国（公开网络样本）,,0.6506146018082924,-0.6782930002186655,0.28769791659505994,-0.004442632287872011,0.8939268335875881,公开网络母语参照
NY2,NY2_034,655,中国（公开网络样本）,,0.6039552832266868,-0.822810617222568,-0.5495490282087894,2.0119409354199274,0.7759165161384517,公开网络母语参照
NY2,NY2_035,657,中国（公开网络样本）,,-0.33706391057414603,-0.9027135590247002,-0.5147104374004633,0.1764392014263671,0.9613731215129311,公开网络母语参照
NY2,NY2_036,685,中国（公开网络样本）,,-0.6480640089257091,-0.49669552476348877,0.4424593741901738,0.95734324489773,0.36597527319482104,公开网络母语参照
NY2,NY2_037,685,中国（公开网络样本）,,0.695360955039692,-1.1894220042178039,-0.7935180078823935,1.2480275282094895,1.0043335310566652,公开网络母语参照
NY2,NY2_038,688,中国（公开网络样本）,,-1.0971533925355297,-0.8512047136666546,-0.742174805741802,0.9687755625045207,1.1954619193132794,公开网络母语参照
NY2,NY2_039,692,中国（公开网络样本）,,0.9107789292098872,-1.6065039577140592,-0.5899628491823311,-0.37111680351059023,-0.7596812154210743,公开网络母语参照
NY2,NY2_040,699,中国（公开网络样本）,,0.1502822531256832,-0.9897545589437088,-0.5087245222947817,-0.15748688655341123,1.0126786591268486,公开网络母语参照
NY2,NY2_041,708,中国（公开网络样本）,,1.012077009510704,-0.7273610166704749,0.14340785689331778,2.539940222094378,1.8737634721806635,公开网络母语参照
NY2,NY2_042,709,中国（公开网络样本）,,0.08928250279574927,-0.813433083917941,-0.2368471707937933,0.5241833556490414,-0.32271056030426454,公开网络母语参照
NY2,NY2_043,749,中国（公开网络样本）,,-0.23910361080907194,-1.9219240929413852,-1.8279516869872732,1.5174292851855344,-0.3627066253021474,公开网络母语参照
NY2,NY2_044,762,中国（公开网络样本）,,-0.26932899996540405,-0.5421068330121666,0.19346065752545688,0.9537643337080697,0.6503194414391475,公开网络母语参照
NY2,NY2_045,771,中国（公开网络样本）,,-0.04781649771873784,-2.032119986917342,-1.372091901751413,0.3012469267921687,0.7094653986009123,公开网络母语参照
