篇名代码,篇名,作文编码,国籍,作文题目,作文分数,体裁,作文文件名,词汇丰富度与词汇扩展,词汇丰富度与词汇扩展_回归得分,基础词汇与叙事推进,基础词汇与叙事推进_回归得分,人称指涉与信息密度,人称指涉与信息密度_回归得分,句法延展与分句复杂度,句法延展与分句复杂度_回归得分,动作过程与动词链,动作过程与动词链_回归得分
J1,记对我影响最大的一个人,199505104523200201,韩国,记对我影响最大的一个人,55,记叙文,J1_55_01,0.44401674470373875,0.5684863983612048,1.6572821022426476,0.49539836669216714,1.792196033099311,0.6721857719546935,-1.0735087803598475,-0.9152551727258427,-1.0611703451940617,-0.18284915041109867
J1,记对我影响最大的一个人,199505104525200081,日本,记对我影响最大的一个人,60,记叙文,J1_60_01,0.6781405005222687,0.6817330919993801,0.5869377021976707,-0.12364944177033423,1.4316168181976492,0.8191805523056314,-0.6369434661236087,-1.0349249392691227,-0.7942628598279234,-0.729633388744509
J1,记对我影响最大的一个人,199508680519100501,马来西亚,记对我影响最大的一个人,60,记叙文,J1_60_02,0.577714178283285,0.8595813772245324,0.06550851103623172,-0.07346146332597465,2.6344481246975424,1.9122044920753765,1.0605195773591454,1.8590909065734842,-1.1334754809643377,-0.8919150645515925
J1,记对我影响最大的一个人,199505104529200134,泰国,记对我影响最大的一个人,60,记叙文,J1_60_03,1.3162426678954398,2.348764155879535,1.2163511696485443,0.0076765983415847125,2.4508567127988177,2.2152733586396773,1.814334621803376,1.3934032029937424,-0.4371673023318851,0.5393972344446701
J1,记对我影响最大的一个人,199412104523200639,韩国,记对我影响最大的一个人,60,记叙文,J1_60_04,0.03474242383369395,-0.26291966710755393,1.360947516347037,0.7518602494322207,0.8281654973616662,0.29233810846040825,-1.0061230210938068,-1.1389397707271591,-1.627056486346938,-1.2435694793198053
J1,记对我影响最大的一个人,199500533519100039,马来西亚,记对我影响最大的一个人,65,记叙文,J1_65_01,1.426194431845825,1.6949282738284908,-0.11021003835730589,-0.13300756383492146,1.2650261368896973,1.283188444924886,-0.22521364551482198,0.40036887596239285,-0.023524734283275357,0.13450693737496852
J1,记对我影响最大的一个人,199505550523200910,韩国,记对我影响最大的一个人,65,记叙文,J1_65_02,-0.2188573153266733,-0.30435694569718724,0.16012192317950508,-0.17587952878435206,0.9687920612871087,1.6584551462475394,-1.2644058745999065,-0.993343997647307,-0.023249790966854436,-0.017470359676832956
J1,记对我影响最大的一个人,199500533533100037,新加坡,记对我影响最大的一个人,65,记叙文,J1_65_03,0.8060251162761728,0.855122092244445,0.2876467982562712,-0.16645581588820468,0.9266621545016731,0.6789251744493987,-0.6656810761156646,-0.6866300883646324,0.559751340065767,0.7931587241629624
J1,记对我影响最大的一个人,199505104523100237,韩国,记对我影响最大的一个人,65,记叙文,J1_65_04,-0.8326968675790214,-0.4494230548881997,0.0679654134839277,0.07099981975726408,1.2525127145435193,0.9837549286242553,-0.05775033956241414,-0.27040882940085265,-0.03705938676213104,0.16772949020098843
J1,记对我影响最大的一个人,200203522522150004,缅甸,记对我影响最大的一个人,65,记叙文,J1_65_05,1.3675580092524164,1.933062615933183,1.4367140900155813,0.03586664969722733,0.8119537785915195,1.3109798717216652,-0.44557705105695916,-1.05993742920098,2.1378338792474025,1.6839232490597178
J1,记对我影响最大的一个人,199500533540200112,印度尼西亚,记对我影响最大的一个人,65,记叙文,J1_65_06,-0.7851490431017062,-0.49645289594564485,1.24442629505458,1.2246883230003125,1.4053942624991944,1.2414582966930683,-0.214182270085088,0.24562026073902776,1.4022958050408671,1.8715187318669795
J1,记对我影响最大的一个人,199505104540200286,印度尼西亚,记对我影响最大的一个人,65,记叙文,J1_65_07,-0.8547168237046687,-0.5038594590310845,0.8916224704747171,0.2907584469028609,2.174754519219992,2.3522599825928583,0.4411026382561574,0.3811411059025571,0.29497375103120943,0.39651321752442176
J1,记对我影响最大的一个人,199505104636200009,乌克兰,记对我影响最大的一个人,65,记叙文,J1_65_08,-0.39686756993455613,-0.5719810914214685,0.2692934933529835,0.2646922197878578,2.01758807910073,1.5445122425830071,0.40841958445760956,-0.032179246127603596,-0.1843703140899542,-0.6427325217084745
J1,记对我影响最大的一个人,199505104529200153,泰国,记对我影响最大的一个人,65,记叙文,J1_65_09,0.465921498908557,0.4756166816840947,0.10575002125258048,0.09697797406267271,2.76452528179672,2.3448601626149235,0.042495976582379115,-0.0930854153833025,-0.4141122065764727,-0.6866782936151576
J1,记对我影响最大的一个人,200203533533150024,新加坡,记对我影响最大的一个人,65,记叙文,J1_65_10,2.7481491181667,2.1684901211684613,-0.29643081044919334,1.0709902084409935,-1.695921009631123,-2.044884164016174,0.3294937880370768,0.912137889778128,-1.9157789045195899,-1.3945380315154112
J1,记对我影响最大的一个人,200203533533150023,新加坡,记对我影响最大的一个人,65,记叙文,J1_65_11,0.19719484164636863,0.6937358440647007,-0.7738111714853998,-0.9380503708246858,0.44059999676160705,-0.20942331909243633,-0.08188236060863772,0.34667715067768756,0.8229187785133484,0.9089579154820672
J1,记对我影响最大的一个人,199505104608100304,波兰,记对我影响最大的一个人,65,记叙文,J1_65_12,-0.5223708561145637,-0.8222719022756069,-0.02034430013374605,-0.193557877976065,0.8861403096283521,0.5484468320510416,0.23921026569062007,0.4291072219509741,-1.1292944200074173,-1.512989538033283
J1,记对我影响最大的一个人,199500533533200011,新加坡,记对我影响最大的一个人,65,记叙文,J1_65_13,0.6581447869672449,0.20679310512923094,-0.30692078795315775,-0.1517647762696841,-0.1322270020143789,0.20705138437068077,2.9393013603334377,4.0502750813920265,-0.4842345838367747,-0.44825583324936535
J1,记对我影响最大的一个人,199505104523200214,韩国,记对我影响最大的一个人,65,记叙文,J1_65_14,-0.9778613809137501,-1.0445096547829762,0.12203176521899271,0.1313306590997403,1.992375229196037,1.8853888577145341,-0.9076248411074619,-0.6704686348530354,-0.15501150363283192,-0.380517327929411
J1,记对我影响最大的一个人,199510512634100512,英国,记对我影响最大的一个人,65,记叙文,J1_65_15,1.7922549120768103,1.7341810465385137,0.3580269481334817,0.3092790553994537,0.7216644929738669,0.9802314112301981,1.4886617385171113,1.9781807924012085,-0.501242361723643,-0.2581844345665861
J1,记对我影响最大的一个人,199505104540200200,印度尼西亚,记对我影响最大的一个人,65,记叙文,J1_65_16,-1.5359141443025537,-1.939690707221496,0.6702512972967557,0.9169771980618663,1.281423099496156,1.4098957694635792,0.3131314383239907,-0.2294691896681022,-0.2412205907126933,0.07017791759666564
J1,记对我影响最大的一个人,199505104525200031,日本,记对我影响最大的一个人,65,记叙文,J1_65_17,-0.6241878110781683,-0.10826453115395772,2.1733961528715695,0.569607109154697,1.7285235418105818,0.6034413595781333,0.10896745422590988,-0.938654320827957,3.411077711873935,4.593974854814869
J1,记对我影响最大的一个人,199505104523200035,韩国,记对我影响最大的一个人,65,记叙文,J1_65_18,-0.26943744275778736,-0.009746046761858394,1.510618851340217,0.943114646627851,1.9767892460679428,1.3005002021520637,-1.33774463392002,-1.1623505935105758,-0.8637418731322006,-0.8642781670292543
J1,记对我影响最大的一个人,199505104922100209,美国,记对我影响最大的一个人,65,记叙文,J1_65_19,-0.3672096515056617,-0.737576246180298,-0.15074971987933497,0.3214519527663522,2.1362230810256246,1.9595651040296123,-0.17421796778303064,-0.49578357006588114,-1.2508728939381522,-1.0912884636373403
J1,记对我影响最大的一个人,200203533533250019,新加坡,记对我影响最大的一个人,65,记叙文,J1_65_20,0.2762223745201601,-0.008667674022952057,-0.08191052286128325,0.4640935829244282,0.6200414134461398,0.8742466708186433,-1.1023957287911907,-0.5296483035503514,-0.6464120503124184,-0.4260566785951081
J1,记对我影响最大的一个人,199500533533200130,新加坡,记对我影响最大的一个人,65,记叙文,J1_65_21,-0.08277037273489608,0.0716690711460385,-1.2643824759070998,-1.354115109080626,0.650963186782578,0.2663513238753693,-1.0334436731411405,-0.34239661878244426,-0.24427526733610733,0.12995292195099853
J1,记对我影响最大的一个人,200203522522210010,缅甸,记对我影响最大的一个人,65,记叙文,J1_65_22,1.3554282608468877,1.0740368810655738,0.5033929690335818,-0.6242266229747256,0.8750880886823006,0.45246870935484595,-0.42229828858531554,-1.349882570994231,2.100107282363904,2.1714770818296456
J1,记对我影响最大的一个人,199412104625200367,葡萄牙,记对我影响最大的一个人,65,记叙文,J1_65_23,2.4964881086483643,2.1652288207777985,0.5386649755327901,0.6456576100065613,1.4770157934860957,1.8024029873873515,1.0382772748084244,0.599940869864468,0.4437637537975119,0.1829154538473747
J1,记对我影响最大的一个人,199510512634100531,英国,记对我影响最大的一个人,65,记叙文,J1_65_24,1.9561697455053657,1.806124832712056,-1.117772437231431,-1.3052277915828268,1.1116969755610675,1.2841599243975652,0.22367940879997433,-0.5354829848678369,-1.434786356571981,-0.8653133191529648
J1,记对我影响最大的一个人,199505104635100249,俄罗斯,记对我影响最大的一个人,70,记叙文,J1_70_01,1.0939972400636344,1.5261413465527311,1.3009587069485649,0.6280827333033637,0.0048054463318976705,-0.7271858982054473,-0.4716977147861199,0.14547596564446036,-0.42151817758994153,-0.26104738936876626
J1,记对我影响最大的一个人,199500533533100028,新加坡,记对我影响最大的一个人,70,记叙文,J1_70_02,0.9911059176007023,0.8160204996449373,-0.06818031700022237,-0.8166315353567688,1.012533684126412,0.8600518465518834,0.21379948399029836,-1.1043160574767168,1.1723947766866407,1.9250293026210097
J1,记对我影响最大的一个人,199505104525200185,日本,记对我影响最大的一个人,70,记叙文,J1_70_03,0.42497183809407557,0.5252977937707592,1.1079147985734557,0.7761952514907272,0.05254322166557088,0.18896951409041254,0.18752885376801173,-0.5806734237306694,-0.48660000090543953,-0.05667274779805228
J1,记对我影响最大的一个人,199500533533200133,新加坡,记对我影响最大的一个人,70,记叙文,J1_70_04,-0.17947592236274906,0.1579753987283926,-0.704238963738685,-0.8457291488976936,1.4289466519057052,0.7560111238760362,0.1987696334734936,0.3254274626274302,-0.8851456265113299,-0.7307372492738634
J1,记对我影响最大的一个人,199505104525200032,日本,记对我影响最大的一个人,70,记叙文,J1_70_05,0.4145881789389534,0.03699617843486389,-0.04193825517014922,-0.10488306684888798,1.5447446267669727,1.083952802758575,-0.7448833841476401,-0.6554514875520556,-1.7424450446765325,-1.0827793685230147
J1,记对我影响最大的一个人,200203533533250012,新加坡,记对我影响最大的一个人,70,记叙文,J1_70_06,1.5049593147971547,2.0679361658396416,0.404118374634865,0.5464577706688736,1.0845036854023344,1.7793889360500543,3.4702423875012536,4.83953806877145,0.8661384394814651,0.9847780905415952
J1,记对我影响最大的一个人,199505104523200219,韩国,记对我影响最大的一个人,70,记叙文,J1_70_07,-0.6410192933075155,-0.8761181384688735,0.9291900855752251,1.2174342968246146,0.5469643774713177,0.63170466332104,-0.8541536702344513,-0.9292999621316905,0.10989661060958089,-0.2707327749928674
J1,记对我影响最大的一个人,199505104523100216,韩国,记对我影响最大的一个人,70,记叙文,J1_70_08,-1.1137402847416662,-1.2634873410040315,0.17198865412175096,0.39928823018609255,0.04823741435645978,0.49768442175081357,-0.15431498053885834,-0.7799664250980378,-1.010626709096146,-1.4269502714712023
J1,记对我影响最大的一个人,199505104523100074,韩国,记对我影响最大的一个人,70,记叙文,J1_70_09,0.9363679618135267,0.3995311597656227,0.24139606755144635,0.36353267930971034,1.110563792368545,1.000417943457406,-0.5082309354490182,-0.3708277888551463,-1.4847433067829425,-1.252953381506392
J1,记对我影响最大的一个人,199500533533200097,新加坡,记对我影响最大的一个人,70,记叙文,J1_70_10,1.0572280200689668,0.9723007865149058,-0.4218383256850673,0.45798240111026006,0.9351478181288605,1.3383401568119748,0.5574589953588726,0.15056910778012447,1.4027894172921485,0.9854254847472025
J1,记对我影响最大的一个人,199412104523100646,韩国,记对我影响最大的一个人,70,记叙文,J1_70_11,-0.008261363030723053,-0.3059545936938253,-0.04592664701680927,0.533203407183908,0.696515285211219,0.7873257896048416,0.8632666769093043,1.4495999132739865,-0.5986920467436391,-0.1953582922927553
J1,记对我影响最大的一个人,199505104523200238,韩国,记对我影响最大的一个人,70,记叙文,J1_70_12,0.7660579911831706,0.6480953413323454,1.5951636659987203,0.7463810335518615,0.42109175650619773,0.2741699862656983,-1.276573415664138,-1.3921518397390193,-0.8499705122956863,-0.16924150221200668
J1,记对我影响最大的一个人,199505104919200220,加拿大,记对我影响最大的一个人,70,记叙文,J1_70_13,0.23553845096850348,-0.024346747452504033,-0.06170376102094064,-0.17474985610887017,0.6036974393347504,0.7704327699786404,0.15598327271596574,-0.21349745298165537,-0.3025003525887193,-0.3572877023433752
J1,记对我影响最大的一个人,199505104529200010,泰国,记对我影响最大的一个人,70,记叙文,J1_70_14,0.24499517677955326,0.7668612281789008,0.48268940775747643,0.9031724509936577,0.8236612477516772,0.6599337202735289,1.2026557347427822,0.5192114242866183,0.07736276250257855,0.24576302396721733
J1,记对我影响最大的一个人,199505104525200055,日本,记对我影响最大的一个人,70,记叙文,J1_70_15,0.702213158998645,0.633197926984629,0.732158874350884,0.2758989551310253,1.2736624294292047,1.3051104283787969,-0.016063074500356118,-0.38166932150701394,-0.24027652795289342,0.22533025077641844
J1,记对我影响最大的一个人,199505104523100146,韩国,记对我影响最大的一个人,70,记叙文,J1_70_16,2.787517664038735,2.6247671389473393,0.45352246422183384,0.2673668506069671,0.29418447326256025,0.3963466722452068,-0.6588464377461078,-0.915778536245065,0.3561050519735385,0.4032779207820709
J1,记对我影响最大的一个人,199412104523200692,韩国,记对我影响最大的一个人,70,记叙文,J1_70_17,-0.9211576447453003,-1.1759276403487795,0.29658068366237683,0.3509903658991851,2.7526531067640865,2.7287612905136838,-0.45879942473324364,-0.9632739486693511,-1.269678364868519,-1.417873495773973
J1,记对我影响最大的一个人,199505104523200305,韩国,记对我影响最大的一个人,70,记叙文,J1_70_18,-0.24219376706302323,-0.6793925657285509,0.3432737256052906,0.24478233730181093,1.0663814797076656,0.6733465625638512,0.6060935919547655,-0.28588557469625325,-0.8594567733635411,-0.8448800764910797
J1,记对我影响最大的一个人,199505104525200283,日本,记对我影响最大的一个人,70,记叙文,J1_70_19,0.36519144933333425,0.5642837305426647,1.5560475107176701,0.9573610026414918,1.2054030988689306,1.3433347369208033,0.4469604536258409,0.19150481800366687,0.1996256173817793,0.3161072420423815
J1,记对我影响最大的一个人,199505104525100041,日本,记对我影响最大的一个人,70,记叙文,J1_70_20,-1.0295510377073043,-1.0099918056088444,0.9952978474450582,0.9916828508486811,0.7944767437365152,0.9088105362507993,-2.2819529419404745,-0.8130578741925681,-1.3748795828253388,-1.3388572248087354
J1,记对我影响最大的一个人,199505104523200126,韩国,记对我影响最大的一个人,70,记叙文,J1_70_21,-1.3534312575249916,-1.858216289666984,0.4703055956091076,0.6911440667323633,0.004931430894294085,0.7068854987913655,-0.3876607382705575,-0.31857645737237894,0.149391601392806,0.057420808471310966
J1,记对我影响最大的一个人,199412104523100108,韩国,记对我影响最大的一个人,70,记叙文,J1_70_22,0.9277168077276755,0.36118991149400664,1.4109062131604688,1.6328413017070884,1.573114600461472,1.601441998716248,-0.3451814443098798,-0.7636415444150413,-0.8348349839189995,-0.25282538019346323
J1,记对我影响最大的一个人,200203533533250014,新加坡,记对我影响最大的一个人,70,记叙文,J1_70_23,0.8605508425604034,0.9477560056319431,-0.43022878328807096,0.36554086914672224,1.0053431548083378,1.3752066385899255,0.6899059535297191,0.8126449907621078,0.597902611315443,0.4066715833223817
J1,记对我影响最大的一个人,199412104525100101,日本,记对我影响最大的一个人,70,记叙文,J1_70_24,-0.2697541668426078,0.28410695091809557,0.9986126709622543,0.5633703611702174,1.1573031559435571,0.47584254067080023,-0.7330151784753064,-0.8132990345061117,-0.034781372968176565,0.9704198621620204
J1,记对我影响最大的一个人,199500533533100094,新加坡,记对我影响最大的一个人,70,记叙文,J1_70_25,2.3225636646422227,2.36151641036658,-0.02988777512468761,0.8155760361075334,-0.20588222119698157,0.22343674071595007,1.8052337620971979,2.3525924749159164,0.6146432410686176,0.5295404334481576
J1,记对我影响最大的一个人,199412104523200640,韩国,记对我影响最大的一个人,70,记叙文,J1_70_26,-1.0186216436305007,-0.6913088708441393,-0.3112338910036372,-0.49007578320226075,2.266825425518051,1.9629899467644432,-1.1133918809683216,-1.2593382518364815,-0.3277745185441532,-0.2537041500798177
J1,记对我影响最大的一个人,199412124525100053,日本,记对我影响最大的一个人,70,记叙文,J1_70_27,0.6122296319475792,0.3170597908378137,0.437293121159743,0.3398192802715298,0.5610318717554816,0.7031961676317572,-1.011772809824861,-0.8024087081963999,-0.6022897481485417,-0.9436286224577123
J1,记对我影响最大的一个人,199505104523200262,韩国,记对我影响最大的一个人,70,记叙文,J1_70_28,0.7035428573076662,0.6572787167756962,0.24253900525606803,0.17420788001646662,0.5818777192487494,0.6096265032632101,-1.5828476045169475,-0.8847525131068215,-0.6356717241961563,-0.30373767601290275
J1,记对我影响最大的一个人,199505104922100054,美国,记对我影响最大的一个人,70,记叙文,J1_70_29,-0.7737805473003847,-1.663586042148477,0.2834150975956598,0.8873030803303089,1.7196983247696505,1.6056633210908007,-0.6545172027856697,-0.18087315353306954,0.35317872082823965,-0.17359019093581438
J1,记对我影响最大的一个人,199505104523100065,韩国,记对我影响最大的一个人,70,记叙文,J1_70_30,0.26896146577294494,0.34876669527844684,-0.11309435100353707,-0.2610906555681755,1.7584689086326108,1.3238978695173542,-0.403862287722795,-0.6192742753653266,-1.5304978766540795,-0.7803111861285977
J1,记对我影响最大的一个人,199508682519200530,马来西亚,记对我影响最大的一个人,70,记叙文,J1_70_31,1.4207437751092604,1.3235529194618292,-0.08987449301527506,0.235494100912113,0.7900689224589539,0.7420754283644446,1.7946562561057933,1.4700034267334778,-0.6178241749418093,-1.1881094525156843
J1,记对我影响最大的一个人,199500533533200038,新加坡,记对我影响最大的一个人,70,记叙文,J1_70_32,0.45289266132336653,0.26741215255747497,-0.6924470527967861,-0.17641225625847073,0.815752259709307,0.9084308644168967,1.5125270670625102,1.737637975686736,-0.4727467187593834,-0.39877144897442
J1,记对我影响最大的一个人,199505104525100254,日本,记对我影响最大的一个人,70,记叙文,J1_70_33,-0.47509210194478946,0.08820493070436665,-0.29745199989314103,0.04477539185375936,2.2410120165503784,2.146931093899652,1.1753094068352512,1.179208836023999,1.476510777251681,0.8555364194756018
J1,记对我影响最大的一个人,199505550523100914,韩国,记对我影响最大的一个人,70,记叙文,J1_70_34,-0.26668182549148634,-0.33098090072649694,-0.3317157824915007,-0.45700140760696517,1.2295962209074927,0.7670699258626701,-0.9914876429592518,-0.7295889560115305,0.820953161449661,0.49090572201667804
J1,记对我影响最大的一个人,199505104523200218,韩国,记对我影响最大的一个人,70,记叙文,J1_70_35,-0.06686182812806267,-0.5110562812720435,0.9411781300487195,1.7856803735602165,1.6256899417179633,1.8502770767248233,-1.4612625921629225,-0.8858492765774683,0.5538003337756024,-0.1262437790352508
J1,记对我影响最大的一个人,199412104523200680,韩国,记对我影响最大的一个人,70,记叙文,J1_70_36,-1.137410855725575,-1.5682531807859943,1.0431320410466023,1.8524081224558555,0.9604888674292361,1.0820003611975864,-0.12546499133472316,-0.34349949891726905,-0.6001742191939343,-0.12501951209582451
J1,记对我影响最大的一个人,199505104525200189,日本,记对我影响最大的一个人,70,记叙文,J1_70_37,0.5898100658448777,0.2967630194172626,0.8803900689674724,0.8871617069770444,1.4448900060263454,1.6231818353976701,0.2832807481710417,-0.7051585211510298,0.05227937420038806,-0.2843150259791607
J1,记对我影响最大的一个人,199505104540200275,印度尼西亚,记对我影响最大的一个人,70,记叙文,J1_70_38,0.46959426138872346,0.6342891102743065,0.6283880941803003,0.7015166035888205,1.315778012880091,0.8599536489775911,-1.1246076860328453,-0.7640825892703093,-0.05571102981214582,-0.22513669238478642
J1,记对我影响最大的一个人,199505104525200164,日本,记对我影响最大的一个人,70,记叙文,J1_70_39,-1.084938356725129,-0.8682153014471289,0.06429579481640378,-0.7183023990070725,1.0429869250370751,1.1503894683152391,0.6437505177341146,0.6453723929018041,-1.3554505431927986,-1.0030796926118961
J1,记对我影响最大的一个人,199505104525200090,日本,记对我影响最大的一个人,70,记叙文,J1_70_40,0.19068523945051663,0.31636696172602763,0.39416825841522996,-0.4931629336493334,0.9562647249736906,1.0925320377153878,-0.5510826644319831,-1.1665242564035878,-1.4471340481990105,-0.7328496197059242
J1,记对我影响最大的一个人,199500533533200119,新加坡,记对我影响最大的一个人,70,记叙文,J1_70_41,-0.7897722568753999,-1.1678474705603343,-0.7323099131569127,0.02262411652836454,1.8444181353879887,1.778980328452774,-0.5325453855057607,-0.3745480748638179,-0.844399960918564,-1.5026065199490204
J1,记对我影响最大的一个人,199505104525100180,日本,记对我影响最大的一个人,70,记叙文,J1_70_42,-0.6422554426219824,-1.2015919559215171,0.5378257875668285,0.42136252755225645,1.0192715711959976,0.9935493226085683,-0.7164078692592432,-0.5140777108837966,-0.1325645650721498,0.018077050735466237
J1,记对我影响最大的一个人,199505104525100307,日本,记对我影响最大的一个人,70,记叙文,J1_70_43,-1.0716723011222626,-1.1956307573935003,0.8412082091077805,0.7961152503165412,1.917165030321821,1.7035158078856658,-0.19961835676506934,-0.40119419277544677,-1.0725087721330266,-0.25870833714749547
J1,记对我影响最大的一个人,199505104525200124,日本,记对我影响最大的一个人,70,记叙文,J1_70_44,-1.5143730084130225,-0.8908788789281707,0.20854118630610344,0.12967689941783764,-0.794151930355586,-0.7466886994727313,-1.3869561208698862,-1.4187115502781156,-1.232887687510627,-1.0687152356397167
J1,记对我影响最大的一个人,199508682519100528,马来西亚,记对我影响最大的一个人,70,记叙文,J1_70_45,2.592363759653079,2.352646992963578,-1.479963434164658,-1.0630798507268497,-0.38479341679536944,-0.28749486033812494,0.9447284829631638,0.9403018531510989,-0.29849472605754473,-0.7123049550037647
J1,记对我影响最大的一个人,199412104523200637,韩国,记对我影响最大的一个人,70,记叙文,J1_70_46,0.4410670680190135,-0.11554778238388454,-0.13506183090951207,0.6116542358635388,1.9014316686599402,2.0109772158608323,-1.2162692992233013,-1.033142093904233,-1.3549439478093985,-0.73605430021452
J1,记对我影响最大的一个人,199505104523200173,韩国,记对我影响最大的一个人,70,记叙文,J1_70_47,-0.7739911187706024,-1.6721207287778566,1.3093873394469688,2.597859583635596,2.5056555340660562,2.345687291189402,-0.5101330516947582,-0.11876304325628669,-0.14297360361672015,-0.586474536655143
J1,记对我影响最大的一个人,199505104525100169,日本,记对我影响最大的一个人,70,记叙文,J1_70_48,0.5740153691777107,0.384694180334684,0.8472037777314757,0.38909950021776835,1.7025963232322574,1.268048613350215,1.5301576615789725,1.3217052402937635,-0.8380976709246761,-0.3797643660377982
J1,记对我影响最大的一个人,199508682519200508,马来西亚,记对我影响最大的一个人,80,记叙文,J1_80_01,0.031170973592218,0.014091094863180581,-1.03855190602178,-0.6346392158466245,0.6127703947466717,0.736584855059959,1.559000982245056,1.862485503220305,0.5093261631088324,0.5912475507575093
J1,记对我影响最大的一个人,200203533540250011,印度尼西亚,记对我影响最大的一个人,80,记叙文,J1_80_02,0.1487283065419091,-0.5031174026017671,0.05317840149167479,1.071796461759063,0.43302143341728766,1.058338403331827,0.44196145817003474,-0.14655370645751942,0.21427170767191345,0.3082651686896374
J1,记对我影响最大的一个人,199500533533100026,新加坡,记对我影响最大的一个人,80,记叙文,J1_80_03,1.656622350115333,1.927396806961235,0.25891665601568836,-0.3338008489883287,-0.8300900229723689,-1.2175072591581315,0.8066916852348994,0.5865266149351971,-0.39963668885914505,-0.835353486301647
J1,记对我影响最大的一个人,199508680519200515,马来西亚,记对我影响最大的一个人,80,记叙文,J1_80_04,1.0099118182269349,1.4650764343965343,-1.45477969675325,-0.843152643735249,0.7490203954170774,1.047065138829241,0.12030616858512969,0.3681871244557782,-0.03848442330650556,0.15055558827521515
J1,记对我影响最大的一个人,200203522522250002,缅甸,记对我影响最大的一个人,80,记叙文,J1_80_05,-0.2531234950671716,0.11198985269296219,-0.05213799550744938,-0.2528110078188754,0.176308568698787,0.6251557447605707,0.46520049116580026,-0.055898205412084595,0.055814395465158984,0.5308713654749782
J1,记对我影响最大的一个人,199505104523100004,韩国,记对我影响最大的一个人,80,记叙文,J1_80_06,0.7624287026078077,0.9953990274463669,1.274830769910675,0.3772920555439238,0.9230551327767326,0.3578177513640412,-1.0806479456103197,-1.2087702870335322,0.9258156728369564,1.3400118078315646
J1,记对我影响最大的一个人,199500533533100146,新加坡,记对我影响最大的一个人,80,记叙文,J1_80_07,1.10199506955383,1.0614995598521488,-0.8034500509379269,-0.4850620483177465,-0.04141889937557817,-0.15530721441640608,-0.1570499909664062,-0.05115177770376743,-1.1628454553827536,-0.8250748854096692
J1,记对我影响最大的一个人,199500533540200115,印度尼西亚,记对我影响最大的一个人,80,记叙文,J1_80_08,-0.5545705853479763,-0.0444850386952244,-0.6104181555899654,-0.8853006556292563,0.8861976363549501,0.5242660575852791,0.9088331199164181,0.1640274595293405,-1.121879125499457,0.20849320781248973
J1,记对我影响最大的一个人,199500533533100068,新加坡,记对我影响最大的一个人,80,记叙文,J1_80_09,0.8427777382204543,0.84589734004193,0.3930474776359859,0.5709169470303577,0.7931207587674303,0.9620193361995298,0.48111796717910166,0.3466530767221468,0.73180829112181,0.08407941437667073
J1,记对我影响最大的一个人,199505104540100288,印度尼西亚,记对我影响最大的一个人,80,记叙文,J1_80_10,-1.9136166020136316,-1.9814191155976448,0.5602928099985621,1.7486051359360077,2.424508935709207,2.1602035688709185,-0.6253482788384681,-0.6436189065211824,-0.7263223180918796,-1.053842184372029
J1,记对我影响最大的一个人,200203533540250013,印度尼西亚,记对我影响最大的一个人,80,记叙文,J1_80_11,1.6261933053337192,1.7359185621522673,0.07650730170188164,0.6814390324826555,0.6638925205654747,1.144495468946221,3.890264042984297,6.585798060674582,0.02243103369700074,0.5851707502103867
J1,记对我影响最大的一个人,199508682519200502,马来西亚,记对我影响最大的一个人,80,记叙文,J1_80_12,0.5742628649634979,1.0400035828140919,-0.9806548534231685,-1.5358584724704147,0.1536795353059687,0.014661395731099753,0.10628395655789277,0.23925827906104946,-0.0831365197674527,0.31335649511619446
J1,记对我影响最大的一个人,199508681519100524,马来西亚,记对我影响最大的一个人,80,记叙文,J1_80_13,0.9677810844606359,1.4485356124708524,-0.7614889733109816,-0.9926190415649453,0.19281075961781666,0.22605494885189972,-0.6939830228117959,-0.9624517497829592,0.3834283179943093,0.7545986950645828
J1,记对我影响最大的一个人,199505104540200278,印度尼西亚,记对我影响最大的一个人,80,记叙文,J1_80_14,0.7515803302184009,0.7597752539464155,1.0973746701941987,0.34640815005968045,2.3069188300615946,2.135699220968321,-0.8644867779425043,-0.7026637982227768,0.41427451887854455,1.0274150609740635
J1,记对我影响最大的一个人,200203533533250016,新加坡,记对我影响最大的一个人,80,记叙文,J1_80_15,0.9393448703402183,1.040629862436687,-1.0761979474245051,-0.27496717332089987,0.9442966076059921,0.968528470944038,1.746296649132119,2.187360396165497,-0.3752953594833849,-0.1829422304668453
J1,记对我影响最大的一个人,199505104525200088,日本,记对我影响最大的一个人,80,记叙文,J1_80_16,-0.5498231115071837,-0.5255982551200488,0.8894768263261545,0.4967276737363565,0.801717805546425,0.6142530933572009,0.2085020790785082,0.2486762179167383,0.16804954255946283,1.2412168234788854
J1,记对我影响最大的一个人,199500533533200080,新加坡,记对我影响最大的一个人,80,记叙文,J1_80_17,1.8709406617360056,0.9912566913527063,-0.33474859021367226,0.14528913105896699,-0.15398904002385205,-0.15767668196009926,1.4893110710512774,2.3538753312387444,-0.9208577582693749,-0.694777583963409
J1,记对我影响最大的一个人,199704123512100237,菲律宾,记对我影响最大的一个人,80,记叙文,J1_80_18,0.5665367536778952,0.2597773813719785,0.8959793092573481,0.3957573511898647,2.5911487164931315,1.809179791246395,-1.303794331232012,-0.8407246364885694,0.2776309633252729,-0.030520645681166286
J1,记对我影响最大的一个人,199412104625200632,葡萄牙,记对我影响最大的一个人,80,记叙文,J1_80_19,0.7557794539399888,0.7828886292375663,0.9384488277417046,0.8884526141835714,1.006032677147965,0.7684205529571242,0.7160234391525747,0.6767866781797492,-0.05678722740156388,0.21003148182204892
J1,记对我影响最大的一个人,199505104604100233,奥地利,记对我影响最大的一个人,80,记叙文,J1_80_20,0.6311079913050941,0.4127464872149872,0.04571437485558922,0.24494962263414793,1.44672632192909,1.2450761274288453,-1.071900551537324,-0.13484342934458132,-0.39328729485158925,-0.6267591553511557
J1,记对我影响最大的一个人,199412104625200373,葡萄牙,记对我影响最大的一个人,80,记叙文,J1_80_21,0.6737766747049834,1.0755353384318422,0.19966456753845485,-0.0795040488447415,1.289118467552385,1.1180545136220719,0.6635772882474067,0.6699423824990909,-0.3820716579458323,0.05437440891221779
J1,记对我影响最大的一个人,199500533533200126,新加坡,记对我影响最大的一个人,80,记叙文,J1_80_22,0.8556094726785788,0.6923126135761127,0.649642027274995,0.8365026714872562,0.8238376269750628,0.6271992918187365,0.9621498205417683,0.8357307309691603,-0.3112421358740925,-0.7106395687441905
J1,记对我影响最大的一个人,199505104529200098,泰国,记对我影响最大的一个人,80,记叙文,J1_80_23,-1.3495796697296765,-0.8125400503420994,1.3458569428162774,0.08370508113077112,1.6743259994669024,1.5999277029689778,-0.5514542506267386,-0.9047691667687634,-0.48233924562631436,0.8565543587572776
J1,记对我影响最大的一个人,200203522522250009,缅甸,记对我影响最大的一个人,80,记叙文,J1_80_24,0.7220902588680266,0.8078016950562344,0.20303591463254628,0.07568632547260794,0.9020365418038727,0.646716738817852,0.4886488864959946,0.4100691412704836,0.27849263597578944,0.2837512172239077
J1,记对我影响最大的一个人,199500533533200056,新加坡,记对我影响最大的一个人,80,记叙文,J1_80_25,0.0814748311153984,0.684485419395594,-0.4254449491550357,-0.6741525371074994,0.1645716015189846,0.05903354056742967,0.050107994591610534,0.17184183287658966,2.4164980331259307,3.053445894935479
J1,记对我影响最大的一个人,200203533533250021,新加坡,记对我影响最大的一个人,80,记叙文,J1_80_26,0.8695043574514921,1.0195475998441723,-0.9412749023026347,-0.46381230159085224,0.48107931736972437,0.6670286278029154,0.4157989508930291,0.816088604784676,0.009046774292562036,0.0048583329772171465
J1,记对我影响最大的一个人,199500533533200081,新加坡,记对我影响最大的一个人,80,记叙文,J1_80_27,1.235686069478141,0.7556685600687387,-0.47395699034834776,-0.4691516249873822,0.8369038929296931,0.7214417521804121,-0.38772366355853655,-0.6423001990856799,-1.0557545638057135,-0.5343441783871861
J1,记对我影响最大的一个人,199508682519200546,马来西亚,记对我影响最大的一个人,80,记叙文,J1_80_28,0.9455866796950736,0.9758298736547496,-0.42639330611471604,-0.2173477494508299,1.132716525659381,1.112628659035087,0.31396042519299383,0.2330835768155082,0.6261731414914611,0.5404967624748294
J1,记对我影响最大的一个人,199704124540200318,印度尼西亚,记对我影响最大的一个人,80,记叙文,J1_80_29,0.03574375775165066,-0.18320991432289518,0.2562918325860487,0.7838317741235342,1.7965365076843915,1.5756450401186957,-0.25490152109902176,-0.5402624879804641,0.4524138981583826,-0.04108181624003043
J1,记对我影响最大的一个人,199704123529200101,泰国,记对我影响最大的一个人,80,记叙文,J1_80_30,-0.1463096132008431,-0.6262773547636415,-0.21450365518879863,0.5799613819980436,1.5598344146099303,1.826630976249941,0.19575426409862032,-0.3575439918928409,-0.32844056085937945,-0.05160222453862872
J1,记对我影响最大的一个人,199500533533100141,新加坡,记对我影响最大的一个人,80,记叙文,J1_80_31,1.6741702445306907,1.1991733357006045,-0.21726007057136862,0.08748069440860812,1.0973644515599985,0.831289225595626,1.4772421639159925,1.4651650102107039,-0.9569336086695398,-0.40122146727583197
J1,记对我影响最大的一个人,199704123610100102,法国,记对我影响最大的一个人,80,记叙文,J1_80_32,1.054299008554548,0.9522359632650621,0.1681030685680457,-0.14598999049974343,0.26987917295779773,0.0526159586488051,-0.2535156049112583,-0.18662923108619228,-0.47498859501231955,-0.4924607567909023
J1,记对我影响最大的一个人,199412104625100368,葡萄牙,记对我影响最大的一个人,80,记叙文,J1_80_33,0.2402807773919076,-0.14038132171167236,-0.3686814389822801,0.6247838933004961,1.5257562371932687,1.2105819439874892,0.5150707941843127,0.4258932915869211,-1.0673827933393036,-0.9680021090739763
J1,记对我影响最大的一个人,199508680519100523,马来西亚,记对我影响最大的一个人,80,记叙文,J1_80_34,0.5057654043543955,0.19061521985243354,0.16836791140321658,0.492764842680859,1.099046410137026,1.0424988347268782,1.1578418355812605,0.6760549410724678,-0.8502894389748503,-0.5656144738128709
J1,记对我影响最大的一个人,199500533533200102,新加坡,记对我影响最大的一个人,80,记叙文,J1_80_35,0.9145061640010117,0.42027074827624106,-1.7993910835309066,-1.0945731615176155,0.7188297780337801,0.32811969408651864,-0.13570369054118306,-0.006368735643851843,-0.40138379472175956,-0.7514750576618537
J1,记对我影响最大的一个人,199508682519200547,马来西亚,记对我影响最大的一个人,80,记叙文,J1_80_36,0.1480002566604771,0.28532067763892877,-0.2118269022651079,0.058281409140689265,1.4124634410486736,1.22398552714975,0.02246964181166457,-0.20498597676862762,-0.5349789639228838,-0.6379346066532697
J1,记对我影响最大的一个人,199704124542200314,越南,记对我影响最大的一个人,80,记叙文,J1_80_37,0.6841494636128513,0.805363753732721,0.2643567122004652,-0.20196219926840928,0.8935552921809405,1.150143698323155,0.5335837586070604,0.19461167637423332,0.06910282358444443,0.0941042818564135
J1,记对我影响最大的一个人,199508680519200542,马来西亚,记对我影响最大的一个人,80,记叙文,J1_80_38,2.2320025902408935,1.9490587315608257,-0.926670111464211,0.5632881611320525,0.20603960133962412,0.859576865563634,1.7912306536267826,2.0608510633450505,-0.052648336967900874,-0.29545853000506733
J1,记对我影响最大的一个人,199505104529200151,泰国,记对我影响最大的一个人,80,记叙文,J1_80_39,0.7076482447175562,0.6781134775917451,1.3936920108341262,0.5088036114904926,1.5221990753847696,0.8033618735576916,-0.1269126310241866,-0.5861543705095134,-0.06762324633586872,-0.22705739308519007
J1,记对我影响最大的一个人,200203522522210004,缅甸,记对我影响最大的一个人,80,记叙文,J1_80_40,0.2249094249912948,-0.5109628014340658,0.060845588034588935,1.5588652430789567,0.740888294995143,1.2950174859611834,2.18816208708753,2.4476074039077917,0.9550104042187253,-0.011268531710418092
J1,记对我影响最大的一个人,199500533533200044,新加坡,记对我影响最大的一个人,80,记叙文,J1_80_41,1.6724930720129014,1.6968523871696333,0.7742794578792435,0.09490788336543289,0.6602804801340897,0.5569793739035347,0.7742459286495977,-0.5313524864308302,1.4526994160858333,1.4863255580495012
J1,记对我影响最大的一个人,199508682519200527,马来西亚,记对我影响最大的一个人,80,记叙文,J1_80_42,2.6180057129943246,2.002836047516425,-0.9439965726619375,0.024169234783047652,-0.6359717304568747,0.014871205405931466,1.1014774570554944,0.9790351697547867,-0.20701366608811644,-0.2301881220236816
J1,记对我影响最大的一个人,199508681519200506,马来西亚,记对我影响最大的一个人,80,记叙文,J1_80_43,1.3147085315191884,1.102628169465364,-0.7943148191512476,-0.8352091236763998,0.21600609582057748,0.6611511246528975,-0.04230299144276555,0.36722563559974986,1.06722437728392,0.869092891978793
J1,记对我影响最大的一个人,199500533540200107,印度尼西亚,记对我影响最大的一个人,80,记叙文,J1_80_44,-1.0179925109648986,-1.146963831965356,0.24938889008767767,0.49329032691918717,0.806885964544876,1.039673073059059,0.38262306791526496,-0.29021617931732174,-0.2871118092180837,-0.5192970477508257
J1,记对我影响最大的一个人,199505104525200116,日本,记对我影响最大的一个人,85,记叙文,J1_85_01,-0.9080193170713026,-0.8268644529284959,1.0451006996358865,1.5822870978436747,1.3435995528350668,1.1655324186823142,-1.455565517496439,-1.1024954074971955,-1.5012208276892165,-1.3183452510615077
J1,记对我影响最大的一个人,199505104540200274,印度尼西亚,记对我影响最大的一个人,85,记叙文,J1_85_02,0.5349137208329476,0.9194564903176665,0.597490408863183,0.2292452057012545,1.3999189050906042,1.1948172773882588,-2.104795659474616,-0.49473598422822007,-0.46295929719355594,0.10292625990217205
J1,记对我影响最大的一个人,199412104625200365,葡萄牙,记对我影响最大的一个人,85,记叙文,J1_85_03,0.7174028478485769,0.7876278704640878,1.1435965263785244,-0.022816137157767556,2.0935342996127955,1.476647097570358,0.07647441439185462,-0.40918424482378996,1.9327592081233549,1.6242959820878127
J1,记对我影响最大的一个人,199508682519200531,马来西亚,记对我影响最大的一个人,85,记叙文,J1_85_04,-0.3992847170897591,-0.02509527101792143,-0.18327007727856112,-0.7070323539390875,1.2189959669019534,1.019513431731601,0.7162432617665896,1.1462238157390046,0.7036763814136362,1.7030439010269398
J1,记对我影响最大的一个人,199505104523100024,韩国,记对我影响最大的一个人,85,记叙文,J1_85_05,1.1727585521090558,0.5868338448178225,-0.10838918213039599,-0.25418180619613406,0.6664482780479482,0.8119141283042777,0.36078170149174543,0.03300756690874635,0.38608436523308576,0.03302262239189989
J1,记对我影响最大的一个人,199412104625100634,葡萄牙,记对我影响最大的一个人,85,记叙文,J1_85_06,0.7090479995514991,0.6118126817663017,-0.6165705553016865,0.006549496407738835,0.4121189194621784,0.6325451604491816,-0.1432515544744193,0.04963835292237997,-0.340601560248623,-0.3929497824671227
J1,记对我影响最大的一个人,199508680519200539,马来西亚,记对我影响最大的一个人,85,记叙文,J1_85_07,0.21087875435238937,0.3942139431778235,0.8140205848509157,0.4678046206758607,1.533014533463892,1.4204432982293589,-0.8842260870837858,-1.0138586733238992,1.2556125643701723,1.6630746322115697
J1,记对我影响最大的一个人,199704123610200138,法国,记对我影响最大的一个人,85,记叙文,J1_85_08,0.5444459092299017,0.4735110274089206,0.11456922916875402,-0.01611705310233645,2.2732955733668083,1.8003498901853436,0.6838757129098177,0.46648348933770184,-0.3307876975900365,-0.18054820514785053
J1,记对我影响最大的一个人,199500533533200024,新加坡,记对我影响最大的一个人,85,记叙文,J1_85_09,0.9594026278899239,1.0783707387412365,-0.2864547476181789,-0.07043286775965511,0.34456729053370705,0.5986806276525135,-0.37849530678038656,-0.4468724027353202,0.8423806738932679,0.931845121805698
J1,记对我影响最大的一个人,199510512512200505,菲律宾,记对我影响最大的一个人,85,记叙文,J1_85_10,0.1186694226082753,-0.19587224969255726,1.085436279657484,0.8089487037743005,0.6689731897527159,0.8239010962359959,1.4852117251604464,1.1986038393671414,0.7630015510451448,0.2814963917521906
J1,记对我影响最大的一个人,199510512512200517,菲律宾,记对我影响最大的一个人,85,记叙文,J1_85_11,-0.041659752923434455,0.45295261407915816,-1.1064217153220364,-1.1124031442204978,0.8784546735077959,0.7917314259660074,0.84819968781044,0.9684028161577174,-0.006554120766097133,-0.14689756283580455
J1,记对我影响最大的一个人,199510512512200533,菲律宾,记对我影响最大的一个人,85,记叙文,J1_85_12,0.1234787165235818,-0.23178387026177993,0.8620418554957424,0.9597175315709502,0.8911429368514996,1.0115618966318667,1.3498114696360257,1.086060272224515,1.575503841872599,0.9449528661239013
J1,记对我影响最大的一个人,199412104625200370,葡萄牙,记对我影响最大的一个人,85,记叙文,J1_85_13,-0.29621731784391053,-0.7400299394674464,-0.022088696289743182,1.00669195837276,1.8072947580528698,1.599655286847201,0.9863616842480397,0.8079943250914993,-0.8831897058540683,-0.4109011842397512
J1,记对我影响最大的一个人,199505104922200091,美国,记对我影响最大的一个人,85,记叙文,J1_85_14,-0.7306325850772013,-1.1151911428064436,0.8711389800732242,1.2880106833799974,1.3514595540358803,1.4108527950035874,-0.6047742814417029,-0.16852539618712678,0.8867607275528706,0.37054699628480287
J1,记对我影响最大的一个人,199510512512100502,菲律宾,记对我影响最大的一个人,85,记叙文,J1_85_15,0.9889406146836339,0.2234062078191839,-0.40995418828400915,-0.27860413071656626,0.4075839496794999,0.3179624915717272,0.749913536173608,0.6230511449849127,-0.269762633542366,-0.42860263984685115
J1,记对我影响最大的一个人,199412104625100364,葡萄牙,记对我影响最大的一个人,85,记叙文,J1_85_16,0.8331318949592508,0.004532276537594836,0.7970206603380418,0.4669791005859134,0.9519891565558755,1.3078012697378143,-0.6047861583787294,-0.4987741952401583,-0.7011168794483007,-0.18641093744618817
J1,记对我影响最大的一个人,199704123529200042,泰国,记对我影响最大的一个人,85,记叙文,J1_85_17,0.15349738284128633,0.15249395256688744,1.443110275270755,1.0286482147654565,1.7919922121588623,1.5844922267790762,-0.7252679132082472,-1.0045961449494187,0.09465742618210697,0.4957919609316547
J1,记对我影响最大的一个人,200203522522250024,缅甸,记对我影响最大的一个人,85,记叙文,J1_85_18,-0.7441029993728546,-1.2157710810429614,0.8013961869673002,0.9192603772157509,0.591285501036608,1.1143627205613424,-1.0559480515112332,-0.49024732082809513,1.3552590261865005,0.3127938580816295
J1,记对我影响最大的一个人,199508680519200535,马来西亚,记对我影响最大的一个人,90,记叙文,J1_90_01,-0.3586686682780738,-0.2837147647107779,-0.970273637278076,-0.8080431050907894,0.06978083717650932,0.19619796707759538,-1.378687597655045,-1.1131764826870838,-0.6957815556947607,-0.5530429490665534
J1,记对我影响最大的一个人,199500533533200021,新加坡,记对我影响最大的一个人,90,记叙文,J1_90_02,2.2445033029332815,2.4849155532907314,-0.9268810127505508,-0.66050858225876,0.4164194132324891,0.7386708503998975,2.265346880312832,2.50465020807421,-0.497239142774345,-0.21568139058598415
J1,记对我影响最大的一个人,199500533533200122,新加坡,记对我影响最大的一个人,90,记叙文,J1_90_03,-0.04366218413787309,0.22385585125724416,-0.7393097488268295,-1.2388974891864046,0.5174427573819808,0.7651813572179267,2.537113767221807,3.5111518607438925,0.7184356579254917,1.1199476277014642
J1,记对我影响最大的一个人,199505104525200182,日本,记对我影响最大的一个人,90,记叙文,J1_90_04,0.272098180094188,0.44168791314789363,0.759035434511873,0.7606125138076685,0.9247913258820656,0.7175798146567581,-0.9368820001878305,-0.5740146452741003,1.038050989113496,1.0522084748746081
J1,记对我影响最大的一个人,199500533533200124,新加坡,记对我影响最大的一个人,90,记叙文,J1_90_05,1.0907350390797534,1.4797354704718693,-0.026449088137333814,0.35889179920220377,0.4559359194676647,0.8157094398518361,3.0648995923498297,4.86691861905479,-0.053236586573335166,0.3996426413883141
J1,记对我影响最大的一个人,199510512512200509,菲律宾,记对我影响最大的一个人,90,记叙文,J1_90_06,0.21618130648527922,0.17541396872618312,-0.18984193590369386,-0.34543740975438136,0.9355167376148051,0.9434604454259079,0.26243580928166527,-0.04027474378065573,0.3020209997024748,0.12117850406867271
J1,记对我影响最大的一个人,199412104523100116,韩国,记对我影响最大的一个人,90,记叙文,J1_90_07,0.2806183119260986,0.1372935341571568,-0.10342923420729512,-0.09889179459059227,0.5135472672112132,1.198327005045704,1.0152590854033057,1.1735688007005736,0.13362643285740983,0.4298280361613742
J1,记对我影响最大的一个人,199510512512200520,菲律宾,记对我影响最大的一个人,90,记叙文,J1_90_08,0.17419693357215785,-0.043305400082281675,-0.0003951104606179357,-0.20178796676624644,0.9778050383959705,1.2736197674373697,0.5183200348901691,0.16312531579552117,-0.1396784779711277,-0.04999272554881334
J1,记对我影响最大的一个人,199510512634200530,英国,记对我影响最大的一个人,90,记叙文,J1_90_09,1.3470562800906618,1.0387261197219508,0.9892884696409611,0.6758532086335861,1.0121992205366543,0.8239147747502521,0.8532324586521881,0.29953678179569093,0.9392972820804102,0.5623308178771362
J1,记对我影响最大的一个人,199412104625200372,葡萄牙,记对我影响最大的一个人,90,记叙文,J1_90_10,0.7961326932447709,0.6687919296650321,0.8182792995298352,0.35770834455019795,1.3221247317479314,1.1781396783275933,0.9662654834180662,1.252362150926396,-0.4247144671772211,0.28673978337730177
J1,记对我影响最大的一个人,199412104625100366,葡萄牙,记对我影响最大的一个人,90,记叙文,J1_90_11,1.5669432129006775,1.6683963165071203,-0.5835667204624133,0.06802424878514596,0.7948227430056414,1.3821712030188786,0.8483587262637733,0.48689578268789013,0.5842510315795725,0.5541092824410183
J1,记对我影响最大的一个人,199505104529200011,泰国,记对我影响最大的一个人,90,记叙文,J1_90_12,1.2399284391767056,1.1799013862202676,0.1338630601334703,0.12115405535712886,1.3287576984638316,1.3334227976734705,1.0871865610286116,1.1725800221321712,0.021257693846141814,0.0995190392526375
J1,记对我影响最大的一个人,199500533533200086,新加坡,记对我影响最大的一个人,95,记叙文,J1_95_01,1.4917888276181266,1.5103830561075946,-0.18154116149210348,-0.5528050173339717,0.3199253772639829,1.1977872393125213,2.035156392528563,3.038168567251519,-0.15367280625407653,0.25399904784150723
J1,记对我影响最大的一个人,199505104542200239,越南,记对我影响最大的一个人,95,记叙文,J1_95_02,-0.8827156482293267,-1.2662164145988097,0.43797260667358934,0.3447647595983962,0.9687746989483448,0.9770767892179326,-0.10290762472185333,-0.499550714923214,-0.41084589926067705,-1.2313198961821072
J1,记对我影响最大的一个人,199510512512100506,菲律宾,记对我影响最大的一个人,95,记叙文,J1_95_03,0.44417092782698814,0.10329185292381816,0.5858557366729045,0.8449379566091523,0.16564070411836135,0.7259708143240052,1.8277255481524148,2.3697588357495634,1.0582456753982477,1.114515171428812
J1,记对我影响最大的一个人,200203522522250021,缅甸,记对我影响最大的一个人,95,记叙文,J1_95_04,-0.3538813857252667,-0.5418645710475172,0.5006025036515164,1.0001975653377317,2.0128629385415038,2.0821331664765133,0.00821766141526375,-0.07225677789066202,-0.7257284642898525,-0.13005897968448357
J2,我的一个假期,200105217540100079,印度尼西亚,我的一个假期,55,记叙文,J2_55_01,1.6383039258068794,1.9183748266811569,1.2797965352063168,-0.039989797470394946,0.3143477506813678,-0.8606276787138024,-1.248543871633786,-1.4529977532044718,-1.9882219919975532,-1.6026963668615688
J2,我的一个假期,200105201525200044,日本,我的一个假期,60,记叙文,J2_60_01,0.2883230526176747,0.45110374213734694,1.4592262460266032,0.3321556257337321,0.008562403213619387,-0.2607394885728694,0.1951404555016025,-1.1235299796582257,1.0765257315124048,0.6467455570481392
J2,我的一个假期,200105215525100007,日本,我的一个假期,60,记叙文,J2_60_02,1.2347096640504487,1.702127791559898,1.9606254855347898,0.1417866269882022,1.4891851943320478,0.5351704812185278,-0.9418053553717862,-1.189371826172161,-0.22876469138076658,-0.0407034798497584
J2,我的一个假期,200105205525200009,日本,我的一个假期,60,记叙文,J2_60_03,0.9965907023239913,0.8126836360301088,1.4349754530712286,1.3628149058668142,-0.6457725558681389,-0.6850996606201895,-0.42192912591468407,-0.5589863189488817,-0.1451286956367613,-0.24384027838791564
J2,我的一个假期,200105205525200003,日本,我的一个假期,60,记叙文,J2_60_04,-0.02366356536506778,0.38229426018200624,1.9907532999517694,1.184921901917335,-0.46606820740828814,-0.65084457233604,-0.8227753093453892,-1.1957001360343593,0.8665276548003573,1.8256104189608664
J2,我的一个假期,200105206525100024,日本,我的一个假期,65,记叙文,J2_65_01,-0.6540505496196504,-0.37381146452644537,1.7617781882107022,0.14133079891710923,0.6261366984194655,0.15294278394332206,-0.59870673222979,-1.3933453065323265,-0.1089335323012848,0.15745729181458087
J2,我的一个假期,200105209525200018,日本,我的一个假期,65,记叙文,J2_65_02,0.9005355957522548,1.3898278016734895,0.8969021696609673,0.38247105738325005,0.9506399800722671,0.06556616983871272,0.6139024738426034,0.2132339306227975,-0.8193255440707973,-0.7922249845222465
J2,我的一个假期,200105205525200071,日本,我的一个假期,65,记叙文,J2_65_03,-1.1227319472745834,-1.1512357286148167,1.260637579648371,1.9219264372794334,1.3504124259375112,0.6295395536240593,0.2581163430728061,0.018235493090047235,0.7537001197251402,0.5155764018819826
J2,我的一个假期,200105205525100006,日本,我的一个假期,65,记叙文,J2_65_04,-0.9243402663399981,-0.9779969075102356,1.4632021772785693,1.7675091302982298,0.9688785838098871,0.726679011052954,-0.10300402686633522,-0.27715047665953185,-0.39302588819476914,-0.5119685039845812
J2,我的一个假期,200105204525200040,日本,我的一个假期,65,记叙文,J2_65_05,1.4701162646494328,1.2227446483093922,1.0271196105114877,1.6083048741006665,-0.05684231477843938,-0.6652618234790091,0.20955109765880148,-0.30142222722862466,-2.0484583842424775,-1.589450353551849
J2,我的一个假期,200105204525200032,日本,我的一个假期,65,记叙文,J2_65_06,1.3620497267565124,1.5780062060086475,2.1313237891024537,1.1088061711423667,0.6444143334767014,0.2787380802567662,0.3742209742181544,-0.2657374929440791,-0.2881742636821483,0.028292552060720184
J2,我的一个假期,200105217525100050,日本,我的一个假期,65,记叙文,J2_65_07,0.46091636267857566,1.0700877994980706,1.0435589359578568,1.0345788867498202,-1.2981158955628944,-2.309630197541594,-2.074131052040363,-0.6834545748984602,-1.3457434171581117,-1.9722803837962053
J2,我的一个假期,200105204525100027,日本,我的一个假期,65,记叙文,J2_65_08,-0.35312949759948664,-0.19962554097630747,1.4880112543457915,0.9878388948697072,-0.43725275340892833,-1.3105118422206092,0.7709050630720532,0.6459784674229269,-0.7026585795445618,-0.9156252814929204
J2,我的一个假期,200105205525200004,日本,我的一个假期,65,记叙文,J2_65_09,-0.40798478619090467,-0.6083461091290462,2.273287185191828,2.275483226113246,0.037322773036831826,-0.292403215730277,0.07423879847336075,0.26609749618614476,1.0856909205958922,1.2428457134431867
J2,我的一个假期,200105209525200013,日本,我的一个假期,65,记叙文,J2_65_10,0.18501563607943242,0.2590997202862933,1.2983067241238277,1.6248854370721915,1.4956224572952317,0.8681088584887655,-0.7789816766982617,-0.66790716942024,-0.505493812241869,-0.5275539099296493
J2,我的一个假期,200105224525100021,日本,我的一个假期,65,记叙文,J2_65_11,1.6125652357013864,1.4641258488070255,1.7688051086002528,2.119327969962968,-0.45452789867669,-0.43063997676156324,-0.609457821515702,-0.6501590714700266,-0.07916865246940816,-0.40640113599514793
J2,我的一个假期,200105215525100002,日本,我的一个假期,65,记叙文,J2_65_12,-0.19245970034545193,0.12994845901274832,1.3391590291424487,1.0498564665012835,-0.06283428244208229,-0.2882829976999967,0.1315249881285396,-0.38102703966524737,-0.009552072649320007,-0.6893763927202465
J2,我的一个假期,200105215919100012,加拿大,我的一个假期,65,记叙文,J2_65_13,1.498866683135647,0.9423795279956395,-0.4489500578462069,0.5920267653255112,-0.13107406996796764,0.20194284425122933,0.2569294888251848,0.006022224398157321,-0.18243004947846855,-0.4452623597295311
J2,我的一个假期,200105215525100004,日本,我的一个假期,65,记叙文,J2_65_14,0.8735777330668288,0.6762214969907465,1.4221525871425595,1.231931307705432,0.5378886208309405,-0.14953567484181496,-0.702587671943833,0.040946522967705214,-0.7164130183118633,-0.46903250417459746
J2,我的一个假期,200105204922100126,美国,我的一个假期,65,记叙文,J2_65_15,0.9265396541206575,1.07461848240805,-0.3552058070120958,-0.04887367627142429,0.0068270131251672046,-0.050792090775607826,0.1284467056921977,-0.44465091421191694,-0.5736862413245861,-0.7338028756298633
J2,我的一个假期,200105205525200074,日本,我的一个假期,65,记叙文,J2_65_16,1.2923800896672775,1.0957153577875316,0.40001467895055515,0.7595102494810435,-0.4570266768849361,-0.7307755371469158,1.3671390330158035,1.235727101909567,-0.12635242280127965,-0.2530019084494683
J2,我的一个假期,200105205525100067,日本,我的一个假期,65,记叙文,J2_65_17,-0.23340588232486542,0.20590075859468335,1.7109184432552602,1.6393624903907715,-0.12746147643816771,-1.0582991741469743,0.26100455286330093,-0.33768205086230013,-0.3379220344433718,-0.8137810410316283
J2,我的一个假期,200105206525100031,日本,我的一个假期,65,记叙文,J2_65_18,0.8149920447149328,0.6383919565189347,0.9965646066381973,0.8929115299575918,1.4737445773813727,0.8789318927217088,-1.9616559734846326,-0.585607195942198,-0.7302439527537694,-0.931714386089495
J2,我的一个假期,200105204525100118,日本,我的一个假期,65,记叙文,J2_65_19,-0.048510830192945095,0.46816598793898456,0.9788084730620737,0.4078356891639453,-0.20614853179397624,-0.9578933752900886,-0.23770844303714636,-0.565396885095684,-1.363845290475425,-1.4825317737281565
J2,我的一个假期,200105201525200016,日本,我的一个假期,65,记叙文,J2_65_20,0.6905439275033703,0.17254679955113425,1.2626201300395847,1.2019714027629933,0.37097170388336576,0.22559252856192466,1.164561723134545,0.803374909595265,-1.2196280937579376,-0.9392920051499778
J2,我的一个假期,200105215525100001,日本,我的一个假期,65,记叙文,J2_65_21,-0.1640539628787585,-0.2185631390178631,0.5270864744008493,0.2777021644855581,-0.16095590844148158,0.22772209651639205,1.7950265352710217,2.059842607724096,0.09329010453410422,-0.32539088693427964
J2,我的一个假期,200105206525100046,日本,我的一个假期,65,记叙文,J2_65_22,0.9348168293421538,0.5197241926383315,1.274705103322074,1.5608340394576699,0.5563763622987593,0.8394443657047806,-0.7948741132891144,-0.3239302716131731,-0.011128114186269158,-0.07654352991812868
J2,我的一个假期,200105204525200091,日本,我的一个假期,65,记叙文,J2_65_23,-0.8338851672807156,-1.1755163657228695,0.5426679197825495,0.3396795885808766,0.8520167438128309,0.884836723656645,-0.11577809596801462,-0.17267050913995458,-1.8355191639231119,-1.7022034873766612
J2,我的一个假期,200105204525200121,日本,我的一个假期,65,记叙文,J2_65_24,0.7664303552703988,0.7442833915187952,0.9785375256190234,1.075803194477637,0.8520829342512642,0.4312123250170908,0.9923394381664714,0.1322346474306928,-0.7191115798632233,-0.9116271727502904
J2,我的一个假期,200110919919200006,加拿大,我的一个假期,70,记叙文,J2_70_01,1.3849845600718853,1.846364157466567,2.1840820030583576,0.7893316233782787,1.027603989144997,0.8501392879996447,-0.0745206422676468,-0.7804087658938283,0.765395918730457,0.48143230788101027
J2,我的一个假期,200105212525100023,日本,我的一个假期,70,记叙文,J2_70_02,-0.08916691311013018,-0.0793487021163329,0.7475630853192635,0.39785080270272655,0.10187174452617456,0.14944579073813383,-0.22827106856206605,-0.2175180401765334,0.30194312820428665,0.5116741905906149
J2,我的一个假期,200105217525100065,日本,我的一个假期,70,记叙文,J2_70_03,-0.3723334122739323,0.024703050905065724,0.9378891116063546,0.8240521175834777,0.8786139761204868,0.28516550356441156,-0.7767503355747455,-0.3995879159342591,-2.0754609887161344,-1.661464833974407
J2,我的一个假期,200105217525200080,日本,我的一个假期,70,记叙文,J2_70_04,-0.4214423716033889,-1.0557913796899556,2.037028265895093,2.21358692319083,1.5863608970368166,1.0264733960169599,-1.3298914842998675,-0.5213670207456842,-1.7704665060570826,-1.4504280139897743
J2,我的一个假期,200105212525100014,日本,我的一个假期,70,记叙文,J2_70_05,0.7951294626773462,0.9222161487620574,1.4660952295692558,1.2682181366995031,1.277434331482115,1.3258376636348927,-0.3176183043294425,-0.5038528137228582,-1.0563662775317684,-0.5548787971981847
J2,我的一个假期,200105209525100003,日本,我的一个假期,70,记叙文,J2_70_06,-0.9328445635814965,-0.624581440256753,1.5473779185447258,1.3542723617762382,-0.6416470879722154,-1.5702899108539818,0.8756857946104581,0.13341827413240362,-1.4119755906319484,-2.6755999200445753
J2,我的一个假期,200105212525100015,日本,我的一个假期,70,记叙文,J2_70_07,-0.2684173844042459,-0.33305628196239984,1.301822155127411,1.4416681731522873,-0.09995989408458028,-0.2615398167058108,-2.170371991947717,-0.8468424367382578,-1.1282573740330553,-1.5461001028982775
J2,我的一个假期,200105205525200021,日本,我的一个假期,70,记叙文,J2_70_08,0.8914752755608135,0.5410859130756058,0.6357353244631252,1.3077456671885586,-0.519979939718832,-0.14582586719740076,0.326120277522223,-0.12198858965953678,-1.4076571291145905,-1.2262438699339555
J2,我的一个假期,200105209525100059,日本,我的一个假期,70,记叙文,J2_70_09,-0.6220935770633863,-0.48353483603740566,1.6804485754987994,1.4514923668999915,1.4435802214189521,1.1424971843172864,-0.7145801781395059,-0.8751661846515044,0.03428354995686124,-0.02647255198692777
J2,我的一个假期,200105204525200004,日本,我的一个假期,70,记叙文,J2_70_10,1.1828427655540603,0.6607499169137818,0.6520147995573962,-0.5279701447830173,0.041101064840089206,-0.19873075316908545,0.4708636963161039,-0.9452640013693797,-1.4132712260971212,-1.2141959509516183
J2,我的一个假期,200105201525200053,日本,我的一个假期,70,记叙文,J2_70_11,-0.2627684362464605,-0.1352257600308464,1.775133997987869,1.2496915819403758,0.263054292459255,-0.1631286004405876,-1.6981854029699943,-0.9154595407890086,1.7216409684312075,2.3535658641973956
J2,我的一个假期,200105204525100006,日本,我的一个假期,70,记叙文,J2_70_12,-0.48791446317004544,-0.41740932514251844,2.1539984590926413,2.1696765391807182,1.7313101436241412,1.2258673997934864,-1.0810948242010112,-0.46172827795650756,-0.8692590795099775,0.2359877980702587
J2,我的一个假期,200105204525100103,日本,我的一个假期,70,记叙文,J2_70_13,1.8541326616285108,1.2901353364003925,0.6625308972284922,1.0287397219871457,-0.4819592219927348,-0.6653615067518489,0.4023664366121768,-0.22099610527499927,-1.6910727988633814,-2.0425519532965426
J2,我的一个假期,200105205525100032,日本,我的一个假期,70,记叙文,J2_70_14,0.03376233657087597,-0.12406906889788648,1.0117368377770073,0.6917859945989208,1.089543661387674,1.0830516974450428,0.4872433680498455,-0.015439100836757043,-0.1918349096558311,-0.3644498902264776
J2,我的一个假期,200105201525200037,日本,我的一个假期,70,记叙文,J2_70_15,0.7049985341527958,0.5316111411913311,1.2653044895248078,0.7031092058311422,0.8090358506059607,0.5221376610679016,-1.058323080091484,-1.275294519039736,-0.5743405195396766,-0.7756660042358677
J2,我的一个假期,200105201525200078,日本,我的一个假期,70,记叙文,J2_70_16,0.4129965173589192,0.10176231619242353,1.5374409496277246,0.41057982175665675,-0.12248562711040659,-0.4388020524941584,0.9655022651658707,-0.4794058070843842,-0.9316929576993864,-0.8083128718289633
J2,我的一个假期,200105201525200006,日本,我的一个假期,70,记叙文,J2_70_17,2.31991940903744,2.203331819949107,0.745750520267585,0.08567883417525776,0.7745352825761381,0.7155583908694804,0.09694977900131378,-0.35357821332256373,-0.6316833626785169,-0.1424048252084669
J2,我的一个假期,200105204525100109,日本,我的一个假期,70,记叙文,J2_70_18,0.46260084985946526,0.027944135209162568,0.9826140324365247,1.114129492165281,0.8594557359497876,0.7677518267197705,-0.39261891955810335,-0.015925179703011903,-1.0352369057190387,-0.5031463278099394
J2,我的一个假期,200105206525200045,日本,我的一个假期,70,记叙文,J2_70_19,0.5188821876154651,1.082794126608354,1.9691532384211006,1.8390825006070415,0.138173121443823,0.09241090129029786,-0.9872042006518686,-0.7360069385240017,-0.38096479890559476,-0.03391420226928751
J2,我的一个假期,200105224525200006,日本,我的一个假期,70,记叙文,J2_70_20,0.34947596468196424,0.5942877528395147,0.5984384584614882,0.7112874888714977,1.1918516350468564,0.8578804503390856,-0.06906867512081719,-0.18804027667956155,0.38040909839788223,0.04406048542295557
J2,我的一个假期,200110919919100007,加拿大,我的一个假期,70,记叙文,J2_70_21,2.007741206239302,1.9745959208201629,0.7185423869798822,0.5035038967774196,0.8352464453073654,0.4635348756514335,0.2607808361772843,-0.19649652726296235,-1.0183982782424716,-0.9713574107313795
J2,我的一个假期,200105212525200039,日本,我的一个假期,70,记叙文,J2_70_22,-0.41239197484728624,0.04062654660457646,0.8016299628691564,1.0476671594001503,-1.0915989723714172,-1.8313391138989743,-1.7879159435360608,-1.1876843076145267,-1.9910123872413685,-2.857173151839338
J2,我的一个假期,200105212525200036,日本,我的一个假期,70,记叙文,J2_70_23,-0.6097859623595155,-0.5095286559562127,1.2811244835825861,1.0121534447064582,0.4750871200586042,0.19373929835698267,0.4291775737790693,-0.505757917449425,-0.626702718297651,-0.5336350291112728
J2,我的一个假期,200105204525100038,日本,我的一个假期,70,记叙文,J2_70_24,0.33951026118980415,0.32878186085454864,0.7016208713871948,1.1572191322654404,0.47680559444252923,0.15264787205840918,0.6450088814705046,0.6519521098992174,-0.9436410464419547,-1.025796483830785
J2,我的一个假期,200105204525100090,日本,我的一个假期,70,记叙文,J2_70_25,-0.12637761354420043,0.06779081860621114,1.3776433967153505,1.0773443310182749,0.045872889375117055,-0.22640657350239984,-0.4716286204221165,-0.32117861972977757,-1.2531144613975178,-1.292457266770623
J2,我的一个假期,200105224525200005,日本,我的一个假期,70,记叙文,J2_70_26,0.19289360188862623,0.5399494719459208,1.724938648970976,0.8103074780080993,1.084587187071731,0.6373093686375779,-1.631013591025733,-0.8260722048454783,-1.1158142780057536,-0.24019298766292443
J2,我的一个假期,200105201525200011,日本,我的一个假期,70,记叙文,J2_70_27,0.5255254492057201,0.752887163079254,1.9305772009079853,1.4475527895764042,-0.26232978133909535,-1.0558767930509956,-0.8567893656635214,-0.9097779930787894,-0.4652892953623514,-1.1347541940079173
J2,我的一个假期,200105204525100099,日本,我的一个假期,70,记叙文,J2_70_28,1.597432517458586,1.399892484932439,-0.4722502635694401,0.421586638137886,-0.3170911023705988,-0.5108990487024022,-0.6141750110035119,-0.6325076437511022,-1.3854410742055197,-1.7666889866575166
J2,我的一个假期,200105215525100011,日本,我的一个假期,70,记叙文,J2_70_29,-0.7974464603661879,-0.5846666609682325,0.8897233598345566,0.6115937173797777,0.20053230696683808,-0.1979629430100558,-1.2748116164930612,-0.6208189107833032,-0.4748648089004036,-1.2304365139435012
J2,我的一个假期,200105204525200026,日本,我的一个假期,70,记叙文,J2_70_30,1.6100459284504867,1.0548316933952582,1.2370777396231663,0.8889274420576082,0.29451436931884223,0.6653208567057404,0.31615366376586973,-0.2547488458644411,-1.0860941399394317,-0.43936030445853524
J2,我的一个假期,200110602801250001,澳大利亚,我的一个假期,70,记叙文,J2_70_31,3.3033161355460345,2.847953198435507,-0.1732635739870901,0.2861621042854948,-0.7528808768990402,-0.5544813097186919,-1.2675978951150149,-0.7059698125455496,0.9170912716982287,0.21245561220661094
J2,我的一个假期,200105224525200004,日本,我的一个假期,70,记叙文,J2_70_32,-0.6736361016444414,-0.36387403154430453,1.7186164284571062,0.9729673023941623,0.23545027898712195,0.3840803926076691,-0.08376025907375137,-0.7359405172176536,0.5355918372109743,0.24624502506929466
J2,我的一个假期,200105212525200040,日本,我的一个假期,70,记叙文,J2_70_33,-0.7171333960885119,-0.3856048374701474,2.2145343795363392,2.829494754799345,-0.8408744943365115,-1.5136333369328199,0.5670227302843722,0.5755869773067667,-0.20156544242519817,-0.07812919354331357
J2,我的一个假期,200105302525200046,日本,我的一个假期,70,记叙文,J2_70_34,0.4431403297800827,0.316204059380348,1.1262853814574618,1.2746493422905278,0.17074944051597654,-0.22547074343580664,-0.817516858355685,-0.7599316764154981,-1.7340031339638096,-2.1685134466148157
J2,我的一个假期,200105224525200026,日本,我的一个假期,70,记叙文,J2_70_35,-0.6222018011710848,-0.6443602270154728,1.0800669771702358,1.0209439522553017,0.06092034970576869,-0.1715270877894241,-1.5287741736289318,-0.5984512495951412,-0.4570113956086944,-0.5943132568163143
J2,我的一个假期,200105201525200013,日本,我的一个假期,70,记叙文,J2_70_36,0.24294957040511614,0.6090630562181714,1.1649432283672976,0.9265734499858554,-0.5459702794785127,-1.3190125063793556,-0.28583417498544306,-1.128926564315253,-0.7145118751845996,-0.7789059560409626
J2,我的一个假期,200105224525200016,日本,我的一个假期,70,记叙文,J2_70_37,-0.7626312735388365,-0.2230291855402067,1.5354419593633508,0.9584064369378259,1.3543937829824026,1.0019823951850377,-1.0264399484185684,-0.606886273941186,0.7087060409285727,0.9264805135525165
J2,我的一个假期,200105205525200008,日本,我的一个假期,70,记叙文,J2_70_38,0.12954060149255864,0.32928663590014956,1.8846317120661162,1.4257791069353036,0.044575741666331534,-0.1574345145077621,-0.05340783095855032,-0.3176160258182562,-0.5789921292424076,-0.9570186197467329
J2,我的一个假期,200105204525100056,日本,我的一个假期,70,记叙文,J2_70_39,0.6887310935301708,0.5792168328355684,1.416170710160776,1.4740999396974843,-0.007364790784484625,-0.2601360762345565,0.4415413416368903,0.07649906495803696,-0.25491192973744903,-0.4397322442913953
J2,我的一个假期,200105206525200034,日本,我的一个假期,70,记叙文,J2_70_40,-0.5848233782770037,-0.47062087259714064,1.3078601768506057,1.1199846112352345,1.6184150442487462,1.4976732644287123,-1.0003001212818043,-0.9369411491649577,-0.6939687887914933,0.38207735332657344
J2,我的一个假期,200105204525200013,日本,我的一个假期,70,记叙文,J2_70_41,-0.20417609046229696,0.07226251411539704,0.8953585932361771,0.3720421234333336,0.1268556937553155,-0.6470072476730133,-0.15659501416462787,-0.14574374842844318,0.8466960321018694,0.34303394774267754
J2,我的一个假期,200105206525100032,日本,我的一个假期,70,记叙文,J2_70_42,-0.5018119469013729,-0.0877988188876668,1.3583598268011408,0.8387425550309039,0.20112177515403012,-0.47549030690949373,-0.08966409179522787,-0.02259423994246292,-0.7544547721067694,-1.0852696881081298
J2,我的一个假期,200105302525200045,日本,我的一个假期,70,记叙文,J2_70_43,-0.2816961547027616,0.16913930258031906,1.20320173773738,0.9626724982051612,-0.29603240730818475,-0.6985238296027164,-0.6709492520023792,-0.6443274880351714,-0.4221465671519517,-0.8006212613769447
J2,我的一个假期,200111512512150008,菲律宾,我的一个假期,70,记叙文,J2_70_44,1.2922641876717877,0.9733342977298259,0.4971561671128991,0.3471048845721287,-0.6325136376316456,-0.8605989387217263,-0.6483520077041909,-0.6075550924529608,-0.41777317860397306,-0.8078719048055993
J2,我的一个假期,200105205922200033,美国,我的一个假期,70,记叙文,J2_70_45,0.1984835705500023,0.3065115816737921,1.2148304898065814,1.2232692503343177,0.5517093128744651,0.5382143376118942,0.12311520733833764,0.02929407082715018,0.7941531045899639,0.2177546917755639
J2,我的一个假期,200105217525200006,日本,我的一个假期,70,记叙文,J2_70_46,0.2890827979071344,0.5936915803116909,0.5014280567785069,0.28145231641510227,-0.317162252986246,-0.520841249732549,-0.8748169959716987,-0.6739477587990589,0.9160599629543911,1.1696679909371854
J2,我的一个假期,200105212525100018,日本,我的一个假期,70,记叙文,J2_70_47,1.494124579774491,1.3977501736319304,-0.5558268256107946,-0.6324385435861785,-0.05869005425415287,0.30866773756515764,0.5884617990077071,-0.05023182213162478,-0.9045395856574591,-0.3882920548878985
J2,我的一个假期,200105201525200054,日本,我的一个假期,70,记叙文,J2_70_48,0.005805839026238073,-0.21085022018549318,1.512036013940295,1.0816590466803035,0.061339381093095724,-0.5910921217751568,0.2602494461995329,0.0749497752981387,-0.8224055280347149,-1.7034225682123907
J2,我的一个假期,200105271525200032,日本,我的一个假期,80,记叙文,J2_80_01,-0.7156216494289862,-0.3348125616603075,1.4752982063128655,1.853906240985063,-0.3126135095940911,-1.367523889054813,-1.7852281258940499,-0.9043159642079268,-0.7397105705213535,-1.2929577604823472
J2,我的一个假期,200105205525100079,日本,我的一个假期,80,记叙文,J2_80_02,-0.7961711280720698,-0.8314141316499596,1.9692899383973927,1.9109577961304376,0.8221578751561784,0.5697948575361041,-0.02611035929218039,-0.19303542391535397,0.30654132336761014,0.862410454059658
J2,我的一个假期,200105204525200001,日本,我的一个假期,80,记叙文,J2_80_03,0.6982862176317434,1.0726657574021248,0.46869826762193084,0.1178999578081687,-1.0640447541001916,-1.6770004335949955,-0.7650805204011533,-0.241969146108456,-2.015958814549809,-1.4816399860530876
J2,我的一个假期,200105209625200057,葡萄牙,我的一个假期,80,记叙文,J2_80_04,1.5788096800151832,1.5646756094366046,0.6700900081470492,0.29574749778829706,0.24466559825977832,-0.19587262395091537,-0.28218752666529573,-0.16732623420075335,-0.7389554662735804,-0.7014225926296368
J2,我的一个假期,200105204525200033,日本,我的一个假期,80,记叙文,J2_80_05,0.7478792607669446,0.8168944970450905,0.45378168023616905,0.016289592561297857,0.7217806034815037,0.8107107339130809,-0.34360750388434846,-1.180382443432872,0.025757969423061872,-0.12378825728578043
J2,我的一个假期,200105205525200049,日本,我的一个假期,80,记叙文,J2_80_06,1.8760699474377074,1.6321734842957307,0.9221840694197145,0.49758291462613363,0.8695942127491162,0.9915055581919379,-0.21805618065178362,-0.6195041871405711,-0.9300747580249772,0.11870247856375063
J2,我的一个假期,200110919919200016,加拿大,我的一个假期,80,记叙文,J2_80_07,0.408779503264423,-0.034711406239457544,-0.853094342165155,-0.1616062658249867,-0.42171547468077286,-0.3643339049256741,0.745020899459172,0.6128552999636516,-1.6732983535778703,-2.132716865744677
J2,我的一个假期,200105204525100124,日本,我的一个假期,80,记叙文,J2_80_08,2.0203129876491683,2.1527211339031145,0.8501985267252117,1.0523054406637742,-0.5913872642587976,-0.8822956960535989,1.5266211834254328,1.4960934478226788,-0.32550714354289884,-0.7632104063557231
J2,我的一个假期,200110919919100009,加拿大,我的一个假期,80,记叙文,J2_80_09,-0.1411660045739831,-0.09628894380900864,1.2550280224036214,1.2073747761263565,0.36924127672608187,0.4615251113513563,-0.6206569730624363,-0.5447769308564808,0.609576624817935,0.3800351014979498
J2,我的一个假期,200105212540200001,印度尼西亚,我的一个假期,80,记叙文,J2_80_10,-0.2904893154045887,-0.02183300615436561,1.6025137948106445,1.9244256861741207,-0.958722882194813,-1.6484931217422318,-0.3642908698769359,-0.15808008408592703,-0.5980880964764914,-1.4744118364768832
J2,我的一个假期,200110919919100003,加拿大,我的一个假期,80,记叙文,J2_80_11,-0.7838252369726381,-0.7660814833466897,1.1987226198021417,1.9265730089881434,-0.12377145213139892,-0.640177385901789,0.287499833903842,0.8643022070846582,-1.1926932087442663,-1.6209639322417917
J2,我的一个假期,200110602801250005,澳大利亚,我的一个假期,80,记叙文,J2_80_12,0.17868762330616303,0.11444941542987283,1.0174560192621773,0.8232923358260158,0.9742827716635497,0.9620717042196824,0.3030351455739291,0.17486426623790546,0.035580555328330085,0.16201144887127722
J2,我的一个假期,200110801519150009,马来西亚,我的一个假期,80,记叙文,J2_80_13,-1.4780924944747624,-1.6175768810037865,0.3767797417927626,0.33766125562240773,1.5260425697758702,1.3461078042869203,-0.3917878244419394,-0.317215301561654,-0.1079960472974587,-1.0229128644969088
J2,我的一个假期,200105201525200075,日本,我的一个假期,80,记叙文,J2_80_14,0.28523459010968827,0.0876485207464913,0.9740266971368169,0.872185262867467,0.22522695240035967,-0.25953716887582257,-0.8430719466795372,-0.6187454424631764,-1.1889868347071317,-1.355261281291637
J2,我的一个假期,200105205525200073,日本,我的一个假期,80,记叙文,J2_80_15,0.25528065997468646,0.0752906287750032,1.5058995084561098,1.4713819449107948,0.35323939601898274,0.5406028902844747,1.4090767637336417,1.435334253908694,-0.03480142555279568,0.32205219352903475
J2,我的一个假期,200105204525200096,日本,我的一个假期,80,记叙文,J2_80_16,0.3626639828768319,0.6338596566381877,1.7211417608014739,1.3561441873919362,0.64898553666295,0.2260627797938561,0.3889583668331351,-0.23098066189570204,-0.8226477008186562,-0.4825285624901837
J2,我的一个假期,200105271525100031,日本,我的一个假期,80,记叙文,J2_80_17,0.23979218834466168,0.33264812238321106,0.7585499812037535,0.04832643112519701,-0.5593619438461616,-1.3652592702060793,-0.2230169784123029,-0.3799631750159632,-0.4519036118494117,-1.3304718838073848
J2,我的一个假期,200105201525100041,日本,我的一个假期,80,记叙文,J2_80_18,0.8987788100644001,0.9501405447604362,0.4205932409889349,0.4000624874344019,1.1495000959607014,1.2944910816123667,-0.17782084532737685,0.0024197430303127473,-0.74272623889267,-0.09066261042609679
J2,我的一个假期,200110801634250006,英国,我的一个假期,80,记叙文,J2_80_19,0.6424176204043879,0.7502220164166924,0.9207721060293826,0.5023265812418541,-0.4277077278114511,-0.8930425072888083,-0.2883497511616457,-0.3478939046280292,-0.7517246400651317,-1.06570415389409
J2,我的一个假期,200105224525200028,日本,我的一个假期,80,记叙文,J2_80_20,0.36798675603447983,-0.05141579535561517,1.5342124443455802,1.3992655686811646,-0.13482025620872304,0.4417059381794272,-0.9872765009596937,-1.054572783334106,0.4246825567029774,0.3039225877511772
J2,我的一个假期,200105217525200076,日本,我的一个假期,80,记叙文,J2_80_21,-0.4852264533134222,-0.37259292434733093,1.157462885253872,1.0138136295746552,0.5571198133260468,0.31757221461206175,-1.3801616801210808,-0.9140145548651422,0.06251636752143781,-0.03200579295383826
J2,我的一个假期,200105205525200092,日本,我的一个假期,80,记叙文,J2_80_22,-0.17094664641059587,0.004666261717021654,2.128504597411628,1.5560718365355346,1.1941621359802224,0.5276373743949809,-0.6299631622141507,-0.48287628886673883,-0.7080279511413631,-0.2392881969949595
J2,我的一个假期,200105206525200003,日本,我的一个假期,80,记叙文,J2_80_23,-0.3046880875365947,-0.7184523031750337,1.405144496646564,1.5531847075654994,0.9091810944008789,0.9572841968669903,-1.3836928967817657,-0.7430060642081607,-0.7361783142110928,-1.2998349034018797
J2,我的一个假期,200105205525100077,日本,我的一个假期,80,记叙文,J2_80_24,0.1256723994530527,-0.0034050411403804713,1.4862658790285403,0.5990875141911313,0.6766414857333741,0.48994538252235514,1.0873417132791694,0.542141427070593,-1.2330592874890538,-0.8120987586848132
J2,我的一个假期,200105209525200043,日本,我的一个假期,80,记叙文,J2_80_25,0.14185766215692214,-0.1156626241426876,0.8302095748472823,0.3410382551951979,-0.28323874150702905,0.014185376886128758,1.130296613727252,0.841795487774296,-0.9063662704112266,-0.4225596342029073
J2,我的一个假期,200105205525200048,日本,我的一个假期,80,记叙文,J2_80_26,1.5893847345045362,2.1609063709908263,-0.10969986166498175,0.02265132482847166,-0.20769556680371348,-0.5891247326555633,1.656612308659624,1.607681005570402,-0.47753962751509715,-0.45908295395451876
J2,我的一个假期,200105205512200061,菲律宾,我的一个假期,80,记叙文,J2_80_27,-0.2321489392031116,-0.13352614538869254,2.1848127681105467,0.7908451036445133,-0.012517173474110754,-0.4282656243029442,1.5425253460029735,1.2457105414385996,-0.9490054155273172,-0.8496379051724424
J2,我的一个假期,200105610606250212,比利时,我的一个假期,80,记叙文,J2_80_28,1.1197691285509994,0.8067709234209582,0.58200738873369,0.6473611623576084,-0.14191882025452338,-0.09898943231964714,0.19689378555929382,0.32735408380854875,0.3848800035272138,0.6016630840327387
J2,我的一个假期,200105204525200087,日本,我的一个假期,80,记叙文,J2_80_29,0.6818398048220966,0.5368836152954951,1.0898224736960447,1.3818876030466107,0.154816117978444,-0.19721301371825156,0.5783444527164691,0.21242777282491843,-0.14381863841850498,0.03417475784230185
J2,我的一个假期,200105610610250209,法国,我的一个假期,80,记叙文,J2_80_30,0.8414361785485064,0.6337972677601537,0.6421832538119329,0.11583544101009749,1.068026765053585,0.7868192791636118,-0.10827643126718592,-0.08574784526941946,-0.8495483092181018,-0.5714647525716909
J2,我的一个假期,200105201525200012,日本,我的一个假期,80,记叙文,J2_80_31,-0.6956593742532046,-0.8418243066348586,1.5042770854281686,0.6780239599039923,0.6943052288365196,0.3589389932427324,-0.8941471612641758,-1.251726360840847,-1.539006945877112,-1.6432897622558273
J2,我的一个假期,200105206525200009,日本,我的一个假期,80,记叙文,J2_80_32,0.3879773598936047,0.2726652263019277,1.1878226223462947,1.3919079073356975,-0.4349483654834287,-0.9212020934843324,-0.788373948960643,-0.3003634236178245,-0.7721743114572578,-0.9591221774562325
J2,我的一个假期,200105206525100002,日本,我的一个假期,80,记叙文,J2_80_33,-0.9701981568642569,-0.8801961808023305,1.4791753323346823,1.9622374598047678,-0.3738115157670585,-1.128445977202038,-0.8476507062323506,-0.812995553391229,-1.1283040656327161,-1.6324868816864029
J2,我的一个假期,200105206525100021,日本,我的一个假期,80,记叙文,J2_80_34,0.7519094909707544,0.6732158522407383,0.9645410546184819,0.2621094417313099,-0.03366608720571884,-0.2972668477481918,1.0199040360454616,0.9296289655628578,-0.9304521329416635,-0.4531342492916975
J2,我的一个假期,200105212525200006,日本,我的一个假期,80,记叙文,J2_80_35,0.007708846134129575,0.48063572031093976,2.2455262266548504,1.435281424630592,-0.3623451710409447,-1.2529073391991974,-0.06729075669433968,-0.37575359432948247,-0.5218080980671737,-0.39679074721342167
J2,我的一个假期,200110919919200014,加拿大,我的一个假期,80,记叙文,J2_80_36,1.854832565969938,1.6666954028985537,1.5571986912789566,1.4236708032196932,-0.51635505582744,-0.6862914141018269,-0.5905918181631047,-0.7373497110646603,-0.14894516168696337,-0.3662809460332761
J2,我的一个假期,200105204525100035,日本,我的一个假期,80,记叙文,J2_80_37,-0.04248269502951113,0.13933272478327643,0.8598422372618592,0.5977807587094799,-0.2707689812578787,-0.3007418453356906,0.015178045349713348,0.18393248374014415,-0.4039896637769102,-0.5173930899517992
J2,我的一个假期,200105212542200008,越南,我的一个假期,80,记叙文,J2_80_38,0.6519185399789992,1.0005569055499888,0.5792255066840654,0.8227661538455691,-1.3821056379946175,-2.332391644221777,0.6392759461923448,0.17845176624413991,-0.5456960430392479,-0.8126988443625445
J2,我的一个假期,200105212525200047,日本,我的一个假期,80,记叙文,J2_80_39,1.045075673678823,0.7428262001451484,0.9209533251984712,0.838164738048218,0.7732315449529432,0.6837544797487031,0.05003326805168224,-0.018308231453822918,0.2793398235994733,0.3122994080020471
J2,我的一个假期,200105271525100042,日本,我的一个假期,80,记叙文,J2_80_40,-1.5138650490554453,-1.1082472636363836,1.241153317699454,0.8910444863050219,-1.2495461068579838,-1.0608870642143575,-1.5915096383079985,-1.0520696140452344,-0.7538294251370832,-0.5565580363632532
J2,我的一个假期,200105217525200046,日本,我的一个假期,80,记叙文,J2_80_41,-0.8498546653432361,-1.2812364755745127,1.527447001762855,1.8764498988539795,1.17423847720227,1.2144958743922845,-0.5873949080552291,-0.3080973126605885,0.23870018130262424,-0.014042964642891207
J2,我的一个假期,200105206525200030,日本,我的一个假期,80,记叙文,J2_80_42,1.877939249921465,1.2920648286922018,0.7264466695293706,1.3572857628277732,-0.5075985121025243,-0.2165493377925068,-0.40592349088236174,-0.2442372821734599,-0.09308773712916829,-0.07731573513601857
J2,我的一个假期,200105215525200003,日本,我的一个假期,80,记叙文,J2_80_43,0.7734519164819456,0.5932533733268818,-0.22441545975646615,0.08215065241191431,0.4813582110420019,0.7528225975978009,0.7342576962694836,0.8300660972700421,0.8062830233048399,0.6435743969903419
J2,我的一个假期,200105212525100004,日本,我的一个假期,80,记叙文,J2_80_44,0.20618433984428397,0.12275146233118303,0.11317951106338925,0.0599495700331952,0.03525129648493224,0.011479891267471981,-1.0940930337316495,-0.5756992639600023,-0.6134426885946629,0.07198238268989249
J2,我的一个假期,200105201525200010,日本,我的一个假期,85,记叙文,J2_85_01,1.080598112744655,1.065864553557978,0.32847162423679377,0.3335564673955965,-1.4276779733029632,-1.5455752533555709,-0.914405001126797,-1.0523317486259203,-1.6981925079638551,-1.8276246945102124
J2,我的一个假期,200105610610250214,法国,我的一个假期,85,记叙文,J2_85_02,1.2456800476967618,1.3311542654573707,0.9446063606161408,0.313265447026967,0.38818752629200876,0.15423847390316933,0.7563208946967114,0.5846395069915967,-1.5762883024801044,-1.0443047481537406
J2,我的一个假期,200110602801150006,澳大利亚,我的一个假期,85,记叙文,J2_85_03,1.26602248784725,0.6267937158697959,0.67074943833722,1.126313319517004,-0.5610674994686878,-0.8023534498972954,-1.2305104915718783,-0.5359684112847325,-0.8652455215094398,-0.9927332537504286
J2,我的一个假期,200105217525200017,日本,我的一个假期,85,记叙文,J2_85_04,0.4525607204461858,0.20695289802857397,0.20032951794478104,0.2683347048491351,-0.46379322135834344,-0.47132497634496184,-0.284230804264748,-0.34243528600698653,-1.0819377377482242,-0.8140238680350383
J2,我的一个假期,200105204922200117,美国,我的一个假期,85,记叙文,J2_85_05,0.825686580330372,0.17290889428733094,0.6570971517007856,0.6168119876105411,0.4307196095081026,0.6212047233714696,-0.25525660713213705,-0.11485072794629118,-0.23968769330493625,-0.384452136788763
J2,我的一个假期,200105212525100005,日本,我的一个假期,85,记叙文,J2_85_06,-0.616983088670255,-0.6630937419514294,0.5335601662863404,1.2769032406766256,0.11919165126642034,0.10239617190373666,0.1377567231913336,0.8084736833187486,-1.2530562854747724,-1.2130015588136962
J2,我的一个假期,200105205525200056,日本,我的一个假期,85,记叙文,J2_85_07,0.41010358416306536,0.30931362034946586,1.324032049224163,1.3834173462551984,-0.3244780153726363,-0.583512990855969,-0.21733981607604871,-0.4783699558723945,-0.459421345780886,-0.7840421547593951
J2,我的一个假期,200105201525200009,日本,我的一个假期,85,记叙文,J2_85_08,1.9535479919570862,1.3775895502927633,-0.3984065914993231,0.26850712462530396,0.6496177004546971,0.545686109107092,-0.8757380781205238,-0.4415460268932214,-1.5920055533413948,-1.1043964361796765
J2,我的一个假期,200105206525200001,日本,我的一个假期,85,记叙文,J2_85_09,0.48456321543203174,0.3567918225001277,1.8375144886328696,1.2234707128891085,0.6614305385330908,0.34313490209235054,-1.9338806330080323,-0.45961012525852946,-0.5260201155242136,-0.0598417299426089
J2,我的一个假期,200110801519250007,马来西亚,我的一个假期,85,记叙文,J2_85_10,0.0897533983663364,-0.06910848557603798,-0.1892347895617865,-0.1900781934213563,0.12150772385752763,-0.0995017677496652,0.580119669366019,0.5777957887746482,1.1540484540390614,0.9831410119814192
J2,我的一个假期,200111512512250007,菲律宾,我的一个假期,85,记叙文,J2_85_11,1.905663554718258,2.436585737212911,-0.268309114865972,-0.6510827274752096,-0.6406434257820272,-1.3180146358771412,-0.2106304043748566,0.025914817890160414,-1.1565236672905563,-1.3198098285038946
J2,我的一个假期,200105201525200084,日本,我的一个假期,85,记叙文,J2_85_12,0.6044187779769565,0.690029905945611,0.864906363453479,0.4479856455968011,0.08760187270639594,-0.0950710001159981,0.4150090988868419,0.049877087659259606,0.5820293884677008,0.8903990510214301
J2,我的一个假期,200105209525200037,日本,我的一个假期,85,记叙文,J2_85_13,-0.6067932569977282,-0.5554076034231807,-0.0773148589196556,0.1444262551352973,1.0364113268778878,0.7676606613663838,-0.6002247115652435,-0.5560094884985995,-0.5919085094679553,-0.07645176523038275
J2,我的一个假期,200110801821250011,新西兰,我的一个假期,85,记叙文,J2_85_14,-0.31133484209119017,-0.48040491750533476,0.4835229698483507,0.49061177715911236,0.9170754170292315,0.6410563874797528,1.83269136228602,1.8588654762830288,-0.033182349995959835,-0.11973213575830105
J2,我的一个假期,200110919919200012,加拿大,我的一个假期,85,记叙文,J2_85_15,-1.0312571340646755,-0.8614883476992593,0.9689353341374801,0.9012897834472469,-0.10012881484790928,0.043492486207269206,0.3713825185866663,0.36839723476732783,-1.0650224843392246,-0.8720682649203078
J2,我的一个假期,200110919919200008,加拿大,我的一个假期,85,记叙文,J2_85_16,1.4784791795563303,2.0073461147256912,0.1779271123508004,0.07623384879195999,-0.8500327941212267,-1.3133948338260881,-1.061936482655159,-0.5888069823494344,-2.003931561152818,-1.781459856723443
J2,我的一个假期,200105205525200025,日本,我的一个假期,85,记叙文,J2_85_17,2.6330307408344575,2.458745986624429,0.05352483136369981,0.2263683672634504,-1.0325126702597631,-1.4009275897017064,-0.10429492698283302,0.02764736810510871,-0.643087660057315,-0.9912087274783222
J2,我的一个假期,200105205525200060,日本,我的一个假期,85,记叙文,J2_85_18,-0.38976551999382875,-0.26008711232035486,1.8458073156635004,1.3605913081332435,0.812750269679655,0.4685854994255491,-0.6726938708350342,-0.26840113986169306,-0.9229348904085737,-0.42545438428452703
J2,我的一个假期,200105204525200037,日本,我的一个假期,90,记叙文,J2_90_01,-0.2431036267754205,-0.18495273709420354,1.7572453573797207,2.3689563255489894,-0.6752016683798165,-1.4433137482414788,0.8837186286292369,-0.5651627050094887,0.3708053378022737,0.48921291056899985
J2,我的一个假期,200105205525100055,日本,我的一个假期,90,记叙文,J2_90_02,0.4268216486899217,0.41350225890200865,1.3564241631582055,1.6757691429945716,0.2447430792501933,-0.14325849980695277,0.13211411079285268,0.28141916867011724,1.0702194758934176,0.7127599735740281
J2,我的一个假期,200110801634150008,英国,我的一个假期,90,记叙文,J2_90_03,0.9712146429658614,0.3524276555133689,0.07377704560722408,-0.028993740261194,-0.6492423315423518,-0.29059931286551516,0.16630583670669863,0.14080226034203727,-1.6503915132369011,-1.108815729169368
J2,我的一个假期,200105204525200044,日本,我的一个假期,90,记叙文,J2_90_04,1.192488455061569,1.166661276939583,1.1777623767499468,1.0480999357953455,-0.7349795668707917,-1.682173455857518,0.4760178633113827,0.0960211191041404,-1.4524367417574622,-1.8196368275623105
J2,我的一个假期,200110919919200002,加拿大,我的一个假期,90,记叙文,J2_90_05,0.6330204044136958,0.444473399195189,1.3263499380231571,0.6390072223014712,0.5574694627082407,0.39371540155288826,-0.03905453158836835,0.12353287791989868,-0.3978430516640662,-0.05131168138659451
J2,我的一个假期,200110919919200018,加拿大,我的一个假期,90,记叙文,J2_90_06,-0.09425256253485507,-0.0143332949018712,0.5813686423228475,0.7553118150671746,0.6025629758830412,0.588738520606883,1.542467143169158,2.481858316296203,-1.8944767276017909,-1.1848802183895815
J2,我的一个假期,200105201525200088,日本,我的一个假期,90,记叙文,J2_90_07,0.5778807675751517,0.27123164749156803,1.1650822400608571,1.0579590955403309,0.15005282132297545,0.04761909358094818,-0.3984635789970144,-0.9688677828041939,-0.8753658382446665,-1.0454940515057347
J2,我的一个假期,200105205540200042,印度尼西亚,我的一个假期,90,记叙文,J2_90_08,-0.48701712331505137,-0.726121249079339,1.737454115152401,1.8348334932967512,0.007824295378920931,-0.34743654470577173,0.07733085907584773,-0.21831744611849868,-1.0423895750652479,-1.6808355695781367
J2,我的一个假期,200105271525100095,日本,我的一个假期,90,记叙文,J2_90_09,1.4555639151886186,1.591207934233845,-0.11367813219835715,0.1354821361129906,-0.2704561494789453,-0.4054281023271574,-0.13927670924611432,-0.532348588086269,-1.751824272396181,-1.170701024047664
J2,我的一个假期,200105212540200009,印度尼西亚,我的一个假期,90,记叙文,J2_90_10,0.26044596984340795,0.16223105664870308,0.2882843724142583,0.6644963630912311,0.2958983972076774,0.3260592354895804,0.5792749718627329,0.4119833656126134,-0.07528417570745154,-0.5665320002671173
J2,我的一个假期,200105209525200065,日本,我的一个假期,90,记叙文,J2_90_11,1.5889269963993704,1.3518383698126213,0.3262254606839825,0.4501108253354591,0.5642525767470762,0.45847734623780034,0.3712901899941623,0.12067830130843855,-1.2027625111148188,-0.39640749244102713
J2,我的一个假期,200105205525200080,日本,我的一个假期,90,记叙文,J2_90_12,0.18653537633167327,0.20395255008535917,1.018396737239418,0.2329716001341116,-0.3587622558500499,-0.1817594161334282,-0.44916973647989117,-0.6427555598476816,-1.5294280374735776,-1.8739771914752061
J2,我的一个假期,200105204525200031,日本,我的一个假期,95,记叙文,J2_95_01,0.16693422524493695,0.6032557628255435,1.201840522294138,1.301193129299202,0.02672127599364106,-0.5910353406164062,0.3904799189790447,0.43278110766178696,-0.8743495446054527,-1.5587714717766437
J2,我的一个假期,200105209529100050,泰国,我的一个假期,95,记叙文,J2_95_02,1.213903739743709,1.7671049505460992,-0.07114737637646087,0.19073642525908877,-1.473158468776239,-2.2261180302416563,0.09866756988534589,0.13848225716818044,-0.5509830325346454,-1.3394268971980017
J2,我的一个假期,200111512512250003,菲律宾,我的一个假期,95,记叙文,J2_95_03,1.3285053054080382,1.2504393673258738,-1.029144664809103,-0.7824270334711672,0.025137765825807217,0.7585335608195231,-0.8807838600394724,-0.32751742170001613,0.15879669503198696,0.16728312438437282
J2,我的一个假期,200110801519150001,马来西亚,我的一个假期,95,记叙文,J2_95_04,1.353541068894864,1.1847112666149044,-0.9929834446753333,-0.07134790038454156,0.5764245635877595,0.95856831925187,-0.22603432277731725,-0.15114682134196983,-0.39067138864258727,-0.47771495850781065
Y1,吸烟对个人健康和公众利益的影响,200405109523200522,韩国,吸烟对个人健康和公众利益的影响,55,议论文,Y1_55_01,0.07048564212307205,-0.1028989986032928,-0.6571890799506063,-0.8669791271330497,-1.1241361767694984,-0.7036588367118904,0.05877024056504733,-0.19618565280092023,1.9083264841045577,1.3725591835921869
Y1,吸烟对个人健康和公众利益的影响,200405109614100746,荷兰,吸烟对个人健康和公众利益的影响,60,议论文,Y1_60_01,0.12419621936665856,0.08574494823465464,-1.177050538963306,-0.5260624437326753,-1.1061850790309267,-0.6034151815475349,-0.14484838494332475,0.38835204820176666,3.2607091223897235,3.0567823291198577
Y1,吸烟对个人健康和公众利益的影响,200405109540100346,印度尼西亚,吸烟对个人健康和公众利益的影响,60,议论文,Y1_60_02,-1.8358964752674196,-2.1606197001952014,-0.5669687309099868,-0.5437465036806208,-0.8578523156018716,-1.0773527781532173,2.5009331216439357,1.9638529460608631,1.7843941207660148,2.137861059247363
Y1,吸烟对个人健康和公众利益的影响,200405209608200074,波兰,吸烟对个人健康和公众利益的影响,60,议论文,Y1_60_03,-0.0389727479031701,-0.007926341080404367,-0.18838112065041535,-0.4961875469018694,-0.6335377636425416,-0.17618482088585433,0.8550280708256759,1.4710885109242233,1.8796551164037831,1.5240919916815896
Y1,吸烟对个人健康和公众利益的影响,200405204922200459,美国,吸烟对个人健康和公众利益的影响,60,议论文,Y1_60_04,1.1731720919460822,1.2607175671594004,-1.110847395256029,-0.44921266469677523,-1.5584422190649976,-1.300875246513232,-0.00013053821150916023,-0.3536209657332335,0.7234991134830928,0.6234649176954453
Y1,吸烟对个人健康和公众利益的影响,200405109614200745,荷兰,吸烟对个人健康和公众利益的影响,65,议论文,Y1_65_01,-1.3536224130619656,-1.6182499449133527,-0.7210776317913452,-0.051499366459363066,-1.703127095883745,-1.7085436578257993,-1.1991442513062995,-0.5773517505316665,2.9261867904354437,3.2113871761513315
Y1,吸烟对个人健康和公众利益的影响,200405219635200007,俄罗斯,吸烟对个人健康和公众利益的影响,65,议论文,Y1_65_02,-1.2188402907173512,-1.5049906620454958,-0.4202691913907407,-0.8571989674422397,-1.7498886951209476,-1.482773882859407,-0.9629403385741635,-0.8448343160784412,1.7643400390459385,1.7152105106661726
Y1,吸烟对个人健康和公众利益的影响,200509105922200009,美国,吸烟对个人健康和公众利益的影响,65,议论文,Y1_65_03,-1.4100657810613606,-1.42179530403851,0.4216292147818814,0.5630260540201225,-1.317334346875053,-1.6330002667495283,-0.39169758817544714,-0.6132414424089031,1.4738366862466532,0.4660840995661349
Y1,吸烟对个人健康和公众利益的影响,200405109523101008,韩国,吸烟对个人健康和公众利益的影响,65,议论文,Y1_65_04,0.7799397761511996,1.0481281389966017,-2.106888050241969,-3.1850775926917665,-1.5388281137881816,-1.7745008643163795,0.11343898160999705,-0.1471406449989375,-0.8222940017821329,-0.5639071037752473
Y1,吸烟对个人健康和公众利益的影响,200405680519150014,马来西亚,吸烟对个人健康和公众利益的影响,65,议论文,Y1_65_05,1.7951473763549022,1.0091922727623246,-1.761208194143767,0.5693964999793678,-1.649866042286868,-1.4027639840037092,-1.6436369947515155,-0.822218479507343,1.5773325979350101,0.6802583130113636
Y1,吸烟对个人健康和公众利益的影响,200405209922100095,美国,吸烟对个人健康和公众利益的影响,65,议论文,Y1_65_06,1.819720688463888,0.9767835433505747,-1.0661091708532329,1.2970044562524228,-0.7180100734205608,-0.0951179671500567,-1.3253912549690643,-0.09205154854814984,1.3948431599195525,0.509125313553766
Y1,吸烟对个人健康和公众利益的影响,200405680519150022,马来西亚,吸烟对个人健康和公众利益的影响,65,议论文,Y1_65_07,1.4829416240381124,0.8043763753882642,-2.163966172380938,-0.5130117234857722,-1.1211732510380383,-0.8766330245205736,-0.972305357763677,-0.6296079290504906,1.1762741314343186,0.15992705984113217
Y1,吸烟对个人健康和公众利益的影响,200405109540101248,印度尼西亚,吸烟对个人健康和公众利益的影响,65,议论文,Y1_65_08,-0.15231099874468976,-0.4875466428729647,-0.3377172889176021,-0.4616115274778785,-0.9467005445000025,-1.0128537728071976,0.1085195446811192,0.2411318553281537,1.1546126504661856,1.0432502719940542
Y1,吸烟对个人健康和公众利益的影响,200405109523201012,韩国,吸烟对个人健康和公众利益的影响,65,议论文,Y1_65_09,-0.8093616602322136,-0.9059890891497803,-0.34809579059219226,-0.5714586774987418,-1.3028028046324416,-1.0730054781296583,-1.2778268306555156,-1.1163088801271512,-0.15674957651600752,-0.19644195143745208
Y1,吸烟对个人健康和公众利益的影响,200405109520200966,蒙古国,吸烟对个人健康和公众利益的影响,65,议论文,Y1_65_10,-0.05357621473493349,-0.23717882815385288,-0.44129718782614147,-0.5461548018647152,-0.5421462056214881,-0.10867999580388037,0.1094356289357654,-0.46285730164652056,1.2935171038995783,1.183482240857042
Y1,吸烟对个人健康和公众利益的影响,200405109523101001,韩国,吸烟对个人健康和公众利益的影响,65,议论文,Y1_65_11,-0.4990740157127429,-0.7119864756878731,-0.2056494352795657,0.2763552041466226,-0.805202776633035,-0.8794099992381148,0.3409925868884973,0.19347698264684493,1.7467084836299822,1.825268779246854
Y1,吸烟对个人健康和公众利益的影响,200405501616200025,德国,吸烟对个人健康和公众利益的影响,65,议论文,Y1_65_12,0.8462779405011821,1.1197735518965872,-1.1176865148357138,-0.8246836345087107,-1.3638149631095435,-1.05489033731669,-0.5189610030572823,-0.4508598007907449,1.2604594438919425,0.8228660379241931
Y1,吸烟对个人健康和公众利益的影响,200405109529200749,泰国,吸烟对个人健康和公众利益的影响,65,议论文,Y1_65_13,-0.9802274936135632,-1.267256567693091,-0.8320498347922922,-1.458674534890162,-1.0859160598074888,-0.7916748983672836,-0.7350941172470903,-0.6721791695514632,-0.18310833832694887,-0.4181957447193619
Y1,吸烟对个人健康和公众利益的影响,200405332540200013,印度尼西亚,吸烟对个人健康和公众利益的影响,65,议论文,Y1_65_14,-1.6097060844282038,-1.325379961125969,-2.0197576571355396,-0.9842965466501192,-1.7783038931547994,-2.363054248360365,-1.1084441758838914,-0.8851566444978858,1.8203017251642792,1.9983282110355611
Y1,吸烟对个人健康和公众利益的影响,200405332540200005,印度尼西亚,吸烟对个人健康和公众利益的影响,65,议论文,Y1_65_15,0.1142356157762829,0.673481226950574,-0.9576798746075069,-1.0414843285101296,-0.6289839348560947,-0.7592266153670403,-0.5928921316104491,-1.0141200101963193,2.059130814297169,2.907046419795709
Y1,吸烟对个人健康和公众利益的影响,200405204529200094,泰国,吸烟对个人健康和公众利益的影响,65,议论文,Y1_65_16,-0.679638532513585,-0.7156740073089936,-2.0440696734774764,-2.275860766373801,-1.3399822439507687,-0.9926338741032986,2.1128429729725413,2.6803262862459714,0.33955845744530905,1.645150448871374
Y1,吸烟对个人健康和公众利益的影响,200405109523200509,韩国,吸烟对个人健康和公众利益的影响,65,议论文,Y1_65_17,0.23865397260651394,-0.9645512205150402,-1.9532230966618362,-1.574151145165892,-1.3608649287227226,-0.20698524355180742,-0.40036681012777303,-0.30151685789117116,1.862568377440943,1.4298694828231553
Y1,吸烟对个人健康和公众利益的影响,200405109616200700,德国,吸烟对个人健康和公众利益的影响,65,议论文,Y1_65_18,0.9426017099349608,0.5115955004696181,-1.1796232320927247,-0.3219001056138014,-1.6447989914138157,-1.5963427136207198,-0.046193160963551666,-0.1010908690397073,-0.35290646638541995,-0.6796869943508602
Y1,吸烟对个人健康和公众利益的影响,200405109523200996,韩国,吸烟对个人健康和公众利益的影响,65,议论文,Y1_65_19,-0.21151525467324828,-0.8293927369061662,-1.2522645745778882,-0.8264302330381588,-1.1387147445161645,-1.250512391581334,-0.8709071291334638,-0.356784436690039,0.8099703778877786,0.6905241052571718
Y1,吸烟对个人健康和公众利益的影响,200405224529100068,泰国,吸烟对个人健康和公众利益的影响,65,议论文,Y1_65_20,-0.7505573729006848,-0.7922064313478069,-0.3978871061701118,-0.6723481434829414,-1.066354301461901,-0.7635211188582821,1.9962398754336006,1.8587498759786363,1.5102347789704986,1.8117917470489322
Y1,吸烟对个人健康和公众利益的影响,200405109523100570,韩国,吸烟对个人健康和公众利益的影响,65,议论文,Y1_65_21,1.0574183021521228,-0.4155308178072823,0.09121628919297442,2.476622117321963,-1.6458749559140615,-1.1386276326417701,0.05298093916949852,-0.7290043967328068,-0.6360699628814489,-0.9515319543538631
Y1,吸烟对个人健康和公众利益的影响,200405109523101429,韩国,吸烟对个人健康和公众利益的影响,65,议论文,Y1_65_22,1.329460328232812,1.2581806286759367,-0.6524776446049019,0.19958822720984723,-1.5732559969836637,-1.6268721510010908,-1.1478108774502267,-0.7690388700531883,0.2965643677253408,-0.027097559798289064
Y1,吸烟对个人健康和公众利益的影响,200405332616200047,德国,吸烟对个人健康和公众利益的影响,65,议论文,Y1_65_23,0.8493668186704051,1.4834215664488895,-1.4905528030192503,-0.376916580786732,-0.9934671250296204,-0.8533819733149028,2.819911368996604,4.390421025278395,-1.2486892985779827,-0.308752299967868
Y1,吸烟对个人健康和公众利益的影响,200405204525100270,日本,吸烟对个人健康和公众利益的影响,65,议论文,Y1_65_24,0.13717584018426482,0.05173747338069311,0.00973908288241656,0.9240935269869328,-1.2355419697632728,-1.8637269558373406,-0.7141543049376274,-0.8232812170717727,2.306344718459746,1.5534297969369941
Y1,吸烟对个人健康和公众利益的影响,200405109523201157,韩国,吸烟对个人健康和公众利益的影响,70,议论文,Y1_70_01,0.10241304238615694,0.36765791609885606,-0.6283729373760389,-0.3235485867928886,-1.2821991384554294,-1.0711421016833078,0.003403323408428108,-0.3217469538831213,-0.42117666116109326,-0.3660311036015879
Y1,吸烟对个人健康和公众利益的影响,200405109523200508,韩国,吸烟对个人健康和公众利益的影响,70,议论文,Y1_70_02,0.669592899355696,0.0902351732499943,0.03189440284463861,0.4273899365235912,-0.4906951609764712,-0.829055231216096,-0.49486504703752493,-0.5607802424893261,0.09516623300398645,-0.12763956342381144
Y1,吸烟对个人健康和公众利益的影响,200405204525200319,日本,吸烟对个人健康和公众利益的影响,70,议论文,Y1_70_03,-0.37427462706523273,-0.09064458620876212,-1.026564996919445,-0.5194625318807268,-1.001832390163281,-1.349851268205114,-0.4148054638757283,-0.25718193010732915,2.287018223753102,1.8090968285347693
Y1,吸烟对个人健康和公众利益的影响,200405109523201898,韩国,吸烟对个人健康和公众利益的影响,70,议论文,Y1_70_04,-0.34928890547859154,-0.24379066351005219,-1.2325266806221096,-0.906512009300099,-1.5632568530897677,-1.8969446547830302,1.5479685212673788,1.2206542385183572,0.1030545275528761,0.09773655491174768
Y1,吸烟对个人健康和公众利益的影响,200405109627200792,瑞士,吸烟对个人健康和公众利益的影响,70,议论文,Y1_70_05,0.30465053370489287,0.08647872082339295,-0.7326980478140395,-0.2884398702472858,-0.2981265874833863,0.06222676342918367,0.5088994308192644,0.634441233687127,-0.09187789329513717,-0.026390679093627092
Y1,吸烟对个人健康和公众利益的影响,200405109523200665,韩国,吸烟对个人健康和公众利益的影响,70,议论文,Y1_70_06,0.36742359889691967,-0.0008842009781958508,0.017379552855360712,0.9384342349156638,-0.9514924140182972,-1.0069803687438446,-0.3973521500176314,-0.51704098046646,1.8109718651821696,1.1836620941723381
Y1,吸烟对个人健康和公众利益的影响,200405109523100556,韩国,吸烟对个人健康和公众利益的影响,70,议论文,Y1_70_07,-0.250242050033727,-0.3017177824436987,-0.13966602499255917,0.3520124299562797,-1.2732139771612365,-1.627383025806767,-0.33189050450195473,-0.6170081247247485,1.7855803706522815,1.6369554589004838
Y1,吸烟对个人健康和公众利益的影响,200405109637100610,白俄罗斯,吸烟对个人健康和公众利益的影响,70,议论文,Y1_70_08,0.12044872827346581,0.5155878938284648,-2.0062773916285197,-2.3534792656954995,-0.8140047421438089,-0.6502809665245598,0.09719284408701007,-0.242788094219445,0.8106247235348918,0.47255972527064954
Y1,吸烟对个人健康和公众利益的影响,200405109523100553,韩国,吸烟对个人健康和公众利益的影响,70,议论文,Y1_70_09,-1.2766215429576067,-0.8455862196384152,-0.5801910534197926,-1.4763090052397032,-0.7598403461954413,-0.8443878816375403,0.3927418839546049,-0.5709291942917032,-0.4605627976471895,-0.21605136135094233
Y1,吸烟对个人健康和公众利益的影响,200405109523201829,韩国,吸烟对个人健康和公众利益的影响,70,议论文,Y1_70_10,0.5645672142491458,0.48794739329839143,-0.6641410125982603,-0.20273296171576374,-0.9951729902281066,-0.7997909687469843,-0.8548588047113277,-0.6508824734227161,0.7540196930559252,0.9903351318567772
Y1,吸烟对个人健康和公众利益的影响,200405109523200380,韩国,吸烟对个人健康和公众利益的影响,70,议论文,Y1_70_11,-0.556831142632111,-0.3485029082742147,-0.5588920083581902,-0.3268162606582253,-0.6235576064590446,-0.662575268048482,-0.1391325717773401,-0.34307630964882274,0.6670893083156911,0.8093313437971452
Y1,吸烟对个人健康和公众利益的影响,200405109523201392,韩国,吸烟对个人健康和公众利益的影响,70,议论文,Y1_70_12,0.10945275174951342,0.3346582393639734,-0.5842297086306079,-0.26561698995050786,-1.351361954358948,-1.3901387575036248,-0.9846517021826573,-0.9146717043087078,-0.16993473813509202,-0.9919544235736522
Y1,吸烟对个人健康和公众利益的影响,200405680519150042,马来西亚,吸烟对个人健康和公众利益的影响,70,议论文,Y1_70_13,-0.2907875685369738,0.3947776056822361,-2.504647262172841,-3.2341317509426264,-1.1680121378929071,-1.427294554920792,0.36392242425460564,0.45164665022492767,-0.5284946223697339,-0.20046316899101355
Y1,吸烟对个人健康和公众利益的影响,200405212522200051,缅甸,吸烟对个人健康和公众利益的影响,70,议论文,Y1_70_14,-2.1377130812814795,-2.109068255574992,-1.319611748208179,-1.4436195635607258,-1.6676078219585562,-1.9901764470420071,-0.5433742206570225,-0.3197765190183357,0.05118608569005091,-0.07494793332128621
Y1,吸烟对个人健康和公众利益的影响,200405109523200531,韩国,吸烟对个人健康和公众利益的影响,70,议论文,Y1_70_15,0.32889958278088033,-0.15019224398191755,-0.3331661032504745,0.8572562423742466,-2.1691987996793585,-2.3105209830555062,0.29351091781209937,-0.10140072479785286,2.0686381729931425,1.1191383132863044
Y1,吸烟对个人健康和公众利益的影响,200405109922100688,美国,吸烟对个人健康和公众利益的影响,70,议论文,Y1_70_16,-0.4975742845387455,-0.21155483321636764,-1.0260142421209397,-0.8922974881572031,-1.4622005819176263,-1.169818800058912,-0.30856130775597995,-0.5212940017029111,0.5774292180716255,-0.24487601126142106
Y1,吸烟对个人健康和公众利益的影响,200405212540200030,印度尼西亚,吸烟对个人健康和公众利益的影响,70,议论文,Y1_70_17,-0.041292503943252526,-0.9343056218945496,-1.8140547482469216,-1.0834740250374215,-1.770614178377873,-1.305334036279509,0.5183562833090943,0.4915504456114472,1.6142665162731225,1.3968977463000887
Y1,吸烟对个人健康和公众利益的影响,200405522522250005,缅甸,吸烟对个人健康和公众利益的影响,70,议论文,Y1_70_18,-0.0968166622157788,0.2138796045879797,-0.6687793219038753,0.3893444633347571,-0.8672731119580861,-0.4860849936782082,1.798145454336377,2.1689166681393766,0.9660229619688311,1.1892213650996382
Y1,吸烟对个人健康和公众利益的影响,200405109523201868,韩国,吸烟对个人健康和公众利益的影响,70,议论文,Y1_70_19,-0.035086975021238094,-0.12298176806722878,-1.9065229981755634,-1.4419752423532413,-1.7096561562594912,-2.3042805089588536,-0.17248997294560772,-0.12387832100398549,0.08931629750726465,0.28283957544076704
Y1,吸烟对个人健康和公众利益的影响,200405201523100306,韩国,吸烟对个人健康和公众利益的影响,70,议论文,Y1_70_20,-1.4080245575099477,-1.842390708725397,0.7276584049417426,1.6748748511309102,-1.1146796009134803,-1.1731310204978833,-1.5886918739943625,-0.7931562174568024,2.6387722157008513,1.9209996723278675
Y1,吸烟对个人健康和公众利益的影响,200405332540200008,印度尼西亚,吸烟对个人健康和公众利益的影响,70,议论文,Y1_70_21,-0.4435072997005581,0.10081064882672336,-0.5416862467872307,-0.31989824271556216,-1.4354484578812967,-2.474024029400799,-0.14121098380523958,-0.50357422895019,2.102357863914558,1.9542034630520142
Y1,吸烟对个人健康和公众利益的影响,200405204540200103,印度尼西亚,吸烟对个人健康和公众利益的影响,70,议论文,Y1_70_22,0.8376231271728427,0.5683995196834695,-0.6615182590958291,-0.3419609242733666,0.05299399639393958,-0.03595223714454782,-0.5644504186951682,-0.6909524320959992,0.6735580046798779,0.2815831039807613
Y1,吸烟对个人健康和公众利益的影响,200405109523200355,韩国,吸烟对个人健康和公众利益的影响,70,议论文,Y1_70_23,0.29169981255929806,-0.02268179473607638,-0.8487145792129666,-0.41740450130009826,-1.3581578210896699,-1.3459808539617453,0.9692043877740452,0.3743080464062268,1.3518211056630605,0.8200147963232794
Y1,吸烟对个人健康和公众利益的影响,200405576533200005,新加坡,吸烟对个人健康和公众利益的影响,70,议论文,Y1_70_24,0.8844016404964423,1.3980166637207416,-2.220436779363637,-1.6191279705064254,-1.2399843368304537,-1.2255958461631768,0.13177207859098616,0.24648706592146463,1.3760435100382267,1.170115390181656
Y1,吸烟对个人健康和公众利益的影响,200405522522250020,缅甸,吸烟对个人健康和公众利益的影响,70,议论文,Y1_70_25,1.1814893853807291,0.555305812219448,0.20562334950626474,0.8340961026130322,-0.3938764730680046,-0.09396363187552945,-0.44300589445000255,-0.0747271576609062,2.429768123064808,1.2334249527980763
Y1,吸烟对个人健康和公众利益的影响,200405109523100679,韩国,吸烟对个人健康和公众利益的影响,70,议论文,Y1_70_26,0.4867886457494016,1.2462536876693702,-2.66421414534048,-3.1539362433930074,-1.2745151134902375,-1.5198032392881966,0.7173543205754513,0.3367363658554644,-0.6418778318161406,-0.2509086574946329
Y1,吸烟对个人健康和公众利益的影响,200405209529200059,泰国,吸烟对个人健康和公众利益的影响,70,议论文,Y1_70_27,-1.6152253601690028,-1.758910873947386,-0.48026967075941274,-0.559509973910272,-0.5579523163609544,-0.5095502203157108,1.0067938354534296,1.220878542631106,1.231096992834466,1.0078795479204858
Y1,吸烟对个人健康和公众利益的影响,200405109523100614,韩国,吸烟对个人健康和公众利益的影响,70,议论文,Y1_70_28,-0.35854060849098945,0.5396249133843204,-1.6869906850207843,-2.326355732989676,-1.5807613459738878,-2.234054701452641,0.967877764027661,0.7852767581265444,-0.974729288077172,-1.028925089703181
Y1,吸烟对个人健康和公众利益的影响,200405332513200007,柬埔寨,吸烟对个人健康和公众利益的影响,70,议论文,Y1_70_29,0.030599298275267393,0.5122654577439361,-0.6012828996266167,-0.808757068874339,-0.9829248474719082,-0.8394850098555834,2.026339188596182,2.257253114499164,-0.7326949235823776,-0.20744563523507376
Y1,吸烟对个人健康和公众利益的影响,200405109523200358,韩国,吸烟对个人健康和公众利益的影响,70,议论文,Y1_70_30,0.4371606866076043,0.6031103282442395,-1.276097860057112,-1.2479147596660127,-1.38318659023572,-0.5834521560191189,1.8015193518411536,1.2971315398696366,0.4695035894099015,0.26153610796710913
Y1,吸烟对个人健康和公众利益的影响,200405109523100999,韩国,吸烟对个人健康和公众利益的影响,70,议论文,Y1_70_31,-0.1527262364019411,-0.15845812566414094,-1.3020881047236723,-0.9352547652799557,-1.547036228438077,-1.7411108629141296,-0.3586482477121594,-0.31121553956385295,0.9208921623863113,1.4956412623770101
Y1,吸烟对个人健康和公众利益的影响,200405109523201430,韩国,吸烟对个人健康和公众利益的影响,70,议论文,Y1_70_32,0.2538353210158293,0.2841429479354908,0.02423062002530892,-0.14627331053536133,-0.33045287471929946,-0.07401400927693629,-0.8123100294703788,-0.5202452281376649,1.1619846826769928,1.414861876308084
Y1,吸烟对个人健康和公众利益的影响,200405109523201479,韩国,吸烟对个人健康和公众利益的影响,70,议论文,Y1_70_33,0.10374949795729775,0.4723153900385674,-0.9480653047817428,-1.5274042928514449,-0.624912813950913,-0.7412276967525343,-0.1487944401596643,-0.16292929060584999,-0.5762204084712582,0.3458608803459178
Y1,吸烟对个人健康和公众利益的影响,200405109523100551,韩国,吸烟对个人健康和公众利益的影响,70,议论文,Y1_70_34,-0.765842418571086,-0.7188317566775437,-0.2520983825701106,-0.027552708100992526,-0.8141989620389012,-0.8917736625031933,-0.09759399789092375,-0.43661846766268675,-0.16125648829367947,-1.1101334243953402
Y1,吸烟对个人健康和公众利益的影响,200405109523100365,韩国,吸烟对个人健康和公众利益的影响,70,议论文,Y1_70_35,0.637302299668155,-0.16453063773259935,-1.699374177558169,-0.35165340554115554,-1.6308112293440682,-1.4044284960152449,0.7869519535809502,0.5335139058654562,1.8742712880794716,1.397889108559373
Y1,吸烟对个人健康和公众利益的影响,200405109523201483,韩国,吸烟对个人健康和公众利益的影响,70,议论文,Y1_70_36,-0.4253305070104507,-0.4058467414406429,-0.6284439058709883,-1.1954118358190755,-1.3941047641864017,-1.1467183363483753,-0.38106635195132765,-0.6079267510228176,0.6772798978389454,0.4459954171878937
Y1,吸烟对个人健康和公众利益的影响,200405109523200668,韩国,吸烟对个人健康和公众利益的影响,70,议论文,Y1_70_37,-0.4119550910565849,-0.316631135515437,-1.6455318249218347,-1.4910219097052615,-1.3687221152008533,-1.5313078954560908,0.47511961838320527,0.5488299516483248,0.1382499160911135,0.2526571285013599
Y1,吸烟对个人健康和公众利益的影响,200405109523101772,韩国,吸烟对个人健康和公众利益的影响,70,议论文,Y1_70_38,-0.9247360221625687,-0.9646330970985257,-0.4345173919865206,-0.6048944561927262,-1.284130160830638,-1.0330643675830236,1.4214810308565369,0.3405654317263303,0.9843011648353489,1.0377985150427602
Y1,吸烟对个人健康和公众利益的影响,200405109523101460,韩国,吸烟对个人健康和公众利益的影响,70,议论文,Y1_70_39,-1.0809072746981063,-0.7742910759657224,-0.4396488903518236,-0.568850490266132,-1.520545295667925,-1.2923714229375962,-1.0895447338589381,-1.1885114174975344,0.4059385228525375,0.5074353129019937
Y1,吸烟对个人健康和公众利益的影响,200405680519250023,马来西亚,吸烟对个人健康和公众利益的影响,70,议论文,Y1_70_40,1.6376637391373103,1.2005468775061388,-0.7795464011357912,-0.3526898768142873,-0.8489691866902301,-1.3724838521343585,-0.7031432825762118,-0.5362948083553725,0.19817586472123203,-0.21592468239131318
Y1,吸烟对个人健康和公众利益的影响,200405522522250028,缅甸,吸烟对个人健康和公众利益的影响,70,议论文,Y1_70_41,0.8986713030308401,0.8004628252970099,-0.6701306054310273,0.20466548992005165,-0.7579945965533699,0.059502754204706514,1.7688172322710132,1.3487787270329659,-0.4196624935424568,0.03708482223631581
Y1,吸烟对个人健康和公众利益的影响,200405212540200057,印度尼西亚,吸烟对个人健康和公众利益的影响,70,议论文,Y1_70_42,0.14431273803997294,0.5322378778331677,-0.712950888817381,-0.8435396729489377,-1.354667846742853,-0.9431946385447995,1.0606199554187896,0.9653237597582696,0.715578051621685,0.9241257770783367
Y1,吸烟对个人健康和公众利益的影响,200405109523200578,韩国,吸烟对个人健康和公众利益的影响,70,议论文,Y1_70_43,-0.7518009871979078,-0.8323942507581431,-0.6031547391114321,-0.04360979916307973,-1.0046193229820366,-1.0762620922713806,0.6981493822868485,-0.33239885404004926,0.4142732089462648,-0.20148402049402053
Y1,吸烟对个人健康和公众利益的影响,200405109523200829,韩国,吸烟对个人健康和公众利益的影响,70,议论文,Y1_70_44,-0.6728157131898203,-0.655867934627337,-0.8252660254743205,-0.09173480809171496,-1.7546822658930155,-1.8161988848882058,-0.6493148927993991,-0.6689251345013405,-0.15473695486386596,-0.44428733611466004
Y1,吸烟对个人健康和公众利益的影响,200405109523101771,韩国,吸烟对个人健康和公众利益的影响,70,议论文,Y1_70_45,0.46822934936805194,0.08837338231115974,-0.7602083448119638,-0.6173879905748443,-0.7624119806230679,-0.6259128865696011,0.6685707404499835,-0.13242255109803003,-0.21256390517273216,-0.3205367276263296
Y1,吸烟对个人健康和公众利益的影响,200405109523101391,韩国,吸烟对个人健康和公众利益的影响,70,议论文,Y1_70_46,0.15362839385202431,0.045811983349271085,-0.4168134592725325,-0.38250364410961873,-0.5314327548961386,-0.5372422759579198,0.21357826750755535,-0.11826777033391721,0.3697089783623284,0.4691737359102846
Y1,吸烟对个人健康和公众利益的影响,200405109523200572,韩国,吸烟对个人健康和公众利益的影响,70,议论文,Y1_70_47,-0.5990171318535061,-1.0045974319784925,-1.6628413393288126,-1.0078466654901397,-1.4156411413578893,-1.6531441136211604,1.6973633188792978,1.3598149642005857,0.5908236739576734,0.7740321895355111
Y1,吸烟对个人健康和公众利益的影响,200509105919200005,加拿大,吸烟对个人健康和公众利益的影响,70,议论文,Y1_70_48,0.013455925331054714,0.5055343819069882,-1.699629598870757,-2.3515443102178195,-1.447898539715269,-1.1215287233995686,-0.054998675213886676,-0.10547895964214735,0.44866705669538426,0.5354042584197484
Y1,吸烟对个人健康和公众利益的影响,200405204525100435,日本,吸烟对个人健康和公众利益的影响,80,议论文,Y1_80_01,0.0063250017132347805,0.34729579801607263,-1.4416273118993324,-1.3302889407506897,-0.8109253105653228,-0.469521066684146,-0.5058216172848746,-0.4932628207039061,-0.32597802366843637,-0.0662055931383248
Y1,吸烟对个人健康和公众利益的影响,200405109540200206,印度尼西亚,吸烟对个人健康和公众利益的影响,80,议论文,Y1_80_02,-0.4315060253402477,-0.4752489006539104,-0.16466888979562275,-0.18437529824749524,-1.1093763132003467,-1.4871957179388549,-0.32453069910974347,-0.4843615500629334,1.5815167208478653,1.3967999102244832
Y1,吸烟对个人健康和公众利益的影响,200405109523200558,韩国,吸烟对个人健康和公众利益的影响,80,议论文,Y1_80_03,-0.6415266438133289,-0.9335002145311735,-0.7305496713673222,-0.3761260098557301,-1.4766188410484293,-1.510149313744646,-0.09521768535256983,-0.324135253384893,0.09505374162496362,0.32204903614593877
Y1,吸烟对个人健康和公众利益的影响,200405109523100791,韩国,吸烟对个人健康和公众利益的影响,80,议论文,Y1_80_04,-0.2500379918580415,0.020624511728127636,-1.6117355064313363,-0.8165819624700831,-1.2513051540522218,-1.3966832750131417,0.3229907569119515,0.07969037750386739,0.32976552610619747,0.21167541995308237
Y1,吸烟对个人健康和公众利益的影响,200405109523100788,韩国,吸烟对个人健康和公众利益的影响,80,议论文,Y1_80_05,-0.15386217715686396,0.019206126362477007,-0.8178222064924674,-0.8672246122454569,-1.3351218882577578,-1.141034261011086,0.388957792680853,0.18362317436323167,-0.043649956130195885,0.6981881070950411
Y1,吸烟对个人健康和公众利益的影响,200405209633100068,意大利,吸烟对个人健康和公众利益的影响,80,议论文,Y1_80_06,1.1767093738133165,0.9700925529665024,-0.638762258951125,-0.028264898531689838,0.0855995203694486,0.38322229996301377,-0.19471428981375455,-0.22729518554547945,-0.07230265742205569,0.6978868627091239
Y1,吸烟对个人健康和公众利益的影响,200405332519100035,马来西亚,吸烟对个人健康和公众利益的影响,80,议论文,Y1_80_07,0.39420868544260423,0.5689467490033434,-1.9558838542964603,-1.340675572131163,-1.1251890231641353,-1.1316448293076415,1.506338501703469,0.7438166954231216,0.564912873965081,0.13674717570544598
Y1,吸烟对个人健康和公众利益的影响,200405205942200184,厄瓜多尔,吸烟对个人健康和公众利益的影响,80,议论文,Y1_80_08,-0.9513085311484671,-0.6440081322634926,0.19486553388428182,-0.6467545413220339,0.14787799687027064,-0.3373095030855778,0.37526402337352627,0.1375513241759595,1.463513544244941,1.1849034121598951
Y1,吸烟对个人健康和公众利益的影响,200405109525100197,日本,吸烟对个人健康和公众利益的影响,80,议论文,Y1_80_09,-0.8457056842167986,-0.5387992700953167,-0.8965483139300269,-1.3721336377661226,-1.1551597079105733,-1.3285107827133356,-1.7104807747610753,-0.8418572207747378,1.1244292686210584,1.0426130214831775
Y1,吸烟对个人健康和公众利益的影响,200405610610250009,法国,吸烟对个人健康和公众利益的影响,80,议论文,Y1_80_10,-0.5117868303761046,-0.06562479459481126,-1.4515095212975009,-1.4900763939908808,-1.212015119174022,-1.1294180857443583,-0.4686532607803836,-0.5275718520660483,1.6827506842793676,0.8972082419120566
Y1,吸烟对个人健康和公众利益的影响,200405204525100287,日本,吸烟对个人健康和公众利益的影响,80,议论文,Y1_80_11,-1.2692170562191631,-1.1412928671514224,-0.9721441819914373,-0.7460486650947146,-1.3167475709068324,-1.039582189758813,-1.2752782556164886,-0.7068904832433784,-0.05405288627074105,-0.6843761489163579
Y1,吸烟对个人健康和公众利益的影响,200405212542200005,越南,吸烟对个人健康和公众利益的影响,80,议论文,Y1_80_12,-0.13905156053750797,-0.2478350392775242,-0.9393649860872244,0.10718673480709519,-2.5172531243784295,-3.0826082202108633,0.8812447369197566,1.0647444415867484,3.3909590839149555,3.7286737472092883
Y1,吸烟对个人健康和公众利益的影响,200405205525100119,日本,吸烟对个人健康和公众利益的影响,80,议论文,Y1_80_13,0.13569559376458581,-0.09290274153406868,-0.5465888684279334,-0.6456801592691509,-1.4771556850011325,-1.8136135904367665,-0.44805053577874726,-0.5703427827116636,-0.8116242230414928,-1.0161266874026715
Y1,吸烟对个人健康和公众利益的影响,200405209605200101,保加利亚,吸烟对个人健康和公众利益的影响,80,议论文,Y1_80_14,0.2923723988582827,0.43540821277798814,-0.5463983231945748,-0.8705783267316871,-0.4670672845323302,-0.2056302001580328,-0.33579184686065916,-0.6529967525568077,0.47213403273920057,0.722298541011327
Y1,吸烟对个人健康和公众利益的影响,200405109525200915,日本,吸烟对个人健康和公众利益的影响,80,议论文,Y1_80_15,-0.4486701590416943,-0.3565612723047586,-1.5726683705349407,-0.8768794094204496,-1.8879013788084837,-1.7733765240297255,1.2718111170614816,1.2429416934491135,-0.1585536399940135,0.14102953285208136
Y1,吸烟对个人健康和公众利益的影响,200405109523200527,韩国,吸烟对个人健康和公众利益的影响,80,议论文,Y1_80_16,0.8564822581625094,0.08816216842017757,-0.3915650952819483,-1.2225914018652488,-0.9281424454829946,-0.8406379445301461,1.5119900314170018,0.4629209997099088,-0.4771886881505739,-0.39988685484202935
Y1,吸烟对个人健康和公众利益的影响,200405109529100879,泰国,吸烟对个人健康和公众利益的影响,80,议论文,Y1_80_17,-0.4332441533762441,-0.08253983198611028,-0.939221794201868,-0.3341692401699026,-1.0881611449156334,-1.063910551212727,-0.04697632282688595,-0.5406314012356196,-1.7498377137605994,-2.2158454947449795
Y1,吸烟对个人健康和公众利益的影响,200405205715100187,几内亚比绍,吸烟对个人健康和公众利益的影响,80,议论文,Y1_80_18,-0.5972535848227661,0.07360546465685283,-0.9570063337850293,-1.8757391725506378,-0.9782633432665878,-1.5036208847663717,2.4994036137452054,1.5323883383524821,-0.22697588706182026,-0.7859604807636275
Y1,吸烟对个人健康和公众利益的影响,200405109520100763,蒙古国,吸烟对个人健康和公众利益的影响,80,议论文,Y1_80_19,-0.5201499664560251,-0.4270400800614111,0.2526454459422969,0.3366686075426349,-0.5355816156253316,-0.3150411393220084,0.4485854361269306,0.22158167012479774,1.5397622856901159,1.4843603783140344
Y1,吸烟对个人健康和公众利益的影响,200405109525201808,日本,吸烟对个人健康和公众利益的影响,80,议论文,Y1_80_20,0.9898491938542633,1.673671547308639,-2.0608104288417572,-2.0677025017899213,-1.4763565816508168,-1.2494129176371682,0.21435295028531262,0.014672426608056217,0.5545769498655718,0.6285723810012444
Y1,吸烟对个人健康和公众利益的影响,200405109523200364,韩国,吸烟对个人健康和公众利益的影响,80,议论文,Y1_80_21,-1.0453348895886356,-1.1718183237863464,-0.7076857965377539,-0.3484506132970806,-1.3054258637549798,-1.6152288137438113,-0.6063685406537349,-0.21592420709289734,2.3059864447602383,2.5100284844199727
Y1,吸烟对个人健康和公众利益的影响,200405522522150021,缅甸,吸烟对个人健康和公众利益的影响,80,议论文,Y1_80_22,0.8172170970245766,0.5988235208176382,-0.4063474593242318,-0.19801946610559967,-0.592213889336815,-0.40525143046402345,-0.7489235809909744,-0.5788653533959437,1.5809102890218547,1.5811402429969845
Y1,吸烟对个人健康和公众利益的影响,200405109523201548,韩国,吸烟对个人健康和公众利益的影响,80,议论文,Y1_80_23,0.6635869565260999,0.8151030209080014,-0.8273736415433522,-0.5799638377641982,-0.8951692106013172,-1.2438445037473302,1.1352631988595951,0.9218408497329825,0.942742685046627,0.6164895047203238
Y1,吸烟对个人健康和公众利益的影响,200405109523100830,韩国,吸烟对个人健康和公众利益的影响,80,议论文,Y1_80_24,0.13544040762995047,0.22831109923352175,0.16826753771594213,0.047232748643799304,-1.242634245397346,-1.0731423216146132,1.1778412117213324,0.6591754453578595,0.3903573344453964,-0.44460802043958125
Y1,吸烟对个人健康和公众利益的影响,200405201525200018,日本,吸烟对个人健康和公众利益的影响,80,议论文,Y1_80_25,-0.6088487502533754,-0.4961819468801015,-0.03569406606472737,0.04260136023947288,-1.3714034394204533,-1.4238686899720292,-1.3861187496607887,-0.6918431415214562,-0.4146972529691791,-0.8174314435584811
Y1,吸烟对个人健康和公众利益的影响,200405109523201816,韩国,吸烟对个人健康和公众利益的影响,80,议论文,Y1_80_26,-1.058533481126151,-1.0896334932343958,0.033169448096311165,0.01473059655611691,-0.29625848337059846,-0.126314090553707,2.5128673261711576,2.3248331082089218,-0.6402800058106177,-0.36055623816105964
Y1,吸烟对个人健康和公众利益的影响,200405205525100192,日本,吸烟对个人健康和公众利益的影响,80,议论文,Y1_80_27,-1.9710754521700704,-1.9520201758149411,0.2848392452023408,0.49919735826550876,-0.6660565874979782,-1.1333064500536558,-1.2639056807417224,-0.7857638243468341,2.9668916401214336,3.8853261280923417
Y1,吸烟对个人健康和公众利益的影响,200405522522150007,缅甸,吸烟对个人健康和公众利益的影响,80,议论文,Y1_80_28,-0.2447517178349218,-0.1861679430075385,-0.3790000221096667,-1.0544846629992526,-0.826776634195938,-0.8856957112430319,0.3079969739547028,0.051275216312003255,2.4555941067570957,2.4067222819123706
Y1,吸烟对个人健康和公众利益的影响,200405205529200193,泰国,吸烟对个人健康和公众利益的影响,80,议论文,Y1_80_29,-0.25396164207656813,-0.4192604112857009,-0.14189991280496758,0.11616478800108154,-1.3550668915197144,-1.6236963162734617,-0.014102350931046174,0.17868743905036003,2.7725134295006546,2.4330369654653214
Y1,吸烟对个人健康和公众利益的影响,200405109529201183,泰国,吸烟对个人健康和公众利益的影响,80,议论文,Y1_80_30,1.4504037120461617,1.1699405871697433,-1.210803989462354,-0.5742668035997659,-1.2874490919158341,-1.058421354320717,0.8601008755645873,0.5421623129914681,0.5279019806701666,0.14426659432898312
Y1,吸烟对个人健康和公众利益的影响,200405109523201812,韩国,吸烟对个人健康和公众利益的影响,80,议论文,Y1_80_31,1.4728653236022504,0.9556998905740421,-1.3356180514426175,-0.33916084828445003,-1.429738267255148,-1.0794435655096977,-0.8215342223572567,-0.41887720988906024,-0.004559257533415517,-0.2441743556447542
Y1,吸烟对个人健康和公众利益的影响,200405109922200595,美国,吸烟对个人健康和公众利益的影响,80,议论文,Y1_80_32,-0.05830376834342474,0.3307142787942652,-0.9621902090661886,-0.7950935960132839,-0.6894441051721824,-0.8384579304873939,-1.854861424431775,-0.622133264617095,1.2885543697271464,0.9245655271534668
Y1,吸烟对个人健康和公众利益的影响,200405109525101405,日本,吸烟对个人健康和公众利益的影响,80,议论文,Y1_80_33,1.5563362212349203,2.0741596513601603,-2.274227389490471,-2.0900069939547334,-1.1389298740726341,-1.2174092078918934,0.9051860111298917,0.1848983944660608,-0.2959147370572755,0.22054471066857242
Y1,吸烟对个人健康和公众利益的影响,200405109523201882,韩国,吸烟对个人健康和公众利益的影响,80,议论文,Y1_80_34,-0.535666668487235,-0.4233448044316868,0.22810416944994447,-0.20634252349798685,-0.5510355463343203,-0.207117241907922,-0.6188283471349568,-1.0716712285760037,-0.4904726079462655,-0.39545876479635395
Y1,吸烟对个人健康和公众利益的影响,200405522522110004,缅甸,吸烟对个人健康和公众利益的影响,80,议论文,Y1_80_35,0.27498212909520336,0.757630047520427,-1.056571646447937,-0.6550324193668692,-0.9717465278835996,-0.45548566605140073,1.5247982559278235,1.7031498127412408,0.5752228525714254,0.36527690846034494
Y1,吸烟对个人健康和公众利益的影响,200405109523101431,韩国,吸烟对个人健康和公众利益的影响,80,议论文,Y1_80_36,-0.49632401742458065,-0.4979140034984749,-1.1893502430798024,-0.8972381986691095,-1.3639391322127916,-1.7856254874904558,-0.652247770476552,-0.28205619636438894,0.6291809583157054,0.5327388465596811
Y1,吸烟对个人健康和公众利益的影响,200405109548100348,塔吉克斯坦,吸烟对个人健康和公众利益的影响,80,议论文,Y1_80_37,0.8383404591550996,0.7870353877692995,0.05592436001554113,0.023931675931189493,-1.1850738693237486,-0.6722683772069661,1.8200970273308668,2.0155770727873135,0.8424577188944182,1.1479696420272525
Y1,吸烟对个人健康和公众利益的影响,200405204801100330,澳大利亚,吸烟对个人健康和公众利益的影响,80,议论文,Y1_80_38,-0.012004220765336901,0.8367347424359897,-1.8349960767468276,-2.5999991568783964,-1.9687092369410377,-2.5521261451621613,1.3793517205325183,0.9185697796528624,1.042234020999075,1.152443379891308
Y1,吸烟对个人健康和公众利益的影响,200405109529200697,泰国,吸烟对个人健康和公众利益的影响,80,议论文,Y1_80_39,0.45399180930534516,0.018672730146934168,-1.2788105955375075,-0.49312973618750633,-0.1678848157257334,0.0228876112775481,0.762529339587124,1.0440091242557668,1.2401298399886538,1.6186267692914065
Y1,吸烟对个人健康和公众利益的影响,200405109523100597,韩国,吸烟对个人健康和公众利益的影响,80,议论文,Y1_80_40,-0.2700063363865348,-0.23889170265897303,-0.3439463247895734,-0.03394265814690257,-1.3610531609327878,-1.3987342376901504,-0.8556295052274371,-1.1855171716484587,-0.024213469711117663,-0.45127793159208457
Y1,吸烟对个人健康和公众利益的影响,200405522522250013,缅甸,吸烟对个人健康和公众利益的影响,80,议论文,Y1_80_41,0.017003673582896603,-0.23151708046132397,-0.6342160132816274,-0.3625356689963553,-1.6917356614763743,-0.9704259274631608,1.9363960222342926,1.7187475667321555,3.1464458313023393,2.0446060743149563
Y1,吸烟对个人健康和公众利益的影响,200405109525201876,日本,吸烟对个人健康和公众利益的影响,80,议论文,Y1_80_42,0.14117080538850846,-0.007912994088652318,-0.6104301283536027,-0.00019155379898123186,-0.6246701063102218,-0.7665497291240991,-0.41264279075983845,-0.6883270477280938,2.3680490918879316,2.1923597625522
Y1,吸烟对个人健康和公众利益的影响,200405610610150010,法国,吸烟对个人健康和公众利益的影响,80,议论文,Y1_80_43,0.7892830514845829,0.8214139426358339,-0.7134066894918417,0.1950463550856589,-1.243782652548965,-1.0399051689905268,-0.21379433319342486,0.6434279811715997,2.463845975299634,1.705270860316283
Y1,吸烟对个人健康和公众利益的影响,200405109523101891,韩国,吸烟对个人健康和公众利益的影响,80,议论文,Y1_80_44,-1.1100653004539944,-1.486533310103473,-0.7704914770919719,-0.25651241652267137,-1.7148030679547444,-2.1167970038202237,-1.3844727733442042,-0.9827326639040879,0.3296679521411142,0.7732451755092585
Y1,吸烟对个人健康和公众利益的影响,200405109919200958,加拿大,吸烟对个人健康和公众利益的影响,85,议论文,Y1_85_01,1.1577611556358456,0.9060188772567195,1.2127325116077485,0.7033533610572906,0.22129564396287144,-0.11047347588846057,0.02841932836533928,-0.28629596942351965,0.13261095176719181,-0.33631647275757154
Y1,吸烟对个人健康和公众利益的影响,200405109613200759,芬兰,吸烟对个人健康和公众利益的影响,85,议论文,Y1_85_02,0.31028157963915365,0.19167608893077948,-0.9046969603543997,-1.0709646095786973,-0.5998259557117793,-0.45191530313982176,-1.7623114472241137,-0.6758540998494617,1.8915734036550922,2.071632533557423
Y1,吸烟对个人健康和公众利益的影响,200405522522250010,缅甸,吸烟对个人健康和公众利益的影响,85,议论文,Y1_85_03,-0.7466526794210436,-0.7641161520434351,-0.638228832876353,-0.1930739052264518,-0.3233881694359749,-0.08113277285000176,-0.8352307907428308,-0.598296572924605,0.020180398977580897,0.6379472046495863
Y1,吸烟对个人健康和公众利益的影响,200405109542100869,越南,吸烟对个人健康和公众利益的影响,85,议论文,Y1_85_04,-1.4361025739689872,-1.9859228538000495,-0.3019683066413568,0.7222345880445566,-0.44301152373019304,0.3130164883024477,-1.350371373864279,-0.37354063003038307,-0.17895528584840711,-0.30378242834073854
Y1,吸烟对个人健康和公众利益的影响,200405522522250008,缅甸,吸烟对个人健康和公众利益的影响,85,议论文,Y1_85_05,-0.5257795686738901,-0.02862098284377861,-0.5800952870225413,-0.015715106529515774,-1.1527522932579481,-1.9226578547045696,0.45161795574788494,0.2981288476071847,0.3049935460116567,0.3365134729503147
Y1,吸烟对个人健康和公众利益的影响,200405205642200068,拉脱维亚,吸烟对个人健康和公众利益的影响,85,议论文,Y1_85_06,-0.2707307967318857,-0.23073705871195127,0.6117315074434517,0.7786893512837076,-1.4734582793645064,-1.733526590234758,-0.5761475431611797,-0.8745323951251236,2.837941837795589,2.8134393327318095
Y1,吸烟对个人健康和公众利益的影响,200405522522250034,缅甸,吸烟对个人健康和公众利益的影响,85,议论文,Y1_85_07,-0.8831383887332821,-0.8671067948264148,-0.6194996926846165,-0.5178315808194273,-0.6940557283097637,-0.7326085349029855,-0.017793358504204035,-0.940156854824934,1.237698038249362,1.4724770260964033
Y1,吸烟对个人健康和公众利益的影响,200405209627200018,瑞士,吸烟对个人健康和公众利益的影响,85,议论文,Y1_85_08,0.0025875770752608355,0.16836681612134885,-1.2250128237676643,-1.1587809793313177,-0.9470575614750495,-0.4525923001869099,-0.6367935566081714,-0.8280894666920222,-0.852419739345868,-0.6069760966766741
Y1,吸烟对个人健康和公众利益的影响,200405109922201532,美国,吸烟对个人健康和公众利益的影响,85,议论文,Y1_85_09,0.1103011879283675,-0.21200424941976242,-0.13637255902093398,0.4930070553939155,-1.1107896835401991,-0.7895268810762128,-0.9529610024327154,-0.5543559180478375,0.8497060444516358,0.5038369364897151
Y1,吸烟对个人健康和公众利益的影响,200405522522150016,缅甸,吸烟对个人健康和公众利益的影响,85,议论文,Y1_85_10,0.07062354983813111,0.12275502794225476,-1.4054850983115519,-1.3743357150156805,-1.3871231525351888,-1.3243966047434343,1.2127014109415184,1.2336216126075534,0.7697188162565631,0.726243956732611
Y1,吸烟对个人健康和公众利益的影响,200405680519250043,马来西亚,吸烟对个人健康和公众利益的影响,85,议论文,Y1_85_11,1.0934428806085212,0.7854349033347244,-1.7116803826984586,-1.025196319898342,-1.7936060343240863,-2.105807185389226,0.6782930706737178,0.6424886963443432,1.62617171478093,1.539885891403747
Y1,吸烟对个人健康和公众利益的影响,200405109540100892,印度尼西亚,吸烟对个人健康和公众利益的影响,85,议论文,Y1_85_12,0.41785042190552746,0.3209690488857983,-0.7011378205667289,-0.7704732446895246,-1.4412277249941732,-0.9358963002474838,-0.8795701845239319,-0.6657797136707923,1.2053809878614512,0.4402760930183184
Y1,吸烟对个人健康和公众利益的影响,200405522522250018,缅甸,吸烟对个人健康和公众利益的影响,85,议论文,Y1_85_13,-0.4370186653917693,-0.3601469176413217,-0.5567379713592654,-0.2001972208170118,-1.0977333770421482,-1.0267730476314763,0.5602859152047579,0.6129164067684156,-0.07615959323160756,-0.04194928212780261
Y1,吸烟对个人健康和公众利益的影响,200405109608101881,波兰,吸烟对个人健康和公众利益的影响,85,议论文,Y1_85_14,-0.6308954953062508,-0.737566790886842,-1.1982337007867956,-1.3315946362055695,-1.1436842319257445,-1.3860331679246831,-0.36938512331539985,-0.26718404876545115,1.2653683385427,2.0438285870651076
Y1,吸烟对个人健康和公众利益的影响,200405109523100521,韩国,吸烟对个人健康和公众利益的影响,85,议论文,Y1_85_15,-0.28209372468041793,-0.6043232121651138,-1.138097587590371,-0.6317224521551092,-1.319065122226272,-1.224272231655208,-0.4302211684672182,-0.6598800953685501,-0.517202459299711,-0.8529297291694184
Y1,吸烟对个人健康和公众利益的影响,200405109533101374,新加坡,吸烟对个人健康和公众利益的影响,85,议论文,Y1_85_16,-0.44686901960485836,-0.30210111614490415,-1.9119063222430974,-1.953016230138855,-1.119588539174201,-1.2645856846120958,-1.169204570679808,-0.9079149227911298,-1.450184097854714,-1.3483485121249896
Y1,吸烟对个人健康和公众利益的影响,200405109513101463,柬埔寨,吸烟对个人健康和公众利益的影响,85,议论文,Y1_85_17,0.3991410564731505,0.43680535480014965,-1.39318376344594,-1.2621824370455728,-0.9832170271402361,-0.9491312650075886,2.24551449682492,2.825966351898257,-0.5153942435862829,-0.16100499704982785
Y1,吸烟对个人健康和公众利益的影响,200405205525200055,日本,吸烟对个人健康和公众利益的影响,85,议论文,Y1_85_18,-0.26245301279552224,-0.34981338116034977,-0.25631956957784535,0.03742835310049471,-1.2498570141429357,-1.397271398389373,0.2193342829821495,-0.09626466208614609,0.6892422877365397,-0.27153747743625023
Y1,吸烟对个人健康和公众利益的影响,200405522522150033,缅甸,吸烟对个人健康和公众利益的影响,90,议论文,Y1_90_01,0.6460019873924946,0.7791025315434477,-0.898143654544918,-0.4607330303217278,-1.7623128379810018,-1.8271310162357293,-0.8808666197614388,-0.73351304562114,0.22050227980596498,0.8197677886212347
Y1,吸烟对个人健康和公众利益的影响,200405207549100011,土库曼,吸烟对个人健康和公众利益的影响,90,议论文,Y1_90_02,-0.06489650342325562,-0.13373706692641052,-0.19421150064768153,-0.5664208308496617,-0.3281750939687608,0.05528141563796921,1.2614059744434143,1.1878792497524069,1.3676062262785071,1.7912475454932817
Y1,吸烟对个人健康和公众利益的影响,200405109616101587,德国,吸烟对个人健康和公众利益的影响,90,议论文,Y1_90_03,1.7477650538499578,1.8946586231581561,-1.592209378795911,-0.4040790919802411,-1.072924766390147,-0.33026940813098404,4.321123505922709,4.053004638753603,0.8334241227464473,0.508716558105378
Y1,吸烟对个人健康和公众利益的影响,200405209715100119,几内亚比绍,吸烟对个人健康和公众利益的影响,90,议论文,Y1_90_04,0.37939929601601574,0.5915309638445813,-2.1336117494798534,-1.8070404130267512,-1.1977664950770348,-1.0900424212300488,1.7720497364880876,2.5870726017860792,1.0571652596162673,1.5105486607866636
Y1,吸烟对个人健康和公众利益的影响,200405109523101880,韩国,吸烟对个人健康和公众利益的影响,90,议论文,Y1_90_05,-1.6404446615363841,-1.4513533865788986,-1.6569287847493965,-1.4065113407927083,-1.3317269864031762,-1.2427316300688398,-0.3813928246433458,-0.3877663154844113,0.45349270383328255,0.32802090885890617
Y1,吸烟对个人健康和公众利益的影响,200405680519250035,马来西亚,吸烟对个人健康和公众利益的影响,90,议论文,Y1_90_06,0.3020227807920955,0.5188833324720011,-1.4898394597620057,-1.8025644456301517,-0.899671403596643,-0.8524270089294688,1.4539890693121411,1.2857561723201287,-0.4297319474941572,0.15513808434047796
Y1,吸烟对个人健康和公众利益的影响,200405204525200284,日本,吸烟对个人健康和公众利益的影响,90,议论文,Y1_90_07,-0.9658203831770705,-0.5578846572235129,-0.44027054003372923,-0.3554804794800306,-0.48475435839050385,-0.5785922556638186,-0.15803146622057782,-0.2984525000390906,1.4454856201968167,1.5881254127306572
Y1,吸烟对个人健康和公众利益的影响,200405610610250013,法国,吸烟对个人健康和公众利益的影响,90,议论文,Y1_90_08,-0.12066120813605022,-0.0954244980001814,0.014484935787141417,0.04934699113337581,-0.39849104116513295,-0.07797579695431871,-0.23597598274402004,-0.1628967604281613,0.7350480545574594,0.5190271319972833
Y1,吸烟对个人健康和公众利益的影响,200405261635200095,俄罗斯,吸烟对个人健康和公众利益的影响,90,议论文,Y1_90_09,0.7369018407189519,1.0251731980234164,-1.275912648269777,-1.510783849109075,-1.0499271363716005,-0.704007868690378,0.29056932211589664,-0.16054488382998952,0.6536581238587965,0.6292820983273579
Y1,吸烟对个人健康和公众利益的影响,200405212540200108,印度尼西亚,吸烟对个人健康和公众利益的影响,90,议论文,Y1_90_10,-0.6684703206357436,-0.5362204527635991,-0.7616856309530183,-0.35740574744479636,-1.3476946431178558,-0.8923258517566472,-1.1945500255059611,-0.9285996536872771,-0.2586497816012181,0.29210298812070934
Y1,吸烟对个人健康和公众利益的影响,200405206922200008,美国,吸烟对个人健康和公众利益的影响,90,议论文,Y1_90_11,0.3977116487393003,0.3661237175524344,-1.0364732856810448,-0.8498651656749504,-0.9808930126671338,-0.8568869054013414,-1.6045450854246475,-0.5441927090838137,0.8816048036198237,1.022616085531281
Y1,吸烟对个人健康和公众利益的影响,200405212634100024,英国,吸烟对个人健康和公众利益的影响,90,议论文,Y1_90_12,0.29889558606624655,0.39298402801563925,-1.1444856375625,-0.6224515315188147,-1.0040774197029934,-0.8807997136896951,1.7496632811983,2.496032666859875,0.6228512746805288,0.7672397867178803
Y1,吸烟对个人健康和公众利益的影响,200509105922200008,美国,吸烟对个人健康和公众利益的影响,95,议论文,Y1_95_01,0.3530753966797926,1.0967430666245912,-3.2377477286148277,-3.7118347976388018,-1.751275065861065,-2.1876038859306934,1.0920711571680917,0.8447699902823405,0.4552809275653765,1.066695276035448
Y1,吸烟对个人健康和公众利益的影响,200405522522250004,缅甸,吸烟对个人健康和公众利益的影响,95,议论文,Y1_95_02,1.1428106747713713,0.9304175628980419,-1.3301658986476417,-0.5995157467833075,-1.1485068045589393,-0.8898387642695111,1.1920168622690437,1.5609976848088507,-0.24076060017582024,-0.0268988824350999
Y1,吸烟对个人健康和公众利益的影响,200405209715100120,几内亚比绍,吸烟对个人健康和公众利益的影响,95,议论文,Y1_95_03,1.8759659584595094,1.8314439033596244,-2.1994876591709644,-1.5122754854086344,-0.7014243011764165,-0.624159848406953,0.8604272657115959,1.0511482347189058,-0.8232088069750428,-0.3988546389524469
Y1,吸烟对个人健康和公众利益的影响,200405209616200089,德国,吸烟对个人健康和公众利益的影响,95,议论文,Y1_95_04,0.2571200790780406,0.33035469165215986,-1.1862307279238453,-0.7100569649514584,-1.2857194698907173,-0.8728413422121781,-0.2729424722005002,-0.06346682682336226,0.6677344139840431,0.5947986712320511
Y2,父母是孩子的第一任老师,200505109513101449,柬埔寨,父母是孩子的第一任老师,55,议论文,Y2_55_01,0.2969603782062077,0.4152263435919153,-0.7944306284676974,-1.3746637577510512,-0.6069572745289832,-0.3954076001611056,0.446342723432539,0.0018294225287992538,0.07969930997803486,0.28584347685451794
Y2,父母是孩子的第一任老师,200505261635200064,俄罗斯,父母是孩子的第一任老师,60,议论文,Y2_60_01,-0.06625519520603657,-0.05078538311195615,-1.618277156365811,-1.8405714950720111,-0.4238546366964158,0.10986362494204707,-0.9322937340417973,-1.1776866991111445,-0.22815427856556006,-0.5947548748701662
Y2,父母是孩子的第一任老师,200509602801250007,澳大利亚,父母是孩子的第一任老师,60,议论文,Y2_60_02,-1.6289210702572563,-0.8221860729152867,-1.1841838968479161,-1.1013779104194443,-0.5816784865770247,-0.3240209865283968,1.2599540350153438,1.677545299617512,-0.8785794263675961,0.46567043514247547
Y2,父母是孩子的第一任老师,200505109542200527,越南,父母是孩子的第一任老师,60,议论文,Y2_60_03,-0.092891010485514,-0.23345706179322054,-0.11134187662641255,-0.07985551315804437,-0.30072269247375605,0.4214710672764933,-0.3547583980563612,-0.764724718588535,-0.8380900826322139,-0.7606988963582864
Y2,父母是孩子的第一任老师,200505109540100729,印度尼西亚,父母是孩子的第一任老师,60,议论文,Y2_60_04,-1.0130776250024878,-0.980538347144891,-0.05626722303929621,-0.3290098384787405,-0.607659279655283,-0.16795976189148762,-0.26764469239072597,-0.6711291930366099,0.11376809633341982,0.037514700247760165
Y2,父母是孩子的第一任老师,200505225919200040,加拿大,父母是孩子的第一任老师,65,议论文,Y2_65_01,-0.6571589181369966,-0.5080021636284663,-0.4661605462023842,-0.12580577314762983,-0.5475127711080718,-0.08092399869514608,0.5200138371145739,0.49896287706978376,0.5431766444035696,0.3788515106807646
Y2,父母是孩子的第一任老师,200505217519100138,马来西亚,父母是孩子的第一任老师,65,议论文,Y2_65_02,1.8099082665435837,2.1146819869234053,-1.1184903578437735,-1.4554952782178854,-0.3015308910812726,-0.14983221992753015,-0.867169978220882,-0.5329802085786857,-0.10659410914242576,0.5172355855891211
Y2,父母是孩子的第一任老师,200505109540201119,印度尼西亚,父母是孩子的第一任老师,65,议论文,Y2_65_03,-0.7444974300287228,-0.4411204710345966,0.012260391993835893,0.13472663742817453,0.15028912316710125,0.5102037260640663,-1.4275974752803229,-0.8174287656710847,0.0633471752710832,-0.06675461018261501
Y2,父母是孩子的第一任老师,200505205533100279,新加坡,父母是孩子的第一任老师,65,议论文,Y2_65_04,-0.4560840995581237,-0.27357060689380164,-0.471269841248726,-0.5514597730391357,-0.6318151429646053,-0.07672016770572365,0.32795707335870505,-0.15515678551154766,-0.5203187748002401,-0.605929105896033
Y2,父母是孩子的第一任老师,200505109525100991,日本,父母是孩子的第一任老师,65,议论文,Y2_65_05,0.574806093083914,0.05980064215382539,-0.9543506038424674,-0.7595450816168047,-0.6352801377013628,-0.054750627564781065,-0.5469960051466235,-0.6265665195239155,-1.0304821490186915,-0.5112833833549898
Y2,父母是孩子的第一任老师,200505205616200069,德国,父母是孩子的第一任老师,65,议论文,Y2_65_06,0.07573237539755028,0.27085961394211894,-0.2627864324263125,-0.3333520725092144,0.09602633882569801,-0.046805149580504725,-0.18591049521620046,-0.4427166078154752,-0.49608663048432816,-0.09382153686386109
Y2,父母是孩子的第一任老师,200505109922202601,美国,父母是孩子的第一任老师,65,议论文,Y2_65_07,-0.777196316195945,-0.6464552847315083,-1.0015719515043615,-1.6243909700014434,-0.4230361547307987,-0.0447995720222546,-1.54273028836898,-0.8101230920390369,0.33548624222650464,-0.14121292745483363
Y2,父母是孩子的第一任老师,200509801634250007,英国,父母是孩子的第一任老师,65,议论文,Y2_65_08,-0.365611877790269,-0.3747202439188621,-1.5951041595837976,-1.1474379588180506,-0.8461922010324466,-0.6082056106392111,0.15522067059722114,0.15412910727841794,1.223172253302002,0.5816402757558178
Y2,父母是孩子的第一任老师,200505212542200016,越南,父母是孩子的第一任老师,65,议论文,Y2_65_09,-0.3903492771850334,-0.5338575513974958,0.2666972629794126,0.08469406157799242,0.3548606922968391,0.7977523638684426,0.28784286318150476,0.24443170688884747,0.48087624269677204,0.7598530261674109
Y2,父母是孩子的第一任老师,200505302635200282,俄罗斯,父母是孩子的第一任老师,65,议论文,Y2_65_10,-0.7791262345772494,-0.3707831357646899,-0.6228995713371899,-1.3436546543565802,1.086850590869467,0.9792766027258715,-0.8112895828098157,-0.8367137702364325,-1.7754458524916354,-1.4252891940925907
Y2,父母是孩子的第一任老师,200505109801101134,澳大利亚,父母是孩子的第一任老师,65,议论文,Y2_65_11,-0.9035759428115443,-0.5473322338249049,0.43722052042715137,0.12440405509889549,-0.052397422508929155,-0.17782692594696287,-0.6644456886483534,-0.39325284524264975,0.24316801619647632,0.16576731699507108
Y2,父母是孩子的第一任老师,200505209616200042,德国,父母是孩子的第一任老师,65,议论文,Y2_65_12,-0.5670831241496423,-0.7399494026580581,-0.15247812423474397,-0.2890318747373612,-0.11398655583324212,0.43484809797768614,-0.09800820778184526,-0.29357770152322216,0.8602411858561477,0.804410164253187
Y2,父母是孩子的第一任老师,200505109610201295,法国,父母是孩子的第一任老师,65,议论文,Y2_65_13,-1.8460849521192242,-1.8364841010991473,0.17810000656508698,-0.1796735065230542,-0.1390108719368736,-0.03227446267420153,-0.07956773584394723,-0.4787856458622869,0.6465270617751206,0.41712674712235787
Y2,父母是孩子的第一任老师,200505109529100224,泰国,父母是孩子的第一任老师,65,议论文,Y2_65_14,-2.3050540108515367,-2.2742654209578164,0.15135550279183846,0.2952318055684611,0.3953356969861191,0.4584363968879889,-0.2770367577433608,-0.8649929596372632,0.02807478751372348,-0.529211966888721
Y2,父母是孩子的第一任老师,200505109634201470,英国,父母是孩子的第一任老师,65,议论文,Y2_65_15,1.2358510632511375,1.1438861376434937,-0.07286594030900666,0.495464785696474,-0.6492052637625694,-0.21007520199504312,2.6065687773913977,2.415336488160455,0.3766385006069826,0.25452663531029107
Y2,父母是孩子的第一任老师,200505204610200383,法国,父母是孩子的第一任老师,65,议论文,Y2_65_16,-1.690139524765355,-1.71111280383822,-1.3372374076652211,-1.8883426236438219,-0.9806257834803425,-0.4108583527677541,0.4642021420103289,0.1421083462384257,-1.4072728149277673,-2.1470010640207455
Y2,父母是孩子的第一任老师,200505024542200386,越南,父母是孩子的第一任老师,65,议论文,Y2_65_17,-0.8231426099666506,0.04120516218496408,0.09823345318775586,-0.5184667977863712,-0.14285753186404657,-0.2561380514166418,0.835832273235965,0.5946169269606201,-0.7933104553740261,-0.4964117882638552
Y2,父母是孩子的第一任老师,200505109922101361,美国,父母是孩子的第一任老师,65,议论文,Y2_65_18,-0.1662537231173999,0.014558475902939934,-0.3388553370748171,-0.6527046875344709,-0.3382642239013268,-0.0610934211537859,0.07317880348198422,-0.6186811779090395,0.10131366706239407,-0.6351614278642168
Y2,父母是孩子的第一任老师,200505109525100849,日本,父母是孩子的第一任老师,65,议论文,Y2_65_19,-1.2978603481187456,-1.4460677852254842,-0.8913218297994608,-0.911865872664934,-0.1735781504821988,0.5730635277115179,-1.1097190465123863,-0.6698525393090591,-0.4729107208089078,-0.7744938127842573
Y2,父母是孩子的第一任老师,200509801634250009,英国,父母是孩子的第一任老师,65,议论文,Y2_65_20,-1.2918391311979085,-1.3052611707726214,-0.4555679822194476,-0.27069771006195187,-0.15416380810616503,0.2606641333973568,1.322499916906283,1.084282421316546,-0.2356525553022611,-0.42901422211431733
Y2,父母是孩子的第一任老师,200505332540200024,印度尼西亚,父母是孩子的第一任老师,65,议论文,Y2_65_21,-0.2835671580683091,-0.3363536452376136,-0.7306846602563775,-0.871580668148477,0.05605486293112212,0.35893212041432965,-0.6082429740649135,-0.7499903291523602,-0.9527003132585954,-0.2689727846043831
Y2,父母是孩子的第一任老师,200509602801250001,澳大利亚,父母是孩子的第一任老师,65,议论文,Y2_65_22,-2.2942401568014947,-1.8703236087178847,0.7387686955487784,1.570445093140209,0.4513169049253389,0.2612267273340123,-0.42105176099135466,-0.7281117045088353,0.44088619293879105,0.2828248935025959
Y2,父母是孩子的第一任老师,200505275545100095,乌兹别克斯坦,父母是孩子的第一任老师,65,议论文,Y2_65_23,-1.9279426263720885,-1.6173543523017808,-0.24053886300231062,-0.00047819691084353906,-0.1786191357994201,0.2167447004967996,-0.7845159988056507,-0.5213434947371195,-0.3086949992592573,-0.7746397424231829
Y2,父母是孩子的第一任老师,200505204523200576,韩国,父母是孩子的第一任老师,65,议论文,Y2_65_24,-0.6942282337203156,-0.6905689899064712,-1.1090523915476815,-1.3532591930386442,0.22440235544126264,0.46517503722145304,-0.3521655049061456,0.13832980704130646,-1.229972260664965,-0.7027441512654095
Y2,父母是孩子的第一任老师,200505275529100108,泰国,父母是孩子的第一任老师,70,议论文,Y2_70_01,-1.8146956111225419,-1.4531761945109607,-0.5296238796933809,-1.0435626384747665,-0.4035736904193934,-0.2589361998976507,0.7992491710121882,-0.15514612069885197,0.10515586294348536,-0.15293418469898937
Y2,父母是孩子的第一任老师,200505109525202420,日本,父母是孩子的第一任老师,70,议论文,Y2_70_02,-0.6777551071345059,-1.014588371318036,-0.9778330981627651,-0.13259832079229447,0.5181028596253061,0.9794758126328477,-1.1863292434097945,-0.8094350514441864,-1.2721763569363682,-1.0033114202454216
Y2,父母是孩子的第一任老师,200505109525202470,日本,父母是孩子的第一任老师,70,议论文,Y2_70_03,-2.788123266190515,-2.385556721665688,-0.005790667695010538,-0.4336140791556026,-0.5772531501419333,0.13495296575282795,-1.2065178152441776,-1.2307360871968196,-0.8245780054942139,-1.2547760861163766
Y2,父母是孩子的第一任老师,200505209542100031,越南,父母是孩子的第一任老师,70,议论文,Y2_70_04,-0.8218470719018501,-0.762653834011902,0.49570242222065,0.2515375733023396,-0.770874276294307,-0.010319254451159608,0.035578175440620884,-0.4285091415283059,-0.025496795225180575,0.584263088574598
Y2,父母是孩子的第一任老师,200505109525100082,日本,父母是孩子的第一任老师,70,议论文,Y2_70_05,-1.1533187918400085,-1.2772543989118028,-1.1073375028134822,-1.8523040564096231,-0.41850069839447057,0.14439921566626968,0.17087857985006788,-0.11040561711663109,-0.42813900508878094,-0.6386926970856606
Y2,父母是孩子的第一任老师,200505212542200011,越南,父母是孩子的第一任老师,70,议论文,Y2_70_06,-0.42439623159670664,-0.3753905863841976,-0.6819428820103416,-0.7449974053207735,-0.5108738678916235,-0.22939336781504105,0.21363836200239633,-0.14631836087132596,-0.02307515077723835,-0.3984753217205429
Y2,父母是孩子的第一任老师,200505109525100205,日本,父母是孩子的第一任老师,70,议论文,Y2_70_07,-0.35322567366113056,-0.4969947862305039,-0.15615972753583593,-0.5026719615755832,0.21015432064287565,0.19235101057395018,-0.5432735305801335,-0.7488430938250665,-0.19734841875357176,-0.48273794615976884
Y2,父母是孩子的第一任老师,200505205542100157,越南,父母是孩子的第一任老师,70,议论文,Y2_70_08,0.661459305215496,0.20344865476306956,-1.342878098045543,-0.9889414966084085,-0.5701285380900655,0.22979825731976636,-0.19166848179260948,0.4130949548075607,0.5849817969121227,0.35196072733252587
Y2,父母是孩子的第一任老师,200505204525200171,日本,父母是孩子的第一任老师,70,议论文,Y2_70_09,-0.6303395757951166,-0.21495645681243825,-1.5330763135145928,-2.148553215675632,-0.3660073201877063,0.05772136582096459,0.48828269244390965,-0.4131297397002794,-0.6935545506885427,-0.6179684531578495
Y2,父母是孩子的第一任老师,200505109525200549,日本,父母是孩子的第一任老师,70,议论文,Y2_70_10,-1.7651771694845981,-1.8220067403185025,-0.08242038725226149,-0.19762324824109853,-0.8253205791861988,-0.45639229941835685,-0.30402444859046907,-1.1167419979656195,-0.818627231759501,-0.9220438998711419
Y2,父母是孩子的第一任老师,200505109525200640,日本,父母是孩子的第一任老师,70,议论文,Y2_70_11,-0.7494760419108988,-0.8597231691217099,0.5747238222949013,0.5749784042889614,0.9293208111390391,0.5267412124001452,-1.3758539417916964,-0.7784646470010268,-0.3915998910143584,-0.5129109732025656
Y2,父母是孩子的第一任老师,200505024542200397,越南,父母是孩子的第一任老师,70,议论文,Y2_70_12,-0.38717636278585815,-0.23104855087844856,0.022471119003941515,-0.24929514933166963,-0.030726150778866267,0.32923702662900506,-0.8698234100113926,-0.5679439883309645,-0.15609016461873942,0.03973040531726908
Y2,父母是孩子的第一任老师,200505109525202474,日本,父母是孩子的第一任老师,70,议论文,Y2_70_13,-1.8211466978280326,-1.957790048666956,-0.22710805625996802,-0.2535429800011009,-0.4434624552968463,0.22367455676397896,-0.5135652293061505,-0.3516021057980642,-1.0082277269810056,-1.3116254698928973
Y2,父母是孩子的第一任老师,200505109610201293,法国,父母是孩子的第一任老师,70,议论文,Y2_70_14,-0.4917409663898961,0.07149305580560086,-0.921297104889808,-1.27592183087847,-0.5445428607652312,-0.21405186461727124,-0.2526585373348531,-0.29543370564871585,0.22544947211287655,-0.042646534499915685
Y2,父母是孩子的第一任老师,200505109529201097,泰国,父母是孩子的第一任老师,70,议论文,Y2_70_15,-0.17258834367854475,0.2378764149392485,0.48013099583993224,-0.08015825632560057,0.7764999794533227,0.8871960345952373,-1.6974353951060006,-0.7838338108482609,1.0557928197469675,1.0193998496147747
Y2,父母是孩子的第一任老师,200505302605100085,保加利亚,父母是孩子的第一任老师,70,议论文,Y2_70_16,-1.4038539168499304,-1.4194377235244842,-1.0554803261483299,-1.0694100850985213,-0.47398865600671436,0.07652995440988845,0.6625242794880511,0.4467416288448794,-0.12850178959329508,-0.23198809976256124
Y2,父母是孩子的第一任老师,200505201542200419,越南,父母是孩子的第一任老师,70,议论文,Y2_70_17,-1.0182126279225145,-0.9435896428110645,0.23732356785067923,-0.41016486493112203,0.02276695758471212,0.19873640683342214,0.1138939405792152,-0.08009421943842382,-0.18431635565146814,0.4267698178637991
Y2,父母是孩子的第一任老师,200509602801250012,澳大利亚,父母是孩子的第一任老师,70,议论文,Y2_70_18,-0.43909313433487934,-0.19522120202122867,-0.6706315764445768,-0.4167068201769265,0.1233282825598235,0.4092013552777058,0.0814707687605653,-0.13050443034334253,-0.5424150857721697,0.10255699037339039
Y2,父母是孩子的第一任老师,200505204525200193,日本,父母是孩子的第一任老师,70,议论文,Y2_70_19,-0.9082988528823132,-1.1822752203085867,0.3129942478174144,0.28303699425784423,0.3002143206871721,0.4603800559436865,-1.5441317772880694,-0.8195582482287755,0.20821747103275315,0.8105378455013823
Y2,父母是孩子的第一任老师,200505204525200327,日本,父母是孩子的第一任老师,70,议论文,Y2_70_20,-1.2643243227892154,-1.2226557562872677,0.8860659581472525,1.2784779131081123,1.2353798283380941,1.053645858922637,-1.5754820229244384,-0.6585087352977866,-0.32746093755329,0.35419272662952817
Y2,父母是孩子的第一任老师,200505109919100481,加拿大,父母是孩子的第一任老师,70,议论文,Y2_70_21,0.38196608598520765,-0.09581426843499051,-0.6915218756783286,-1.8131597127496517,-0.6425248980057939,-0.4041850581808286,2.72368929393644,1.0790957469991613,-0.46649113011679344,-0.8133270975257918
Y2,父母是孩子的第一任老师,200509602801250009,澳大利亚,父母是孩子的第一任老师,70,议论文,Y2_70_22,-0.8555430562015158,-0.8763497373164599,-0.02802936838959815,0.4949747086164527,-0.5398622820741763,-0.32503332533318247,2.035164087596146,2.3470894812075844,1.515129932812739,1.404529719853504
Y2,父母是孩子的第一任老师,200510956922230007,美国,父母是孩子的第一任老师,70,议论文,Y2_70_23,-0.23781625540103699,-0.4955076492525548,0.4217043061781005,0.2079157384730726,-0.6972104634585843,-0.4133041071333564,-0.4206912340476163,-0.8216998867594509,0.8567810967112716,0.05507389903475942
Y2,父母是孩子的第一任老师,200505109525200624,日本,父母是孩子的第一任老师,70,议论文,Y2_70_24,-1.2529702260505078,-1.0753807400197202,-0.1506480363385071,-0.9947442212388381,-0.2042943805093171,0.48141147398826867,1.9339905969044433,1.0113896814195007,0.7914833903100478,0.6233368625151617
Y2,父母是孩子的第一任老师,200505109525101365,日本,父母是孩子的第一任老师,70,议论文,Y2_70_25,1.1457819193424075,1.1897733547493885,0.0009119770446142501,-0.7572067369002248,-0.1542120596039046,-0.3258423249537055,-0.3777096100014691,-0.6414802438394747,-0.13646463557441066,-0.20168128113136657
Y2,父母是孩子的第一任老师,200505204540200574,印度尼西亚,父母是孩子的第一任老师,70,议论文,Y2_70_26,-1.0584929803645031,-1.078005017444025,-0.3965431256146554,-0.5788223909663395,0.1368907246052261,0.3082233155338652,0.2891629631696969,-0.4329982218620267,2.170045477857348,1.5634483609073526
Y2,父母是孩子的第一任老师,200509801801250001,澳大利亚,父母是孩子的第一任老师,70,议论文,Y2_70_27,1.2377072711284127,1.2737009899987541,-1.393399734078738,-1.7282892722642955,-0.7186137154784555,-0.5570098588744657,0.750317408399886,0.6218164015392347,-1.826930504250385,-0.7826941809578055
Y2,父母是孩子的第一任老师,200505109525201357,日本,父母是孩子的第一任老师,70,议论文,Y2_70_28,-0.8727275518821392,-0.775805829024841,-1.1437536542167337,-1.6366303637628081,-0.6772719132612831,0.0713829614812249,-1.3994053421164778,-0.69347115769968,-0.564864225283701,-0.542128630344076
Y2,父母是孩子的第一任老师,200505109525202353,日本,父母是孩子的第一任老师,70,议论文,Y2_70_29,-1.8004623249370793,-1.9365359117059946,-0.10138348247449908,-0.4668675845672714,0.31668898717954164,0.6452437812836719,-1.578091304882754,-0.893369703874559,-1.6936364881024075,-1.2957232805719816
Y2,父母是孩子的第一任老师,200509602801250006,澳大利亚,父母是孩子的第一任老师,70,议论文,Y2_70_30,-1.6279725513711443,-1.3734674210071978,-1.0974268696277123,-1.1129801857532866,-1.045817210453793,-0.28045196223652885,1.4013315439013871,1.6194204816737372,0.6349928156978095,0.3201105556783379
Y2,父母是孩子的第一任老师,200505204533200157,新加坡,父母是孩子的第一任老师,70,议论文,Y2_70_31,-0.5930573491217012,-0.894970134033889,-0.7271114423037922,0.03633466864763119,-0.1987187891555131,0.4871784618351871,-1.066335681816479,-0.6532708261831713,0.4286970230381961,-0.01872095313933322
Y2,父母是孩子的第一任老师,200505109525200387,日本,父母是孩子的第一任老师,70,议论文,Y2_70_32,0.9196831245795263,0.9247237093764348,0.01433036511414089,-0.989562451912754,-0.36452021864847317,-0.0544964775549656,-0.07248860895492039,-0.5152723660381793,-0.47340859195623897,-0.34291813313861524
Y2,父母是孩子的第一任老师,200505217525200196,日本,父母是孩子的第一任老师,70,议论文,Y2_70_33,-0.09874003561491931,-0.1329790253253501,0.34438968652251006,0.7457543655350822,0.09875290114258929,0.04915488298895452,-1.5687187903385553,-0.5699654995822361,-0.010593831359818848,-0.20418740445601632
Y2,父母是孩子的第一任老师,200505225616200009,德国,父母是孩子的第一任老师,70,议论文,Y2_70_34,-1.7715764996397934,-1.9732601474926517,0.3689996695612222,1.1522872797408277,0.5873390034264241,1.0768718519774982,-0.6408999388539058,-0.5349260914876367,0.46707812785749675,0.4123429892465394
Y2,父母是孩子的第一任老师,200505212529200021,泰国,父母是孩子的第一任老师,70,议论文,Y2_70_35,0.04117941330099836,-0.22523440583782994,1.045293388331765,0.3568225707087906,0.5589338463052362,0.6048855481193283,-0.3415064834648208,-0.5824763600301092,0.9147554050904567,1.1001318403791345
Y2,父母是孩子的第一任老师,200505502636200076,乌克兰,父母是孩子的第一任老师,70,议论文,Y2_70_36,-0.4893430914725312,-0.18276939982109022,-0.6122002796713204,-1.3079191244269397,-0.6406327940887119,0.10305170014143315,-0.257881177347284,-0.6022079815962742,0.30827971697603873,0.4549418101152261
Y2,父母是孩子的第一任老师,200505201542200390,越南,父母是孩子的第一任老师,70,议论文,Y2_70_37,-0.5525091061931537,-0.5203828799647348,0.4816368348597013,1.2867800768523967,-0.6763356717327613,-0.0868254824879093,2.960828046159149,5.162548650925942,0.8500269088073056,1.4479445497620498
Y2,父母是孩子的第一任老师,200505502616100024,德国,父母是孩子的第一任老师,70,议论文,Y2_70_38,-0.8184176407549163,-1.1572602289730958,-1.175735504473636,-0.2556330719041151,0.08179724807197837,0.5661141267166265,-0.7542840847443698,-0.6123931301961235,-1.508010887467654,-1.5541596808099307
Y2,父母是孩子的第一任老师,200505212542200003,越南,父母是孩子的第一任老师,70,议论文,Y2_70_39,-1.0355620997753017,-1.0578125361584545,0.68221706652366,-0.2566146135672265,-0.2880959981005257,0.12383746442115913,0.5871590915968748,0.0426040682808055,0.7438291680325697,0.261981615094556
Y2,父母是孩子的第一任老师,200505204525100500,日本,父母是孩子的第一任老师,70,议论文,Y2_70_40,-0.6925761110606261,-0.5104496620527567,-0.46462728682111665,-0.7499809317350438,0.11029437156178408,0.5684736272391248,-0.3832893111744996,-0.5105501605086762,0.6051834529010781,-0.013087365023127287
Y2,父母是孩子的第一任老师,200505109525202087,日本,父母是孩子的第一任老师,70,议论文,Y2_70_41,-0.4529751890186369,-0.6109792355313594,1.028151476664081,1.549740811119007,0.7002354781065796,0.16521810837991188,-0.8310133237350467,-0.7281992747769729,-0.6534630152110213,-0.054233196102857276
Y2,父母是孩子的第一任老师,200505109525202284,日本,父母是孩子的第一任老师,70,议论文,Y2_70_42,-0.18532666635817913,0.0991249846566445,1.011724005721664,0.5433353798862947,0.4068264639274557,0.7525515615032612,-0.4818955404491195,-0.9106804534891555,0.6118436133556044,0.4571745862422622
Y2,父母是孩子的第一任老师,200505109525201338,日本,父母是孩子的第一任老师,70,议论文,Y2_70_43,-0.9404630375211364,-0.705942308743697,-0.32202686000795633,-1.2159524069857985,-0.7098214926027245,-0.4098073776918209,-0.34372237015605833,-0.8071483334789222,1.0604724214982553,1.3925660792908998
Y2,父母是孩子的第一任老师,200505109525200410,日本,父母是孩子的第一任老师,70,议论文,Y2_70_44,-0.2989118622441966,0.17112464263655358,1.2019723956396662,0.5334949184935496,1.1492640433171786,1.0626859509877002,-0.5334141747107751,-1.0318119105999637,-1.6577286753363507,-0.6325741723499642
Y2,父母是孩子的第一任老师,200509801801250002,澳大利亚,父母是孩子的第一任老师,70,议论文,Y2_70_45,-0.841268835365509,-0.4977143647014269,-1.7365212920177484,-2.2622223315426844,-0.7595249288913213,-0.4156398545116552,-0.38922868474428046,-0.2917729096996595,-0.6500623593752289,0.08873315767957927
Y2,父母是孩子的第一任老师,200505109610202015,法国,父母是孩子的第一任老师,70,议论文,Y2_70_46,0.5715317853984307,0.7501357350654417,-0.5812799507178731,-0.34350019579934316,1.5017094885386075,1.6536256180880953,1.2940245499832514,2.1476765934203037,0.9954423222576415,1.0468194234751989
Y2,父母是孩子的第一任老师,200505109525201541,日本,父母是孩子的第一任老师,70,议论文,Y2_70_47,-1.1687901443000592,-0.6595025135648092,-1.2838207720800165,-1.880303498738899,-1.020204746291061,-0.7822446328569846,0.35479114064369865,-0.2253348099766716,0.48482133220578505,0.21255371228855913
Y2,父母是孩子的第一任老师,200505109525201254,日本,父母是孩子的第一任老师,70,议论文,Y2_70_48,-0.19956286144411572,-0.14793943713953317,0.5557996614004526,-0.015564490020090844,0.5933846553366321,0.7612583733330891,-0.22352266591049463,-0.6443457203300945,-0.23937204385787647,-0.019705133378093927
Y2,父母是孩子的第一任老师,200505275519100022,马来西亚,父母是孩子的第一任老师,80,议论文,Y2_80_01,-0.43355932318617457,-0.4497190198758191,-1.035943216358948,-1.1743785738232257,-1.1449076433571985,-0.8281728324181672,0.12976141004397299,-0.08401712969269456,1.0435169276925986,1.0691763062442812
Y2,父母是孩子的第一任老师,200505109525100447,日本,父母是孩子的第一任老师,80,议论文,Y2_80_02,-1.8029372979562872,-1.8579380748578689,-0.026778449997197473,0.045452680828521975,0.38848505342477274,0.749588195097565,0.10281810553400114,-0.23930604057675964,-0.21158595122922255,-1.1331385384913153
Y2,父母是孩子的第一任老师,200505109525100516,日本,父母是孩子的第一任老师,80,议论文,Y2_80_03,-1.9499535496288123,-1.7349439685438306,-1.3694102818388514,-1.7166422809531783,-0.3917338823495286,0.1398842862056801,0.6191503308937637,0.3472119156711716,-1.5715707361616555,-2.1942074723825615
Y2,父母是孩子的第一任老师,200505109525200511,日本,父母是孩子的第一任老师,80,议论文,Y2_80_04,-1.1892262068809,-0.9785075956533255,-0.7416042095481074,-1.9146196159144717,-0.9133127166532006,-0.8513444464731418,-0.1234770540590673,-0.23066198403449323,0.01879455187760928,0.20541400318171757
Y2,父母是孩子的第一任老师,200505204525200384,日本,父母是孩子的第一任老师,80,议论文,Y2_80_05,-0.7603422386240172,-0.7034882926355785,-0.2199584985535163,-0.13814679312057065,-0.36749738125346565,-0.13974483291073464,-0.4995327328159419,-0.9883586156348202,-0.4268747089793913,-1.1847372771115445
Y2,父母是孩子的第一任老师,200505109919201445,加拿大,父母是孩子的第一任老师,80,议论文,Y2_80_06,-0.9848960396374189,-0.790848048364352,-0.2852617333713192,-0.9319581872564224,-1.2595489072744321,-0.4734411519392692,-0.7396010217772115,-0.839863179199301,0.504828494848751,-0.36060846805008234
Y2,父母是孩子的第一任老师,200505109525101153,日本,父母是孩子的第一任老师,80,议论文,Y2_80_07,-0.3949016878901268,-0.45692534505467264,-1.03619219901912,-0.7130999633366084,0.6079475830836824,0.633330086042761,0.2285988644370674,-0.0788632094363423,-0.41754442977312123,-0.31903741331404095
Y2,父母是孩子的第一任老师,200505109525200296,日本,父母是孩子的第一任老师,80,议论文,Y2_80_08,-1.925211113001456,-1.6328043847634344,-1.0751809035775424,-2.8619566161659438,-0.8665267312292924,-0.2606971324760541,-1.0739075710611021,-0.9536672306288098,0.1723996260953487,0.3558763922439403
Y2,父母是孩子的第一任老师,200505109525101652,日本,父母是孩子的第一任老师,80,议论文,Y2_80_09,-1.263454210161625,-1.4335672811236941,0.07080620247449322,0.08171368320942063,-0.48236523115639734,0.17901223564751392,0.42221110783119375,0.1398038625356492,0.7652106068278636,1.0065131445211741
Y2,父母是孩子的第一任老师,200505209542200101,越南,父母是孩子的第一任老师,80,议论文,Y2_80_10,-0.10971551387009633,-0.5398747533888517,-0.004915871128298721,0.7224660558805943,-0.25720090190836586,0.0795907879536924,-0.55101288960677,0.5202803293960968,0.14404660875553077,1.0055531570516685
Y2,父母是孩子的第一任老师,200505206635100137,俄罗斯,父母是孩子的第一任老师,80,议论文,Y2_80_11,-0.4775259418524754,-0.21850436804098228,-0.5761790455471568,-0.7505103224319246,-0.6005128800537755,-0.33316286177605303,-0.27902583980758694,-0.3585067152693474,-0.36011174527226225,-0.4449344961415922
Y2,父母是孩子的第一任老师,200505204525200328,日本,父母是孩子的第一任老师,80,议论文,Y2_80_12,-1.311721156255046,-0.9483338474125025,-0.5667552847587892,-0.7829282998340797,-0.27626551336430477,-0.08019374829561517,-0.8915697699182644,-0.5225278505184799,0.1113177266536711,0.02175427637256097
Y2,父母是孩子的第一任老师,200505206616200124,德国,父母是孩子的第一任老师,80,议论文,Y2_80_13,-2.48994031526162,-2.420028895463417,0.04113016818807416,-0.6256296701658173,-0.8746938121258249,-0.6486705291323399,-0.04296726545588326,-0.5113232198424249,1.3025020280220074,0.8523991951332881
Y2,父母是孩子的第一任老师,200505217525200213,日本,父母是孩子的第一任老师,80,议论文,Y2_80_14,-0.2739793033045797,0.038527421875930584,0.3551790402720421,-0.2120728797139162,0.597504873289766,0.7511262505140235,-0.8114605683481743,-0.5007893977619567,0.8125628520871434,1.3695891163669176
Y2,父母是孩子的第一任老师,200505109525202311,日本,父母是孩子的第一任老师,80,议论文,Y2_80_15,-1.269073482987331,-1.120967452764332,0.5656837848990166,0.40478558516496593,0.5482420768299843,0.6547377826938973,-0.5868744762919997,-0.7303123642178833,0.5662531372171458,0.8589687832240288
Y2,父母是孩子的第一任老师,200505109525200909,日本,父母是孩子的第一任老师,80,议论文,Y2_80_16,-1.347947905730822,-1.4992916176158253,0.18141234453744223,-0.36564080740748583,-0.11411068178954663,0.21950316005460174,-1.107590321562805,-0.8194153595321025,-0.7924844066625107,-0.37712498059094757
Y2,父母是孩子的第一任老师,200505109525100098,日本,父母是孩子的第一任老师,80,议论文,Y2_80_17,-2.6823807392990564,-2.970396815267586,-0.15770005379571003,0.17068334147140504,-0.40545905625197365,0.1937085466642605,-1.3342942259588062,-0.7749669505742507,-1.278036319800647,-1.9730842534147992
Y2,父母是孩子的第一任老师,200505332939100033,巴西,父母是孩子的第一任老师,80,议论文,Y2_80_18,0.5407319151990926,0.7691258258960126,-0.3322271144255008,-0.3915141400420265,-0.3911076293297465,0.22574569652577842,0.6938091892558353,0.4993165323851263,0.7494276735160003,0.5851877697758323
Y2,父母是孩子的第一任老师,200505204635200155,俄罗斯,父母是孩子的第一任老师,80,议论文,Y2_80_19,-0.4439199645913706,-0.5781266476336347,-0.5570001589930473,-0.7564766785033651,-0.03554218152546654,0.29370772474893336,0.017344956995004258,-0.33149017689177546,-1.1303335447111156,-1.5043093672545174
Y2,父母是孩子的第一任老师,200505217525100184,日本,父母是孩子的第一任老师,80,议论文,Y2_80_20,-2.1576091537029014,-2.414597239624411,-1.2429785958348585,-1.9651552223113296,-0.7687307872778782,-0.10054053285333461,-0.8051162360672457,-0.2091844814986734,-0.7860559879572324,-0.883642940773621
Y2,父母是孩子的第一任老师,200505201540200302,印度尼西亚,父母是孩子的第一任老师,80,议论文,Y2_80_21,-1.484003037064646,-0.9961469109118709,-0.804200944045961,-1.4241525657194762,-0.18247450006916519,-0.19490341222004978,-0.424147426173628,-0.7991779258587505,0.6233129748528496,0.3049257227420628
Y2,父母是孩子的第一任老师,200505109525201209,日本,父母是孩子的第一任老师,80,议论文,Y2_80_22,-0.2903215521525643,-0.2010456235743656,0.5763034126133253,0.6040182192133406,-0.07228640821844223,-0.015140138673934355,-0.8007903926169684,-0.49469744443450936,-0.2675033935072236,0.03610323301917373
Y2,父母是孩子的第一任老师,200510919919250022,加拿大,父母是孩子的第一任老师,80,议论文,Y2_80_23,-0.9726492074690095,-1.3589724933328537,-0.1384034528236696,-1.0766823367163911,0.07701935935574952,0.18159303797839108,0.3391460350725497,-0.3091530654575108,0.9264100546487587,0.04771432737636625
Y2,父母是孩子的第一任老师,200505204525200504,日本,父母是孩子的第一任老师,80,议论文,Y2_80_24,-1.6405712368727243,-2.175768584953114,-1.0682796262060636,-0.5333685289650243,-0.4991908062951163,0.5689094938523385,-0.4087073836809904,-0.3708404622651652,-0.06373209276473919,-0.22847255554632367
Y2,父母是孩子的第一任老师,200505109529200011,泰国,父母是孩子的第一任老师,80,议论文,Y2_80_25,-1.1386366011985865,-0.9323081522289807,0.39217982999633194,0.608822001174518,0.3657870786982576,0.34690581147859506,-1.7968613039563877,-0.8910463624360843,0.5205299257235223,-0.07994197854303381
Y2,父母是孩子的第一任老师,200505204635200497,俄罗斯,父母是孩子的第一任老师,80,议论文,Y2_80_26,-0.2774034653159437,0.10754241996576873,-0.3690014507684047,-1.3218776090315614,0.4516985052836439,0.10418156124299255,-0.580703564235547,-0.498875855221033,-0.3426168414035778,-0.38704667756100525
Y2,父母是孩子的第一任老师,200505109525101423,日本,父母是孩子的第一任老师,80,议论文,Y2_80_27,-1.672936453001973,-2.1662613008623977,0.2503009995508667,1.0251924764861848,1.3792685268603841,1.5171430970873154,-0.3765553806391446,-0.34679754984207056,-1.2653452886677838,-1.6653693408500567
Y2,父母是孩子的第一任老师,200505225542100038,越南,父母是孩子的第一任老师,80,议论文,Y2_80_28,-0.46332141958228834,-0.340127971196662,-0.8419422403150558,-1.0776986333108716,0.36064430787234353,0.6935675637294495,0.6519058922838662,0.17968761511844158,-0.03398932091010236,-0.41119137414607976
Y2,父母是孩子的第一任老师,200505024542200371,越南,父母是孩子的第一任老师,80,议论文,Y2_80_29,-2.5002801782745743,-2.647392082959341,0.1565982788804406,0.2755728216171369,-0.2983705545387667,-0.3621720312303885,1.0558857755674322,1.1094666211455588,1.1565847657264672,2.2721811342643257
Y2,父母是孩子的第一任老师,200505332540200027,印度尼西亚,父母是孩子的第一任老师,80,议论文,Y2_80_30,-0.40290995245813604,0.39801161822795567,-1.5268298038629222,-1.698523687040346,-1.1703599268506792,-0.8868090445929531,-0.5304042441764135,-0.7610217221711638,-0.3943053049465207,-1.1513023115673253
Y2,父母是孩子的第一任老师,200505204525100094,日本,父母是孩子的第一任老师,80,议论文,Y2_80_31,-0.29398889844229326,-0.3496739661941244,-0.6637531788081285,-0.4422114009648024,0.18153224200100102,0.26484887061284135,-0.4653763191162905,-0.35008105204939993,-0.8685317404642606,-0.7120298143164604
Y2,父母是孩子的第一任老师,200505204525200197,日本,父母是孩子的第一任老师,80,议论文,Y2_80_32,-1.8114347565934246,-2.2034042089750074,1.6328530379313424,2.4718899428567025,1.6297812164261885,2.1066178073750534,-0.5822941629479782,-0.22914605364496402,-0.6644721688537105,0.22435601300501695
Y2,父母是孩子的第一任老师,200505109616100020,德国,父母是孩子的第一任老师,80,议论文,Y2_80_33,-0.5216526439619048,-0.40623817030760745,-0.4788379315104682,-0.5545904758527971,-0.025877961524839323,0.3239490442075513,-1.6277467525525893,-0.9861464750814286,0.5742889717590292,0.5527249626065136
Y2,父母是孩子的第一任老师,200505204525100334,日本,父母是孩子的第一任老师,80,议论文,Y2_80_34,-1.2284487521572331,-1.1254228769116732,-0.6368321443467057,-1.327096295451573,-0.6741370152647801,0.12112884668906523,-0.62330827646175,-0.4790129522246312,-0.6024360706540124,-0.1567750164122451
Y2,父母是孩子的第一任老师,200505109525201089,日本,父母是孩子的第一任老师,80,议论文,Y2_80_35,-0.48912997836791405,-0.3439518138285317,0.45179052662675584,-0.06545285146654259,0.5085535295432003,0.2403904878624761,1.0190619248235866,0.09435064251768627,-0.6473951803885221,0.13156051779964636
Y2,父母是孩子的第一任老师,200505205922200049,美国,父母是孩子的第一任老师,80,议论文,Y2_80_36,0.5693564515741087,1.123232112203537,-1.2878740757199434,-1.6329357898066719,-0.6873234702788449,-0.9181414162517073,1.1643057299460873,0.7095716084901007,-0.6404537489149871,-1.0117004875348523
Y2,父母是孩子的第一任老师,200505204525200363,日本,父母是孩子的第一任老师,80,议论文,Y2_80_37,-0.4789770212952606,-0.6974479542487912,0.6336111862692186,1.4261615174104811,1.8461101928812247,1.837122056264753,0.4572404919320846,0.14740232284192464,-0.29671061449072367,-0.6949913651267717
Y2,父母是孩子的第一任老师,200505024634200394,英国,父母是孩子的第一任老师,80,议论文,Y2_80_38,-0.040042272550300725,0.15313966842487484,-1.247296636749896,-1.2752368491185444,-0.5227400575398318,-0.3940002078962417,1.5744791856067692,1.8213830335010026,0.47127763112166055,0.4024445823438163
Y2,父母是孩子的第一任老师,200505109525101108,日本,父母是孩子的第一任老师,80,议论文,Y2_80_39,-0.11790448447176352,-0.043752292408985594,0.010108862742521901,-0.13234829053754402,0.37146520525575116,0.3092805554042803,-1.2366107455820947,-1.3515209203425527,-2.302078691423351,-1.2740213257205877
Y2,父母是孩子的第一任老师,200505109525202606,日本,父母是孩子的第一任老师,80,议论文,Y2_80_40,-0.8965550734602621,-1.328641705138733,-0.413142126929318,-0.37435498602340916,-0.3190086548508013,-0.19938547523310168,0.11401411652865479,-0.2654519505434938,2.2402378599376593,2.9626046437960194
Y2,父母是孩子的第一任老师,200505109525200441,日本,父母是孩子的第一任老师,80,议论文,Y2_80_41,-1.241870150437765,-0.7711512404606953,0.6581626394521646,-0.22057719303469223,0.8736480285917908,0.43705877410496036,-0.6908720468001299,-1.172735305157033,0.42549832487166894,0.024741352678116713
Y2,父母是孩子的第一任老师,200505332939200036,巴西,父母是孩子的第一任老师,80,议论文,Y2_80_42,-0.8113818860286927,-0.6112856784958351,-0.41926529848688543,-0.33518100566896225,1.0102967848965543,0.5897155239877283,-1.4635275497245617,-0.5914322492151787,-0.15856237175825777,0.020560127692459646
Y2,父母是孩子的第一任老师,200505109525200546,日本,父母是孩子的第一任老师,80,议论文,Y2_80_43,-1.4204746180002792,-1.2153828775100268,0.26671746006375413,0.2553068448231168,0.7517893692387476,0.6714519744675581,-1.6395137112313802,-0.9831258208461676,-1.21633071357185,-1.2777787237890499
Y2,父母是孩子的第一任老师,200505109525101688,日本,父母是孩子的第一任老师,80,议论文,Y2_80_44,0.7291061993733751,0.8396668650897345,0.4298053833995559,0.4304917036858165,0.5136571089420038,0.2384783055589716,-1.5075426516151114,-0.5901202035601183,-0.9626544459459322,-0.802422987836751
Y2,父母是孩子的第一任老师,200505109525200550,日本,父母是孩子的第一任老师,85,议论文,Y2_85_01,-2.039304723200504,-1.832359151932237,0.3714669235985343,0.09322468013220042,0.19161440980323524,0.6263521677335474,-2.0892739799508004,-1.1372446256907986,-1.3755412891630572,-1.4133609452260303
Y2,父母是孩子的第一任老师,200505205533200044,新加坡,父母是孩子的第一任老师,85,议论文,Y2_85_02,-1.1194439922395112,-1.1013630656113573,-0.564309223185388,-0.43600176754329817,0.07931001710504487,0.15620141850064914,-0.8527581520347061,-0.35840380409778116,-0.3286856776594557,-0.02510964130009594
Y2,父母是孩子的第一任老师,200505205626200296,瑞典,父母是孩子的第一任老师,85,议论文,Y2_85_03,0.33960717666568896,0.2184501092891276,-0.6694515182121806,-0.5393654656106406,0.40076322623285965,0.5021373153513179,-0.4121180701572194,-0.49113940829783836,0.1980688007417243,0.2304641339174396
Y2,父母是孩子的第一任老师,200505024634100375,英国,父母是孩子的第一任老师,85,议论文,Y2_85_04,-1.2075348668583146,-1.5281589038277585,-0.4456384646250796,-0.6273889267127979,-0.44644927371532517,0.14394937805596197,-1.4873866590064238,-0.8175999731995058,0.8586150765459509,0.4945140940143092
Y2,父母是孩子的第一任老师,200505332540200025,印度尼西亚,父母是孩子的第一任老师,85,议论文,Y2_85_05,-1.9596450381288688,-1.3767778039214398,-0.2746445684853666,-0.18005923256994216,-0.8150120404919944,-0.7320434702731277,1.7529860596899949,1.3212884855831646,-0.07625619772278393,0.548268032009717
Y2,父母是孩子的第一任老师,200510919523250014,韩国,父母是孩子的第一任老师,85,议论文,Y2_85_06,-0.9203847740972584,-0.8960883632723818,0.2554144502671416,0.36100930226719785,0.9943024860867354,0.9063821303254566,-0.5216319221949486,-0.5496253833688245,-0.3737377529379872,-0.1343847869949576
Y2,父母是孩子的第一任老师,200505109627101352,瑞士,父母是孩子的第一任老师,85,议论文,Y2_85_07,-0.37341118110888777,-0.41822121340416923,-0.4111555069605262,-0.8615503306204596,0.5693316696430765,0.8413176571727028,1.9937036948938298,1.9924465359438934,-1.1690243917906695,-1.093528108158599
Y2,父母是孩子的第一任老师,200505109635101213,俄罗斯,父母是孩子的第一任老师,85,议论文,Y2_85_08,-0.31019239044479474,0.20668480560977037,-0.6599906592598146,-1.651155866260877,-0.17908250252752922,0.028532992816144763,0.09652716899510264,0.058564696972736474,1.344370664357854,1.5323750476198006
Y2,父母是孩子的第一任老师,200505109634200017,英国,父母是孩子的第一任老师,85,议论文,Y2_85_09,-2.0341614569622486,-1.9054499598177173,0.002216521519214909,-1.0577210513379862,-0.2678227798314502,-0.09704485323538112,-0.6900125379409111,-0.3832959932238282,0.8221196132161188,0.1651839988514064
Y2,父母是孩子的第一任老师,200505201542200069,越南,父母是孩子的第一任老师,85,议论文,Y2_85_10,-1.930555916683352,-1.8458674061930054,-0.15732809944356912,-0.3197867945579212,-0.3034677029831603,-0.03907982902799465,1.1497140096694085,1.194823027536912,-0.3213764136118715,-0.30484309736582077
Y2,父母是孩子的第一任老师,200505209542200083,越南,父母是孩子的第一任老师,85,议论文,Y2_85_11,-2.0520363292523798,-2.283836785578162,-0.9227725146304085,-0.9300283825852123,0.03176654199123745,0.5265694991820012,0.8472236885506061,0.6055235293312272,0.36084186822389547,-0.004578724732092364
Y2,父母是孩子的第一任老师,200510919919250020,加拿大,父母是孩子的第一任老师,85,议论文,Y2_85_12,-1.3041768763704906,-0.9501989398770906,-1.54205413213828,-1.9108491524155504,-0.956661253101657,-0.23473021624486337,-0.32109566363960734,-0.4080719912955372,-0.46071009576793276,-0.2792957721050792
Y2,父母是孩子的第一任老师,200505109606200007,比利时,父母是孩子的第一任老师,85,议论文,Y2_85_13,0.6380661411021536,0.5585762293509924,-0.15875256715927594,-0.3588017923348137,-0.25687647291100296,0.12969060682845665,-0.22087949336069482,-0.2671365493143644,0.21901685051429604,0.10315808147536458
Y2,父母是孩子的第一任老师,200510919919150024,加拿大,父母是孩子的第一任老师,85,议论文,Y2_85_14,0.0033064917211350813,0.27284332216415863,-1.433592051238559,-1.4868678642951627,-0.3810516523985561,-0.08778246016332945,1.2833014696662512,1.1920905461937064,1.6446153594973891,0.713077172597288
Y2,父母是孩子的第一任老师,200505109520200918,蒙古国,父母是孩子的第一任老师,85,议论文,Y2_85_15,-2.8610722045565247,-2.8171279890980303,0.8502748190255132,1.3194468086662334,1.2890761180394745,1.1778148183413508,-0.6199039407127419,-0.3945114167615416,0.3315806630754088,0.1733169191824823
Y2,父母是孩子的第一任老师,200505219519100018,马来西亚,父母是孩子的第一任老师,85,议论文,Y2_85_16,0.43042539389871065,0.741647623745714,-1.2489464259753922,-1.2369569098399325,-0.21640429970836397,-0.4145653167569918,0.10487571163267764,0.302699237850389,-0.9683767238556372,-0.6771441720938777
Y2,父母是孩子的第一任老师,200510919919205305,加拿大,父母是孩子的第一任老师,85,议论文,Y2_85_17,0.4155420957205912,0.43848671316042975,-1.5593460626590607,-1.3742754823976229,-1.1366809219100777,-0.7976853335420454,-0.5811445207031192,-0.5078076073383058,-0.22414599752320508,-0.7507266425517501
Y2,父母是孩子的第一任老师,200510956922130002,美国,父母是孩子的第一任老师,85,议论文,Y2_85_18,-2.0464678846086772,-2.2797151267171936,0.35602939506342257,1.1362816406231213,1.6726940744215812,1.8049583389403965,0.9751215424683874,0.6234487634357155,-0.08983868770795823,-1.243254504131476
Y2,父母是孩子的第一任老师,200510950922250002,美国,父母是孩子的第一任老师,90,议论文,Y2_90_01,-0.9935918367494676,-0.9987172444771937,-1.7921571654118853,-1.921100731771739,-0.9152059482732201,0.0017830340556159684,-0.32086263251181,-0.6267398824765148,0.5337495839901467,0.5044145288889201
Y2,父母是孩子的第一任老师,200505109512202592,菲律宾,父母是孩子的第一任老师,90,议论文,Y2_90_02,-0.8233408829330832,-0.6130806420304846,0.5208651153958068,0.9013938814422963,0.9545225670250589,0.7455174789512171,-0.6941105784210783,-0.3806306992587955,0.3399726749936527,0.4166967427464636
Y2,父母是孩子的第一任老师,200510919523250013,韩国,父母是孩子的第一任老师,90,议论文,Y2_90_03,-0.6209998610452234,-0.3993867621121241,-0.2057945494801616,-0.4067778880901521,-0.36556822504077613,0.033975170656977624,-0.37178837775068235,-0.43386592006391,1.1487517413522499,0.28012368063174753
Y2,父母是孩子的第一任老师,200505109525201371,日本,父母是孩子的第一任老师,90,议论文,Y2_90_04,-0.25993809412747443,0.232618120683168,-1.2310074737296943,-2.3644706966458213,-0.6863204171899717,-0.6192054243508398,0.24779585126200065,0.12153791829863442,0.03979580240751037,-0.09321511775697051
Y2,父母是孩子的第一任老师,200505204634100546,英国,父母是孩子的第一任老师,90,议论文,Y2_90_05,-0.01722063364965579,0.0685908841177862,-1.3471948288956992,-0.7354281678625793,0.3527749082436444,0.31454437895443305,0.7752918170924757,0.9562145659358307,-1.6770453698411294,-1.0287038643710456
Y2,父母是孩子的第一任老师,200505209542200100,越南,父母是孩子的第一任老师,90,议论文,Y2_90_06,-1.779226845134938,-1.8107372202901764,-0.4872449284308936,-0.30694268458001617,-0.6138606103452054,-0.4138604118081226,-0.6934986881597066,-0.5478555618935073,-0.1586614098145378,0.7023338967161178
Y2,父母是孩子的第一任老师,200505212542200046,越南,父母是孩子的第一任老师,90,议论文,Y2_90_07,-0.7699926919755152,-0.14499998781607495,0.7466244882023145,0.44025763233739906,0.19933930665370353,-0.04490945927174622,0.5707209175500099,0.32005836020495704,-0.3999051102514773,-0.011655034820182552
Y2,父母是孩子的第一任老师,200505205533200045,新加坡,父母是孩子的第一任老师,90,议论文,Y2_90_08,-0.07463296181862472,-0.5172730200249599,0.3532744404584264,1.3738420707087098,1.4805050998688327,1.3627194223675614,-1.5341549205506297,-0.45082361612134225,0.4972581298193267,0.6801864049539208
Y2,父母是孩子的第一任老师,200505332512100051,菲律宾,父母是孩子的第一任老师,90,议论文,Y2_90_09,-0.5997206516659337,-0.3026257800564197,-0.42318385161246397,-1.0307458490029244,-1.45451729221865,-1.968632132365614,0.35468460234824484,0.13124699085487293,-1.1318744800756413,-1.8521731672172912
Y2,父母是孩子的第一任老师,200505332529100013,泰国,父母是孩子的第一任老师,90,议论文,Y2_90_10,-0.8411812691161175,-1.5548104742682476,0.813984153994818,1.4929761873933238,1.9142047283874697,2.0655793417626027,-0.3080784994014188,-0.25642961714710905,-0.14889707163949978,-0.2867902741323957
Y2,父母是孩子的第一任老师,200505225635200041,俄罗斯,父母是孩子的第一任老师,90,议论文,Y2_90_11,-1.2049847368595368,-1.5420410866401995,0.22919533800607514,0.48842323854490804,0.32183557373527544,0.9782356706342402,1.01597744299671,1.4310736681857577,1.9310825930004696,0.8020919347355532
Y2,父母是孩子的第一任老师,200510919919205301,加拿大,父母是孩子的第一任老师,90,议论文,Y2_90_12,0.4317812367095485,0.26571844499426533,0.04878051263650009,-0.26712004019238744,-0.33291884353437856,-0.14593114323427614,-0.39372956964679817,0.014529848835332943,0.3267527076498935,-0.01172457812400474
Y2,父母是孩子的第一任老师,200505109925201272,墨西哥,父母是孩子的第一任老师,95,议论文,Y2_95_01,0.3882188707677341,0.7229577589579638,-0.04805804223780333,0.004580818438860511,-0.3986688027750152,-0.04281353733734697,1.8724075466526138,2.403018006311844,0.21987236287234108,0.1996915982084469
Y2,父母是孩子的第一任老师,200505501630100010,西班牙,父母是孩子的第一任老师,95,议论文,Y2_95_02,-1.4609591251785987,-1.5482885745917971,-0.5651491613772925,-0.376618362915164,-0.01475587971007018,0.3104291161746326,0.7322450149311567,0.1518082824504349,-0.2539249259922464,-0.5614252911942627
Y2,父母是孩子的第一任老师,200505501937200017,阿根廷,父母是孩子的第一任老师,95,议论文,Y2_95_03,-1.3250423400620905,-1.147776710739074,-1.0763535470332355,-1.1994716670520718,-0.5939701838109006,-0.03138307065681706,0.8429263769144892,0.609092261696846,0.493082820272043,-0.37660768944920225
Y2,父母是孩子的第一任老师,200505109510200529,朝鲜,父母是孩子的第一任老师,95,议论文,Y2_95_04,-0.34776977373057366,-0.3483266234867266,-0.9697647856652288,-0.028640796606766775,0.27273519656637757,0.6606315954936487,0.5632242501207876,0.9444363134976207,-1.0294922985482886,-0.7827891488799098
