序号,等级原文,主等级,兼属等级,等级组,词语,拼音,词性,PDF页码
1,1,1,,初等,爱,ài,动,80
2,1,1,,初等,八,bā,数,80
3,1,1,,初等,爸爸,bàba,名,80
4,1,1,,初等,吧,ba,助,80
5,1,1,,初等,白天,báitiān,名,80
6,1,1,,初等,百,bǎi,数,80
7,1（4）,1,4,初等,半,bàn,数、（副）,80
8,1,1,,初等,包子,bāozi,名,80
9,1,1,,初等,杯子,bēizi,名,80
10,1,1,,初等,本1,běn,量,80
11,1,1,,初等,边,biān,名、后缀,80
12,1,1,,初等,病,bìng,名、动,80
13,1,1,,初等,不,bù,副,80
14,1,1,,初等,不客气,bú kèqi,,80
15,1,1,,初等,不要,búyào,副,80
16,1,1,,初等,菜,cài,名,80
17,1,1,,初等,茶,chá,名,80
18,1,1,,初等,唱,chàng,动,80
19,1,1,,初等,超市,chāoshì,名,80
20,1,1,,初等,车,chē,名,80
21,1,1,,初等,吃,chī,动,80
22,1,1,,初等,出租车,chūzūchē,名,80
23,1,1,,初等,穿,chuān,动,80
24,1,1,,初等,打电话,dǎ diànhuà,,80
25,1,1,,初等,大,dà,形,80
26,1,1,,初等,大家,dàjiā,代,80
27,1,1,,初等,大学,dàxué,名,80
28,1,1,,初等,大学生,dàxuéshēng,名,80
29,1,1,,初等,到,dào,动,80
30,1,1,,初等,的,de,助,80
31,1,1,,初等,第,dì,前缀,80
32,1,1,,初等,弟弟,dìdi,名,80
33,1（3）,1,3,初等,点1,diǎn,量、（名）,80
34,1,1,,初等,店,diàn,名,80
35,1,1,,初等,电话,diànhuà,名,80
36,1,1,,初等,电脑,diànnǎo,名,80
37,1,1,,初等,电视,diànshì,名,80
38,1,1,,初等,电影,diànyǐng,名,80
39,1,1,,初等,电影院,diànyǐngyuàn,名,80
40,1,1,,初等,东西,dōngxi,名,80
41,1,1,,初等,都,dōu,副,81
42,1,1,,初等,读,dú,动,81
43,1,1,,初等,读书,dúshū,动,81
44,1（4）,1,4,初等,对,duì,形、介、（动、量）,81
45,1,1,,初等,对不起,duìbuqǐ,动,81
46,1（2）,1,2,初等,多,duō,形、动、代、（数、副）,81
47,1,1,,初等,多少,duōshao,代,81
48,1,1,,初等,儿子,érzi,名,81
49,1,1,,初等,二,èr,数,81
50,1,1,,初等,饭,fàn,名,81
51,1,1,,初等,饭店,fàndiàn,名,81
52,1,1,,初等,房间,fángjiān,名,81
53,1,1,,初等,非常,fēicháng,副,81
54,1,1,,初等,飞机,fēijī,名,81
55,1（3）,1,3,初等,分,fēn,量、（动、名）,81
56,1,1,,初等,分钟,fēnzhōng,量,81
57,1,1,,初等,高兴,gāoxìng,形,81
58,1,1,,初等,歌,gē,名,81
59,1,1,,初等,哥哥,gēge,名,81
60,1,1,,初等,个,gè,量,81
61,1（2）,1,2,初等,给,gěi,动、（介）,81
62,1,1,,初等,公司,gōngsī,名,81
63,1,1,,初等,工作,gōngzuò,动、名,81
64,1,1,,初等,狗,gǒu,名,81
65,1,1,,初等,贵,guì,形,81
66,1,1,,初等,国,guó,名,81
67,1,1,,初等,还,hái,副,81
68,1,1,,初等,孩子,háizi,名,81
69,1,1,,初等,汉语,Hànyǔ,名,81
70,1,1,,初等,汉字,Hànzì,名,81
71,1（2）（4）,1,2|4,初等,好,hǎo,形、（副）、（动）,81
72,1,1,,初等,好吃,hǎochī,形,81
73,1,1,,初等,好看,hǎokàn,形,81
74,1,1,,初等,好听,hǎotīng,形,81
75,1,1,,初等,好玩儿,hǎowánr,形,81
76,1,1,,初等,号,hào,名、量,81
77,1,1,,初等,喝,hē,动,81
78,1,1,,初等,和1,hé,介、连,81
79,1,1,,初等,很,hěn,副,81
80,1,1,,初等,后,hòu,名,81
81,1（3）,1,3,初等,回,huí,动、（量）,82
82,1,1,,初等,会1,huì,动,82
83,1,1,,初等,火车,huǒchē,名,82
84,1,1,,初等,鸡蛋,jīdàn,名,82
85,1,1,,初等,几,jǐ,代、数,82
86,1（3）,1,3,初等,家,jiā,名、量、（后缀）,82
87,1,1,,初等,家人,jiārén,名,82
88,1,1,,初等,见,jiàn,动,82
89,1,1,,初等,件,jiàn,量,82
90,1,1,,初等,饺子,jiǎozi,名,82
91,1（4）,1,4,初等,叫,jiào,动、（介）,82
92,1,1,,初等,姐姐,jiějie,名,82
93,1,1,,初等,今年,jīnnián,名,82
94,1,1,,初等,今天,jīntiān,名,82
95,1,1,,初等,九,jiǔ,数,82
96,1,1,,初等,觉得,juéde,动,82
97,1,1,,初等,开,kāi,动,82
98,1,1,,初等,开车,kāichē,动,82
99,1,1,,初等,看,kàn,动,82
100,1,1,,初等,看病,kànbìng,动,82
101,1,1,,初等,看见,kànjiàn,动,82
102,1,1,,初等,可以,kěyǐ,动、形,82
103,1,1,,初等,课,kè,名,82
104,1,1,,初等,口,kǒu,名、量,82
105,1,1,,初等,块,kuài,量,82
106,1,1,,初等,来,lái,动,82
107,1,1,,初等,老师,lǎoshī,名,82
108,1,1,,初等,了,le,助,82
109,1,1,,初等,冷,lěng,形,82
110,1,1,,初等,里,lǐ,名,82
111,1,1,,初等,两1,liǎng,数,82
112,1,1,,初等,零,líng,数,82
113,1,1,,初等,六,liù,数,82
114,1,1,,初等,妈妈,māma,名,82
115,1,1,,初等,吗,ma,助,82
116,1,1,,初等,买,mǎi,动,82
117,1,1,,初等,卖,mài,动,82
118,1,1,,初等,忙,máng,形、动,82
119,1,1,,初等,猫,māo,名,82
120,1,1,,初等,没关系,méi guānxi,,82
121,1,1,,初等,没事,méishì,动,83
122,1,1,,初等,没有,méiyǒu,动、副,83
123,1,1,,初等,妹妹,mèimei,名,83
124,1,1,,初等,们,men,后缀,83
125,1,1,,初等,米饭,mǐfàn,名,83
126,1,1,,初等,面包,miànbāo,名,83
127,1,1,,初等,面条儿,miàntiáor,名,83
128,1,1,,初等,明年,míngnián,名,83
129,1,1,,初等,明天,míngtiān,名,83
130,1,1,,初等,名字,míngzi,名,83
131,1,1,,初等,哪,nǎ,代,83
132,1,1,,初等,哪个,nǎge,代,83
133,1,1,,初等,哪里,nǎlǐ,代,83
134,1,1,,初等,哪儿,nǎr,代,83
135,1,1,,初等,哪些,nǎxiē,代,83
136,1（2）,1,2,初等,那,nà,代、（连）,83
137,1,1,,初等,那边,nàbiān,代,83
138,1,1,,初等,那个,nàge,代,83
139,1,1,,初等,那里,nàlǐ,代,83
140,1,1,,初等,那儿,nàr,代,83
141,1,1,,初等,那些,nàxiē,代,83
142,1,1,,初等,男,nán,形,83
143,1,1,,初等,男朋友,nánpéngyou,名,83
144,1,1,,初等,呢,ne,助,83
145,1,1,,初等,能,néng,动,83
146,1,1,,初等,你,nǐ,代,83
147,1,1,,初等,你好,nǐ hǎo,,83
148,1,1,,初等,你们,nǐmen,代,83
149,1,1,,初等,年,nián,名、量,83
150,1,1,,初等,您,nín,代,83
151,1,1,,初等,牛奶,niúnǎi,名,83
152,1,1,,初等,女,nǚ,形,83
153,1,1,,初等,女儿,nǚ’ér,名,83
154,1,1,,初等,女朋友,nǚpéngyou,名,83
155,1,1,,初等,女士,nǚshì,名,83
156,1,1,,初等,朋友,péngyou,名,83
157,1,1,,初等,便宜,piányi,形,83
158,1,1,,初等,漂亮,piàoliang,形,83
159,1,1,,初等,苹果,píngguǒ,名,83
160,1,1,,初等,七,qī,数,83
161,1,1,,初等,起床,qǐchuáng,动,84
162,1,1,,初等,千,qiān,数,84
163,1,1,,初等,前,qián,名,84
164,1,1,,初等,钱,qián,名,84
165,1,1,,初等,请,qǐng,动,84
166,1,1,,初等,请问,qǐngwèn,动,84
167,1,1,,初等,去,qù,动,84
168,1,1,,初等,去年,qùnián,名,84
169,1,1,,初等,热,rè,形,84
170,1,1,,初等,人,rén,名,84
171,1,1,,初等,认识,rènshi,动,84
172,1（4）,1,4,初等,日,rì,量、（名）,84
173,1,1,,初等,三,sān,数,84
174,1,1,,初等,商店,shāngdiàn,名,84
175,1,1,,初等,上,shàng,名、动,84
176,1,1,,初等,上班,shàngbān,动,84
177,1,1,,初等,上课,shàngkè,动,84
178,1,1,,初等,上午,shàngwǔ,名,84
179,1,1,,初等,上学,shàngxué,动,84
180,1,1,,初等,少,shǎo,形、动,84
181,1,1,,初等,谁,shéi/shuí,代,84
182,1,1,,初等,什么,shénme,代,84
183,1,1,,初等,生病,shēngbìng,动,84
184,1,1,,初等,十,shí,数,84
185,1,1,,初等,时候,shíhou,名,84
186,1,1,,初等,时间,shíjiān,名,84
187,1,1,,初等,事,shì,名,84
188,1,1,,初等,是,shì,动,84
189,1,1,,初等,手机,shǒujī,名,84
190,1,1,,初等,书,shū,名,84
191,1,1,,初等,书店,shūdiàn,名,84
192,1,1,,初等,水,shuǐ,名,84
193,1,1,,初等,水果,shuǐguǒ,名,84
194,1,1,,初等,睡,shuì,动,84
195,1,1,,初等,睡觉,shuìjiào,动,84
196,1,1,,初等,说,shuō,动,84
197,1,1,,初等,说话,shuōhuà,动,84
198,1,1,,初等,四,sì,数,84
199,1,1,,初等,岁,suì,量,84
200,1,1,,初等,他,tā,代,84
201,1,1,,初等,它,tā,代,85
202,1,1,,初等,她,tā,代,85
203,1,1,,初等,他们,tāmen,代,85
204,1,1,,初等,它们,tāmen,代,85
205,1,1,,初等,她们,tāmen,代,85
206,1,1,,初等,太,tài,副,85
207,1,1,,初等,天,tiān,名、量,85
208,1,1,,初等,天气,tiānqì,名,85
209,1,1,,初等,听,tīng,动,85
210,1,1,,初等,听见,tīngjiàn,动,85
211,1,1,,初等,同学,tóngxué,名,85
212,1,1,,初等,外,wài,名,85
213,1,1,,初等,外边,wàibian,名,85
214,1,1,,初等,玩,wán,动,85
215,1,1,,初等,晚,wǎn,形,85
216,1,1,,初等,晚饭,wǎnfàn,名,85
217,1,1,,初等,晚上,wǎnshang,名,85
218,1,1,,初等,喂1,wèi,叹,85
219,1,1,,初等,问,wèn,动,85
220,1,1,,初等,问题,wèntí,名,85
221,1,1,,初等,我,wǒ,代,85
222,1,1,,初等,我们,wǒmen,代,85
223,1,1,,初等,五,wǔ,数,85
224,1,1,,初等,午饭,wǔfàn,名,85
225,1,1,,初等,喜欢,xǐhuan,动,85
226,1,1,,初等,下,xià,名、动、量,85
227,1,1,,初等,下雨,xià yǔ,,85
228,1,1,,初等,下班,xiàbān,动,85
229,1,1,,初等,下课,xiàkè,动,85
230,1,1,,初等,下午,xiàwǔ,名,85
231,1,1,,初等,先生,xiānsheng,名,85
232,1,1,,初等,现在,xiànzài,名,85
233,1,1,,初等,想,xiǎng,动,85
234,1,1,,初等,小,xiǎo,形、前缀,85
235,1,1,,初等,小朋友,xiǎopéngyǒu,名,85
236,1,1,,初等,小时,xiǎoshí,名,85
237,1,1,,初等,小学,xiǎoxué,名,85
238,1,1,,初等,小学生,xiǎoxuéshēng,名,85
239,1,1,,初等,些,xiē,量,85
240,1,1,,初等,写,xiě,动,85
241,1,1,,初等,谢谢,xièxie,动,86
242,1,1,,初等,新,xīn,形,86
243,1,1,,初等,星期,xīngqī,名,86
244,1,1,,初等,星期日,xīngqīrì,名,86
245,1,1,,初等,星期天,xīngqītiān,名,86
246,1,1,,初等,休息,xiūxi,动,86
247,1,1,,初等,学,xué,动,86
248,1,1,,初等,学生,xuéshēng,名,86
249,1,1,,初等,学习,xuéxí,动,86
250,1,1,,初等,学校,xuéxiào,名,86
251,1,1,,初等,雪,xuě,名,86
252,1,1,,初等,要,yào,动,86
253,1,1,,初等,也,yě,副,86
254,1,1,,初等,一,yī,数,86
255,1,1,,初等,衣服,yīfu,名,86
256,1,1,,初等,医生,yīshēng,名,86
257,1,1,,初等,医院,yīyuàn,名,86
258,1,1,,初等,一半,yíbàn,数,86
259,1（4）,1,4,初等,一下,yíxià,数量、（副）,86
260,1,1,,初等,椅子,yǐzi,名,86
261,1,1,,初等,一点儿,yìdiǎnr,数量,86
262,1,1,,初等,一些,yìxiē,数量,86
263,1,1,,初等,有,yǒu,动,86
264,1,1,,初等,有的,yǒude,代,86
265,1,1,,初等,有点儿,yǒudiǎnr,副,86
266,1（3）,1,3,初等,有些,yǒuxiē,代、（副）,86
267,1,1,,初等,雨,yǔ,名,86
268,1,1,,初等,元,yuán,量,86
269,1,1,,初等,月,yuè,名,86
270,1,1,,初等,再,zài,副,86
271,1,1,,初等,在,zài,动、介、副,86
272,1,1,,初等,再见,zàijiàn,动,86
273,1,1,,初等,早,zǎo,形,86
274,1,1,,初等,早饭,zǎofàn,名,86
275,1,1,,初等,早上,zǎoshang,名,86
276,1,1,,初等,怎么,zěnme,代,86
277,1,1,,初等,怎么样,zěnmeyàng,代,86
278,1,1,,初等,找,zhǎo,动,86
279,1,1,,初等,这,zhè,代,86
280,1,1,,初等,这边,zhèbiān,代,86
281,1,1,,初等,这个,zhège,代,87
282,1,1,,初等,这里,zhèlǐ,代,87
283,1,1,,初等,这儿,zhèr,代,87
284,1,1,,初等,这些,zhèxiē,代,87
285,1（4）,1,4,初等,真,zhēn,副、（形）,87
286,1,1,,初等,正在,zhèngzài,副,87
287,1,1,,初等,只,zhī,量,87
288,1,1,,初等,知道,zhīdào,动,87
289,1,1,,初等,中国,Zhōngguó,名,87
290,1,1,,初等,中文,Zhōngwén,名,87
291,1,1,,初等,中午,zhōngwǔ,名,87
292,1,1,,初等,中学,zhōngxué,名,87
293,1,1,,初等,中学生,zhōngxuéshēng,名,87
294,1,1,,初等,住,zhù,动,87
295,1,1,,初等,桌子,zhuōzi,名,87
296,1,1,,初等,字,zì,名,87
297,1,1,,初等,昨天,zuótiān,名,87
298,1,1,,初等,坐,zuò,动,87
299,1,1,,初等,做,zuò,动,87
300,1,1,,初等,做饭,zuò fàn,,87
301,2,2,,初等,啊,a,助,87
302,2,2,,初等,爱好,àihào,动、名,87
303,2,2,,初等,白色,báisè,名,87
304,2（5）,2,5,初等,班,bān,名、（量）,87
305,2,2,,初等,帮,bāng,动,87
306,2,2,,初等,帮忙,bāngmáng,动,87
307,2,2,,初等,包,bāo,动、名、量,87
308,2,2,,初等,本子,běnzi,名,87
309,2,2,,初等,比,bǐ,动、介,87
310,2（5）,2,5,初等,笔,bǐ,名、（量）,87
311,2,2,,初等,别1,bié,副,87
312,2,2,,初等,不错,búcuò,形,87
313,2,2,,初等,不好意思,bù hǎoyìsi,,87
314,2,2,,初等,长,cháng,形,87
315,2,2,,初等,车站,chēzhàn,名,87
316,2,2,,初等,出,chū,动,87
317,2,2,,初等,出国,chūguó,动,87
318,2,2,,初等,出来,chūlái,动,87
319,2,2,,初等,出门,chūmén,动,87
320,2,2,,初等,出去,chūqù,动,87
321,2,2,,初等,床,chuáng,名,88
322,2,2,,初等,词,cí,名,88
323,2（7-9）,2,7-9,初等,次,cì,量、（形）,88
324,2（4）,2,4,初等,从,cóng,介、（副）,88
325,2,2,,初等,从小,cóngxiǎo,副,88
326,2,2,,初等,错,cuò,形,88
327,2,2,,初等,打1,dǎ,动,88
328,2,2,,初等,打车,dǎchē,动,88
329,2,2,,初等,打开,dǎkāi,动,88
330,2（7-9）,2,7-9,初等,但,dàn,连、（副）,88
331,2,2,,初等,但是,dànshì,连,88
332,2,2,,初等,得,de,助,88
333,2,2,,初等,地,de,助,88
334,2（4）,2,4,初等,等1,děng,动、（介）,88
335,2,2,,初等,地铁,dìtiě,名,88
336,2（4）,2,4,初等,点2,diǎn,动、（名、量）,88
337,2,2,,初等,懂,dǒng,动,88
338,2,2,,初等,动,dòng,动,88
339,2,2,,初等,饭馆,fànguǎn,名,88
340,2,2,,初等,飞,fēi,动,88
341,2,2,,初等,高,gāo,形、名,88
342,2,2,,初等,高中,gāozhōng,名,88
343,2,2,,初等,告诉,gàosu,动,88
344,2,2,,初等,个子,gèzi,名,88
345,2（5）,2,5,初等,跟,gēn,介、连、（名、动）,88
346,2,2,,初等,公交车,gōngjiāochē,名,88
347,2,2,,初等,过,guò,动,88
348,2,2,,初等,过来,guòlái,动,88
349,2,2,,初等,过年,guònián,动,88
350,2,2,,初等,过去1,guòqù,动,88
351,2,2,,初等,过,guo,助,88
352,2,2,,初等,还是,háishi,副、连,88
353,2,2,,初等,黑色,hēisè,名,88
354,2,2,,初等,红茶,hóngchá,名,88
355,2,2,,初等,红色,hóngsè,名,88
356,2,2,,初等,后面,hòumiàn,名,88
357,2,2,,初等,花1,huā,动,88
358,2（6）,2,6,初等,花2,huā,名、（形）,88
359,2,2,,初等,画,huà,动、名,88
360,2,2,,初等,坏,huài,形,88
361,2,2,,初等,回来,huílái,动,89
362,2,2,,初等,回去,huíqù,动,89
363,2,2,,初等,机场,jīchǎng,名,89
364,2,2,,初等,机票,jīpiào,名,89
365,2,2,,初等,记得,jìde,动,89
366,2（4）,2,4,初等,间,jiān,量、（名）,89
367,2,2,,初等,教,jiāo,动,89
368,2,2,,初等,教室,jiàoshì,名,89
369,2,2,,初等,介绍,jièshào,动,89
370,2,2,,初等,进,jìn,动,89
371,2,2,,初等,近,jìn,形,89
372,2,2,,初等,进来,jìnlái,动,89
373,2,2,,初等,进去,jìnqù,动,89
374,2,2,,初等,经常,jīngcháng,副,89
375,2,2,,初等,酒店,jiǔdiàn,名,89
376,2（7-9）,2,7-9,初等,就,jiù,副、（介）,89
377,2,2,,初等,咖啡,kāfēi,名,89
378,2,2,,初等,开始,kāishǐ,动、名,89
379,2,2,,初等,开学,kāixué,动,89
380,2,2,,初等,考,kǎo,动,89
381,2,2,,初等,考试,kǎoshì,动、名,89
382,2,2,,初等,可能,kěnéng,形、名、动,89
383,2,2,,初等,裤子,kùzi,名,89
384,2,2,,初等,快,kuài,形、副,89
385,2,2,,初等,快乐,kuàilè,形,89
386,2,2,,初等,快要,kuàiyào,副,89
387,2,2,,初等,篮球,lánqiú,名,89
388,2,2,,初等,累,lèi,形、动,89
389,2,2,,初等,离,lí,动,89
390,2,2,,初等,里面,lǐmiàn,名,89
391,2,2,,初等,楼,lóu,名,89
392,2,2,,初等,路,lù,名,89
393,2,2,,初等,路上,lùshang,名,89
394,2,2,,初等,旅游,lǚyóu,动,89
395,2,2,,初等,绿茶,lǜchá,名,89
396,2（4）,2,4,初等,绿色,lǜsè,名、（形）,89
397,2,2,,初等,慢,màn,形,89
398,2,2,,初等,没意思,méi yìsi,,89
399,2（4）,2,4,初等,每,měi,代、（副）,89
400,2,2,,初等,门,mén,名,89
401,2,2,,初等,门口,ménkǒu,名,90
402,2,2,,初等,门票,ménpiào,名,90
403,2（5）,2,5,初等,面1,miàn,后缀、（动、名、量）,90
404,2,2,,初等,名,míng,名、量,90
405,2,2,,初等,拿,ná,动,90
406,2,2,,初等,那么,nàme,代、连,90
407,2,2,,初等,那样,nàyàng,代,90
408,2,2,,初等,奶茶,nǎichá,名,90
409,2,2,,初等,奶奶,nǎinai,名,90
410,2,2,,初等,男孩儿,nánháir,名,90
411,2,2,,初等,鸟,niǎo,名,90
412,2,2,,初等,女孩儿,nǚháir,名,90
413,2,2,,初等,旁边,pángbiān,名,90
414,2,2,,初等,跑,pǎo,动,90
415,2,2,,初等,跑步,pǎobù,动,90
416,2,2,,初等,票,piào,名,90
417,2,2,,初等,妻子,qīzi,名,90
418,2,2,,初等,起来,qǐlái,动,90
419,2,2,,初等,前面,qiánmiàn,名,90
420,2,2,,初等,晴,qíng,形,90
421,2,2,,初等,球,qiú,名,90
422,2（4）,2,4,初等,让,ràng,动、（介）,90
423,2,2,,初等,肉,ròu,名,90
424,2,2,,初等,商场,shāngchǎng,名,90
425,2,2,,初等,上来,shànglái,动,90
426,2,2,,初等,上面,shàngmiàn,名,90
427,2,2,,初等,上去,shàngqù,动,90
428,2,2,,初等,上网,shàngwǎng,动,90
429,2,2,,初等,身体,shēntǐ,名,90
430,2,2,,初等,生日,shēngrì,名,90
431,2（6）,2,6,初等,时,shí,名、（量）,90
432,2,2,,初等,事情,shìqing,名,90
433,2,2,,初等,手,shǒu,名,90
434,2,2,,初等,手表,shǒubiǎo,名,90
435,2,2,,初等,书包,shūbāo,名,90
436,2,2,,初等,舒服,shūfu,形,90
437,2,2,,初等,送,sòng,动,90
438,2,2,,初等,虽然,suīrán,连,90
439,2,2,,初等,所以,suǒyǐ,连,90
440,2（6）,2,6,初等,疼,téng,形、（动）,90
441,2,2,,初等,踢,tī,动,91
442,2,2,,初等,题,tí,名,91
443,2（5）,2,5,初等,条,tiáo,量、（名）,91
444,2,2,,初等,跳舞,tiàowǔ,动,91
445,2（3）（5）,2,3|5,初等,头,tóu,名、（量）、（形）,91
446,2,2,,初等,外国,wàiguó,名,91
447,2,2,,初等,外面,wàimiàn,名,91
448,2,2,,初等,完,wán,动,91
449,2,2,,初等,万,wàn,数,91
450,2,2,,初等,往,wǎng,动、介,91
451,2,2,,初等,网上,wǎngshang,名,91
452,2,2,,初等,忘,wàng,动,91
453,2,2,,初等,位,wèi,量,91
454,2,2,,初等,为什么,wèi shénme,,91
455,2,2,,初等,希望,xīwàng,动,91
456,2,2,,初等,洗,xǐ,动,91
457,2,2,,初等,洗手间,xǐshǒujiān,名,91
458,2,2,,初等,下来,xiàlái,动,91
459,2,2,,初等,下面,xiàmiàn,名,91
460,2,2,,初等,下去,xiàqù,动,91
461,2,2,,初等,小孩儿,xiǎoháir,名,91
462,2,2,,初等,小时候,xiǎoshíhou,名,91
463,2,2,,初等,笑,xiào,动,91
464,2,2,,初等,姓,xìng,名、动,91
465,2,2,,初等,姓名,xìngmíng,名,91
466,2,2,,初等,颜色,yánsè,名,91
467,2,2,,初等,眼睛,yǎnjing,名,91
468,2,2,,初等,药,yào,名,91
469,2,2,,初等,药店,yàodiàn,名,91
470,2,2,,初等,爷爷,yéye,名,91
471,2（3）,2,3,初等,一会儿,yíhuìr,数量、（副）,91
472,2,2,,初等,已经,yǐjīng,副,91
473,2,2,,初等,一起,yìqǐ,副,91
474,2,2,,初等,意思,yìsi,名,91
475,2,2,,初等,阴,yīn,形,91
476,2,2,,初等,因为,yīnwèi,介、连,91
477,2,2,,初等,游,yóu,动,91
478,2,2,,初等,游泳,yóuyǒng,动,91
479,2,2,,初等,有意思,yǒu yìsi,,91
480,2,2,,初等,有时,yǒushí,副,91
481,2,2,,初等,右,yòu,名,92
482,2,2,,初等,右边,yòubian,名,92
483,2,2,,初等,鱼,yú,名,92
484,2,2,,初等,远,yuǎn,形,92
485,2,2,,初等,运动,yùndòng,动、名,92
486,2,2,,初等,站1,zhàn,名,92
487,2,2,,初等,丈夫,zhàngfu,名,92
488,2,2,,初等,这么,zhème,代,92
489,2,2,,初等,这样,zhèyàng,代,92
490,2,2,,初等,着,zhe,助,92
491,2（5）,2,5,初等,正,zhèng,副、（形）,92
492,2（6）,2,6,初等,周,zhōu,名、（量）,92
493,2,2,,初等,准备,zhǔnbèi,动,92
494,2,2,,初等,自己,zìjǐ,代,92
495,2,2,,初等,走,zǒu,动,92
496,2,2,,初等,走路,zǒulù,动,92
497,2,2,,初等,足球,zúqiú,名,92
498,2,2,,初等,最,zuì,副,92
499,2,2,,初等,左,zuǒ,名,92
500,2,2,,初等,左边,zuǒbian,名,92
501,3,3,,初等,阿姨,āyí,名,92
502,3,3,,初等,矮,ǎi,形,92
503,3,3,,初等,爱人,àiren,名,92
504,3,3,,初等,安静,ānjìng,形,92
505,3,3,,初等,安全,ānquán,形,92
506,3,3,,初等,把,bǎ,量、介,92
507,3,3,,初等,搬,bān,动,92
508,3,3,,初等,班级,bānjí,名,92
509,3,3,,初等,搬家,bānjiā,动,92
510,3,3,,初等,办,bàn,动,92
511,3,3,,初等,办法,bànfǎ,名,92
512,3,3,,初等,办公室,bàngōngshì,名,92
513,3,3,,初等,半天,bàntiān,数量,92
514,3,3,,初等,帮助,bāngzhù,动,92
515,3,3,,初等,饱,bǎo,形,92
516,3,3,,初等,报纸,bàozhǐ,名,92
517,3,3,,初等,北,běi,名,92
518,3,3,,初等,北方,běifāng,名,92
519,3,3,,初等,被,bèi,介,92
520,3,3,,初等,笔记,bǐjì,名,92
521,3,3,,初等,比较,bǐjiào,动、介、副,93
522,3,3,,初等,笔记本,bǐjìběn,名,93
523,3,3,,初等,比如,bǐrú,动,93
524,3,3,,初等,比赛,bǐsài,动、名,93
525,3,3,,初等,必须,bìxū,副,93
526,3,3,,初等,变,biàn,动,93
527,3,3,,初等,遍,biàn,量,93
528,3,3,,初等,变成,biànchéng,动,93
529,3,3,,初等,变化,biànhuà,动、名,93
530,3,3,,初等,表演,biǎoyǎn,动,93
531,3,3,,初等,别的,biéde,代,93
532,3,3,,初等,别人,biérén,代,93
533,3,3,,初等,宾馆,bīnguǎn,名,93
534,3（5）,3,5,初等,冰,bīng,名、（动）,93
535,3,3,,初等,冰激凌,bīngjīlíng,名,93
536,3,3,,初等,冰箱,bīngxiāng,名,93
537,3,3,,初等,病人,bìngrén,名,93
538,3,3,,初等,不但,búdàn,连,93
539,3,3,,初等,不见,bújiàn,动,93
540,3,3,,初等,不用,búyòng,副,93
541,3,3,,初等,不同,bù tóng,,93
542,3,3,,初等,不久,bùjiǔ,形,93
543,3,3,,初等,不行,bùxíng,动、形,93
544,3,3,,初等,才1,cái,副,93
545,3,3,,初等,菜单,càidān,名,93
546,3,3,,初等,参加,cānjiā,动,93
547,3,3,,初等,草,cǎo,名,93
548,3,3,,初等,草地,cǎodì,名,93
549,3,3,,初等,层,céng,量,93
550,3,3,,初等,查,chá,动,93
551,3,3,,初等,差,chà,形、动,93
552,3,3,,初等,差不多,chàbuduō,形、副,93
553,3,3,,初等,尝,cháng,动,93
554,3,3,,初等,常,cháng,副,93
555,3,3,,初等,常见,cháng jiàn,,93
556,3,3,,初等,常用,cháng yòng,,93
557,3,3,,初等,常常,chángcháng,副,93
558,3,3,,初等,衬衫,chènshān,名,93
559,3,3,,初等,成绩,chéngjì,名,93
560,3,3,,初等,城市,chéngshì,名,93
561,3,3,,初等,迟到,chídào,动,94
562,3,3,,初等,出发,chūfā,动,94
563,3,3,,初等,出生,chūshēng,动,94
564,3,3,,初等,出院,chūyuàn,动,94
565,3,3,,初等,初中,chūzhōng,名,94
566,3,3,,初等,除了,chúle,介,94
567,3,3,,初等,船,chuán,名,94
568,3,3,,初等,春天,chūntiān,名,94
569,3,3,,初等,词典,cídiǎn,名,94
570,3,3,,初等,聪明,cōngmíng,形,94
571,3,3,,初等,打扫,dǎsǎo,动,94
572,3,3,,初等,打算,dǎsuàn,动、名,94
573,3（6）,3,6,初等,大概,dàgài,形、副、（名）,94
574,3,3,,初等,大人,dàren,名,94
575,3,3,,初等,大小,dàxiǎo,名,94
576,3,3,,初等,大熊猫,dàxióngmāo,名,94
577,3,3,,初等,大衣,dàyī,名,94
578,3（5）,3,5,初等,带,dài,动、（名）,94
579,3,3,,初等,担心,dānxīn,动,94
580,3,3,,初等,蛋糕,dàngāo,名,94
581,3,3,,初等,当然,dāngrán,副,94
582,3,3,,初等,到处,dàochù,副,94
583,3,3,,初等,得,dé,动,94
584,3,3,,初等,得到,dédào,动,94
585,3,3,,初等,得分,défēn,动、名,94
586,3,3,,初等,的话,dehuà,助,94
587,3,3,,初等,得,děi,动,94
588,3,3,,初等,灯,dēng,名,94
589,3,3,,初等,地,dì,名,94
590,3,3,,初等,地点,dìdiǎn,名,94
591,3,3,,初等,地方,dìfang,名,94
592,3,3,,初等,地图,dìtú,名,94
593,3（5）,3,5,初等,电,diàn,名、（动）,94
594,3,3,,初等,电梯,diàntī,名,94
595,3,3,,初等,电子书,diànzǐshū,名,94
596,3,3,,初等,丢,diū,动,94
597,3,3,,初等,东,dōng,名,94
598,3,3,,初等,东北,dōngběi,名,94
599,3,3,,初等,东方,dōngfāng,名,94
600,3,3,,初等,东南,dōngnán,名,94
601,3,3,,初等,冬天,dōngtiān,名,95
602,3,3,,初等,懂得,dǒngde,动,95
603,3,3,,初等,动物,dòngwù,名,95
604,3,3,,初等,动物园,dòngwùyuán,名,95
605,3,3,,初等,短,duǎn,形,95
606,3,3,,初等,短裤,duǎnkù,名,95
607,3,3,,初等,段,duàn,量,95
608,3,3,,初等,锻炼,duànliàn,动,95
609,3,3,,初等,对话,duìhuà,动,95
610,3,3,,初等,饿,è,形,95
611,3,3,,初等,而且,érqiě,连,95
612,3,3,,初等,耳朵,ěrduo,名,95
613,3,3,,初等,耳机,ěrjī,名,95
614,3,3,,初等,发,fā,动,95
615,3,3,,初等,发烧,fāshāo,动,95
616,3,3,,初等,发生,fāshēng,动,95
617,3,3,,初等,发现,fāxiàn,动,95
618,3,3,,初等,发展,fāzhǎn,动,95
619,3,3,,初等,方便,fāngbiàn,形,95
620,3,3,,初等,方便面,fāngbiànmiàn,名,95
621,3,3,,初等,方法,fāngfǎ,名,95
622,3,3,,初等,方向,fāngxiàng,名,95
623,3,3,,初等,房子,fángzi,名,95
624,3,3,,初等,放,fàng,动,95
625,3,3,,初等,放假,fàngjià,动,95
626,3,3,,初等,放心,fàngxīn,动,95
627,3,3,,初等,放学,fàngxué,动,95
628,3,3,,初等,分开,fēnkāi,动,95
629,3,3,,初等,风,fēng,名,95
630,3（6）,3,6,初等,封,fēng,量、（动）,95
631,3,3,,初等,夫妻,fūqī,名,95
632,3,3,,初等,服务,fúwù,动,95
633,3,3,,初等,附近,fùjìn,名,95
634,3,3,,初等,复习,fùxí,动,95
635,3,3,,初等,该1,gāi,动,95
636,3,3,,初等,干净,gānjìng,形,95
637,3,3,,初等,感兴趣,gǎn xìngqù,,95
638,3,3,,初等,感到,gǎndào,动,95
639,3,3,,初等,感冒,gǎnmào,名、动,95
640,3,3,,初等,干,gàn,动,95
641,3,3,,初等,刚,gāng,副,96
642,3,3,,初等,刚才,gāngcái,名,96
643,3,3,,初等,刚刚,gānggāng,副,96
644,3,3,,初等,高铁,gāotiě,名,96
645,3（5）,3,5,初等,根据,gēnjù,动、介、（名）,96
646,3,3,,初等,更,gèng,副,96
647,3,3,,初等,公斤,gōngjīn,量,96
648,3,3,,初等,公园,gōngyuán,名,96
649,3,3,,初等,工作日,gōngzuòrì,名,96
650,3,3,,初等,故事,gùshi,名,96
651,3,3,,初等,刮,guā,动,96
652,3（5）,3,5,初等,关,guān,动、（名）,96
653,3,3,,初等,关机,guānjī,动,96
654,3（4）,3,4,初等,关系,guānxì,名、（动）,96
655,3,3,,初等,关心,guānxīn,动,96
656,3,3,,初等,关于,guānyú,介,96
657,3,3,,初等,关注,guānzhù,动,96
658,3,3,,初等,国家,guójiā,名,96
659,3,3,,初等,过节,guòjié,动,96
660,3,3,,初等,过去2,guòqù,名,96
661,3,3,,初等,海,hǎi,名,96
662,3,3,,初等,害怕,hàipà,动,96
663,3,3,,初等,好多,hǎoduō,数,96
664,3,3,,初等,好久,hǎojiǔ,形,96
665,3,3,,初等,好像,hǎoxiàng,动、副,96
666,3,3,,初等,号码,hàomǎ,名,96
667,3,3,,初等,河,hé,名,96
668,3,3,,初等,合适,héshì,形,96
669,3,3,,初等,黑板,hēibǎn,名,96
670,3,3,,初等,红绿灯,hóng-lǜdēng,名,96
671,3,3,,初等,后来,hòulái,名,96
672,3,3,,初等,后年,hòunián,名,96
673,3,3,,初等,后天,hòutiān,名,96
674,3,3,,初等,护照,hùzhào,名,96
675,3,3,,初等,花园,huāyuán,名,96
676,3,3,,初等,画家,huàjiā,名,96
677,3,3,,初等,欢迎,huānyíng,动,96
678,3,3,,初等,还,huán,动,96
679,3,3,,初等,环境,huánjìng,名,96
680,3,3,,初等,换,huàn,动,96
681,3,3,,初等,黄色,huángsè,名,97
682,3,3,,初等,回答,huídá,动,97
683,3,3,,初等,会2,huì,名,97
684,3,3,,初等,会议,huìyì,名,97
685,3（6）,3,6,初等,或,huò,连、（副）,97
686,3,3,,初等,或者,huòzhě,连,97
687,3,3,,初等,鸡,jī,名,97
688,3,3,,初等,几乎,jīhū,副,97
689,3,3,,初等,机会,jīhuì,名,97
690,3,3,,初等,极,jí,副,97
691,3,3,,初等,急,jí,形、动,97
692,3,3,,初等,记,jì,动,97
693,3,3,,初等,季,jì,名,97
694,3,3,,初等,季节,jìjié,名,97
695,3,3,,初等,加,jiā,动,97
696,3,3,,初等,假期,jiàqī,名,97
697,3,3,,初等,坚持,jiānchí,动,97
698,3,3,,初等,检查,jiǎnchá,动,97
699,3,3,,初等,简单,jiǎndān,形,97
700,3,3,,初等,检票,jiǎnpiào,动,97
701,3,3,,初等,健康,jiànkāng,形,97
702,3,3,,初等,见面,jiànmiàn,动,97
703,3,3,,初等,讲,jiǎng,动,97
704,3,3,,初等,角,jiǎo,量,97
705,3,3,,初等,脚,jiǎo,名,97
706,3,3,,初等,接,jiē,动,97
707,3,3,,初等,街,jiē,名,97
708,3（4）,3,4,初等,节,jié,量、名、（动）,97
709,3,3,,初等,结婚,jiéhūn,动,97
710,3,3,,初等,节目,jiémù,名,97
711,3,3,,初等,节日,jiérì,名,97
712,3,3,,初等,结束,jiéshù,动,97
713,3,3,,初等,解决,jiějué,动,97
714,3,3,,初等,姐妹,jiěmèi,名,97
715,3,3,,初等,借,jiè,动,97
716,3,3,,初等,斤,jīn,量,97
717,3,3,,初等,经过,jīngguò,动、名,97
718,3,3,,初等,经理,jīnglǐ,名,97
719,3,3,,初等,久,jiǔ,形,97
720,3,3,,初等,酒,jiǔ,名,97
721,3,3,,初等,旧,jiù,形,98
722,3,3,,初等,句,jù,量,98
723,3,3,,初等,句子,jùzi,名,98
724,3,3,,初等,决定,juédìng,动、名,98
725,3,3,,初等,卡,kǎ,名,98
726,3,3,,初等,开花,kāihuā,动,98
727,3,3,,初等,开会,kāihuì,动,98
728,3,3,,初等,开机,kāijī,动,98
729,3,3,,初等,开心,kāixīn,形,98
730,3,3,,初等,看来,kànlái,动,98
731,3（5）,3,5,初等,可,kě,连、（副）,98
732,3,3,,初等,渴,kě,形,98
733,3,3,,初等,可爱,kě’ài,形,98
734,3,3,,初等,可是,kěshì,连,98
735,3（5）,3,5,初等,刻,kè,量、（动）,98
736,3,3,,初等,课本,kèběn,名,98
737,3,3,,初等,客人,kèrén,名,98
738,3,3,,初等,课文,kèwén,名,98
739,3,3,,初等,空调,kōngtiáo,名,98
740,3,3,,初等,哭,kū,动,98
741,3,3,,初等,筷子,kuàizi,名,98
742,3,3,,初等,矿泉水,kuàngquánshuǐ,名,98
743,3,3,,初等,来自,láizì,动,98
744,3,3,,初等,蓝,lán,形,98
745,3（4）,3,4,初等,老,lǎo,形、前缀、（副）,98
746,3,3,,初等,老人,lǎorén,名,98
747,3,3,,初等,离开,líkāi,动,98
748,3,3,,初等,礼物,lǐwù,名,98
749,3,3,,初等,历史,lìshǐ,名,98
750,3,3,,初等,脸,liǎn,名,98
751,3,3,,初等,练,liàn,动,98
752,3,3,,初等,练习,liànxí,动、名,98
753,3,3,,初等,凉快,liángkuai,形,98
754,3,3,,初等,辆,liàng,量,98
755,3,3,,初等,聊,liáo,动,98
756,3,3,,初等,聊天儿,liáotiānr,动,98
757,3,3,,初等,了解,liǎojiě,动,98
758,3,3,,初等,邻居,línjū,名,98
759,3,3,,初等,留学,liúxué,动,98
760,3,3,,初等,留学生,liúxuéshēng,名,98
761,3,3,,初等,楼梯,lóutī,名,99
762,3,3,,初等,路边,lùbiān,名,99
763,3,3,,初等,路口,lùkǒu,名,99
764,3,3,,初等,马,mǎ,名,99
765,3,3,,初等,马路,mǎlù,名,99
766,3,3,,初等,马上,mǎshàng,副,99
767,3,3,,初等,满意,mǎnyì,动,99
768,3（5）,3,5,初等,毛,máo,量、（名）,99
769,3,3,,初等,米,mǐ,量,99
770,3,3,,初等,面前,miànqián,名,99
771,3,3,,初等,明白,míngbai,形、动,99
772,3,3,,初等,名单,míngdān,名,99
773,3,3,,初等,名人,míngrén,名,99
774,3,3,,初等,南,nán,名,99
775,3（6）,3,6,初等,难,nán,形、（动）,99
776,3,3,,初等,南方,nánfāng,名,99
777,3,3,,初等,难过,nánguò,形,99
778,3,3,,初等,难看,nánkàn,形,99
779,3,3,,初等,男人,nánrén,名,99
780,3,3,,初等,男生,nánshēng,名,99
781,3,3,,初等,难题,nántí,名,99
782,3,3,,初等,难听,nántīng,形,99
783,3,3,,初等,年级,niánjí,名,99
784,3,3,,初等,年轻,niánqīng,形,99
785,3（5）,3,5,初等,牛,niú,名、（形）,99
786,3,3,,初等,努力,nǔlì,动、形,99
787,3,3,,初等,女人,nǚrén,名,99
788,3,3,,初等,女生,nǚshēng,名,99
789,3,3,,初等,爬,pá,动,99
790,3（4）,3,4,初等,怕,pà,动、（副）,99
791,3,3,,初等,拍照,pāizhào,动,99
792,3,3,,初等,盘子,pánzi,名,99
793,3,3,,初等,胖,pàng,形,99
794,3,3,,初等,啤酒,píjiǔ,名,99
795,3,3,,初等,平时,píngshí,名,99
796,3,3,,初等,瓶子,píngzi,名,99
797,3,3,,初等,骑,qí,动,99
798,3,3,,初等,奇怪,qíguài,形,99
799,3,3,,初等,其实,qíshí,副,99
800,3,3,,初等,其他,qítā,代,99
801,3（5）,3,5,初等,起,qǐ,动、（量）,100
802,3,3,,初等,起飞,qǐfēi,动,100
803,3,3,,初等,汽车,qìchē,名,100
804,3,3,,初等,铅笔,qiānbǐ,名,100
805,3,3,,初等,前年,qiánnián,名,100
806,3,3,,初等,前天,qiántiān,名,100
807,3,3,,初等,清楚,qīngchu,形、动,100
808,3,3,,初等,请假,qǐngjià,动,100
809,3,3,,初等,请客,qǐngkè,动,100
810,3,3,,初等,秋天,qiūtiān,名,100
811,3,3,,初等,球场,qiúchǎng,名,100
812,3,3,,初等,裙子,qúnzi,名,100
813,3,3,,初等,然后,ránhòu,连,100
814,3,3,,初等,热情,rèqíng,形,100
815,3,3,,初等,认得,rènde,动,100
816,3,3,,初等,认为,rènwéi,动,100
817,3,3,,初等,认真,rènzhēn,形,100
818,3,3,,初等,容易,róngyì,形,100
819,3,3,,初等,如果,rúguǒ,连,100
820,3,3,,初等,伞,sǎn,名,100
821,3,3,,初等,扫,sǎo,动,100
822,3,3,,初等,沙发,shāfā,名,100
823,3,3,,初等,山,shān,名,100
824,3,3,,初等,上衣,shàngyī,名,100
825,3,3,,初等,勺子,sháozi,名,100
826,3,3,,初等,身边,shēnbiān,名,100
827,3,3,,初等,身高,shēngāo,名,100
828,3,3,,初等,声,shēng,名、量,100
829,3,3,,初等,生活,shēnghuó,名、动,100
830,3,3,,初等,生气,shēngqì,动,100
831,3,3,,初等,声音,shēngyīn,名,100
832,3,3,,初等,市,shì,名,100
833,3,3,,初等,试,shì,动,100
834,3,3,,初等,室,shì,名,100
835,3,3,,初等,世界,shìjiè,名,100
836,3,3,,初等,收,shōu,动,100
837,3,3,,初等,收到,shōudào,动,100
838,3,3,,初等,受,shòu,动,100
839,3,3,,初等,瘦,shòu,形,100
840,3,3,,初等,受到,shòudào,动,100
841,3,3,,初等,叔叔,shūshu,名,101
842,3,3,,初等,树,shù,名,101
843,3,3,,初等,数学,shùxué,名,101
844,3,3,,初等,刷,shuā,动,101
845,3,3,,初等,双,shuāng,量,101
846,3,3,,初等,水平,shuǐpíng,名,101
847,3,3,,初等,司机,sījī,名,101
848,3,3,,初等,四季,sìjì,名,101
849,3,3,,初等,太阳,tàiyáng,名,101
850,3,3,,初等,糖,táng,名,101
851,3,3,,初等,特别,tèbié,形、副,101
852,3,3,,初等,提高,tígāo,动,101
853,3,3,,初等,体育,tǐyù,名,101
854,3,3,,初等,体育馆,tǐyùguǎn,名,101
855,3,3,,初等,甜,tián,形,101
856,3,3,,初等,跳,tiào,动,101
857,3,3,,初等,听说,tīngshuō,动,101
858,3（7-9）,3,7-9,初等,挺,tǐng,副、（动）,101
859,3,3,,初等,同事,tóngshì,名,101
860,3,3,,初等,同意,tóngyì,动,101
861,3,3,,初等,头发,tóufa,名,101
862,3,3,,初等,突然,tūrán,形,101
863,3,3,,初等,图书馆,túshūguǎn,名,101
864,3,3,,初等,腿,tuǐ,名,101
865,3,3,,初等,外地,wàidì,名,101
866,3,3,,初等,外卖,wàimài,动、名,101
867,3,3,,初等,外语,wàiyǔ,名,101
868,3,3,,初等,完成,wánchéng,动,101
869,3,3,,初等,碗,wǎn,名,101
870,3,3,,初等,晚点,wǎndiǎn,动,101
871,3,3,,初等,晚会,wǎnhuì,名,101
872,3,3,,初等,网球,wǎngqiú,名,101
873,3,3,,初等,网站,wǎngzhàn,名,101
874,3,3,,初等,忘记,wàngjì,动,101
875,3,3,,初等,为,wèi,介,101
876,3,3,,初等,为了,wèile,介,101
877,3,3,,初等,卫生间,wèishēngjiān,名,101
878,3,3,,初等,文化,wénhuà,名,101
879,3,3,,初等,屋子,wūzi,名,101
880,3,3,,初等,西,xī,名,101
881,3,3,,初等,西北,xīběi,名,102
882,3,3,,初等,西方,xīfāng,名,102
883,3,3,,初等,西瓜,xīguā,名,102
884,3,3,,初等,西南,xīnán,名,102
885,3,3,,初等,习惯,xíguàn,动、名,102
886,3,3,,初等,喜爱,xǐ’ài,动,102
887,3,3,,初等,洗衣机,xǐyījī,名,102
888,3,3,,初等,洗澡,xǐzǎo,动,102
889,3,3,,初等,夏天,xiàtiān,名,102
890,3,3,,初等,先,xiān,副,102
891,3,3,,初等,香蕉,xiāngjiāo,名,102
892,3,3,,初等,相信,xiāngxìn,动,102
893,3,3,,初等,箱子,xiāngzi,名,102
894,3,3,,初等,向,xiàng,动、介,102
895,3（4）（7-9）,3,4|7-9,初等,像,xiàng,动、（副）、（名）,102
896,3,3,,初等,相机,xiàngjī,名,102
897,3,3,,初等,小区,xiǎoqū,名,102
898,3,3,,初等,小心,xiǎoxīn,动、形,102
899,3,3,,初等,校园,xiàoyuán,名,102
900,3,3,,初等,校长,xiàozhǎng,名,102
901,3,3,,初等,鞋,xié,名,102
902,3,3,,初等,心里,xīnlǐ,名,102
903,3,3,,初等,新年,xīnnián,名,102
904,3,3,,初等,新闻,xīnwén,名,102
905,3,3,,初等,新鲜,xīnxiān,形,102
906,3,3,,初等,信,xìn,动、名,102
907,3,3,,初等,信用卡,xìnyòngkǎ,名,102
908,3,3,,初等,行,xíng,动、形,102
909,3,3,,初等,行李,xíngli,名,102
910,3,3,,初等,兴趣,xìngqù,名,102
911,3,3,,初等,休假,xiūjià,动,102
912,3,3,,初等,需要,xūyào,动、名,102
913,3,3,,初等,选,xuǎn,动,102
914,3,3,,初等,选择,xuǎnzé,动,102
915,3,3,,初等,学期,xuéqī,名,102
916,3,3,,初等,牙,yá,名,102
917,3,3,,初等,牙刷,yáshuā,名,102
918,3,3,,初等,羊,yáng,名,102
919,3,3,,初等,养,yǎng,动,102
920,3,3,,初等,要求,yāoqiú,动、名,102
921,3,3,,初等,页,yè,量,103
922,3,3,,初等,一定,yídìng,形、副,103
923,3,3,,初等,一共,yígòng,副,103
924,3,3,,初等,一块儿,yíkuàir,名、副,103
925,3,3,,初等,一样,yíyàng,形,103
926,3,3,,初等,以后,yǐhòu,名,103
927,3,3,,初等,以前,yǐqián,名,103
928,3,3,,初等,以上,yǐshàng,名,103
929,3,3,,初等,以外,yǐwài,名,103
930,3,3,,初等,以为,yǐwéi,动,103
931,3,3,,初等,以下,yǐxià,名,103
932,3,3,,初等,一般,yìbān,形,103
933,3,3,,初等,一边,yìbiān,副,103
934,3,3,,初等,一直,yìzhí,副,103
935,3,3,,初等,音乐,yīnyuè,名,103
936,3,3,,初等,银行,yínháng,名,103
937,3,3,,初等,银行卡,yínhángkǎ,名,103
938,3,3,,初等,饮料,yǐnliào,名,103
939,3,3,,初等,应该,yīnggāi,动,103
940,3,3,,初等,影响,yǐngxiǎng,动、名,103
941,3,3,,初等,用,yòng,动,103
942,3,3,,初等,邮件,yóujiàn,名,103
943,3,3,,初等,游客,yóukè,名,103
944,3,3,,初等,游戏,yóuxì,名,103
945,3,3,,初等,邮箱,yóuxiāng,名,103
946,3,3,,初等,有关,yǒuguān,动、介,103
947,3,3,,初等,有名,yǒumíng,形,103
948,3,3,,初等,有用,yǒuyòng,形,103
949,3,3,,初等,又,yòu,副,103
950,3,3,,初等,羽毛球,yǔmáoqiú,名,103
951,3,3,,初等,语言,yǔyán,名,103
952,3,3,,初等,雨衣,yǔyī,名,103
953,3,3,,初等,遇到,yùdào,动,103
954,3,3,,初等,遇见,yùjiàn,动,103
955,3,3,,初等,园,yuán,名,103
956,3,3,,初等,员,yuán,后缀,103
957,3,3,,初等,愿意,yuànyì,动,103
958,3,3,,初等,越,yuè,副,103
959,3,3,,初等,月亮,yuèliang,名,103
960,3,3,,初等,运动会,yùndònghuì,名,103
961,3,3,,初等,运动员,yùndòngyuán,名,104
962,3,3,,初等,咱们,zánmen,代,104
963,3,3,,初等,脏,zāng,形,104
964,3,3,,初等,怎么办,zěnme bàn,,104
965,3,3,,初等,怎样,zěnyàng,代,104
966,3,3,,初等,站2,zhàn,动,104
967,3,3,,初等,张,zhāng,动、量,104
968,3,3,,初等,长,zhǎng,动、后缀,104
969,3,3,,初等,着急,zháojí,形,104
970,3,3,,初等,照,zhào,动,104
971,3,3,,初等,照顾,zhàogù,动,104
972,3,3,,初等,照片,zhàopiàn,名,104
973,3,3,,初等,照相,zhàoxiàng,动,104
974,3,3,,初等,直到,zhídào,动,104
975,3,3,,初等,只,zhǐ,副,104
976,3,3,,初等,纸,zhǐ,名,104
977,3,3,,初等,只能,zhǐ néng,,104
978,3,3,,初等,只是,zhǐshì,副、连,104
979,3,3,,初等,只要,zhǐyào,连,104
980,3,3,,初等,只有,zhǐyǒu,连,104
981,3,3,,初等,中,zhōng,名,104
982,3,3,,初等,中间,zhōngjiān,名,104
983,3,3,,初等,终于,zhōngyú,副,104
984,3,3,,初等,种,zhǒng,量,104
985,3,3,,初等,重要,zhòngyào,形,104
986,3,3,,初等,周末,zhōumò,名,104
987,3,3,,初等,主要,zhǔyào,形,104
988,3,3,,初等,注意,zhùyì,动,104
989,3,3,,初等,住院,zhùyuàn,动,104
990,3,3,,初等,字典,zìdiǎn,名,104
991,3,3,,初等,自行车,zìxíngchē,名,104
992,3,3,,初等,子,zi,后缀,104
993,3（5）,3,5,初等,总,zǒng,副、（动、形）,104
994,3,3,,初等,总是,zǒngshì,副,104
995,3,3,,初等,嘴,zuǐ,名,104
996,3,3,,初等,最好,zuìhǎo,副,104
997,3,3,,初等,最后,zuìhòu,名,104
998,3,3,,初等,最近,zuìjìn,名,104
999,3,3,,初等,做客,zuòkè,动,104
1000,3,3,,初等,作业,zuòyè,名,104
1001,4,4,,中等,啊,ā,叹,105
1002,4,4,,中等,爱情,àiqíng,名,105
1003,4,4,,中等,爱心,àixīn,名,105
1004,4,4,,中等,安检,ānjiǎn,动,105
1005,4,4,,中等,安排,ānpái,动,105
1006,4,4,,中等,按,àn,动、介,105
1007,4,4,,中等,按时,ànshí,副,105
1008,4,4,,中等,按照,ànzhào,介,105
1009,4,4,,中等,白酒,báijiǔ,名,105
1010,4,4,,中等,办公,bàngōng,动,105
1011,4,4,,中等,办理,bànlǐ,动,105
1012,4,4,,中等,办事,bànshì,动,105
1013,4（5）,4,5,中等,棒,bàng,形、（名）,105
1014,4,4,,中等,保护,bǎohù,动,105
1015,4,4,,中等,保证,bǎozhèng,动、名,105
1016,4,4,,中等,抱,bào,动,105
1017,4,4,,中等,报考,bàokǎo,动,105
1018,4,4,,中等,报名,bàomíng,动,105
1019,4,4,,中等,抱歉,bàoqiàn,形,105
1020,4,4,,中等,背,bēi,动,105
1021,4,4,,中等,背包,bēibāo,名,105
1022,4,4,,中等,北部,běibù,名,105
1023,4,4,,中等,倍,bèi,量,105
1024,4,4,,中等,本科,běnkē,名,105
1025,4,4,,中等,本来,běnlái,形、副,105
1026,4,4,,中等,笨,bèn,形,105
1027,4,4,,中等,鼻子,bízi,名,105
1028,4,4,,中等,笔试,bǐshì,动,105
1029,4,4,,中等,毕业,bìyè,动,105
1030,4,4,,中等,毕业生,bìyèshēng,名,105
1031,4,4,,中等,便于,biànyú,动,105
1032,4,4,,中等,标准,biāozhǔn,名、形,105
1033,4（7-9）,4,7-9,中等,表,biǎo,名、（动）,105
1034,4,4,,中等,表格,biǎogé,名,105
1035,4,4,,中等,表示,biǎoshì,动,105
1036,4,4,,中等,表现,biǎoxiàn,动,105
1037,4,4,,中等,表扬,biǎoyáng,动,105
1038,4,4,,中等,饼干,bǐnggān,名,105
1039,4,4,,中等,并,bìng,动、副、连,105
1040,4,4,,中等,并且,bìngqiě,连,105
1041,4,4,,中等,播放,bōfàng,动,106
1042,4,4,,中等,博士,bóshì,名,106
1043,4,4,,中等,不必,búbì,副,106
1044,4,4,,中等,不便,búbiàn,形、动,106
1045,4,4,,中等,不断,búduàn,动、副,106
1046,4,4,,中等,不够,búgòu,动、副,106
1047,4（5）,4,5,中等,不过,búguò,连、（副）,106
1048,4,4,,中等,不论,búlùn,连,106
1049,4,4,,中等,步,bù,名,106
1050,4,4,,中等,部,bù,名、量,106
1051,4,4,,中等,不得不,bùdébù,副,106
1052,4,4,,中等,部分,bùfen,名,106
1053,4,4,,中等,不管,bùguǎn,连,106
1054,4,4,,中等,不光,bùguāng,副、连,106
1055,4,4,,中等,不仅,bùjǐn,连,106
1056,4,4,,中等,不满,bùmǎn,形,106
1057,4,4,,中等,部门,bùmén,名,106
1058,4,4,,中等,不如,bùrú,动,106
1059,4,4,,中等,擦,cā,动,106
1060,4,4,,中等,猜,cāi,动,106
1061,4,4,,中等,材料,cáiliào,名,106
1062,4,4,,中等,参观,cānguān,动,106
1063,4,4,,中等,参赛,cānsài,动,106
1064,4,4,,中等,餐厅,cāntīng,名,106
1065,4,4,,中等,操场,cāochǎng,名,106
1066,4,4,,中等,厕所,cèsuǒ,名,106
1067,4,4,,中等,查看,chákàn,动,106
1068,4,4,,中等,茶叶,cháyè,名,106
1069,4,4,,中等,查找,cházhǎo,动,106
1070,4,4,,中等,差点儿,chàdiǎnr,形、副,106
1071,4,4,,中等,产生,chǎnshēng,动,106
1072,4,4,,中等,厂,chǎng,名,106
1073,4,4,,中等,场,chǎng,量,106
1074,4,4,,中等,超过,chāoguò,动,106
1075,4,4,,中等,车速,chēsù,名,106
1076,4,4,,中等,车位,chēwèi,名,106
1077,4,4,,中等,城,chéng,名,106
1078,4,4,,中等,乘1,chéng,动,106
1079,4,4,,中等,成功,chénggōng,动、形,106
1080,4,4,,中等,乘客,chéngkè,名,106
1081,4,4,,中等,诚实,chéngshí,形,107
1082,4,4,,中等,成为,chéngwéi,动,107
1083,4,4,,中等,乘坐,chéngzuò,动,107
1084,4,4,,中等,吃惊,chījīng,动,107
1085,4,4,,中等,迟,chí,形,107
1086,4（5）,4,5,中等,重,chóng,副、（动）,107
1087,4,4,,中等,重新,chóngxīn,副,107
1088,4,4,,中等,出差,chūchāi,动,107
1089,4（5）,4,5,中等,出口,chūkǒu,名、（动）,107
1090,4,4,,中等,出现,chūxiàn,动,107
1091,4,4,,中等,出行,chūxíng,动,107
1092,4,4,,中等,出租,chūzū,动,107
1093,4,4,,中等,厨房,chúfáng,名,107
1094,4,4,,中等,厨师,chúshī,名,107
1095,4,4,,中等,窗,chuāng,名,107
1096,4,4,,中等,窗户,chuānghu,名,107
1097,4,4,,中等,吹,chuī,动,107
1098,4,4,,中等,词语,cíyǔ,名,107
1099,4,4,,中等,此,cǐ,代,107
1100,4,4,,中等,此次,cǐ cì,,107
1101,4,4,,中等,此外,cǐwài,连,107
1102,4,4,,中等,从此,cóngcǐ,副,107
1103,4,4,,中等,从来,cónglái,副,107
1104,4,4,,中等,从中,cóngzhōng,副,107
1105,4,4,,中等,粗,cū,形,107
1106,4,4,,中等,粗心,cūxīn,形,107
1107,4,4,,中等,村,cūn,名,107
1108,4,4,,中等,存,cún,动,107
1109,4,4,,中等,错过,cuòguò,动,107
1110,4,4,,中等,错误,cuòwù,形、名,107
1111,4,4,,中等,答应,dāying,动,107
1112,4,4,,中等,答,dá,动,107
1113,4,4,,中等,答案,dá’àn,名,107
1114,4,4,,中等,达到,dádào,动,107
1115,4,4,,中等,打招呼,dǎ zhāohu,,107
1116,4,4,,中等,打败,dǎbài,动,107
1117,4,4,,中等,打工,dǎgōng,动,107
1118,4,4,,中等,打扰,dǎrǎo,动,107
1119,4,4,,中等,打印,dǎyìn,动,107
1120,4,4,,中等,打印机,dǎyìnjī,名,107
1121,4,4,,中等,打折,dǎzhé,动,108
1122,4,4,,中等,打针,dǎzhēn,动,108
1123,4,4,,中等,大巴,dàbā,名,108
1124,4,4,,中等,大大,dàdà,副,108
1125,4,4,,中等,大夫,dàifu,名,108
1126,4,4,,中等,大量,dàliàng,形,108
1127,4,4,,中等,大赛,dàsài,名,108
1128,4,4,,中等,大厅,dàtīng,名,108
1129,4,4,,中等,大约,dàyuē,副,108
1130,4,4,,中等,大自然,dàzìrán,名,108
1131,4,4,,中等,待,dāi,动,108
1132,4,4,,中等,戴,dài,动,108
1133,4,4,,中等,袋子,dàizi,名,108
1134,4,4,,中等,单位,dānwèi,名,108
1135,4,4,,中等,当,dāng,动、介,108
1136,4,4,,中等,当时,dāngshí,名,108
1137,4,4,,中等,刀,dāo,名,108
1138,4,4,,中等,导游,dǎoyóu,动、名,108
1139,4（6）,4,6,中等,倒,dào,动、（副）,108
1140,4,4,,中等,道,dào,名、量,108
1141,4,4,,中等,到底,dàodǐ,副,108
1142,4,4,,中等,到来,dàolái,动,108
1143,4,4,,中等,道路,dàolù,名,108
1144,4,4,,中等,道歉,dàoqiàn,动,108
1145,4,4,,中等,得意,déyì,形,108
1146,4,4,,中等,登机,dēngjī,动,108
1147,4（5）,4,5,中等,等2,děng,助、（名、量）,108
1148,4,4,,中等,等到,děngdào,介,108
1149,4,4,,中等,低,dī,形、动,108
1150,4,4,,中等,低价,dījià,名,108
1151,4,4,,中等,低温,dīwēn,名,108
1152,4,4,,中等,低于,dīyú,动,108
1153,4,4,,中等,底,dǐ,名,108
1154,4,4,,中等,底下,dǐxia,名,108
1155,4,4,,中等,地球,dìqiú,名,108
1156,4,4,,中等,地址,dìzhǐ,名,108
1157,4,4,,中等,点名,diǎnmíng,动,108
1158,4,4,,中等,点头,diǎntóu,动,108
1159,4,4,,中等,电动车,diàndòngchē,名,108
1160,4,4,,中等,电视剧,diànshìjù,名,108
1161,4,4,,中等,掉,diào,动,109
1162,4,4,,中等,调查,diàochá,动,109
1163,4,4,,中等,订,dìng,动,109
1164,4,4,,中等,定,dìng,动,109
1165,4,4,,中等,东部,dōngbù,名,109
1166,4,4,,中等,动车,dòngchē,名,109
1167,4,4,,中等,动作,dòngzuò,名,109
1168,4,4,,中等,读者,dúzhě,名,109
1169,4,4,,中等,堵车,dǔchē,动,109
1170,4,4,,中等,度假,dùjià,动,109
1171,4,4,,中等,肚子,dùzi,名,109
1172,4,4,,中等,短信,duǎnxìn,名,109
1173,4（5）,4,5,中等,队,duì,名、（量）,109
1174,4,4,,中等,对方,duìfāng,名,109
1175,4,4,,中等,对面,duìmiàn,名,109
1176,4,4,,中等,对于,duìyú,介,109
1177,4,4,,中等,队员,duìyuán,名,109
1178,4,4,,中等,队长,duìzhǎng,名,109
1179,4（7-9）,4,7-9,中等,顿,dùn,量、（动）,109
1180,4,4,,中等,多么,duōme,副,109
1181,4,4,,中等,多数,duōshù,名,109
1182,4,4,,中等,多样,duōyàng,形,109
1183,4,4,,中等,而,ér,连,109
1184,4,4,,中等,儿童,értóng,名,109
1185,4,4,,中等,发出,fāchū,动,109
1186,4,4,,中等,发送,fāsòng,动,109
1187,4,4,,中等,法,fǎ,名,109
1188,4,4,,中等,法律,fǎlǜ,名,109
1189,4,4,,中等,翻译,fānyì,动、名,109
1190,4,4,,中等,烦,fán,形、动,109
1191,4,4,,中等,烦恼,fánnǎo,形,109
1192,4,4,,中等,反对,fǎnduì,动,109
1193,4,4,,中等,方面,fāngmiàn,名,109
1194,4,4,,中等,方式,fāngshì,名,109
1195,4,4,,中等,房东,fángdōng,名,109
1196,4,4,,中等,房租,fángzū,名,109
1197,4,4,,中等,放弃,fàngqì,动,109
1198,4,4,,中等,放松,fàngsōng,动,109
1199,4,4,,中等,费,fèi,名、动,109
1200,4,4,,中等,费用,fèiyong,名,109
1201,4,4,,中等,分数,fēnshù,名,110
1202,4,4,,中等,分为,fēnwéi,动,110
1203,4,4,,中等,份,fèn,量,110
1204,4,4,,中等,丰富,fēngfù,形,110
1205,4,4,,中等,风景,fēngjǐng,名,110
1206,4,4,,中等,否则,fǒuzé,连,110
1207,4,4,,中等,幅,fú,量,110
1208,4,4,,中等,符合,fúhé,动,110
1209,4,4,,中等,付,fù,动,110
1210,4,4,,中等,父母,fùmǔ,名,110
1211,4,4,,中等,父女,fùnǚ,名,110
1212,4,4,,中等,父亲,fùqīn,名,110
1213,4,4,,中等,复印,fùyìn,动,110
1214,4,4,,中等,复杂,fùzá,形,110
1215,4,4,,中等,负责,fùzé,动、形,110
1216,4,4,,中等,负责人,fùzérén,名,110
1217,4,4,,中等,父子,fùzǐ,名,110
1218,4,4,,中等,改,gǎi,动,110
1219,4,4,,中等,改变,gǎibiàn,动,110
1220,4（5）,4,5,中等,干,gān,形、（名）,110
1221,4,4,,中等,干杯,gānbēi,动,110
1222,4,4,,中等,赶,gǎn,动,110
1223,4,4,,中等,敢,gǎn,动,110
1224,4,4,,中等,感,gǎn,后缀,110
1225,4,4,,中等,感动,gǎndòng,形、动,110
1226,4,4,,中等,赶紧,gǎnjǐn,副,110
1227,4,4,,中等,感觉,gǎnjué,名、动,110
1228,4,4,,中等,赶快,gǎnkuài,副,110
1229,4,4,,中等,感情,gǎnqíng,名,110
1230,4,4,,中等,感人,gǎnrén,形,110
1231,4,4,,中等,赶上,gǎnshàng,动,110
1232,4,4,,中等,感受,gǎnshòu,动、名,110
1233,4,4,,中等,感谢,gǎnxiè,动,110
1234,4,4,,中等,干活儿,gànhuór,动,110
1235,4,4,,中等,钢琴,gāngqín,名,110
1236,4,4,,中等,高价,gāojià,名,110
1237,4,4,,中等,高考,gāokǎo,名,110
1238,4,4,,中等,高速,gāosù,形,110
1239,4,4,,中等,高温,gāowēn,名,110
1240,4,4,,中等,高于,gāoyú,动,110
1241,4,4,,中等,胳膊,gēbo,名,111
1242,4,4,,中等,歌声,gēshēng,名,111
1243,4,4,,中等,歌手,gēshǒu,名,111
1244,4,4,,中等,各,gè,代、副,111
1245,4,4,,中等,各地,gèdì,名,111
1246,4,4,,中等,各个,gègè,代、副,111
1247,4,4,,中等,各位,gèwèi,代,111
1248,4,4,,中等,各种,gèzhǒng,代,111
1249,4,4,,中等,更加,gèngjiā,副,111
1250,4,4,,中等,工厂,gōngchǎng,名,111
1251,4,4,,中等,功夫,gōngfu,名,111
1252,4,4,,中等,公共,gōnggòng,形,111
1253,4,4,,中等,功课,gōngkè,名,111
1254,4,4,,中等,公里,gōnglǐ,量,111
1255,4,4,,中等,公路,gōnglù,名,111
1256,4,4,,中等,工人,gōngrén,名,111
1257,4,4,,中等,工资,gōngzī,名,111
1258,4,4,,中等,共,gòng,副,111
1259,4,4,,中等,共同,gòngtóng,形,111
1260,4,4,,中等,够,gòu,动、副,111
1261,4,4,,中等,购买,gòumǎi,动,111
1262,4,4,,中等,购物,gòuwù,动,111
1263,4,4,,中等,估计,gūjì,动,111
1264,4,4,,中等,姑娘,gūniang,名,111
1265,4,4,,中等,鼓励,gǔlì,动,111
1266,4,4,,中等,顾客,gùkè,名,111
1267,4,4,,中等,故意,gùyì,副,111
1268,4,4,,中等,挂,guà,动,111
1269,4,4,,中等,关键,guānjiàn,名、形,111
1270,4,4,,中等,观看,guānkàn,动,111
1271,4,4,,中等,观众,guānzhòng,名,111
1272,4（5）,4,5,中等,管,guǎn,动、（名、量）,111
1273,4,4,,中等,管理,guǎnlǐ,动,111
1274,4,4,,中等,光,guāng,名、形、动、副,111
1275,4,4,,中等,广播,guǎngbō,动、名,111
1276,4,4,,中等,广告,guǎnggào,名,111
1277,4,4,,中等,逛,guàng,动,111
1278,4,4,,中等,规定,guīdìng,动、名,111
1279,4,4,,中等,国籍,guójí,名,111
1280,4,4,,中等,国际,guójì,形、名,111
1281,4,4,,中等,果汁,guǒzhī,名,112
1282,4,4,,中等,过程,guòchéng,名,112
1283,4,4,,中等,海洋,hǎiyáng,名,112
1284,4,4,,中等,害羞,hàixiū,形,112
1285,4,4,,中等,寒假,hánjià,名,112
1286,4,4,,中等,寒冷,hánlěng,形,112
1287,4,4,,中等,喊,hǎn,动,112
1288,4,4,,中等,汗,hàn,名,112
1289,4,4,,中等,航班,hángbān,名,112
1290,4,4,,中等,好处,hǎochù,名,112
1291,4,4,,中等,好好,hǎohǎo,形、副,112
1292,4,4,,中等,好笑,hǎoxiào,形,112
1293,4,4,,中等,合格,hégé,形,112
1294,4,4,,中等,盒子,hézi,名,112
1295,4,4,,中等,红包,hóngbāo,名,112
1296,4,4,,中等,厚,hòu,形,112
1297,4,4,,中等,后悔,hòuhuǐ,动,112
1298,4,4,,中等,忽然,hūrán,副,112
1299,4,4,,中等,互联网,hùliánwǎng,名,112
1300,4,4,,中等,护士,hùshi,名,112
1301,4,4,,中等,互相,hùxiāng,副,112
1302,4,4,,中等,话剧,huàjù,名,112
1303,4,4,,中等,怀疑,huáiyí,动,112
1304,4,4,,中等,坏处,huàichù,名,112
1305,4,4,,中等,环保,huánbǎo,名、形,112
1306,4,4,,中等,换乘,huànchéng,动,112
1307,4,4,,中等,回复,huífù,动,112
1308,4,4,,中等,回信,huíxìn,动、名,112
1309,4,4,,中等,回忆,huíyì,动,112
1310,4,4,,中等,会员,huìyuán,名,112
1311,4,4,,中等,活,huó,动、形、名,112
1312,4,4,,中等,活动,huódòng,动、名,112
1313,4,4,,中等,活泼,huópō,形,112
1314,4,4,,中等,火,huǒ,名、形,112
1315,4,4,,中等,货,huò,名,112
1316,4,4,,中等,获得,huòdé,动,112
1317,4,4,,中等,获奖,huòjiǎng,动,112
1318,4,4,,中等,获取,huòqǔ,动,112
1319,4,4,,中等,基本,jīběn,形、副,112
1320,4,4,,中等,基本上,jīběnshàng,副,112
1321,4,4,,中等,基础,jīchǔ,名,113
1322,4,4,,中等,激动,jīdòng,形、动,113
1323,4,4,,中等,积极,jījí,形,113
1324,4,4,,中等,积累,jīlěi,动,113
1325,4,4,,中等,及时,jíshí,形、副,113
1326,4,4,,中等,即使,jíshǐ,连,113
1327,4,4,,中等,既,jì,副、连,113
1328,4,4,,中等,寄,jì,动,113
1329,4,4,,中等,计划,jìhuà,名、动,113
1330,4,4,,中等,既然,jìrán,连,113
1331,4,4,,中等,技术,jìshù,名,113
1332,4,4,,中等,继续,jìxù,动,113
1333,4,4,,中等,记者,jìzhě,名,113
1334,4,4,,中等,加班,jiābān,动,113
1335,4,4,,中等,家具,jiājù,名,113
1336,4,4,,中等,加快,jiākuài,动,113
1337,4,4,,中等,加强,jiāqiáng,动,113
1338,4,4,,中等,加入,jiārù,动,113
1339,4,4,,中等,加上,jiāshàng,连,113
1340,4,4,,中等,家庭,jiātíng,名,113
1341,4,4,,中等,家乡,jiāxiāng,名,113
1342,4,4,,中等,加油,jiāyóu,动,113
1343,4,4,,中等,加油站,jiāyóuzhàn,名,113
1344,4,4,,中等,家长,jiāzhǎng,名,113
1345,4,4,,中等,假,jiǎ,形,113
1346,4,4,,中等,价格,jiàgé,名,113
1347,4,4,,中等,价钱,jiàqián,名,113
1348,4,4,,中等,假日,jiàrì,名,113
1349,4,4,,中等,减,jiǎn,动,113
1350,4,4,,中等,减轻,jiǎnqīng,动,113
1351,4,4,,中等,减少,jiǎnshǎo,动,113
1352,4,4,,中等,健身,jiànshēn,动,113
1353,4,4,,中等,健身房,jiànshēnfáng,名,113
1354,4,4,,中等,建议,jiànyì,动、名,113
1355,4,4,,中等,江,jiāng,名,113
1356,4,4,,中等,将,jiāng,介、副,113
1357,4,4,,中等,将来,jiānglái,名,113
1358,4,4,,中等,将要,jiāngyào,副,113
1359,4（5）,4,5,中等,奖,jiǎng,名、（动）,113
1360,4,4,,中等,奖金,jiǎngjīn,名,113
1361,4,4,,中等,奖学金,jiǎngxuéjīn,名,114
1362,4,4,,中等,降,jiàng,动,114
1363,4,4,,中等,降低,jiàngdī,动,114
1364,4,4,,中等,降价,jiàngjià,动,114
1365,4,4,,中等,降落,jiàngluò,动,114
1366,4,4,,中等,降温,jiàngwēn,动,114
1367,4（7-9）,4,7-9,中等,交,jiāo,动、（名）,114
1368,4,4,,中等,骄傲,jiāo’ào,形、名,114
1369,4,4,,中等,交警,jiāojǐng,名,114
1370,4,4,,中等,交流,jiāoliú,动,114
1371,4,4,,中等,郊区,jiāoqū,名,114
1372,4,4,,中等,交通,jiāotōng,名,114
1373,4,4,,中等,教练,jiàoliàn,名,114
1374,4,4,,中等,教师,jiàoshī,名,114
1375,4,4,,中等,教授,jiàoshòu,名,114
1376,4,4,,中等,教学,jiàoxué,名,114
1377,4,4,,中等,教育,jiàoyù,名、动,114
1378,4,4,,中等,叫作,jiàozuò,动,114
1379,4,4,,中等,街道,jiēdào,名,114
1380,4,4,,中等,接受,jiēshòu,动,114
1381,4,4,,中等,接着,jiēzhe,动、副,114
1382,4,4,,中等,结果,jiéguǒ,名、连,114
1383,4,4,,中等,节假日,jiéjiàrì,名,114
1384,4,4,,中等,节约,jiéyuē,动,114
1385,4,4,,中等,结账,jiézhàng,动,114
1386,4,4,,中等,解释,jiěshì,动,114
1387,4,4,,中等,今后,jīnhòu,名,114
1388,4,4,,中等,仅,jǐn,副,114
1389,4,4,,中等,尽管,jǐnguǎn,副、连,114
1390,4,4,,中等,仅仅,jǐnjǐn,副,114
1391,4,4,,中等,紧张,jǐnzhāng,形,114
1392,4,4,,中等,进入,jìnrù,动,114
1393,4,4,,中等,进行,jìnxíng,动,114
1394,4,4,,中等,禁止,jìnzhǐ,动,114
1395,4,4,,中等,精彩,jīngcǎi,形,114
1396,4（5）,4,5,中等,经济,jīngjì,名、（形）,114
1397,4,4,,中等,京剧,jīngjù,名,114
1398,4,4,,中等,经历,jīnglì,动、名,114
1399,4,4,,中等,经验,jīngyàn,名,114
1400,4,4,,中等,警察,jǐngchá,名,114
1401,4,4,,中等,景点,jǐngdiǎn,名,115
1402,4,4,,中等,景区,jǐngqū,名,115
1403,4,4,,中等,景色,jǐngsè,名,115
1404,4,4,,中等,竟然,jìngrán,副,115
1405,4,4,,中等,竞争,jìngzhēng,动,115
1406,4,4,,中等,镜子,jìngzi,名,115
1407,4（5）,4,5,中等,究竟,jiūjìng,副、（名）,115
1408,4,4,,中等,就是,jiùshì,助、副、连,115
1409,4,4,,中等,举,jǔ,动,115
1410,4,4,,中等,举办,jǔbàn,动,115
1411,4,4,,中等,举例,jǔlì,动,115
1412,4,4,,中等,举行,jǔxíng,动,115
1413,4,4,,中等,聚,jù,动,115
1414,4,4,,中等,聚餐,jùcān,动,115
1415,4,4,,中等,聚会,jùhuì,动、名,115
1416,4,4,,中等,拒绝,jùjué,动,115
1417,4,4,,中等,距离,jùlí,动、名,115
1418,4,4,,中等,剧院,jùyuàn,名,115
1419,4,4,,中等,开玩笑,kāi wánxiào,,115
1420,4,4,,中等,看法,kànfǎ,名,115
1421,4,4,,中等,烤,kǎo,动,115
1422,4,4,,中等,考虑,kǎolǜ,动,115
1423,4,4,,中等,考生,kǎoshēng,名,115
1424,4,4,,中等,棵,kē,量,115
1425,4,4,,中等,科技,kējì,名,115
1426,4,4,,中等,科学,kēxué,名、形,115
1427,4,4,,中等,咳,ké,动,115
1428,4,4,,中等,咳嗽,késou,动,115
1429,4,4,,中等,可惜,kěxī,形,115
1430,4,4,,中等,克,kè,量,115
1431,4,4,,中等,课程,kèchéng,名,115
1432,4,4,,中等,客气,kèqi,形、动,115
1433,4,4,,中等,课堂,kètáng,名,115
1434,4,4,,中等,客厅,kètīng,名,115
1435,4,4,,中等,肯定,kěndìng,动、形、副,115
1436,4（5）,4,5,中等,空,kōng,形、（副）,115
1437,4,4,,中等,空气,kōngqì,名,115
1438,4,4,,中等,恐怕,kǒngpà,动、副,115
1439,4,4,,中等,空,kòng,动、形、名,115
1440,4,4,,中等,口语,kǒuyǔ,名,115
1441,4,4,,中等,苦,kǔ,形,116
1442,4,4,,中等,快餐,kuàicān,名,116
1443,4,4,,中等,快递,kuàidì,名,116
1444,4,4,,中等,快速,kuàisù,形,116
1445,4（5）,4,5,中等,困,kùn,形、（动）,116
1446,4,4,,中等,困难,kùnnan,形、名,116
1447,4,4,,中等,拉,lā,动,116
1448,4,4,,中等,垃圾,lājī,名,116
1449,4,4,,中等,辣,là,形,116
1450,4,4,,中等,来不及,láibují,动,116
1451,4,4,,中等,来得及,láidejí,动,116
1452,4,4,,中等,懒,lǎn,形,116
1453,4,4,,中等,浪费,làngfèi,动,116
1454,4,4,,中等,浪漫,làngmàn,形,116
1455,4,4,,中等,老虎,lǎohǔ,名,116
1456,4,4,,中等,老家,lǎojiā,名,116
1457,4,4,,中等,老年,lǎonián,名,116
1458,4,4,,中等,老是,lǎoshì,副,116
1459,4,4,,中等,冷静,lěngjìng,形,116
1460,4,4,,中等,理发,lǐfà,动,116
1461,4,4,,中等,理解,lǐjiě,动,116
1462,4,4,,中等,礼貌,lǐmào,名、形,116
1463,4,4,,中等,理想,lǐxiǎng,名、形,116
1464,4,4,,中等,厉害,lìhai,形,116
1465,4,4,,中等,力气,lìqi,名,116
1466,4,4,,中等,例如,lìrú,动,116
1467,4,4,,中等,例子,lìzi,名,116
1468,4,4,,中等,俩,liǎ,数量,116
1469,4（5）,4,5,中等,连,lián,介、（动、副）,116
1470,4,4,,中等,联系,liánxì,动,116
1471,4,4,,中等,凉,liáng,形,116
1472,4,4,,中等,量,liáng,动,116
1473,4,4,,中等,两2,liǎng,量,116
1474,4,4,,中等,亮,liàng,形、动,116
1475,4,4,,中等,列,liè,动、量,116
1476,4,4,,中等,零下,líng xià,,116
1477,4,4,,中等,零花钱,línghuāqián,名,116
1478,4,4,,中等,零钱,língqián,名,116
1479,4,4,,中等,零食,língshí,名,116
1480,4（6）,4,6,中等,另,lìng,代、（副）,116
1481,4,4,,中等,另外,lìngwài,代、副、连,117
1482,4,4,,中等,留,liú,动,117
1483,4,4,,中等,流,liú,动,117
1484,4,4,,中等,流利,liúlì,形,117
1485,4,4,,中等,留下,liúxia,动,117
1486,4,4,,中等,流行,liúxíng,动,117
1487,4,4,,中等,路过,lùguò,动,117
1488,4,4,,中等,旅馆,lǚguǎn,名,117
1489,4,4,,中等,旅客,lǚkè,名,117
1490,4,4,,中等,旅行,lǚxíng,动,117
1491,4,4,,中等,律师,lǜshī,名,117
1492,4,4,,中等,乱,luàn,形、副,117
1493,4,4,,中等,落,luò,动,117
1494,4,4,,中等,麻烦,máfan,形、动、名,117
1495,4,4,,中等,馒头,mántou,名,117
1496,4,4,,中等,满,mǎn,形、动,117
1497,4,4,,中等,毛巾,máojīn,名,117
1498,4,4,,中等,毛衣,máoyī,名,117
1499,4,4,,中等,帽子,màozi,名,117
1500,4,4,,中等,美,měi,形,117
1501,4,4,,中等,美好,měihǎo,形,117
1502,4,4,,中等,美景,měijǐng,名,117
1503,4,4,,中等,美丽,měilì,形,117
1504,4,4,,中等,美食,měishí,名,117
1505,4,4,,中等,梦,mèng,名、动,117
1506,4,4,,中等,梦想,mèngxiǎng,动、名,117
1507,4,4,,中等,密码,mìmǎ,名,117
1508,4,4,,中等,免费,miǎnfèi,动,117
1509,4,4,,中等,面对,miànduì,动,117
1510,4,4,,中等,面试,miànshì,动,117
1511,4,4,,中等,秒,miǎo,量,117
1512,4,4,,中等,民族,mínzú,名,117
1513,4,4,,中等,末,mò,名,117
1514,4,4,,中等,母女,mǔnǚ,名,117
1515,4,4,,中等,母亲,mǔqīn,名,117
1516,4,4,,中等,母子,mǔzǐ,名,117
1517,4,4,,中等,目标,mùbiāo,名,117
1518,4,4,,中等,目的,mùdì,名,117
1519,4,4,,中等,目的地,mùdìdì,名,117
1520,4,4,,中等,目前,mùqián,名,117
1521,4,4,,中等,耐心,nàixīn,形、名,118
1522,4,4,,中等,南部,nánbù,名,118
1523,4,4,,中等,难道,nándào,副,118
1524,4,4,,中等,男士,nánshì,名,118
1525,4,4,,中等,难受,nánshòu,形,118
1526,4,4,,中等,难忘,nánwàng,动,118
1527,4,4,,中等,男性,nánxìng,名,118
1528,4,4,,中等,内,nèi,名,118
1529,4,4,,中等,内容,nèiróng,名,118
1530,4,4,,中等,内心,nèixīn,名,118
1531,4,4,,中等,能否,néng fǒu,,118
1532,4,4,,中等,能够,nénggòu,动,118
1533,4,4,,中等,能力,nénglì,名,118
1534,4,4,,中等,嗯,ǹg,叹,118
1535,4,4,,中等,年底,niándǐ,名,118
1536,4,4,,中等,年龄,niánlíng,名,118
1537,4,4,,中等,农村,nóngcūn,名,118
1538,4,4,,中等,弄,nòng,动,118
1539,4,4,,中等,女性,nǚxìng,名,118
1540,4,4,,中等,暖和,nuǎnhuo,形、动,118
1541,4,4,,中等,偶尔,ǒu’ěr,副、形,118
1542,4,4,,中等,拍,pāi,动、名,118
1543,4,4,,中等,排,pái,动、名、量,118
1544,4,4,,中等,牌,pái,名,118
1545,4,4,,中等,排队,páiduì,动,118
1546,4,4,,中等,排球,páiqiú,名,118
1547,4,4,,中等,牌子,páizi,名,118
1548,4,4,,中等,判断,pànduàn,动,118
1549,4,4,,中等,陪,péi,动,118
1550,4,4,,中等,批评,pīpíng,动,118
1551,4,4,,中等,皮肤,pífū,名,118
1552,4,4,,中等,脾气,píqi,名,118
1553,4,4,,中等,皮鞋,píxié,名,118
1554,4,4,,中等,篇,piān,名、量,118
1555,4,4,,中等,片,piàn,名、量,118
1556,4,4,,中等,乒乓球,pīngpāngqiú,名,118
1557,4,4,,中等,平常,píngcháng,形、名,118
1558,4,4,,中等,破,pò,动、形,118
1559,4,4,,中等,葡萄,pútao,名,118
1560,4,4,,中等,葡萄酒,pútaojiǔ,名,118
1561,4,4,,中等,普遍,pǔbiàn,形,119
1562,4,4,,中等,普通,pǔtōng,形,119
1563,4,4,,中等,普通话,pǔtōnghuà,名,119
1564,4,4,,中等,期,qī,量,119
1565,4,4,,中等,期末,qīmò,名,119
1566,4,4,,中等,期中,qīzhōng,名,119
1567,4,4,,中等,其次,qícì,代,119
1568,4,4,,中等,其中,qízhōng,名,119
1569,4,4,,中等,起到,qǐdào,动,119
1570,4,4,,中等,气,qì,名、动,119
1571,4,4,,中等,气候,qìhòu,名,119
1572,4,4,,中等,汽水,qìshuǐ,名,119
1573,4,4,,中等,气温,qìwēn,名,119
1574,4,4,,中等,千克,qiānkè,量,119
1575,4,4,,中等,千万,qiānwàn,副,119
1576,4,4,,中等,签证,qiānzhèng,动、名,119
1577,4,4,,中等,前方,qiánfāng,名,119
1578,4,4,,中等,前后,qiánhòu,名,119
1579,4,4,,中等,强,qiáng,形,119
1580,4,4,,中等,敲,qiāo,动,119
1581,4,4,,中等,桥,qiáo,名,119
1582,4,4,,中等,巧,qiǎo,形,119
1583,4,4,,中等,巧克力,qiǎokèlì,名,119
1584,4,4,,中等,亲戚,qīnqi,名,119
1585,4,4,,中等,琴,qín,名,119
1586,4,4,,中等,轻,qīng,形,119
1587,4,4,,中等,青年,qīngnián,名,119
1588,4,4,,中等,轻松,qīngsōng,形,119
1589,4,4,,中等,情况,qíngkuàng,名,119
1590,4,4,,中等,庆祝,qìngzhù,动,119
1591,4,4,,中等,球队,qiúduì,名,119
1592,4,4,,中等,球迷,qiúmí,名,119
1593,4,4,,中等,区,qū,名,119
1594,4,4,,中等,区别,qūbié,动、名,119
1595,4,4,,中等,取,qǔ,动,119
1596,4,4,,中等,取得,qǔdé,动,119
1597,4,4,,中等,取消,qǔxiāo,动,119
1598,4,4,,中等,全,quán,形、副,119
1599,4,4,,中等,全部,quánbù,名,119
1600,4,4,,中等,全都,quándōu,副,119
1601,4,4,,中等,全球,quánqiú,名,120
1602,4,4,,中等,全身,quánshēn,名,120
1603,4,4,,中等,缺,quē,动,120
1604,4,4,,中等,缺点,quēdiǎn,名,120
1605,4,4,,中等,缺少,quēshǎo,动,120
1606,4,4,,中等,却,què,副,120
1607,4,4,,中等,确实,quèshí,副,120
1608,4,4,,中等,然而,rán’ér,连,120
1609,4,4,,中等,热闹,rènao,形、动、名,120
1610,4,4,,中等,人生,rénshēng,名,120
1611,4,4,,中等,人数,rénshù,名,120
1612,4,4,,中等,人员,rényuán,名,120
1613,4,4,,中等,任何,rènhé,代,120
1614,4,4,,中等,任务,rènwu,名,120
1615,4,4,,中等,扔,rēng,动,120
1616,4,4,,中等,仍,réng,副,120
1617,4,4,,中等,仍然,réngrán,副,120
1618,4,4,,中等,日常,rìcháng,形,120
1619,4,4,,中等,日记,rìjì,名,120
1620,4,4,,中等,日期,rìqī,名,120
1621,4,4,,中等,日子,rìzi,名,120
1622,4,4,,中等,入,rù,动,120
1623,4,4,,中等,入口,rùkǒu,名,120
1624,4,4,,中等,入学,rùxué,动,120
1625,4,4,,中等,入住,rùzhù,动,120
1626,4,4,,中等,散步,sànbù,动,120
1627,4,4,,中等,扫码,sǎomǎ,动,120
1628,4,4,,中等,森林,sēnlín,名,120
1629,4,4,,中等,商量,shāngliang,动,120
1630,4,4,,中等,商品,shāngpǐn,名,120
1631,4,4,,中等,伤心,shāngxīn,形,120
1632,4,4,,中等,上门,shàngmén,动,120
1633,4,4,,中等,稍,shāo,副,120
1634,4,4,,中等,稍微,shāowēi,副,120
1635,4,4,,中等,少见,shǎojiàn,形,120
1636,4,4,,中等,少量,shǎoliàng,形,120
1637,4,4,,中等,少数,shǎoshù,名,120
1638,4,4,,中等,少年,shàonián,名,120
1639,4,4,,中等,社会,shèhuì,名,120
1640,4,4,,中等,摄氏度,shèshìdù,量,120
1641,4,4,,中等,身,shēn,名、量,121
1642,4（5）,4,5,中等,深,shēn,形、（副）,121
1643,4,4,,中等,身份证,shēnfènzhèng,名,121
1644,4,4,,中等,申请,shēnqǐng,动,121
1645,4,4,,中等,甚至,shènzhì,连,121
1646,4,4,,中等,生1,shēng,动,121
1647,4（7-9）,4,7-9,中等,生2,shēng,形、（副）,121
1648,4,4,,中等,生命,shēngmìng,名,121
1649,4,4,,中等,生意,shēngyi,名,121
1650,4,4,,中等,省1,shěng,名,121
1651,4,4,,中等,剩,shèng,动,121
1652,4,4,,中等,失败,shībài,动、形,121
1653,4,4,,中等,师傅,shīfu,名,121
1654,4,4,,中等,失去,shīqù,动,121
1655,4,4,,中等,师生,shīshēng,名,121
1656,4,4,,中等,失望,shīwàng,动、形,121
1657,4,4,,中等,十分,shífēn,副,121
1658,4,4,,中等,实际,shíjì,名、形,121
1659,4,4,,中等,时间表,shíjiānbiǎo,名,121
1660,4,4,,中等,实际上,shíjìshàng,副,121
1661,4,4,,中等,食品,shípǐn,名,121
1662,4,4,,中等,食堂,shítáng,名,121
1663,4,4,,中等,食物,shíwù,名,121
1664,4,4,,中等,实在,shízài,形、副,121
1665,4,4,,中等,十字路口,shízì lùkǒu,,121
1666,4,4,,中等,使,shǐ,动,121
1667,4,4,,中等,使馆,shǐguǎn,名,121
1668,4,4,,中等,使用,shǐyòng,动,121
1669,4,4,,中等,市场,shìchǎng,名,121
1670,4,4,,中等,是否,shìfǒu,副,121
1671,4,4,,中等,适合,shìhé,动,121
1672,4,4,,中等,世纪,shìjì,名,121
1673,4,4,,中等,视频,shìpín,名,121
1674,4,4,,中等,市区,shìqū,名,121
1675,4,4,,中等,试题,shìtí,名,121
1676,4,4,,中等,适应,shìyìng,动,121
1677,4,4,,中等,收费,shōufèi,动,121
1678,4,4,,中等,收入,shōurù,动、名,121
1679,4,4,,中等,收拾,shōushi,动,121
1680,4,4,,中等,收听,shōutīng,动,121
1681,4,4,,中等,首,shǒu,量,122
1682,4,4,,中等,首都,shǒudū,名,122
1683,4,4,,中等,首先,shǒuxiān,副、代,122
1684,4,4,,中等,受不了,shòubuliǎo,动,122
1685,4,4,,中等,售票员,shòupiàoyuán,名,122
1686,4,4,,中等,受伤,shòushāng,动,122
1687,4,4,,中等,输,shū,动,122
1688,4,4,,中等,熟,shú/shóu,形,122
1689,4,4,,中等,熟悉,shúxi,动,122
1690,4,4,,中等,暑假,shǔjià,名,122
1691,4,4,,中等,数,shù,名、数,122
1692,4,4,,中等,数量,shùliàng,名,122
1693,4,4,,中等,树林,shùlín,名,122
1694,4,4,,中等,数字,shùzì,名,122
1695,4,4,,中等,帅,shuài,形,122
1696,4,4,,中等,顺便,shùnbiàn,副,122
1697,4,4,,中等,顺利,shùnlì,形,122
1698,4,4,,中等,顺序,shùnxù,名,122
1699,4,4,,中等,说法,shuōfǎ,名,122
1700,4,4,,中等,说明,shuōmíng,动、名,122
1701,4,4,,中等,说明书,shuōmíngshū,名,122
1702,4,4,,中等,硕士,shuòshì,名,122
1703,4（5）,4,5,中等,死,sǐ,动、形、（副）,122
1704,4,4,,中等,速度,sùdù,名,122
1705,4,4,,中等,塑料,sùliào,名,122
1706,4,4,,中等,酸,suān,形,122
1707,4,4,,中等,酸奶,suānnǎi,名,122
1708,4,4,,中等,算,suàn,动、副,122
1709,4,4,,中等,随便,suíbiàn,动、形、连,122
1710,4,4,,中等,随着,suízhe,介,122
1711,4,4,,中等,孙女,sūnnǚ,名,122
1712,4,4,,中等,孙子,sūnzi,名,122
1713,4（5）,4,5,中等,所有,suǒyǒu,形、（动、名）,122
1714,4（5）,4,5,中等,台,tái,量、（名）,122
1715,4,4,,中等,抬,tái,动,122
1716,4,4,,中等,抬头,táitóu,动,122
1717,4,4,,中等,态度,tàidù,名,122
1718,4,4,,中等,弹,tán,动,122
1719,4,4,,中等,谈,tán,动,122
1720,4,4,,中等,汤,tāng,名,122
1721,4,4,,中等,躺,tǎng,动,123
1722,4,4,,中等,趟,tàng,量,123
1723,4,4,,中等,讨论,tǎolùn,动,123
1724,4,4,,中等,讨厌,tǎoyàn,形、动,123
1725,4,4,,中等,特点,tèdiǎn,名,123
1726,4,4,,中等,提,tí,动,123
1727,4,4,,中等,提出,tíchū,动,123
1728,4,4,,中等,提到,tídào,动,123
1729,4,4,,中等,提供,tígōng,动,123
1730,4,4,,中等,提前,tíqián,动,123
1731,4,4,,中等,提醒,tíxǐng,动,123
1732,4,4,,中等,体检,tǐjiǎn,动,123
1733,4,4,,中等,体温,tǐwēn,名,123
1734,4,4,,中等,体重,tǐzhòng,名,123
1735,4,4,,中等,填写,tiánxiě,动,123
1736,4,4,,中等,条件,tiáojiàn,名,123
1737,4,4,,中等,听力,tīnglì,名,123
1738,4,4,,中等,听众,tīngzhòng,名,123
1739,4,4,,中等,停,tíng,动,123
1740,4,4,,中等,停车,tíngchē,动,123
1741,4,4,,中等,停车场,tíngchēchǎng,名,123
1742,4,4,,中等,停止,tíngzhǐ,动,123
1743,4（7-9）,4,7-9,中等,通,tōng,动、形、（量）,123
1744,4,4,,中等,通过,tōngguò,动、介,123
1745,4,4,,中等,通知,tōngzhī,动、名,123
1746,4,4,,中等,童年,tóngnián,名,123
1747,4,4,,中等,同时,tóngshí,名、连,123
1748,4,4,,中等,同样,tóngyàng,形,123
1749,4,4,,中等,桶,tǒng,名,123
1750,4（7-9）,4,7-9,中等,痛,tòng,形、（副）,123
1751,4,4,,中等,头痛,tóutòng,形,123
1752,4（7-9）,4,7-9,中等,图,tú,名、（动）,123
1753,4,4,,中等,图片,túpiàn,名,123
1754,4（6）,4,6,中等,土,tǔ,名、（形）,123
1755,4,4,,中等,推,tuī,动,123
1756,4,4,,中等,推迟,tuīchí,动,123
1757,4,4,,中等,推出,tuīchū,动,123
1758,4,4,,中等,脱,tuō,动,123
1759,4,4,,中等,袜子,wàzi,名,123
1760,4,4,,中等,外出,wàichū,动,123
1761,4,4,,中等,外套,wàitào,名,124
1762,4,4,,中等,完全,wánquán,形、副,124
1763,4,4,,中等,晚安,wǎn’ān,动,124
1764,4,4,,中等,晚餐,wǎncān,名,124
1765,4,4,,中等,网购,wǎnggòu,动,124
1766,4,4,,中等,往往,wǎngwǎng,副,124
1767,4,4,,中等,网页,wǎngyè,名,124
1768,4,4,,中等,网友,wǎngyǒu,名,124
1769,4,4,,中等,网址,wǎngzhǐ,名,124
1770,4,4,,中等,危险,wēixiǎn,形、名,124
1771,4,4,,中等,为1,wéi,动,124
1772,4,4,,中等,味,wèi,名,124
1773,4,4,,中等,味道,wèidào,名,124
1774,4,4,,中等,卫生,wèishēng,形、名,124
1775,4,4,,中等,温度,wēndù,名,124
1776,4,4,,中等,闻,wén,动,124
1777,4,4,,中等,文件,wénjiàn,名,124
1778,4,4,,中等,文章,wénzhāng,名,124
1779,4,4,,中等,文字,wénzì,名,124
1780,4,4,,中等,污染,wūrǎn,动,124
1781,4,4,,中等,无,wú,动,124
1782,4,4,,中等,无法,wúfǎ,动,124
1783,4,4,,中等,无聊,wúliáo,形,124
1784,4,4,,中等,无论,wúlùn,连,124
1785,4,4,,中等,午餐,wǔcān,名,124
1786,4,4,,中等,误会,wùhuì,动、名,124
1787,4,4,,中等,吸,xī,动,124
1788,4,4,,中等,西部,xībù,名,124
1789,4,4,,中等,西红柿,xīhóngshì,名,124
1790,4,4,,中等,吸引,xīyǐn,动,124
1791,4,4,,中等,细,xì,形,124
1792,4,4,,中等,细心,xìxīn,形,124
1793,4,4,,中等,下降,xiàjiàng,动,124
1794,4,4,,中等,鲜,xiān,形,124
1795,4,4,,中等,鲜花,xiānhuā,名,124
1796,4,4,,中等,咸,xián,形,124
1797,4,4,,中等,现金,xiànjīn,名,124
1798,4,4,,中等,羡慕,xiànmù,动,124
1799,4,4,,中等,线上,xiànshàng,名,124
1800,4,4,,中等,线下,xiànxià,名,124
1801,4,4,,中等,现有,xiànyǒu,动、形,125
1802,4,4,,中等,香,xiāng,形,125
1803,4,4,,中等,相比,xiāngbǐ,动,125
1804,4,4,,中等,相反,xiāngfǎn,形、连,125
1805,4,4,,中等,相互,xiānghù,副,125
1806,4,4,,中等,相同,xiāngtóng,形,125
1807,4,4,,中等,详细,xiángxì,形,125
1808,4,4,,中等,响,xiǎng,动、形,125
1809,4,4,,中等,想法,xiǎngfǎ,名,125
1810,4,4,,中等,项,xiàng,量,125
1811,4,4,,中等,消息,xiāoxi,名,125
1812,4,4,,中等,小吃,xiǎochī,名,125
1813,4,4,,中等,小伙子,xiǎohuǒzi,名,125
1814,4,4,,中等,小说,xiǎoshuō,名,125
1815,4,4,,中等,小组,xiǎozǔ,名,125
1816,4,4,,中等,效果,xiàoguǒ,名,125
1817,4,4,,中等,笑话,xiàohua,名、动,125
1818,4,4,,中等,血,xiě,名,125
1819,4,4,,中等,心,xīn,名,125
1820,4,4,,中等,辛苦,xīnkǔ,形、动,125
1821,4,4,,中等,心情,xīnqíng,名,125
1822,4,4,,中等,信号,xìnhào,名,125
1823,4,4,,中等,信息,xìnxī,名,125
1824,4,4,,中等,信心,xìnxīn,名,125
1825,4,4,,中等,兴奋,xīngfèn,形、动,125
1826,4,4,,中等,星星,xīngxing,名,125
1827,4,4,,中等,醒,xǐng,动,125
1828,4,4,,中等,性,xìng,后缀,125
1829,4,4,,中等,性别,xìngbié,名,125
1830,4,4,,中等,幸福,xìngfú,名、形,125
1831,4,4,,中等,性格,xìnggé,名,125
1832,4,4,,中等,兄弟,xiōngdì,名,125
1833,4,4,,中等,熊,xióng,名,125
1834,4,4,,中等,修,xiū,动,125
1835,4,4,,中等,修理,xiūlǐ,动,125
1836,4,4,,中等,许多,xǔduō,数,125
1837,4,4,,中等,学费,xuéfèi,名,125
1838,4,4,,中等,学院,xuéyuàn,名,125
1839,4,4,,中等,压,yā,动,125
1840,4,4,,中等,压力,yālì,名,125
1841,4,4,,中等,牙膏,yágāo,名,126
1842,4,4,,中等,亚洲,Yàzhōu,名,126
1843,4,4,,中等,烟,yān,名,126
1844,4,4,,中等,盐,yán,名,126
1845,4,4,,中等,严格,yángé,形、动,126
1846,4,4,,中等,研究,yánjiū,动,126
1847,4,4,,中等,研究生,yánjiūshēng,名,126
1848,4,4,,中等,严重,yánzhòng,形,126
1849,4,4,,中等,演,yǎn,动,126
1850,4,4,,中等,演唱,yǎnchàng,动,126
1851,4,4,,中等,演出,yǎnchū,动,126
1852,4,4,,中等,眼镜,yǎnjìng,名,126
1853,4,4,,中等,眼前,yǎnqián,名,126
1854,4,4,,中等,演员,yǎnyuán,名,126
1855,4,4,,中等,阳光,yángguāng,名,126
1856,4,4,,中等,养成,yǎngchéng,动,126
1857,4,4,,中等,样子,yàngzi,名,126
1858,4,4,,中等,邀请,yāoqǐng,动,126
1859,4,4,,中等,要是,yàoshi,连,126
1860,4,4,,中等,钥匙,yàoshi,名,126
1861,4,4,,中等,也许,yěxǔ,副,126
1862,4,4,,中等,夜,yè,名、量,126
1863,4,4,,中等,夜晚,yèwǎn,名,126
1864,4,4,,中等,叶子,yèzi,名,126
1865,4,4,,中等,一切,yíqiè,代,126
1866,4,4,,中等,已,yǐ,副,126
1867,4,4,,中等,以内,yǐnèi,名,126
1868,4,4,,中等,意见,yìjiàn,名,126
1869,4,4,,中等,一生,yìshēng,名,126
1870,4,4,,中等,艺术,yìshù,名,126
1871,4,4,,中等,因此,yīncǐ,连,126
1872,4,4,,中等,引起,yǐnqǐ,动,126
1873,4,4,,中等,印象,yìnxiàng,名,126
1874,4,4,,中等,赢,yíng,动,126
1875,4,4,,中等,赢得,yíngdé,动,126
1876,4,4,,中等,应聘,yìngpìn,动,126
1877,4,4,,中等,勇敢,yǒnggǎn,形,126
1878,4,4,,中等,永远,yǒngyuǎn,副、名,126
1879,4,4,,中等,用来,yònglái,动,126
1880,4,4,,中等,用于,yòngyú,动,126
1881,4,4,,中等,优点,yōudiǎn,名,127
1882,4,4,,中等,幽默,yōumò,形,127
1883,4,4,,中等,优秀,yōuxiù,形,127
1884,4,4,,中等,由,yóu,介,127
1885,4,4,,中等,油,yóu,名,127
1886,4,4,,中等,尤其,yóuqí,副,127
1887,4,4,,中等,游玩,yóuwán,动,127
1888,4,4,,中等,由于,yóuyú,介、连,127
1889,4,4,,中等,友好,yǒuhǎo,形,127
1890,4,4,,中等,友情,yǒuqíng,名,127
1891,4,4,,中等,有趣,yǒuqù,形,127
1892,4,4,,中等,有效,yǒuxiào,动,127
1893,4,4,,中等,友谊,yǒuyì,名,127
1894,4,4,,中等,有着,yǒuzhe,动,127
1895,4,4,,中等,愉快,yúkuài,形,127
1896,4,4,,中等,于是,yúshì,连,127
1897,4,4,,中等,与,yǔ,介、连,127
1898,4,4,,中等,语法,yǔfǎ,名,127
1899,4,4,,中等,预习,yùxí,动,127
1900,4,4,,中等,原来,yuánlái,名、形、副,127
1901,4,4,,中等,原谅,yuánliàng,动,127
1902,4,4,,中等,原因,yuányīn,名,127
1903,4,4,,中等,远离,yuǎnlí,动,127
1904,4,4,,中等,院长,yuànzhǎng,名,127
1905,4,4,,中等,院子,yuànzi,名,127
1906,4,4,,中等,约,yuē,动、副,127
1907,4,4,,中等,约会,yuēhuì,动、名,127
1908,4,4,,中等,月饼,yuèbing,名,127
1909,4,4,,中等,阅读,yuèdú,动,127
1910,4,4,,中等,月份,yuèfèn,名,127
1911,4,4,,中等,云,yún,名,127
1912,4,4,,中等,允许,yǔnxǔ,动,127
1913,4,4,,中等,杂志,zázhì,名,127
1914,4,4,,中等,再次,zàicì,副,127
1915,4,4,,中等,再说,zàishuō,动、连,127
1916,4,4,,中等,暂时,zànshí,形,127
1917,4,4,,中等,暂停,zàntíng,动,127
1918,4,4,,中等,早餐,zǎocān,名,127
1919,4,4,,中等,早晨,zǎochen,名,127
1920,4,4,,中等,责任,zérèn,名,127
1921,4,4,,中等,增加,zēngjiā,动,128
1922,4,4,,中等,增长,zēngzhǎng,动,128
1923,4,4,,中等,招聘,zhāopìn,动,128
1924,4,4,,中等,着,zháo,动,128
1925,4,4,,中等,着火,zháohuǒ,动,128
1926,4,4,,中等,者,zhě,助,128
1927,4,4,,中等,真正,zhēnzhèng,形、副,128
1928,4,4,,中等,整,zhěng,形,128
1929,4,4,,中等,整个,zhěnggè,形,128
1930,4,4,,中等,整理,zhěnglǐ,动,128
1931,4,4,,中等,证,zhèng,名,128
1932,4,4,,中等,正常,zhèngcháng,形,128
1933,4,4,,中等,正好,zhènghǎo,形、副,128
1934,4,4,,中等,证件,zhèngjiàn,名,128
1935,4,4,,中等,证明,zhèngmíng,动、名,128
1936,4,4,,中等,正确,zhèngquè,形,128
1937,4,4,,中等,正式,zhèngshì,形,128
1938,4,4,,中等,之1,zhī,助,128
1939,4,4,,中等,支持,zhīchí,动,128
1940,4,4,,中等,支付,zhīfù,动,128
1941,4,4,,中等,之后,zhīhòu,名,128
1942,4,4,,中等,之间,zhījiān,名,128
1943,4,4,,中等,之前,zhīqián,名,128
1944,4,4,,中等,知识,zhīshi,名,128
1945,4,4,,中等,之中,zhīzhōng,名,128
1946,4,4,,中等,值,zhí,动、形,128
1947,4,4,,中等,值得,zhídé,动,128
1948,4,4,,中等,直接,zhíjiē,形,128
1949,4,4,,中等,植物,zhíwù,名,128
1950,4,4,,中等,职业,zhíyè,名,128
1951,4,4,,中等,指,zhǐ,动,128
1952,4,4,,中等,指出,zhǐchū,动,128
1953,4,4,,中等,只好,zhǐhǎo,副,128
1954,4,4,,中等,纸巾,zhǐjīn,名,128
1955,4,4,,中等,质量,zhìliàng,名,128
1956,4,4,,中等,至少,zhìshǎo,副,128
1957,4,4,,中等,中餐,zhōngcān,名,128
1958,4,4,,中等,中年,zhōngnián,名,128
1959,4,4,,中等,种,zhòng,动,128
1960,4,4,,中等,重,zhòng,名、形,128
1961,4,4,,中等,重点,zhòngdiǎn,名、副,129
1962,4,4,,中等,重视,zhòngshì,动,129
1963,4,4,,中等,周围,zhōuwéi,名,129
1964,4,4,,中等,主意,zhǔyi,名,129
1965,4,4,,中等,祝,zhù,动,129
1966,4,4,,中等,祝贺,zhùhè,动,129
1967,4,4,,中等,著名,zhùmíng,形,129
1968,4,4,,中等,专门,zhuānmén,副、形,129
1969,4,4,,中等,专业,zhuānyè,名、形,129
1970,4,4,,中等,转,zhuǎn,动,129
1971,4,4,,中等,转发,zhuǎnfā,动,129
1972,4,4,,中等,转机1,zhuǎnjī,动,129
1973,4,4,,中等,赚,zhuàn,动,129
1974,4,4,,中等,装,zhuāng,动,129
1975,4（5）,4,5,中等,准,zhǔn,形、（副）,129
1976,4,4,,中等,准确,zhǔnquè,形,129
1977,4,4,,中等,准时,zhǔnshí,形,129
1978,4,4,,中等,资料,zīliào,名,129
1979,4,4,,中等,仔细,zǐxì,形,129
1980,4,4,,中等,自,zì,介,129
1981,4,4,,中等,自然,zìrán,名、形、副,129
1982,4,4,,中等,自习,zìxí,动,129
1983,4,4,,中等,自信,zìxìn,动、名、形,129
1984,4,4,,中等,自学,zìxué,动,129
1985,4,4,,中等,总结,zǒngjié,动、名,129
1986,4,4,,中等,租,zū,动,129
1987,4（5）,4,5,中等,组,zǔ,名、（动、量）,129
1988,4,4,,中等,最终,zuìzhōng,名,129
1989,4,4,,中等,尊重,zūnzhòng,动、形,129
1990,4（7-9）,4,7-9,中等,左右,zuǒyòu,名、（动）,129
1991,4,4,,中等,座,zuò,名、量,129
1992,4,4,,中等,做法,zuòfǎ,名,129
1993,4,4,,中等,作家,zuòjiā,名,129
1994,4,4,,中等,做梦,zuòmèng,动,129
1995,4,4,,中等,作品,zuòpǐn,名,129
1996,4,4,,中等,作为1,zuòwéi,动、介,129
1997,4,4,,中等,座位,zuòwèi,名,129
1998,4,4,,中等,作文,zuòwén,动、名,129
1999,4（6）,4,6,中等,作用,zuòyòng,名、（动）,129
2000,4,4,,中等,作者,zuòzhě,名,129
2001,5,5,,中等,哎,āi,叹,130
2002,5,5,,中等,哎呀,āiyā,叹,130
2003,5,5,,中等,唉,ài,叹,130
2004,5,5,,中等,爱护,àihù,动,130
2005,5,5,,中等,安,ān,形、动,130
2006,5,5,,中等,安全带,ānquándài,名,130
2007,5,5,,中等,安慰,ānwèi,动、形,130
2008,5,5,,中等,安装,ānzhuāng,动,130
2009,5,5,,中等,暗,àn,形,130
2010,5,5,,中等,熬夜,áoyè,动,130
2011,5,5,,中等,把握,bǎwò,动、名,130
2012,5,5,,中等,白,bái,形、副,130
2013,5,5,,中等,半夜,bànyè,数量、名,130
2014,5,5,,中等,傍晚,bàngwǎn,名,130
2015,5,5,,中等,包裹,bāoguǒ,动、名,130
2016,5,5,,中等,包含,bāohán,动,130
2017,5,5,,中等,包括,bāokuò,动,130
2018,5,5,,中等,包装,bāozhuāng,动、名,130
2019,5,5,,中等,薄,báo,形,130
2020,5,5,,中等,宝,bǎo,名,130
2021,5,5,,中等,保,bǎo,动、名,130
2022,5,5,,中等,保安,bǎo’ān,动、名,130
2023,5,5,,中等,宝贝,bǎobèi,名,130
2024,5,5,,中等,保持,bǎochí,动,130
2025,5,5,,中等,保存,bǎocún,动,130
2026,5,5,,中等,宝贵,bǎoguì,形,130
2027,5,5,,中等,保留,bǎoliú,动,130
2028,5,5,,中等,保险,bǎoxiǎn,名、形,130
2029,5,5,,中等,保质期,bǎozhìqī,名,130
2030,5,5,,中等,报到,bàodào,动,130
2031,5,5,,中等,报道,bàodào,动、名,130
2032,5,5,,中等,报告,bàogào,动、名,130
2033,5,5,,中等,报警,bàojǐng,动,130
2034,5,5,,中等,暴雨,bàoyǔ,名,130
2035,5,5,,中等,抱怨,bàoyuàn,动,130
2036,5,5,,中等,背,bèi,名、动、形,130
2037,5,5,,中等,背后,bèihòu,名,130
2038,5,5,,中等,背景,bèijǐng,名,130
2039,5,5,,中等,被子,bèizi,名,130
2040,5,5,,中等,本2,běn,副、代,130
2041,5,5,,中等,本地,běndì,名,131
2042,5,5,,中等,本领,běnlǐng,名,131
2043,5,5,,中等,本人,běnrén,代,131
2044,5,5,,中等,本质,běnzhì,名,131
2045,5,5,,中等,彼此,bǐcǐ,代,131
2046,5,5,,中等,比分,bǐfēn,名,131
2047,5,5,,中等,比例,bǐlì,名,131
2048,5,5,,中等,比喻,bǐyù,动、名,131
2049,5,5,,中等,必,bì,副,131
2050,5,5,,中等,毕竟,bìjìng,副,131
2051,5,5,,中等,避免,bìmiǎn,动,131
2052,5,5,,中等,闭幕式,bìmùshì,名,131
2053,5,5,,中等,必然,bìrán,形、名,131
2054,5,5,,中等,必需,bìxū,动,131
2055,5,5,,中等,必要,bìyào,形,131
2056,5,5,,中等,便,biàn,副,131
2057,5,5,,中等,变动,biàndòng,动,131
2058,5,5,,中等,便利,biànlì,形、动,131
2059,5,5,,中等,便利店,biànlìdiàn,名,131
2060,5,5,,中等,标题,biāotí,名,131
2061,5,5,,中等,标志,biāozhì,名、动,131
2062,5,5,,中等,表达,biǎodá,动,131
2063,5,5,,中等,表面,biǎomiàn,名,131
2064,5,5,,中等,表明,biǎomíng,动,131
2065,5,5,,中等,表情,biǎoqíng,名,131
2066,5,5,,中等,别2,bié,动,131
2067,5,5,,中等,饼,bǐng,名,131
2068,5,5,,中等,病房,bìngfáng,名,131
2069,5,5,,中等,病情,bìngqíng,名,131
2070,5,5,,中等,拨打,bōdǎ,动,131
2071,5,5,,中等,玻璃,bōli,名,131
2072,5,5,,中等,博物馆,bówùguǎn,名,131
2073,5,5,,中等,不利,búlì,形,131
2074,5,5,,中等,不幸,búxìng,形、名,131
2075,5,5,,中等,不要紧,búyàojǐn,形,131
2076,5,5,,中等,补充,bǔchōng,动,131
2077,5,5,,中等,不得了,bùdéliǎo,形,131
2078,5,5,,中等,不符,bùfú,动,131
2079,5,5,,中等,不良,bùliáng,形,131
2080,5（7-9）,5,7-9,中等,不然,bùrán,连、（形）,131
2081,5,5,,中等,步行,bùxíng,动,132
2082,5,5,,中等,不足,bùzú,动、名,132
2083,5,5,,中等,才2,cái,名,132
2084,5,5,,中等,裁判,cáipàn,动、名,132
2085,5,5,,中等,采访,cǎifǎng,动,132
2086,5,5,,中等,采取,cǎiqǔ,动,132
2087,5,5,,中等,彩色,cǎisè,名,132
2088,5,5,,中等,采用,cǎiyòng,动,132
2089,5,5,,中等,参考,cānkǎo,动,132
2090,5,5,,中等,餐饮,cānyǐn,名,132
2091,5,5,,中等,参与,cānyù,动,132
2092,5,5,,中等,藏,cáng,动,132
2093,5,5,,中等,操作,cāozuò,动,132
2094,5,5,,中等,册,cè,量,132
2095,5,5,,中等,测,cè,动,132
2096,5,5,,中等,测试,cèshì,动,132
2097,5,5,,中等,曾,céng,副,132
2098,5,5,,中等,曾经,céngjīng,副,132
2099,5,5,,中等,插,chā,动,132
2100,5,5,,中等,差别,chābié,名,132
2101,5,5,,中等,差距,chājù,名,132
2102,5,5,,中等,叉子,chāzi,名,132
2103,5,5,,中等,拆,chāi,动,132
2104,5,5,,中等,产,chǎn,动,132
2105,5,5,,中等,产量,chǎnliàng,名,132
2106,5,5,,中等,产品,chǎnpǐn,名,132
2107,5,5,,中等,产业,chǎnyè,名,132
2108,5,5,,中等,长处,chángchù,名,132
2109,5,5,,中等,长度,chángdù,名,132
2110,5,5,,中等,长久,chángjiǔ,形,132
2111,5,5,,中等,长期,chángqī,名、形,132
2112,5,5,,中等,常识,chángshí,名,132
2113,5,5,,中等,尝试,chángshì,动,132
2114,5,5,,中等,长途,chángtú,形,132
2115,5,5,,中等,长远,chángyuǎn,形,132
2116,5,5,,中等,场所,chǎngsuǒ,名,132
2117,5,5,,中等,超,chāo,动,132
2118,5,5,,中等,超出,chāochū,动,132
2119,5,5,,中等,超级,chāojí,形,132
2120,5,5,,中等,超速,chāosù,动,132
2121,5,5,,中等,朝,cháo,动、介,133
2122,5,5,,中等,吵,chǎo,形、动,133
2123,5,5,,中等,炒,chǎo,动,133
2124,5,5,,中等,车祸,chēhuò,名,133
2125,5,5,,中等,车库,chēkù,名,133
2126,5,5,,中等,车辆,chēliàng,名,133
2127,5,5,,中等,车厢,chēxiāng,名,133
2128,5,5,,中等,车主,chēzhǔ,名,133
2129,5,5,,中等,彻底,chèdǐ,形,133
2130,5,5,,中等,沉,chén,动、形,133
2131,5,5,,中等,沉默,chénmò,动,133
2132,5,5,,中等,称1,chēng,动,133
2133,5,5,,中等,称2,chēng,动,133
2134,5,5,,中等,称为,chēngwéi,动,133
2135,5,5,,中等,称赞,chēngzàn,动,133
2136,5,5,,中等,成本,chéngběn,名,133
2137,5,5,,中等,承担,chéngdān,动,133
2138,5,5,,中等,程度,chéngdù,名,133
2139,5,5,,中等,成分,chéngfèn,名,133
2140,5,5,,中等,成果,chéngguǒ,名,133
2141,5,5,,中等,成就,chéngjiù,名、动,133
2142,5,5,,中等,成立,chénglì,动,133
2143,5,5,,中等,成年1,chéngnián,动,133
2144,5,5,,中等,城区,chéngqū,名,133
2145,5,5,,中等,成人,chéngrén,动、名,133
2146,5,5,,中等,承认,chéngrèn,动,133
2147,5,5,,中等,承受,chéngshòu,动,133
2148,5,5,,中等,成熟,chéngshú,动、形,133
2149,5,5,,中等,乘务员,chéngwùyuán,名,133
2150,5,5,,中等,程序,chéngxù,名,133
2151,5,5,,中等,成员,chéngyuán,名,133
2152,5,5,,中等,成长,chéngzhǎng,动,133
2153,5,5,,中等,橙子,chéngzi,名,133
2154,5,5,,中等,池,chí,名,133
2155,5,5,,中等,持续,chíxù,动,133
2156,5,5,,中等,尺子,chǐzi,名,133
2157,5,5,,中等,翅膀,chìbǎng,名,133
2158,5,5,,中等,冲,chōng,动,133
2159,5,5,,中等,充电,chōngdiàn,动,133
2160,5,5,,中等,充分,chōngfèn,形,133
2161,5,5,,中等,充满,chōngmǎn,动,134
2162,5,5,,中等,充值,chōngzhí,动,134
2163,5,5,,中等,充足,chōngzú,形,134
2164,5,5,,中等,重复,chóngfù,动,134
2165,5,5,,中等,虫子,chóngzi,名,134
2166,5,5,,中等,宠物,chǒngwù,名,134
2167,5,5,,中等,抽,chōu,动,134
2168,5,5,,中等,丑,chǒu,形,134
2169,5,5,,中等,臭,chòu,形,134
2170,5,5,,中等,初,chū,名、副、前缀,134
2171,5,5,,中等,出版,chūbǎn,动,134
2172,5,5,,中等,初级,chūjí,形,134
2173,5,5,,中等,初期,chūqī,名,134
2174,5,5,,中等,出色,chūsè,形,134
2175,5,5,,中等,出售,chūshòu,动,134
2176,5,5,,中等,出席,chūxí,动,134
2177,5,5,,中等,出自,chūzì,动,134
2178,5,5,,中等,除夕,chúxī,名,134
2179,5,5,,中等,处,chǔ,动,134
2180,5,5,,中等,处理,chǔlǐ,动,134
2181,5,5,,中等,处于,chǔyú,动,134
2182,5,5,,中等,处,chù,名,134
2183,5,5,,中等,传,chuán,动,134
2184,5,5,,中等,传播,chuánbō,动,134
2185,5,5,,中等,传递,chuándì,动,134
2186,5,5,,中等,传说,chuánshuō,动、名,134
2187,5,5,,中等,传统,chuántǒng,名、形,134
2188,5,5,,中等,窗台,chuāngtái,名,134
2189,5,5,,中等,床单,chuángdān,名,134
2190,5,5,,中等,创新,chuàngxīn,动、名,134
2191,5,5,,中等,创业,chuàngyè,动,134
2192,5,5,,中等,创造,chuàngzào,动,134
2193,5,5,,中等,创作,chuàngzuò,动、名,134
2194,5,5,,中等,词汇,cíhuì,名,134
2195,5,5,,中等,辞职,cízhí,动,134
2196,5,5,,中等,此后,cǐhòu,名,134
2197,5,5,,中等,此前,cǐqián,名,134
2198,5,5,,中等,此时,cǐshí,名,134
2199,5,5,,中等,刺激,cìjī,动、名,134
2200,5,5,,中等,从不,cóng bù,,134
2201,5,5,,中等,从而,cóng’ér,连,135
2202,5,5,,中等,从前,cóngqián,名,135
2203,5,5,,中等,从事,cóngshì,动,135
2204,5,5,,中等,促进,cùjìn,动,135
2205,5,5,,中等,促使,cùshǐ,动,135
2206,5,5,,中等,促销,cùxiāo,动,135
2207,5,5,,中等,催,cuī,动,135
2208,5,5,,中等,存放,cúnfàng,动,135
2209,5,5,,中等,存款,cúnkuǎn,动、名,135
2210,5,5,,中等,存在,cúnzài,动,135
2211,5,5,,中等,措施,cuòshī,名,135
2212,5,5,,中等,达成,dáchéng,动,135
2213,5,5,,中等,打扮,dǎban,动,135
2214,5,5,,中等,打包,dǎbāo,动,135
2215,5,5,,中等,打断,dǎduàn,动,135
2216,5,5,,中等,打破,dǎpò,动,135
2217,5,5,,中等,打听,dǎting,动,135
2218,5,5,,中等,大胆,dàdǎn,形,135
2219,5,5,,中等,大多,dàduō,副,135
2220,5,5,,中等,大会,dàhuì,名,135
2221,5,5,,中等,大力,dàlì,名、副,135
2222,5,5,,中等,大妈,dàmā,名,135
2223,5,5,,中等,大米,dàmǐ,名,135
2224,5,5,,中等,大脑,dànǎo,名,135
2225,5,5,,中等,大批,dàpī,形,135
2226,5,5,,中等,大厦,dàshà,名,135
2227,5,5,,中等,大事,dàshì,名,135
2228,5,5,,中等,大象,dàxiàng,名,135
2229,5,5,,中等,大型,dàxíng,形,135
2230,5,5,,中等,大爷,dàye,名,135
2231,5,5,,中等,大于,dàyú,动,135
2232,5,5,,中等,大众,dàzhòng,名,135
2233,5,5,,中等,代,dài,动、名,135
2234,5,5,,中等,代表,dàibiǎo,名、动,135
2235,5,5,,中等,带动,dàidòng,动,135
2236,5,5,,中等,代替,dàitì,动,135
2237,5,5,,中等,待遇,dàiyù,名,135
2238,5,5,,中等,单,dān,形、副、名、量,135
2239,5,5,,中等,单独,dāndú,副,135
2240,5,5,,中等,担任,dānrèn,动,135
2241,5,5,,中等,单一,dānyī,形,136
2242,5,5,,中等,单元,dānyuán,名,136
2243,5,5,,中等,胆小,dǎnxiǎo,形,136
2244,5,5,,中等,淡,dàn,形,136
2245,5,5,,中等,当地,dāngdì,名,136
2246,5,5,,中等,当年,dāngnián,名,136
2247,5,5,,中等,当前,dāngqián,动、名,136
2248,5,5,,中等,当中,dāngzhōng,名,136
2249,5,5,,中等,挡,dǎng,动,136
2250,5,5,,中等,当,dàng,动,136
2251,5,5,,中等,当成,dàngchéng,动,136
2252,5,5,,中等,当作,dàngzuò,动,136
2253,5,5,,中等,倒,dǎo,动,136
2254,5,5,,中等,导演,dǎoyǎn,动、名,136
2255,5,5,,中等,导致,dǎozhì,动,136
2256,5,5,,中等,到达,dàodá,动,136
2257,5,5,,中等,道理,dàolǐ,名,136
2258,5,5,,中等,到期,dàoqī,动,136
2259,5,5,,中等,登,dēng,动,136
2260,5,5,,中等,灯光,dēngguāng,名,136
2261,5,5,,中等,登记,dēngjì,动,136
2262,5,5,,中等,登录,dēnglù,动,136
2263,5,5,,中等,等待,děngdài,动,136
2264,5,5,,中等,等候,děnghòu,动,136
2265,5,5,,中等,等于,děngyú,动,136
2266,5,5,,中等,低头,dītóu,动,136
2267,5,5,,中等,的确,díquè,副,136
2268,5,5,,中等,敌人,dírén,名,136
2269,5,5,,中等,递,dì,动,136
2270,5,5,,中等,地理,dìlǐ,名,136
2271,5,5,,中等,地面,dìmiàn,名,136
2272,5,5,,中等,地区,dìqū,名,136
2273,5,5,,中等,地位,dìwèi,名,136
2274,5,5,,中等,地下,dìxià,名、形,136
2275,5,5,,中等,地震,dìzhèn,动,136
2276,5,5,,中等,点心,diǎnxin,名,136
2277,5,5,,中等,点赞,diǎnzàn,动,136
2278,5,5,,中等,电池,diànchí,名,136
2279,5,5,,中等,电动,diàndòng,形,136
2280,5,5,,中等,电器,diànqì,名,136
2281,5,5,,中等,电商,diànshāng,名,137
2282,5,5,,中等,电视台,diànshìtái,名,137
2283,5,5,,中等,电子版,diànzǐbǎn,名,137
2284,5,5,,中等,调1,diào,动,137
2285,5,5,,中等,调研,diàoyán,动,137
2286,5,5,,中等,定期,dìngqī,动、形,137
2287,5,5,,中等,丢失,diūshī,动,137
2288,5,5,,中等,冻,dòng,动,137
2289,5,5,,中等,洞,dòng,名,137
2290,5,5,,中等,动画,dònghuà,名,137
2291,5,5,,中等,动人,dòngrén,形,137
2292,5,5,,中等,动手,dòngshǒu,动,137
2293,5,5,,中等,豆腐,dòufu,名,137
2294,5,5,,中等,豆浆,dòujiāng,名,137
2295,5,5,,中等,独立,dúlì,动、形,137
2296,5,5,,中等,独特,dútè,形,137
2297,5,5,,中等,读音,dúyīn,名,137
2298,5,5,,中等,独自,dúzì,副,137
2299,5,5,,中等,堵,dǔ,动、形、量,137
2300,5,5,,中等,度,dù,量、名、动、后缀,137
2301,5,5,,中等,短处,duǎnchù,名,137
2302,5,5,,中等,短期,duǎnqī,名、形,137
2303,5,5,,中等,断,duàn,动,137
2304,5,5,,中等,堆,duī,动、名、量,137
2305,5,5,,中等,对比,duìbǐ,动、名,137
2306,5,5,,中等,对待,duìdài,动,137
2307,5,5,,中等,对手,duìshǒu,名,137
2308,5,5,,中等,队伍,duìwu,名,137
2309,5,5,,中等,对象,duìxiàng,名,137
2310,5,5,,中等,吨,dūn,量,137
2311,5,5,,中等,朵,duǒ,量,137
2312,5,5,,中等,躲,duǒ,动,137
2313,5,5,,中等,儿女,érnǚ,名,137
2314,5,5,,中等,二手,èrshǒu,形,137
2315,5,5,,中等,二维码,èrwéimǎ,名,137
2316,5,5,,中等,发表,fābiǎo,动,137
2317,5,5,,中等,发布,fābù,动,137
2318,5,5,,中等,发达,fādá,形、动,137
2319,5,5,,中等,发挥,fāhuī,动,137
2320,5,5,,中等,发明,fāmíng,动、名,137
2321,5,5,,中等,发起,fāqǐ,动,138
2322,5,5,,中等,发言,fāyán,动、名,138
2323,5,5,,中等,发音,fāyīn,动、名,138
2324,5,5,,中等,罚,fá,动,138
2325,5,5,,中等,罚款,fákuǎn,动、名,138
2326,5,5,,中等,法院,fǎyuàn,名,138
2327,5,5,,中等,翻,fān,动,138
2328,5,5,,中等,番茄,fānqié,名,138
2329,5,5,,中等,繁荣,fánróng,形、动,138
2330,5,5,,中等,反,fǎn,形、动、副,138
2331,5,5,,中等,反而,fǎn’ér,副,138
2332,5,5,,中等,反复,fǎnfù,副、动、名,138
2333,5,5,,中等,返回,fǎnhuí,动,138
2334,5,5,,中等,反应,fǎnyìng,动、名,138
2335,5,5,,中等,反映,fǎnyìng,动,138
2336,5,5,,中等,反正,fǎnzhèng,副,138
2337,5,5,,中等,范围,fànwéi,名,138
2338,5,5,,中等,方,fāng,形、名,138
2339,5,5,,中等,方案,fāng’àn,名,138
2340,5,5,,中等,防,fáng,动,138
2341,5,5,,中等,房屋,fángwū,名,138
2342,5,5,,中等,防止,fángzhǐ,动,138
2343,5,5,,中等,仿佛,fǎngfú,副,138
2344,5,5,,中等,访问,fǎngwèn,动,138
2345,5,5,,中等,飞行,fēixíng,动,138
2346,5,5,,中等,飞行员,fēixíngyuán,名,138
2347,5,5,,中等,非洲,Fēizhōu,名,138
2348,5,5,,中等,分别,fēnbié,动、副、名,138
2349,5,5,,中等,分布,fēnbù,动,138
2350,5,5,,中等,纷纷,fēnfēn,形、副,138
2351,5,5,,中等,分类,fēnlèi,动,138
2352,5,5,,中等,分离,fēnlí,动,138
2353,5,5,,中等,分配,fēnpèi,动,138
2354,5,5,,中等,分手,fēnshǒu,动,138
2355,5,5,,中等,分析,fēnxī,动,138
2356,5,5,,中等,分享,fēnxiǎng,动,138
2357,5,5,,中等,奋斗,fèndòu,动,138
2358,5,5,,中等,丰富多彩,fēngfù-duōcǎi,,138
2359,5,5,,中等,风格,fēnggé,名,138
2360,5,5,,中等,疯狂,fēngkuáng,形,138
2361,5,5,,中等,风俗,fēngsú,名,139
2362,5,5,,中等,风险,fēngxiǎn,名,139
2363,5,5,,中等,否定,fǒudìng,动、形,139
2364,5,5,,中等,否认,fǒurèn,动,139
2365,5,5,,中等,夫妇,fūfù,名,139
2366,5,5,,中等,扶,fú,动,139
2367,5,5,,中等,福,fú,名,139
2368,5,5,,中等,服装,fúzhuāng,名,139
2369,5,5,,中等,副1,fù,量,139
2370,5,5,,中等,富,fù,形,139
2371,5,5,,中等,付出,fùchū,动,139
2372,5,5,,中等,负担,fùdān,动、名,139
2373,5,5,,中等,妇女,fùnǚ,名,139
2374,5,5,,中等,富有,fùyǒu,形、动,139
2375,5,5,,中等,复制,fùzhì,动,139
2376,5,5,,中等,改革,gǎigé,动,139
2377,5,5,,中等,改进,gǎijìn,动,139
2378,5,5,,中等,改善,gǎishàn,动,139
2379,5,5,,中等,改天,gǎitiān,副,139
2380,5,5,,中等,改正,gǎizhèng,动,139
2381,5,5,,中等,盖,gài,名、动,139
2382,5,5,,中等,概括,gàikuò,动、形,139
2383,5,5,,中等,概念,gàiniàn,名,139
2384,5,5,,中等,敢于,gǎnyú,动,139
2385,5,5,,中等,刚好,gānghǎo,形、副,139
2386,5,5,,中等,高大,gāodà,形,139
2387,5,5,,中等,高档,gāodàng,形,139
2388,5,5,,中等,高度,gāodù,名、形,139
2389,5,5,,中等,高级,gāojí,形,139
2390,5,5,,中等,高科技,gāokējì,名,139
2391,5,5,,中等,高效,gāoxiào,形,139
2392,5,5,,中等,搞,gǎo,动,139
2393,5,5,,中等,告别,gàobié,动,139
2394,5,5,,中等,歌词,gēcí,名,139
2395,5,5,,中等,歌曲,gēqǔ,名,139
2396,5,5,,中等,隔,gé,动,139
2397,5,5,,中等,格外,géwài,副,139
2398,5,5,,中等,个别,gèbié,副、形,139
2399,5,5,,中等,各行各业,gèháng-gèyè,,139
2400,5,5,,中等,个人,gèrén,名,139
2401,5,5,,中等,个性,gèxìng,名,140
2402,5,5,,中等,各自,gèzì,代,140
2403,5,5,,中等,根,gēn,名、量,140
2404,5,5,,中等,根本,gēnběn,名、形、副,140
2405,5,5,,中等,更换,gēnghuàn,动,140
2406,5,5,,中等,更新,gēngxīn,动,140
2407,5,5,,中等,公布,gōngbù,动,140
2408,5,5,,中等,工程,gōngchéng,名,140
2409,5,5,,中等,工程师,gōngchéngshī,名,140
2410,5,5,,中等,工具,gōngjù,名,140
2411,5,5,,中等,功能,gōngnéng,名,140
2412,5,5,,中等,公平,gōngpíng,形,140
2413,5,5,,中等,公务员,gōngwùyuán,名,140
2414,5,5,,中等,恭喜,gōngxǐ,动,140
2415,5,5,,中等,工业,gōngyè,名,140
2416,5,5,,中等,工艺,gōngyì,名,140
2417,5,5,,中等,公寓,gōngyù,名,140
2418,5,5,,中等,贡献,gòngxiàn,动、名,140
2419,5,5,,中等,共享,gòngxiǎng,动,140
2420,5,5,,中等,沟通,gōutōng,动,140
2421,5,5,,中等,构成,gòuchéng,动、名,140
2422,5,5,,中等,古,gǔ,形,140
2423,5,5,,中等,鼓,gǔ,名、动、形,140
2424,5,5,,中等,古代,gǔdài,名,140
2425,5,5,,中等,古老,gǔlǎo,形,140
2426,5,5,,中等,鼓掌,gǔzhǎng,动,140
2427,5,5,,中等,固定,gùdìng,动,140
2428,5,5,,中等,故乡,gùxiāng,名,140
2429,5,5,,中等,挂号,guàhào,动,140
2430,5,5,,中等,怪,guài,形、动、副,140
2431,5,5,,中等,关闭,guānbì,动,140
2432,5,5,,中等,观察,guānchá,动,140
2433,5,5,,中等,观点,guāndiǎn,名,140
2434,5,5,,中等,观念,guānniàn,名,140
2435,5,5,,中等,冠军,guànjūn,名,140
2436,5,5,,中等,光临,guānglín,动,140
2437,5,5,,中等,光明,guāngmíng,名、形,140
2438,5,5,,中等,光线,guāngxiàn,名,140
2439,5,5,,中等,广,guǎng,形,140
2440,5,5,,中等,广场,guǎngchǎng,名,140
2441,5,5,,中等,广大,guǎngdà,形,141
2442,5,5,,中等,广泛,guǎngfàn,形,141
2443,5,5,,中等,规律,guīlǜ,名、形,141
2444,5,5,,中等,规模,guīmó,名,141
2445,5,5,,中等,规则,guīzé,名、形,141
2446,5,5,,中等,贵姓,guìxìng,名,141
2447,5,5,,中等,柜子,guìzi,名,141
2448,5,5,,中等,滚,gǔn,动,141
2449,5,5,,中等,锅,guō,名,141
2450,5,5,,中等,国画,guóhuà,名,141
2451,5,5,,中等,国庆,guóqìng,名,141
2452,5,5,,中等,果然,guǒrán,副,141
2453,5,5,,中等,果实,guǒshí,名,141
2454,5,5,,中等,过度,guòdù,形,141
2455,5,5,,中等,过分,guòfèn,形,141
2456,5,5,,中等,过敏,guòmǐn,动,141
2457,5,5,,中等,过期,guòqī,动,141
2458,5,5,,中等,过于,guòyú,副,141
2459,5,5,,中等,哈,hā,拟声、叹,141
2460,5,5,,中等,海关,hǎiguān,名,141
2461,5,5,,中等,海外,hǎiwài,名,141
2462,5,5,,中等,海鲜,hǎixiān,名,141
2463,5,5,,中等,含,hán,动,141
2464,5,5,,中等,含量,hánliàng,名,141
2465,5,5,,中等,含有,hányǒu,动,141
2466,5,5,,中等,汗水,hànshuǐ,名,141
2467,5,5,,中等,行,háng,名、量,141
2468,5,5,,中等,行业,hángyè,名,141
2469,5,5,,中等,好评,hǎopíng,名,141
2470,5,5,,中等,好运,hǎoyùn,名,141
2471,5,5,,中等,好转,hǎozhuǎn,动,141
2472,5,5,,中等,好,hào,动,141
2473,5,5,,中等,好奇,hàoqí,形,141
2474,5,5,,中等,合,hé,动,141
2475,5,5,,中等,合法,héfǎ,形,141
2476,5,5,,中等,盒饭,héfàn,名,141
2477,5,5,,中等,合理,hélǐ,形,141
2478,5,5,,中等,河流,héliú,名,141
2479,5,5,,中等,合同,hétóng,名,141
2480,5,5,,中等,合影,héyǐng,动、名,141
2481,5,5,,中等,合作,hézuò,动,142
2482,5,5,,中等,黑,hēi,形,142
2483,5,5,,中等,红,hóng,形,142
2484,5,5,,中等,猴子,hóuzi,名,142
2485,5,5,,中等,厚度,hòudù,名,142
2486,5,5,,中等,后果,hòuguǒ,名,142
2487,5,5,,中等,忽视,hūshì,动,142
2488,5,5,,中等,呼吸,hūxī,动,142
2489,5,5,,中等,湖,hú,名,142
2490,5,5,,中等,蝴蝶,húdié,名,142
2491,5,5,,中等,胡同,hútòng,名,142
2492,5,5,,中等,互动,hùdòng,动,142
2493,5,5,,中等,户外,hùwài,名,142
2494,5,5,,中等,花费,huāfèi,动,142
2495,5,5,,中等,滑,huá,形、动,142
2496,5,5,,中等,划,huá,动,142
2497,5（6）,5,6,中等,化,huà,后缀、（动）,142
2498,5,5,,中等,话费,huàfèi,名,142
2499,5,5,,中等,画面,huàmiàn,名,142
2500,5,5,,中等,话题,huàtí,名,142
2501,5,5,,中等,化学,huàxué,名,142
2502,5,5,,中等,环节,huánjié,名,142
2503,5,5,,中等,缓解,huǎnjiě,动,142
2504,5,5,,中等,缓慢,huǎnmàn,形,142
2505,5,5,,中等,黄瓜,huángguā,名,142
2506,5,5,,中等,黄金,huángjīn,名,142
2507,5,5,,中等,灰,huī,名、形,142
2508,5,5,,中等,挥,huī,动,142
2509,5,5,,中等,恢复,huīfù,动,142
2510,5,5,,中等,灰色,huīsè,名、形,142
2511,5,5,,中等,回收,huíshōu,动,142
2512,5,5,,中等,汇率,huìlǜ,名,142
2513,5,5,,中等,婚礼,hūnlǐ,名,142
2514,5,5,,中等,伙,huǒ,量,142
2515,5,5,,中等,伙伴,huǒbàn,名,142
2516,5,5,,中等,火锅,huǒguō,名,142
2517,5,5,,中等,或是,huòshì,副、连,142
2518,5,5,,中等,货物,huòwù,名,142
2519,5,5,,中等,或许,huòxǔ,副,142
2520,5,5,,中等,机构,jīgòu,名,142
2521,5,5,,中等,激烈,jīliè,形,143
2522,5,5,,中等,机器,jīqì,名,143
2523,5,5,,中等,机器人,jīqìrén,名,143
2524,5,5,,中等,肌肉,jīròu,名,143
2525,5,5,,中等,及,jí,连,143
2526,5,5,,中等,级,jí,名、量,143
2527,5,5,,中等,集,jí,名、量,143
2528,5,5,,中等,疾病,jíbìng,名,143
2529,5,5,,中等,及格,jígé,动,143
2530,5,5,,中等,集合,jíhé,动,143
2531,5,5,,中等,即将,jíjiāng,副,143
2532,5,5,,中等,急忙,jímáng,副,143
2533,5,5,,中等,极其,jíqí,副,143
2534,5,5,,中等,集体,jítǐ,名,143
2535,5,5,,中等,急需,jíxū,动,143
2536,5,5,,中等,急诊,jízhěn,动、名,143
2537,5,5,,中等,集中,jízhōng,动、形,143
2538,5,5,,中等,挤,jǐ,动、形,143
2539,5,5,,中等,系,jì,动,143
2540,5,5,,中等,季度,jìdù,名,143
2541,5,5,,中等,记录,jìlù,动、名,143
2542,5,5,,中等,纪录,jìlù,名,143
2543,5,5,,中等,纪录片,jìlùpiàn,名,143
2544,5,5,,中等,技能,jìnéng,名,143
2545,5,5,,中等,纪念,jìniàn,动、名,143
2546,5,5,,中等,纪念日,jìniànrì,名,143
2547,5,5,,中等,计算,jìsuàn,动,143
2548,5,5,,中等,计算机,jìsuànjī,名,143
2549,5,5,,中等,记忆,jìyì,动、名,143
2550,5,5,,中等,记载,jìzǎi,动,143
2551,5,5,,中等,嘉宾,jiābīn,名,143
2552,5,5,,中等,家电,jiādiàn,名,143
2553,5,5,,中等,加工,jiāgōng,动,143
2554,5,5,,中等,加热,jiārè,动,143
2555,5,5,,中等,加深,jiāshēn,动,143
2556,5,5,,中等,加速,jiāsù,动,143
2557,5,5,,中等,家务,jiāwù,名,143
2558,5,5,,中等,甲,jiǎ,名,143
2559,5,5,,中等,假如,jiǎrú,连,143
2560,5,5,,中等,架,jià,名、动、量,143
2561,5,5,,中等,驾驶,jiàshǐ,动,144
2562,5,5,,中等,驾照,jiàzhào,名,144
2563,5,5,,中等,价值,jiàzhí,名,144
2564,5,5,,中等,艰苦,jiānkǔ,形,144
2565,5,5,,中等,坚强,jiānqiáng,形,144
2566,5,5,,中等,捡,jiǎn,动,144
2567,5,5,,中等,剪,jiǎn,动,144
2568,5,5,,中等,剪刀,jiǎndāo,名,144
2569,5,5,,中等,减肥,jiǎnféi,动,144
2570,5,5,,中等,简历,jiǎnlì,名,144
2571,5,5,,中等,简直,jiǎnzhí,副,144
2572,5,5,,中等,建,jiàn,动,144
2573,5,5,,中等,键,jiàn,名,144
2574,5,5,,中等,渐渐,jiànjiàn,副,144
2575,5,5,,中等,建立,jiànlì,动,144
2576,5,5,,中等,键盘,jiànpán,名,144
2577,5,5,,中等,建设,jiànshè,动,144
2578,5,5,,中等,建造,jiànzào,动,144
2579,5,5,,中等,建筑,jiànzhù,动、名,144
2580,5,5,,中等,将近,jiāngjìn,副,144
2581,5,5,,中等,讲话,jiǎnghuà,名,144
2582,5,5,,中等,讲究,jiǎngjiu,动、形,144
2583,5,5,,中等,奖励,jiǎnglì,动,144
2584,5,5,,中等,讲述,jiǎngshù,动,144
2585,5,5,,中等,讲座,jiǎngzuò,名,144
2586,5,5,,中等,降水,jiàngshuǐ,动,144
2587,5,5,,中等,浇,jiāo,动,144
2588,5,5,,中等,交换,jiāohuàn,动,144
2589,5,5,,中等,交往,jiāowǎng,动,144
2590,5,5,,中等,交易,jiāoyì,动、名,144
2591,5,5,,中等,脚步,jiǎobù,名,144
2592,5,5,,中等,角度,jiǎodù,名,144
2593,5,5,,中等,较,jiào,介、副,144
2594,5,5,,中等,教材,jiàocái,名,144
2595,5,5,,中等,接触,jiēchù,动,144
2596,5,5,,中等,接待,jiēdài,动,144
2597,5,5,,中等,阶段,jiēduàn,名,144
2598,5,5,,中等,接近,jiējìn,动,144
2599,5,5,,中等,接收,jiēshōu,动,144
2600,5,5,,中等,结,jié,动、名,144
2601,5,5,,中等,结构,jiégòu,名,145
2602,5,5,,中等,结合,jiéhé,动,145
2603,5,5,,中等,结论,jiélùn,名,145
2604,5,5,,中等,节省,jiéshěng,动,145
2605,5,5,,中等,届,jiè,量,145
2606,5,5,,中等,今日,jīnrì,名,145
2607,5,5,,中等,紧,jǐn,形、动,145
2608,5,5,,中等,紧急,jǐnjí,形,145
2609,5,5,,中等,尽快,jǐnkuài,副,145
2610,5,5,,中等,尽量,jǐnliàng,副,145
2611,5,5,,中等,紧密,jǐnmì,形,145
2612,5,5,,中等,谨慎,jǐnshèn,形,145
2613,5,5,,中等,进步,jìnbù,动、形,145
2614,5,5,,中等,近代,jìndài,名,145
2615,5,5,,中等,进口,jìnkǒu,动,145
2616,5,5,,中等,尽力,jìnlì,动,145
2617,5,5,,中等,近年来,jìnnián lái,,145
2618,5,5,,中等,近期,jìnqī,名,145
2619,5,5,,中等,近日,jìnrì,名,145
2620,5,5,,中等,进一步,jìnyíbù,副,145
2621,5,5,,中等,经典,jīngdiǎn,名、形,145
2622,5,5,,中等,精力,jīnglì,名,145
2623,5,5,,中等,精神,jīngshen,名、形,145
2624,5,5,,中等,惊喜,jīngxǐ,形,145
2625,5,5,,中等,经营,jīngyíng,动,145
2626,5,5,,中等,静,jìng,形、动,145
2627,5,5,,中等,酒吧,jiǔbā,名,145
2628,5,5,,中等,久远,jiǔyuǎn,形,145
2629,5,5,,中等,救,jiù,动,145
2630,5,5,,中等,救护车,jiùhùchē,名,145
2631,5,5,,中等,就业,jiùyè,动,145
2632,5,5,,中等,居民,jūmín,名,145
2633,5,5,,中等,居然,jūrán,副,145
2634,5,5,,中等,居住,jūzhù,动,145
2635,5,5,,中等,橘子,júzi,名,145
2636,5,5,,中等,据,jù,介,145
2637,5,5,,中等,距,jù,动,145
2638,5,5,,中等,具备,jùbèi,动,145
2639,5,5,,中等,剧场,jùchǎng,名,145
2640,5,5,,中等,巨大,jùdà,形,145
2641,5,5,,中等,据说,jùshuō,动,146
2642,5,5,,中等,具体,jùtǐ,形、动,146
2643,5,5,,中等,具有,jùyǒu,动,146
2644,5,5,,中等,捐,juān,动,146
2645,5,5,,中等,绝对,juéduì,形、副,146
2646,5,5,,中等,决赛,juésài,动、名,146
2647,5,5,,中等,角色,juésè,名,146
2648,5,5,,中等,决心,juéxīn,名、动,146
2649,5,5,,中等,开发,kāifā,动,146
2650,5,5,,中等,开放,kāifàng,动、形,146
2651,5,5,,中等,开幕,kāimù,动,146
2652,5,5,,中等,开幕式,kāimùshì,名,146
2653,5,5,,中等,开水,kāishuǐ,名,146
2654,5,5,,中等,开通,kāitōng,动,146
2655,5,5,,中等,开业,kāiyè,动,146
2656,5,5,,中等,开展,kāizhǎn,动,146
2657,5,5,,中等,看,kān,动,146
2658,5,5,,中等,看望,kànwàng,动,146
2659,5,5,,中等,看作,kànzuò,动,146
2660,5,5,,中等,靠,kào,动,146
2661,5,5,,中等,靠近,kàojìn,动,146
2662,5,5,,中等,颗,kē,量,146
2663,5,5,,中等,科研,kēyán,动,146
2664,5,5,,中等,可见,kějiàn,连,146
2665,5,5,,中等,可靠,kěkào,形,146
2666,5,5,,中等,可怕,kěpà,形,146
2667,5,5,,中等,克服,kèfú,动,146
2668,5,5,,中等,客服,kèfú,形,146
2669,5,5,,中等,客观,kèguān,形,146
2670,5,5,,中等,客户,kèhù,名,146
2671,5,5,,中等,空间,kōngjiān,名,146
2672,5,5,,中等,空中,kōngzhōng,名、形,146
2673,5,5,,中等,控制,kòngzhì,动,146
2674,5,5,,中等,口袋,kǒudai,名,146
2675,5,5,,中等,口味,kǒuwèi,名,146
2676,5,5,,中等,库,kù,名,146
2677,5（6）,5,6,中等,宽,kuān,形、名、（动）,146
2678,5,5,,中等,宽度,kuāndù,名,146
2679,5,5,,中等,亏,kuī,动,146
2680,5,5,,中等,昆虫,kūnchóng,名,146
2681,5,5,,中等,扩大,kuòdà,动,147
2682,5,5,,中等,来源,láiyuán,名、动,147
2683,5,5,,中等,劳动,láodòng,名、动,147
2684,5,5,,中等,老百姓,lǎobǎixìng,名,147
2685,5,5,,中等,老板,lǎobǎn,名,147
2686,5,5,,中等,老公,lǎogōng,名,147
2687,5,5,,中等,姥姥,lǎolao,名,147
2688,5,5,,中等,老婆,lǎopo,名,147
2689,5,5,,中等,姥爷,lǎoye,名,147
2690,5,5,,中等,乐观,lèguān,形,147
2691,5,5,,中等,乐趣,lèqù,名,147
2692,5,5,,中等,泪,lèi,名,147
2693,5,5,,中等,类,lèi,名、量,147
2694,5,5,,中等,泪水,lèishuǐ,名,147
2695,5,5,,中等,类似,lèisì,动,147
2696,5,5,,中等,类型,lèixíng,名,147
2697,5,5,,中等,梨,lí,名,147
2698,5,5,,中等,离婚,líhūn,动,147
2699,5,5,,中等,厘米,límǐ,量,147
2700,5,5,,中等,离职,lízhí,动,147
2701,5,5,,中等,理论,lǐlùn,名、动,147
2702,5,5,,中等,里头,lǐtou,名,147
2703,5,5,,中等,理由,lǐyóu,名,147
2704,5,5,,中等,力,lì,名、后缀,147
2705,5,5,,中等,立即,lìjí,副,147
2706,5,5,,中等,立刻,lìkè,副,147
2707,5,5,,中等,力量,lìliàng,名,147
2708,5,5,,中等,利润,lìrùn,名,147
2709,5,5,,中等,利益,lìyì,名,147
2710,5,5,,中等,利用,lìyòng,动,147
2711,5,5,,中等,联合,liánhé,动、形,147
2712,5,5,,中等,连接,liánjiē,动,147
2713,5,5,,中等,连忙,liánmáng,副,147
2714,5,5,,中等,连续,liánxù,动,147
2715,5,5,,中等,脸色,liǎnsè,名,147
2716,5,5,,中等,恋爱,liàn’ài,动、名,147
2717,5,5,,中等,良好,liánghǎo,形,147
2718,5,5,,中等,粮食,liángshi,名,147
2719,5,5,,中等,量,liàng,名,147
2720,5,5,,中等,了不起,liǎobuqǐ,形,147
2721,5,5,,中等,列车,lièchē,名,148
2722,5,5,,中等,临时,línshí,副、形,148
2723,5,5,,中等,铃,líng,名,148
2724,5,5,,中等,灵活,línghuó,形,148
2725,5,5,,中等,领,lǐng,名、动,148
2726,5,5,,中等,领带,lǐngdài,名,148
2727,5,5,,中等,领导,lǐngdǎo,动、名,148
2728,5,5,,中等,领取,lǐngqǔ,动,148
2729,5,5,,中等,领先,lǐngxiān,动,148
2730,5,5,,中等,领域,lǐngyù,名,148
2731,5,5,,中等,令,lìng,动、名,148
2732,5,5,,中等,流传,liúchuán,动,148
2733,5,5,,中等,流感,liúgǎn,名,148
2734,5,5,,中等,浏览,liúlǎn,动,148
2735,5,5,,中等,留言,liúyán,动、名,148
2736,5,5,,中等,龙,lóng,名,148
2737,5,5,,中等,漏,lòu,动,148
2738,5,5,,中等,录,lù,动,148
2739,5,5,,中等,陆地,lùdì,名,148
2740,5,5,,中等,录取,lùqǔ,动,148
2741,5,5,,中等,路人,lùrén,名,148
2742,5,5,,中等,路线,lùxiàn,名,148
2743,5,5,,中等,陆续,lùxù,副,148
2744,5,5,,中等,录音,lùyīn,动、名,148
2745,5,5,,中等,旅行社,lǚxíngshè,名,148
2746,5,5,,中等,论文,lùnwén,名,148
2747,5,5,,中等,逻辑,luójí,名,148
2748,5,5,,中等,骂,mà,动,148
2749,5,5,,中等,买卖,mǎimai,名,148
2750,5,5,,中等,满足,mǎnzú,动,148
2751,5,5,,中等,忙碌,mánglù,形,148
2752,5,5,,中等,毛笔,máobǐ,名,148
2753,5,5,,中等,毛病,máobìng,名,148
2754,5,5,,中等,矛盾,máodùn,名、动、形,148
2755,5,5,,中等,没法儿,méifǎr,动,148
2756,5,5,,中等,玫瑰,méigui,名,148
2757,5,5,,中等,媒体,méitǐ,名,148
2758,5,5,,中等,美术,měishù,名,148
2759,5,5,,中等,美味,měiwèi,名,148
2760,5,5,,中等,魅力,mèilì,名,148
2761,5,5,,中等,门诊,ménzhěn,动,149
2762,5,5,,中等,迷,mí,动,149
2763,5,5,,中等,迷路,mílù,动,149
2764,5,5,,中等,秘密,mìmì,形、名,149
2765,5,5,,中等,密切,mìqiè,形、动,149
2766,5,5,,中等,秘书,mìshū,名,149
2767,5,5,,中等,面2,miàn,名,149
2768,5,5,,中等,面积,miànjī,名,149
2769,5,5,,中等,面临,miànlín,动,149
2770,5,5,,中等,面向,miànxiàng,动,149
2771,5,5,,中等,描述,miáoshù,动,149
2772,5,5,,中等,敏感,mǐngǎn,形,149
2773,5,5,,中等,名称,míngchēng,名,149
2774,5,5,,中等,名牌,míngpái,名,149
2775,5,5,,中等,名片,míngpiàn,名,149
2776,5,5,,中等,明确,míngquè,形、动,149
2777,5,5,,中等,明显,míngxiǎn,形,149
2778,5,5,,中等,明星,míngxīng,名,149
2779,5,5,,中等,命1,mìng,名,149
2780,5,5,,中等,命运,mìngyùn,名,149
2781,5,5,,中等,摸,mō,动,149
2782,5,5,,中等,模糊,móhu,形、动,149
2783,5,5,,中等,模式,móshì,名,149
2784,5,5,,中等,陌生,mòshēng,形,149
2785,5,5,,中等,某,mǒu,代,149
2786,5,5,,中等,目光,mùguāng,名,149
2787,5,5,,中等,木头,mùtou,名,149
2788,5,5,,中等,哪怕,nǎpà,连,149
2789,5,5,,中等,难得,nándé,形,149
2790,5,5,,中等,难度,nándù,名,149
2791,5,5,,中等,难以,nányǐ,动,149
2792,5,5,,中等,男子,nánzǐ,名,149
2793,5,5,,中等,闹,nào,形、动,149
2794,5,5,,中等,闹钟,nàozhōng,名,149
2795,5,5,,中等,内部,nèibù,名,149
2796,5,5,,中等,能干,nénggàn,形,149
2797,5,5,,中等,年初,niánchū,名,149
2798,5,5,,中等,年代,niándài,名,149
2799,5,5,,中等,年纪,niánjì,名,149
2800,5,5,,中等,年夜饭,niányèfàn,名,149
2801,5,5,,中等,念,niàn,动,150
2802,5,5,,中等,牛仔裤,niúzǎikù,名,150
2803,5,5,,中等,浓,nóng,形,150
2804,5,5,,中等,农民,nóngmín,名,150
2805,5,5,,中等,农业,nóngyè,名,150
2806,5,5,,中等,女子,nǚzǐ,名,150
2807,5,5,,中等,哦,ò,叹,150
2808,5,5,,中等,欧洲,Ōuzhōu,名,150
2809,5,5,,中等,偶然,ǒurán,形,150
2810,5,5,,中等,拍摄,pāishè,动,150
2811,5,5,,中等,排列,páiliè,动,150
2812,5（7-9）,5,7-9,中等,派,pài,动、（名、量）,150
2813,5,5,,中等,派出所,pàichūsuǒ,名,150
2814,5,5,,中等,跑道,pǎodào,名,150
2815,5,5,,中等,赔,péi,动,150
2816,5,5,,中等,陪伴,péibàn,动,150
2817,5,5,,中等,培训,péixùn,动,150
2818,5,5,,中等,培养,péiyǎng,动,150
2819,5,5,,中等,配,pèi,动、形,150
2820,5,5,,中等,配合,pèihé,动,150
2821,5,5,,中等,配送,pèisòng,动,150
2822,5,5,,中等,盆,pén,名,150
2823,5,5,,中等,碰,pèng,动,150
2824,5,5,,中等,碰见,pèngjiàn,动,150
2825,5,5,,中等,批1,pī,量,150
2826,5,5,,中等,批2,pī,动,150
2827,5,5,,中等,批准,pīzhǔn,动,150
2828,5,5,,中等,匹,pǐ,量,150
2829,5,5,,中等,骗,piàn,动,150
2830,5,5,,中等,拼,pīn,动,150
2831,5,5,,中等,拼音,pīnyīn,动,150
2832,5（7-9）,5,7-9,中等,品,pǐn,后缀、（动）,150
2833,5,5,,中等,品牌,pǐnpái,名,150
2834,5,5,,中等,品质,pǐnzhì,名,150
2835,5,5,,中等,品种,pǐnzhǒng,名,150
2836,5,5,,中等,聘请,pìnqǐng,动,150
2837,5（7-9）,5,7-9,中等,平,píng,形、（动）,150
2838,5,5,,中等,评,píng,动,150
2839,5,5,,中等,凭,píng,动、介,150
2840,5,5,,中等,平安,píng’ān,形,150
2841,5,5,,中等,平衡,pínghéng,形、动,151
2842,5,5,,中等,评价,píngjià,动、名,151
2843,5,5,,中等,凭借,píngjiè,动,151
2844,5,5,,中等,平静,píngjìng,形,151
2845,5,5,,中等,平均,píngjūn,动、形,151
2846,5,5,,中等,屏幕,píngmù,名,151
2847,5,5,,中等,平台,píngtái,名,151
2848,5,5,,中等,破坏,pòhuài,动,151
2849,5,5,,中等,普及,pǔjí,动,151
2850,5,5,,中等,期待,qīdài,动,151
2851,5,5,,中等,期间,qījiān,名,151
2852,5（6）,5,6,中等,齐,qí,形、（动、副）,151
2853,5,5,,中等,其,qí,代,151
2854,5,5,,中等,奇迹,qíjì,名,151
2855,5,5,,中等,其余,qíyú,代,151
2856,5,5,,中等,企业,qǐyè,名,151
2857,5,5,,中等,气球,qìqiú,名,151
2858,5,5,,中等,汽油,qìyóu,名,151
2859,5,5,,中等,签1,qiān,动,151
2860,5,5,,中等,签订,qiāndìng,动,151
2861,5,5,,中等,签名,qiānmíng,动、名,151
2862,5,5,,中等,签字,qiānzì,动、名,151
2863,5,5,,中等,前进,qiánjìn,动,151
2864,5,5,,中等,前来,qiánlái,动,151
2865,5,5,,中等,前途,qiántú,名,151
2866,5,5,,中等,前往,qiánwǎng,动,151
2867,5,5,,中等,浅,qiǎn,形,151
2868,5,5,,中等,欠,qiàn,动,151
2869,5,5,,中等,墙,qiáng,名,151
2870,5,5,,中等,强大,qiángdà,形,151
2871,5,5,,中等,强调,qiángdiào,动,151
2872,5,5,,中等,强度,qiángdù,名,151
2873,5,5,,中等,强烈,qiángliè,形,151
2874,5,5,,中等,抢,qiǎng,动,151
2875,5,5,,中等,抢救,qiǎngjiù,动,151
2876,5,5,,中等,悄悄,qiāoqiāo,副,151
2877,5,5,,中等,切,qiē,动,151
2878,5,5,,中等,亲,qīn,形、动,151
2879,5,5,,中等,亲爱,qīn’ài,形,151
2880,5,5,,中等,亲朋好友,qīnpéng-hǎoyǒu,,151
2881,5,5,,中等,亲切,qīnqiè,形,152
2882,5,5,,中等,亲情,qīnqíng,名,152
2883,5,5,,中等,亲人,qīnrén,名,152
2884,5,5,,中等,亲自,qīnzì,副,152
2885,5,5,,中等,勤奋,qínfèn,形,152
2886,5,5,,中等,青,qīng,形,152
2887,5,5,,中等,轻易,qīngyì,形、副,152
2888,5,5,,中等,轻重,qīngzhòng,名,152
2889,5,5,,中等,情感,qínggǎn,名,152
2890,5,5,,中等,情景,qíngjǐng,名,152
2891,5,5,,中等,情绪,qíngxù,名,152
2892,5,5,,中等,请教,qǐngjiào,动,152
2893,5,5,,中等,请求,qǐngqiú,动、名,152
2894,5,5,,中等,穷,qióng,形,152
2895,5,5,,中等,趋势,qūshì,名,152
2896,5,5,,中等,区域,qūyù,名,152
2897,5,5,,中等,去世,qùshì,动,152
2898,5（7-9）,5,7-9,中等,权,quán,名、（副）,152
2899,5,5,,中等,权利,quánlì,名,152
2900,5,5,,中等,全力,quánlì,名、副,152
2901,5,5,,中等,全面,quánmiàn,形,152
2902,5,5,,中等,全体,quántǐ,名,152
2903,5,5,,中等,全新,quánxīn,形,152
2904,5,5,,中等,劝,quàn,动,152
2905,5,5,,中等,缺乏,quēfá,动,152
2906,5,5,,中等,确保,quèbǎo,动,152
2907,5,5,,中等,确定,quèdìng,形、动,152
2908,5,5,,中等,确认,quèrèn,动,152
2909,5,5,,中等,群,qún,量、名,152
2910,5,5,,中等,群体,qúntǐ,名,152
2911,5,5,,中等,燃烧,ránshāo,动,152
2912,5,5,,中等,绕,rào,动,152
2913,5,5,,中等,热爱,rè’ài,动,152
2914,5,5,,中等,热量,rèliàng,名,152
2915,5,5,,中等,热烈,rèliè,形,152
2916,5,5,,中等,热心,rèxīn,形,152
2917,5,5,,中等,人才,réncái,名,152
2918,5,5,,中等,人工,réngōng,形、名,152
2919,5,5,,中等,人际,rénjì,形,152
2920,5,5,,中等,人口,rénkǒu,名,152
2921,5,5,,中等,人类,rénlèi,名,153
2922,5,5,,中等,人力,rénlì,名,153
2923,5,5,,中等,人民,rénmín,名,153
2924,5,5,,中等,人民币,rénmínbì,名,153
2925,5,5,,中等,人群,rénqún,名,153
2926,5,5,,中等,人体,réntǐ,名,153
2927,5,5,,中等,人物,rénwù,名,153
2928,5,5,,中等,忍,rěn,动,153
2929,5,5,,中等,认,rèn,动,153
2930,5,5,,中等,日历,rìlì,名,153
2931,5,5,,中等,日用品,rìyòngpǐn,名,153
2932,5,5,,中等,如,rú,动、连,153
2933,5,5,,中等,如此,rúcǐ,代,153
2934,5,5,,中等,如何,rúhé,代,153
2935,5,5,,中等,如今,rújīn,名,153
2936,5,5,,中等,如同,rútóng,动,153
2937,5,5,,中等,如下,rúxià,动,153
2938,5,5,,中等,软,ruǎn,形,153
2939,5,5,,中等,软件,ruǎnjiàn,名,153
2940,5,5,,中等,弱,ruò,形,153
2941,5,5,,中等,洒,sǎ,动,153
2942,5,5,,中等,赛场,sàichǎng,名,153
2943,5,5,,中等,色彩,sècǎi,名,153
2944,5,5,,中等,沙漠,shāmò,名,153
2945,5,5,,中等,沙子,shāzi,名,153
2946,5,5,,中等,傻,shǎ,形,153
2947,5,5,,中等,晒,shài,动,153
2948,5,5,,中等,删,shān,动,153
2949,5,5,,中等,扇,shān,动,153
2950,5,5,,中等,删除,shānchú,动,153
2951,5,5,,中等,山区,shānqū,名,153
2952,5,5,,中等,擅长,shàncháng,动,153
2953,5,5,,中等,善良,shànliáng,形,153
2954,5,5,,中等,善于,shànyú,动,153
2955,5,5,,中等,扇子,shànzi,名,153
2956,5,5,,中等,伤,shāng,名、动,153
2957,5,5,,中等,伤害,shānghài,动,153
2958,5,5,,中等,商家,shāngjiā,名,153
2959,5,5,,中等,商人,shāngrén,名,153
2960,5,5,,中等,商务,shāngwù,名,153
2961,5,5,,中等,商业,shāngyè,名,154
2962,5,5,,中等,赏,shǎng,动,154
2963,5,5,,中等,上传,shàngchuán,动,154
2964,5,5,,中等,上升,shàngshēng,动,154
2965,5,5,,中等,上下,shàngxià,名,154
2966,5,5,,中等,上涨,shàngzhǎng,动,154
2967,5,5,,中等,烧,shāo,动、名,154
2968,5,5,,中等,烧烤,shāokǎo,名,154
2969,5,5,,中等,蛇,shé,名,154
2970,5,5,,中等,舍不得,shěbude,动,154
2971,5,5,,中等,舍得,shěde,动,154
2972,5,5,,中等,设备,shèbèi,名,154
2973,5,5,,中等,设计,shèjì,动、名,154
2974,5,5,,中等,设立,shèlì,动,154
2975,5,5,,中等,社区,shèqū,名,154
2976,5,5,,中等,设施,shèshī,名,154
2977,5,5,,中等,摄影,shèyǐng,动,154
2978,5,5,,中等,设置,shèzhì,动,154
2979,5,5,,中等,伸,shēn,动,154
2980,5,5,,中等,身材,shēncái,名,154
2981,5,5,,中等,深度,shēndù,名、形,154
2982,5,5,,中等,身份,shēnfèn,名,154
2983,5,5,,中等,深厚,shēnhòu,形,154
2984,5,5,,中等,深刻,shēnkè,形,154
2985,5,5,,中等,深入,shēnrù,动、形,154
2986,5,5,,中等,深远,shēnyuǎn,形,154
2987,5,5,,中等,神话,shénhuà,名,154
2988,5,5,,中等,神秘,shénmì,形,154
2989,5,5,,中等,升1,shēng,动,154
2990,5,5,,中等,生产,shēngchǎn,动,154
2991,5,5,,中等,生存,shēngcún,动,154
2992,5,5,,中等,生动,shēngdòng,形,154
2993,5,5,,中等,升级,shēngjí,动,154
2994,5,5,,中等,升温,shēngwēn,动,154
2995,5,5,,中等,生物,shēngwù,名,154
2996,5,5,,中等,生肖,shēngxiào,名,154
2997,5,5,,中等,生长,shēngzhǎng,动,154
2998,5,5,,中等,省2,shěng,动,154
2999,5,5,,中等,省份,shěngfèn,名,154
3000,5,5,,中等,省会,shěnghuì,名,154
3001,5,5,,中等,胜,shèng,动,155
3002,5,5,,中等,胜利,shènglì,动,155
3003,5,5,,中等,诗,shī,名,155
3004,5,5,,中等,湿,shī,形,155
3005,5,5,,中等,失恋,shīliàn,动,155
3006,5,5,,中等,失眠,shīmián,动,155
3007,5,5,,中等,诗人,shīrén,名,155
3008,5,5,,中等,失误,shīwù,动、名,155
3009,5,5,,中等,失业,shīyè,动,155
3010,5,5,,中等,时差,shíchā,名,155
3011,5,5,,中等,时常,shícháng,副,155
3012,5,5,,中等,时代,shídài,名,155
3013,5,5,,中等,实践,shíjiàn,动,155
3014,5,5,,中等,时刻,shíkè,名、副,155
3015,5,5,,中等,实力,shílì,名,155
3016,5,5,,中等,时期,shíqī,名,155
3017,5,5,,中等,实施,shíshī,动,155
3018,5,5,,中等,石头,shítou,名,155
3019,5,5,,中等,实习,shíxí,动,155
3020,5,5,,中等,实现,shíxiàn,动,155
3021,5,5,,中等,实行,shíxíng,动,155
3022,5,5,,中等,实验,shíyàn,动、名,155
3023,5,5,,中等,实验室,shíyànshì,名,155
3024,5,5,,中等,实用,shíyòng,形,155
3025,5,5,,中等,食用,shíyòng,动,155
3026,5,5,,中等,使得,shǐde,动,155
3027,5,5,,中等,始终,shǐzhōng,名、副,155
3028,5,5,,中等,式,shì,后缀,155
3029,5,5,,中等,适当,shìdàng,形,155
3030,5,5,,中等,似的,shìde,助,155
3031,5,5,,中等,事故,shìgù,名,155
3032,5,5,,中等,事件,shìjiàn,名,155
3033,5,5,,中等,试卷,shìjuàn,名,155
3034,5,5,,中等,市民,shìmín,名,155
3035,5,5,,中等,事实,shìshí,名,155
3036,5,5,,中等,视为,shìwéi,动,155
3037,5,5,,中等,事物,shìwù,名,155
3038,5,5,,中等,事先,shìxiān,名,155
3039,5,5,,中等,试验,shìyàn,动,155
3040,5,5,,中等,事业,shìyè,名,155
3041,5,5,,中等,试用,shìyòng,动,156
3042,5,5,,中等,适用,shìyòng,形,156
3043,5,5,,中等,收获,shōuhuò,动、名,156
3044,5,5,,中等,收集,shōují,动,156
3045,5,5,,中等,收看,shōukàn,动,156
3046,5,5,,中等,守,shǒu,动,156
3047,5,5,,中等,首次,shǒucì,数量,156
3048,5,5,,中等,手段,shǒuduàn,名,156
3049,5,5,,中等,手工,shǒugōng,名,156
3050,5,5,,中等,手术,shǒushù,名、动,156
3051,5,5,,中等,手套,shǒutào,名,156
3052,5,5,,中等,手续,shǒuxù,名,156
3053,5,5,,中等,手指,shǒuzhǐ,名,156
3054,5,5,,中等,售价,shòujià,名,156
3055,5,5,,中等,蔬菜,shūcài,名,156
3056,5,5,,中等,书法,shūfǎ,名,156
3057,5,5,,中等,书房,shūfáng,名,156
3058,5,5,,中等,书架,shūjià,名,156
3059,5,5,,中等,输入,shūrù,动,156
3060,5,5,,中等,舒适,shūshì,形,156
3061,5,5,,中等,熟练,shúliàn,形,156
3062,5,5,,中等,熟人,shúrén,名,156
3063,5,5,,中等,数,shǔ,动,156
3064,5,5,,中等,鼠标,shǔbiāo,名,156
3065,5,5,,中等,属于,shǔyú,动,156
3066,5,5,,中等,束,shù,量,156
3067,5,5,,中等,数据,shùjù,名,156
3068,5,5,,中等,树木,shùmù,名,156
3069,5,5,,中等,摔,shuāi,动,156
3070,5,5,,中等,双方,shuāngfāng,名,156
3071,5,5,,中等,水分,shuǐfèn,名,156
3072,5,5,,中等,税,shuì,名,156
3073,5,5,,中等,睡眠,shuìmián,名,156
3074,5,5,,中等,顺,shùn,动、介、形,156
3075,5,5,,中等,说不定,shuōbudìng,动、副,156
3076,5,5,,中等,说服,shuōfú,动,156
3077,5,5,,中等,思考,sīkǎo,动,156
3078,5,5,,中等,私人,sīrén,名,156
3079,5,5,,中等,思维,sīwéi,名、动,156
3080,5,5,,中等,思想,sīxiǎng,名,156
3081,5,5,,中等,四处,sìchù,名,157
3082,5,5,,中等,似乎,sìhū,副,157
3083,5,5,,中等,四周,sìzhōu,名,157
3084,5,5,,中等,搜,sōu,动,157
3085,5,5,,中等,搜索,sōusuǒ,动,157
3086,5,5,,中等,宿舍,sùshè,名,157
3087,5,5,,中等,酸甜苦辣,suān-tián-kǔ-là,,157
3088,5,5,,中等,随,suí,动,157
3089,5,5,,中等,随后,suíhòu,副,157
3090,5,5,,中等,随时,suíshí,副,157
3091,5,5,,中等,随手,suíshǒu,副,157
3092,5,5,,中等,随意,suíyì,形,157
3093,5,5,,中等,碎,suì,动、形,157
3094,5,5,,中等,损害,sǔnhài,动,157
3095,5,5,,中等,损失,sǔnshī,动、名,157
3096,5,5,,中等,缩短,suōduǎn,动,157
3097,5,5,,中等,缩小,suōxiǎo,动,157
3098,5,5,,中等,所1,suǒ,量、名,157
3099,5,5,,中等,锁,suǒ,名、动,157
3100,5,5,,中等,他人,tārén,代,157
3101,5,5,,中等,台灯,táidēng,名,157
3102,5,5,,中等,台阶,táijiē,名,157
3103,5,5,,中等,太太,tàitai,名,157
3104,5,5,,中等,谈话,tánhuà,动,157
3105,5,5,,中等,桃,táo,名,157
3106,5,5,,中等,套,tào,名、动、量,157
3107,5,5,,中等,特产,tèchǎn,名,157
3108,5,5,,中等,特色,tèsè,名,157
3109,5,5,,中等,特殊,tèshū,形,157
3110,5,5,,中等,特有,tèyǒu,形,157
3111,5,5,,中等,特征,tèzhēng,名,157
3112,5,5,,中等,疼痛,téngtòng,形,157
3113,5,5,,中等,提倡,tíchàng,动,157
3114,5,5,,中等,提交,tíjiāo,动,157
3115,5,5,,中等,题目,tímù,名,157
3116,5,5,,中等,提起,tíqǐ,动,157
3117,5,5,,中等,提升,tíshēng,动,157
3118,5,5,,中等,提问,tíwèn,动,157
3119,5,5,,中等,体会,tǐhuì,动、名,157
3120,5,5,,中等,体力,tǐlì,名,157
3121,5,5,,中等,体现,tǐxiàn,动,158
3122,5,5,,中等,体验,tǐyàn,动,158
3123,5,5,,中等,替,tì,动、介,158
3124,5,5,,中等,天空,tiānkōng,名,158
3125,5,5,,中等,天上,tiānshàng,名,158
3126,5,5,,中等,填,tián,动,158
3127,5,5,,中等,甜品,tiánpǐn,名,158
3128,5,5,,中等,挑,tiāo,动,158
3129,5,5,,中等,挑选,tiāoxuǎn,动,158
3130,5,5,,中等,调,tiáo,动,158
3131,5,5,,中等,调皮,tiáopí,形,158
3132,5,5,,中等,调整,tiáozhěng,动,158
3133,5,5,,中等,挑战,tiǎozhàn,动、名,158
3134,5,5,,中等,跳高,tiàogāo,动,158
3135,5,5,,中等,跳远,tiàoyuǎn,动,158
3136,5,5,,中等,贴,tiē,动,158
3137,5,5,,中等,铁路,tiělù,名,158
3138,5,5,,中等,停留,tíngliú,动,158
3139,5,5,,中等,通常,tōngcháng,形、副,158
3140,5,5,,中等,通行,tōngxíng,动,158
3141,5,5,,中等,同,tóng,形、动、副、介、连,158
3142,5,5,,中等,同情,tóngqíng,动,158
3143,5,5,,中等,同一,tóngyī,形,158
3144,5,5,,中等,统计,tǒngjì,动,158
3145,5,5,,中等,统一,tǒngyī,动、形,158
3146,5,5,,中等,痛苦,tòngkǔ,形,158
3147,5,5,,中等,投,tóu,动,158
3148,5,5,,中等,投入,tóurù,动、形、名,158
3149,5,5,,中等,头,tou,后缀,158
3150,5,5,,中等,突出,tūchū,动、形,158
3151,5,5,,中等,图画,túhuà,名,158
3152,5,5,,中等,图书,túshū,名,158
3153,5,5,,中等,土地,tǔdì,名,158
3154,5,5,,中等,土豆,tǔdòu,名,158
3155,5,5,,中等,兔子,tùzi,名,158
3156,5,5,,中等,团,tuán,动、名、量,158
3157,5,5,,中等,团队,tuánduì,名,158
3158,5,5,,中等,推动,tuīdòng,动,158
3159,5,5,,中等,推广,tuīguǎng,动,158
3160,5,5,,中等,推荐,tuījiàn,动,158
3161,5,5,,中等,推进,tuījìn,动,159
3162,5,5,,中等,退,tuì,动,159
3163,5,5,,中等,退出,tuìchū,动,159
3164,5,5,,中等,退还,tuìhuán,动,159
3165,5,5,,中等,退休,tuìxiū,动,159
3166,5,5,,中等,拖鞋,tuōxié,名,159
3167,5,5,,中等,外部,wàibù,名,159
3168,5,5,,中等,外公,wàigōng,名,159
3169,5,5,,中等,外观,wàiguān,名,159
3170,5,5,,中等,外婆,wàipó,名,159
3171,5,5,,中等,外形,wàixíng,名,159
3172,5,5,,中等,弯,wān,形、动、名,159
3173,5,5,,中等,玩具,wánjù,名,159
3174,5,5,,中等,完美,wánměi,形,159
3175,5,5,,中等,完善,wánshàn,形、动,159
3176,5,5,,中等,完整,wánzhěng,形,159
3177,5,5,,中等,万一,wànyī,名、连,159
3178,5,5,,中等,往返,wǎngfǎn,动,159
3179,5,5,,中等,网络,wǎngluò,名,159
3180,5,5,,中等,危害,wēihài,动,159
3181,5,5,,中等,微笑,wēixiào,动、名,159
3182,5,5,,中等,威胁,wēixié,动,159
3183,5,5,,中等,围,wéi,动,159
3184,5,5,,中等,为2,wéi,介,159
3185,5,5,,中等,维持,wéichí,动,159
3186,5,5,,中等,违法,wéifǎ,动,159
3187,5,5,,中等,违反,wéifǎn,动,159
3188,5,5,,中等,围巾,wéijīn,名,159
3189,5,5,,中等,围绕,wéirào,动,159
3190,5,5,,中等,维修,wéixiū,动,159
3191,5,5,,中等,唯一,wéiyī,形,159
3192,5,5,,中等,尾巴,wěiba,名,159
3193,5,5,,中等,伟大,wěidà,形,159
3194,5,5,,中等,胃,wèi,名,159
3195,5,5,,中等,喂2,wèi,动,159
3196,5,5,,中等,未来,wèilái,形、名,159
3197,5,5,,中等,位于,wèiyú,动,159
3198,5,5,,中等,位置,wèizhì,名,159
3199,5,5,,中等,温暖,wēnnuǎn,形、动,159
3200,5,5,,中等,文学,wénxué,名,159
3201,5,5,,中等,稳定,wěndìng,形、动,160
3202,5,5,,中等,问卷,wènjuàn,名,160
3203,5,5,,中等,握,wò,动,160
3204,5,5,,中等,卧室,wòshì,名,160
3205,5,5,,中等,握手,wòshǒu,动,160
3206,5,5,,中等,无关,wúguān,动,160
3207,5,5,,中等,无奈,wúnài,动、连,160
3208,5,5,,中等,无数,wúshù,形,160
3209,5,5,,中等,无限,wúxiàn,形,160
3210,5,5,,中等,无效,wúxiào,动,160
3211,5,5,,中等,舞蹈,wǔdǎo,名,160
3212,5,5,,中等,武术,wǔshù,名,160
3213,5,5,,中等,舞台,wǔtái,名,160
3214,5,5,,中等,五颜六色,wǔyán-liùsè,,160
3215,5,5,,中等,雾,wù,名,160
3216,5,5,,中等,物价,wùjià,名,160
3217,5,5,,中等,物理,wùlǐ,名,160
3218,5,5,,中等,物品,wùpǐn,名,160
3219,5,5,,中等,物业,wùyè,名,160
3220,5,5,,中等,物质,wùzhì,名,160
3221,5,5,,中等,西餐,xīcān,名,160
3222,5,5,,中等,吸管,xīguǎn,名,160
3223,5,5,,中等,吸收,xīshōu,动,160
3224,5,5,,中等,西装,xīzhuāng,名,160
3225,5,5,,中等,戏,xì,名,160
3226,5,5,,中等,系,xì,名,160
3227,5,5,,中等,细节,xìjié,名,160
3228,5,5,,中等,戏剧,xìjù,名,160
3229,5,5,,中等,系统,xìtǒng,名、形,160
3230,5,5,,中等,下载,xiàzài,动,160
3231,5,5,,中等,先后,xiānhòu,名、副,160
3232,5,5,,中等,先进,xiānjìn,形、名,160
3233,5,5,,中等,闲,xián,形,160
3234,5,5,,中等,显得,xiǎnde,动,160
3235,5,5,,中等,显然,xiǎnrán,形,160
3236,5,5,,中等,显示,xiǎnshì,动,160
3237,5,5,,中等,县,xiàn,名,160
3238,5,5,,中等,现场,xiànchǎng,名,160
3239,5,5,,中等,现代,xiàndài,名、形,160
3240,5,5,,中等,现代化,xiàndàihuà,动,160
3241,5,5,,中等,线路,xiànlù,名,161
3242,5,5,,中等,现实,xiànshí,名、形,161
3243,5,5,,中等,现象,xiànxiàng,名,161
3244,5,5,,中等,限制,xiànzhì,动、名,161
3245,5,5,,中等,现状,xiànzhuàng,名,161
3246,5,5,,中等,乡,xiāng,名,161
3247,5,5,,中等,相处,xiāngchǔ,动,161
3248,5,5,,中等,乡村,xiāngcūn,名,161
3249,5,5,,中等,相当,xiāngdāng,动、副,161
3250,5,5,,中等,相对,xiāngduì,动、形,161
3251,5,5,,中等,相关,xiāngguān,动,161
3252,5,5,,中等,相似,xiāngsì,形,161
3253,5,5,,中等,想念,xiǎngniàn,动,161
3254,5,5,,中等,响声,xiǎngshēng,名,161
3255,5,5,,中等,享受,xiǎngshòu,动,161
3256,5,5,,中等,想象,xiǎngxiàng,动,161
3257,5,5,,中等,相册,xiàngcè,名,161
3258,5,5,,中等,项目,xiàngmù,名,161
3259,5,5,,中等,橡皮,xiàngpí,名,161
3260,5,5,,中等,向上,xiàngshàng,动,161
3261,5,5,,中等,象征,xiàngzhēng,动、名,161
3262,5,5,,中等,消费,xiāofèi,动,161
3263,5,5,,中等,消费者,xiāofèizhě,名,161
3264,5,5,,中等,消化,xiāohuà,动,161
3265,5,5,,中等,消极,xiāojí,形,161
3266,5,5,,中等,销量,xiāoliàng,名,161
3267,5,5,,中等,消失,xiāoshī,动,161
3268,5,5,,中等,销售,xiāoshòu,动,161
3269,5,5,,中等,小姐,xiǎojiě,名,161
3270,5,5,,中等,小型,xiǎoxíng,形,161
3271,5,5,,中等,小于,xiǎoyú,动,161
3272,5,5,,中等,效率,xiàolǜ,名,161
3273,5,5,,中等,斜,xié,形、动,161
3274,5,5,,中等,协议,xiéyì,动、名,161
3275,5,5,,中等,写作,xiězuò,动,161
3276,5,5,,中等,新郎,xīnláng,名,161
3277,5,5,,中等,心理,xīnlǐ,名,161
3278,5,5,,中等,新娘,xīnniáng,名,161
3279,5,5,,中等,新人,xīnrén,名,161
3280,5,5,,中等,欣赏,xīnshǎng,动,161
3281,5,5,,中等,心态,xīntài,名,162
3282,5,5,,中等,新型,xīnxíng,形,162
3283,5,5,,中等,信封,xìnfēng,名,162
3284,5,5,,中等,信任,xìnrèn,动,162
3285,5,5,,中等,信用,xìnyòng,名,162
3286,5,5,,中等,行程,xíngchéng,名,162
3287,5,5,,中等,形成,xíngchéng,动,162
3288,5,5,,中等,行动,xíngdòng,动、名,162
3289,5,5,,中等,行人,xíngrén,名,162
3290,5,5,,中等,形容,xíngróng,动,162
3291,5,5,,中等,形式,xíngshì,名,162
3292,5,5,,中等,形势,xíngshì,名,162
3293,5,5,,中等,行驶,xíngshǐ,动,162
3294,5,5,,中等,行为,xíngwéi,名,162
3295,5,5,,中等,形象,xíngxiàng,名、形,162
3296,5,5,,中等,形状,xíngzhuàng,名,162
3297,5,5,,中等,行走,xíngzǒu,动,162
3298,5,5,,中等,幸运,xìngyùn,名、形,162
3299,5,5,,中等,性质,xìngzhì,名,162
3300,5,5,,中等,修改,xiūgǎi,动,162
3301,5,5,,中等,修建,xiūjiàn,动,162
3302,5,5,,中等,休闲,xiūxián,动,162
3303,5,5,,中等,需,xū,动,162
3304,5,5,,中等,需求,xūqiú,名,162
3305,5,5,,中等,虚心,xūxīn,形,162
3306,5,5,,中等,宣布,xuānbù,动,162
3307,5,5,,中等,宣传,xuānchuán,动,162
3308,5,5,,中等,选手,xuǎnshǒu,名,162
3309,5,5,,中等,学分,xuéfēn,名,162
3310,5,5,,中等,学科,xuékē,名,162
3311,5,5,,中等,学历,xuélì,名,162
3312,5,5,,中等,学年,xuénián,名,162
3313,5,5,,中等,学术,xuéshù,名,162
3314,5,5,,中等,学者,xuézhě,名,162
3315,5,5,,中等,雪糕,xuěgāo,名,162
3316,5,5,,中等,询问,xúnwèn,动,162
3317,5,5,,中等,寻找,xúnzhǎo,动,162
3318,5,5,,中等,训练,xùnliàn,动,162
3319,5,5,,中等,迅速,xùnsù,形,162
3320,5,5,,中等,呀,yā,叹,162
3321,5,5,,中等,押金,yājīn,名,163
3322,5,5,,中等,压岁钱,yāsuìqián,名,163
3323,5,5,,中等,鸭子,yāzi,名,163
3324,5,5,,中等,牙齿,yáchǐ,名,163
3325,5,5,,中等,沿,yán,介、动、名,163
3326,5,5,,中等,延长,yáncháng,动,163
3327,5,5,,中等,研发,yánfā,动,163
3328,5,5,,中等,严肃,yánsù,形、动,163
3329,5,5,,中等,研制,yánzhì,动,163
3330,5,5,,中等,眼,yǎn,名、量,163
3331,5,5,,中等,演讲,yǎnjiǎng,动,163
3332,5,5,,中等,眼泪,yǎnlèi,名,163
3333,5,5,,中等,阳台,yángtái,名,163
3334,5,5,,中等,样式,yàngshì,名,163
3335,5,5,,中等,腰,yāo,名,163
3336,5,5,,中等,摇,yáo,动,163
3337,5,5,,中等,咬,yǎo,动,163
3338,5,5,,中等,要不,yàobù,连,163
3339,5,5,,中等,要不是,yàobúshì,连,163
3340,5,5,,中等,药品,yàopǐn,名,163
3341,5,5,,中等,药物,yàowù,名,163
3342,5,5,,中等,夜间,yèjiān,名,163
3343,5,5,,中等,夜市,yèshì,名,163
3344,5,5,,中等,业务,yèwù,名,163
3345,5,5,,中等,业余,yèyú,形,163
3346,5,5,,中等,依据,yījù,名、动、介,163
3347,5,5,,中等,依靠,yīkào,动、名,163
3348,5,5,,中等,医疗,yīliáo,动,163
3349,5,5,,中等,依然,yīrán,副,163
3350,5,5,,中等,医学,yīxué,名,163
3351,5,5,,中等,移,yí,动,163
3352,5,5,,中等,一次性,yícìxìng,形,163
3353,5,5,,中等,一代,yídài,名,163
3354,5,5,,中等,一旦,yídàn,副,163
3355,5,5,,中等,移动,yídòng,动,163
3356,5,5,,中等,遗憾,yíhàn,名、形,163
3357,5,5,,中等,一路,yílù,名、副,163
3358,5,5,,中等,一路顺风,yílù-shùnfēng,,163
3359,5,5,,中等,疑问,yíwèn,名,163
3360,5,5,,中等,一致,yízhì,形、副,163
3361,5,5,,中等,乙,yǐ,名,164
3362,5（7-9）,5,7-9,中等,以,yǐ,介、（连）,164
3363,5,5,,中等,以及,yǐjí,连,164
3364,5,5,,中等,以来,yǐlái,名,164
3365,5,5,,中等,亿,yì,数,164
3366,5,5,,中等,意识,yìshí,动、名,164
3367,5,5,,中等,意外,yìwài,形、名,164
3368,5,5,,中等,意味着,yìwèizhe,动,164
3369,5,5,,中等,义务,yìwù,名、形,164
3370,5,5,,中等,意义,yìyì,名,164
3371,5,5,,中等,因而,yīn’ér,连,164
3372,5,5,,中等,音量,yīnliàng,名,164
3373,5,5,,中等,因素,yīnsù,名,164
3374,5,5,,中等,引进,yǐnjìn,动,164
3375,5,5,,中等,饮食,yǐnshí,名,164
3376,5,5,,中等,印刷,yìnshuā,动,164
3377,5,5,,中等,应当,yīngdāng,动,164
3378,5,5,,中等,迎,yíng,动,164
3379,5,5,,中等,迎接,yíngjiē,动,164
3380,5,5,,中等,营养,yíngyǎng,名,164
3381,5,5,,中等,营业,yíngyè,动,164
3382,5,5,,中等,影片,yǐngpiàn,名,164
3383,5,5,,中等,影视,yǐngshì,名,164
3384,5,5,,中等,硬,yìng,形、副,164
3385,5,5,,中等,应对,yìngduì,动,164
3386,5,5,,中等,硬件,yìngjiàn,名,164
3387,5,5,,中等,应用,yìngyòng,动、形,164
3388,5,5,,中等,拥抱,yōngbào,动,164
3389,5,5,,中等,拥有,yōngyǒu,动,164
3390,5,5,,中等,勇气,yǒngqì,名,164
3391,5,5,,中等,用法,yòngfǎ,名,164
3392,5,5,,中等,用户,yònghù,名,164
3393,5,5,,中等,用力,yònglì,动,164
3394,5,5,,中等,用品,yòngpǐn,名,164
3395,5,5,,中等,用途,yòngtú,名,164
3396,5,5,,中等,优惠,yōuhuì,形,164
3397,5,5,,中等,悠久,yōujiǔ,形,164
3398,5,5,,中等,优良,yōuliáng,形,164
3399,5,5,,中等,优美,yōuměi,形,164
3400,5,5,,中等,优势,yōushì,名,164
3401,5,5,,中等,优质,yōuzhì,形,165
3402,5,5,,中等,由此,yóu cǐ,,165
3403,5,5,,中等,邮寄,yóujì,动,165
3404,5,5,,中等,邮局,yóujú,名,165
3405,5,5,,中等,游览,yóulǎn,动,165
3406,5,5,,中等,邮票,yóupiào,名,165
3407,5,5,,中等,油条,yóutiáo,名,165
3408,5,5,,中等,犹豫,yóuyù,形,165
3409,5,5,,中等,有害,yǒu hài,,165
3410,5,5,,中等,有力,yǒulì,形,165
3411,5,5,,中等,有利,yǒulì,形,165
3412,5,5,,中等,有限,yǒuxiàn,形,165
3413,5,5,,中等,有益,yǒuyì,形,165
3414,5,5,,中等,有助于,yǒuzhùyú,动,165
3415,5,5,,中等,幼儿园,yòu’éryuán,名,165
3416,5,5,,中等,娱乐,yúlè,动、名,165
3417,5,5,,中等,语气,yǔqì,名,165
3418,5,5,,中等,雨水,yǔshuǐ,名,165
3419,5,5,,中等,语文,yǔwén,名,165
3420,5,5,,中等,语音,yǔyīn,名,165
3421,5,5,,中等,预报,yùbào,动、名,165
3422,5,5,,中等,预测,yùcè,动,165
3423,5,5,,中等,预订,yùdìng,动,165
3424,5,5,,中等,预防,yùfáng,动,165
3425,5,5,,中等,预计,yùjì,动,165
3426,5,5,,中等,玉米,yùmǐ,名,165
3427,5,5,,中等,预约,yùyuē,动,165
3428,5,5,,中等,原,yuán,形,165
3429,5,5,,中等,圆,yuán,名、形,165
3430,5,5,,中等,原有,yuán yǒu,,165
3431,5,5,,中等,元旦,Yuándàn,名,165
3432,5,5,,中等,员工,yuángōng,名,165
3433,5,5,,中等,原则,yuánzé,名,165
3434,5,5,,中等,愿,yuàn,动,165
3435,5,5,,中等,愿望,yuànwàng,名,165
3436,5,5,,中等,约定,yuēdìng,动,165
3437,5,5,,中等,运,yùn,动,165
3438,5,5,,中等,运费,yùnfèi,名,165
3439,5,5,,中等,运气,yùnqi,名,165
3440,5,5,,中等,运输,yùnshū,动,165
3441,5,5,,中等,运用,yùnyòng,动,166
3442,5,5,,中等,在场,zàichǎng,动,166
3443,5,5,,中等,在乎,zàihu,动,166
3444,5,5,,中等,在内,zàinèi,名,166
3445,5,5,,中等,在线,zàixiàn,动,166
3446,5,5,,中等,在于,zàiyú,动,166
3447,5,5,,中等,赞成,zànchéng,动,166
3448,5,5,,中等,糟,zāo,形,166
3449,5,5,,中等,糟糕,zāogāo,形,166
3450,5,5,,中等,早期,zǎoqī,名,166
3451,5,5,,中等,早晚,zǎowǎn,名、副,166
3452,5,5,,中等,早已,zǎoyǐ,副,166
3453,5,5,,中等,造,zào,动,166
3454,5,5,,中等,造成,zàochéng,动,166
3455,5,5,,中等,增,zēng,动,166
3456,5,5,,中等,增进,zēngjìn,动,166
3457,5,5,,中等,增强,zēngqiáng,动,166
3458,5,5,,中等,赠,zèng,动,166
3459,5,5,,中等,赠送,zèngsòng,动,166
3460,5,5,,中等,炸,zhá,动,166
3461,5,5,,中等,摘,zhāi,动,166
3462,5,5,,中等,窄,zhǎi,形,166
3463,5,5,,中等,展出,zhǎnchū,动,166
3464,5,5,,中等,展开,zhǎnkāi,动,166
3465,5,5,,中等,展览,zhǎnlǎn,动,166
3466,5,5,,中等,展示,zhǎnshì,动,166
3467,5,5,,中等,展现,zhǎnxiàn,动,166
3468,5,5,,中等,占,zhàn,动,166
3469,5,5,,中等,站台,zhàntái,名,166
3470,5,5,,中等,占线,zhànxiàn,动,166
3471,5,5,,中等,涨,zhǎng,动,166
3472,5,5,,中等,涨价,zhǎngjià,动,166
3473,5,5,,中等,掌声,zhǎngshēng,名,166
3474,5,5,,中等,掌握,zhǎngwò,动,166
3475,5,5,,中等,账号,zhànghào,名,166
3476,5,5,,中等,账户,zhànghù,名,166
3477,5,5,,中等,着凉,zháoliáng,动,166
3478,5,5,,中等,召开,zhàokāi,动,166
3479,5,5,,中等,折扣,zhékòu,名,166
3480,5,5,,中等,哲学,zhéxué,名,166
3481,5,5,,中等,真诚,zhēnchéng,形,167
3482,5,5,,中等,针对,zhēnduì,动,167
3483,5,5,,中等,珍贵,zhēnguì,形,167
3484,5,5,,中等,真实,zhēnshí,形,167
3485,5,5,,中等,珍惜,zhēnxī,动,167
3486,5,5,,中等,诊断,zhěnduàn,动,167
3487,5,5,,中等,阵,zhèn,量,167
3488,5,5,,中等,争,zhēng,动,167
3489,5,5,,中等,争取,zhēngqǔ,动,167
3490,5,5,,中等,整齐,zhěngqí,形,167
3491,5,5,,中等,整体,zhěngtǐ,名,167
3492,5,5,,中等,整整,zhěngzhěng,副,167
3493,5,5,,中等,挣,zhèng,动,167
3494,5,5,,中等,政府,zhèngfǔ,名,167
3495,5,5,,中等,证据,zhèngjù,名,167
3496,5,5,,中等,正如,zhèngrú,动,167
3497,5,5,,中等,证书,zhèngshū,名,167
3498,5,5,,中等,政治,zhèngzhì,名,167
3499,5,5,,中等,支1,zhī,量,167
3500,5,5,,中等,知名,zhīmíng,形,167
3501,5,5,,中等,直,zhí,形、动、副,167
3502,5,5,,中等,直播,zhíbō,动,167
3503,5,5,,中等,职场,zhíchǎng,名,167
3504,5,5,,中等,职工,zhígōng,名,167
3505,5,5,,中等,执行,zhíxíng,动、形,167
3506,5,5,,中等,止,zhǐ,动,167
3507,5,5,,中等,指导,zhǐdǎo,动,167
3508,5,5,,中等,至,zhì,动,167
3509,5,5,,中等,治,zhì,动,167
3510,5,5,,中等,制订,zhìdìng,动,167
3511,5,5,,中等,制定,zhìdìng,动,167
3512,5,5,,中等,制度,zhìdù,名,167
3513,5,5,,中等,智慧,zhìhuì,名,167
3514,5,5,,中等,至今,zhìjīn,副,167
3515,5,5,,中等,治疗,zhìliáo,动,167
3516,5,5,,中等,智能,zhìnéng,名、形,167
3517,5,5,,中等,志愿者,zhìyuànzhě,名,167
3518,5,5,,中等,制造,zhìzào,动,167
3519,5,5,,中等,制作,zhìzuò,动,167
3520,5,5,,中等,中华,Zhōnghuá,名,167
3521,5,5,,中等,中华民族,Zhōnghuá Mínzú,,168
3522,5,5,,中等,中级,zhōngjí,形,168
3523,5,5,,中等,中介,zhōngjiè,名,168
3524,5,5,,中等,中期,zhōngqī,名,168
3525,5,5,,中等,中外,zhōngwài,名,168
3526,5,5,,中等,中心,zhōngxīn,名,168
3527,5,5,,中等,中药,zhōngyào,名,168
3528,5,5,,中等,中医,zhōngyī,名,168
3529,5,5,,中等,种类,zhǒnglèi,名,168
3530,5,5,,中等,种子,zhǒngzi,名,168
3531,5,5,,中等,重大,zhòngdà,形,168
3532,5,5,,中等,众多,zhòngduō,形,168
3533,5,5,,中等,重量,zhòngliàng,名,168
3534,5,5,,中等,种植,zhòngzhí,动,168
3535,5,5,,中等,周年,zhōunián,名,168
3536,5,5,,中等,猪,zhū,名,168
3537,5,5,,中等,逐步,zhúbù,副,168
3538,5,5,,中等,逐渐,zhújiàn,副,168
3539,5,5,,中等,竹子,zhúzi,名,168
3540,5,5,,中等,煮,zhǔ,动,168
3541,5,5,,中等,主持,zhǔchí,动,168
3542,5,5,,中等,主动,zhǔdòng,形,168
3543,5,5,,中等,主观,zhǔguān,形,168
3544,5,5,,中等,主人,zhǔrén,名,168
3545,5,5,,中等,主任,zhǔrèn,名,168
3546,5,5,,中等,主食,zhǔshí,名,168
3547,5,5,,中等,主题,zhǔtí,名,168
3548,5,5,,中等,主席,zhǔxí,名,168
3549,5,5,,中等,注册,zhùcè,动,168
3550,5,5,,中等,住房,zhùfáng,名,168
3551,5,5,,中等,住宿,zhùsù,动,168
3552,5,5,,中等,住址,zhùzhǐ,名,168
3553,5,5,,中等,注重,zhùzhòng,动,168
3554,5,5,,中等,抓,zhuā,动,168
3555,5,5,,中等,抓紧,zhuājǐn,动,168
3556,5,5,,中等,专家,zhuānjiā,名,168
3557,5,5,,中等,专心,zhuānxīn,形,168
3558,5,5,,中等,转变,zhuǎnbiàn,动,168
3559,5,5,,中等,转告,zhuǎngào,动,168
3560,5,5,,中等,装饰,zhuāngshì,动、名,168
3561,5,5,,中等,装修,zhuāngxiū,动,169
3562,5,5,,中等,撞,zhuàng,动,169
3563,5,5,,中等,状况,zhuàngkuàng,名,169
3564,5,5,,中等,状态,zhuàngtài,名,169
3565,5,5,,中等,追,zhuī,动,169
3566,5,5,,中等,追求,zhuīqiú,动,169
3567,5,5,,中等,资格,zīgé,名,169
3568,5,5,,中等,资金,zījīn,名,169
3569,5,5,,中等,姿势,zīshì,名,169
3570,5,5,,中等,咨询,zīxún,动,169
3571,5,5,,中等,资源,zīyuán,名,169
3572,5,5,,中等,紫,zǐ,形,169
3573,5,5,,中等,子女,zǐnǚ,名,169
3574,5,5,,中等,自从,zìcóng,介,169
3575,5,5,,中等,自动,zìdòng,副、形,169
3576,5,5,,中等,自觉,zìjué,动、形,169
3577,5,5,,中等,字母,zìmǔ,名,169
3578,5,5,,中等,自身,zìshēn,名,169
3579,5,5,,中等,自由,zìyóu,形、名,169
3580,5,5,,中等,综合,zōnghé,动,169
3581,5,5,,中等,总部,zǒngbù,名,169
3582,5,5,,中等,总共,zǒnggòng,副,169
3583,5,5,,中等,总数,zǒngshù,名,169
3584,5,5,,中等,总体,zǒngtǐ,名,169
3585,5,5,,中等,总统,zǒngtǒng,名,169
3586,5,5,,中等,总之,zǒngzhī,连,169
3587,5,5,,中等,租金,zūjīn,名,169
3588,5,5,,中等,族,zú,后缀,169
3589,5,5,,中等,足够,zúgòu,动,169
3590,5,5,,中等,组成,zǔchéng,动,169
3591,5,5,,中等,组合,zǔhé,动、名,169
3592,5,5,,中等,阻止,zǔzhǐ,动,169
3593,5,5,,中等,组织,zǔzhī,动、名,169
3594,5,5,,中等,嘴巴,zuǐba,名,169
3595,5,5,,中等,醉,zuì,动,169
3596,5,5,,中等,最初,zuìchū,名,169
3597,5,5,,中等,最佳,zuìjiā,形,169
3598,5,5,,中等,尊敬,zūnjìng,动、形,169
3599,5,5,,中等,遵守,zūnshǒu,动,169
3600,5,5,,中等,作出,zuòchū,动,169
3601,6,6,,中等,岸,àn,名,170
3602,6,6,,中等,案例,ànlì,名,170
3603,6,6,,中等,按摩,ànmó,动,170
3604,6,6,,中等,暗示,ànshì,动,170
3605,6,6,,中等,昂贵,ángguì,形,170
3606,6,6,,中等,白白,báibái,副,170
3607,6,6,,中等,白领,báilǐng,名,170
3608,6,6,,中等,摆,bǎi,动,170
3609,6,6,,中等,摆放,bǎifàng,动,170
3610,6,6,,中等,百分点,bǎifēndiǎn,名,170
3611,6,6,,中等,百货,bǎihuò,名,170
3612,6,6,,中等,摆脱,bǎituō,动,170
3613,6,6,,中等,败,bài,动,170
3614,6,6,,中等,拜访,bàifǎng,动,170
3615,6,6,,中等,拜年,bàinián,动,170
3616,6,6,,中等,版,bǎn,名、量,170
3617,6,6,,中等,版本,bǎnběn,名,170
3618,6,6,,中等,伴随,bànsuí,动,170
3619,6,6,,中等,扮演,bànyǎn,动,170
3620,6,6,,中等,榜样,bǎngyàng,名,170
3621,6,6,,中等,棒球,bàngqiú,名,170
3622,6,6,,中等,保管,bǎoguǎn,动,170
3623,6,6,,中等,保健,bǎojiàn,动,170
3624,6,6,,中等,保暖,bǎonuǎn,动,170
3625,6,6,,中等,保修,bǎoxiū,动,170
3626,6,6,,中等,保障,bǎozhàng,动、名,170
3627,6,6,,中等,爆,bào,动,170
3628,6,6,,中等,爆发,bàofā,动,170
3629,6,6,,中等,报刊,bàokān,名,170
3630,6,6,,中等,暴力,bàolì,名,170
3631,6,6,,中等,暴露,bàolù,动,170
3632,6,6,,中等,报社,bàoshè,名,170
3633,6,6,,中等,爆炸,bàozhà,动,170
3634,6,6,,中等,悲观,bēiguān,形,170
3635,6,6,,中等,悲剧,bēijù,名,170
3636,6,6,,中等,悲伤,bēishāng,形,170
3637,6,6,,中等,北极,běijí,名,170
3638,6,6,,中等,北美洲,Běiměizhōu,名,170
3639,6,6,,中等,被动,bèidòng,形,170
3640,6,6,,中等,被迫,bèipò,动,170
3641,6,6,,中等,背心,bèixīn,名,171
3642,6,6,,中等,备用,bèiyòng,动,171
3643,6,6,,中等,倍增,bèizēng,动,171
3644,6,6,,中等,奔跑,bēnpǎo,动,171
3645,6,6,,中等,本能,běnnéng,名、副,171
3646,6,6,,中等,本身,běnshēn,代,171
3647,6,6,,中等,本土,běntǔ,名,171
3648,6,6,,中等,逼,bī,动,171
3649,6,6,,中等,比方,bǐfang,动,171
3650,6,6,,中等,比重,bǐzhòng,名,171
3651,6,6,,中等,闭,bì,动,171
3652,6,6,,中等,避,bì,动,171
3653,6,6,,中等,必修,bìxiū,形,171
3654,6,6,,中等,编,biān,动,171
3655,6,6,,中等,编辑,biānjí,动、名,171
3656,6,6,,中等,编写,biānxiě,动,171
3657,6,6,,中等,遍地,biàndì,动、副,171
3658,6,6,,中等,便捷,biànjié,形,171
3659,6,6,,中等,变质,biànzhì,动,171
3660,6,6,,中等,兵,bīng,名,171
3661,6,6,,中等,病毒,bìngdú,名,171
3662,6,6,,中等,播,bō,动,171
3663,6,6,,中等,播种,bōzhǒng,动,171
3664,6,6,,中等,博览会,bólǎnhuì,名,171
3665,6,6,,中等,薄弱,bóruò,形,171
3666,6,6,,中等,脖子,bózi,名,171
3667,6,6,,中等,不耐烦,bú nàifán,,171
3668,6,6,,中等,不顾,búgù,动,171
3669,6,6,,中等,不料,búliào,连,171
3670,6,6,,中等,不适,búshì,形,171
3671,6,6,,中等,不至于,búzhìyú,动,171
3672,6,6,,中等,补,bǔ,动,171
3673,6,6,,中等,捕,bǔ,动,171
3674,6,6,,中等,补偿,bǔcháng,动,171
3675,6,6,,中等,补课,bǔkè,动,171
3676,6,6,,中等,补贴,bǔtiē,动、名,171
3677,6,6,,中等,补习,bǔxí,动,171
3678,6,6,,中等,布,bù,名,171
3679,6,6,,中等,不安,bù’ān,形,171
3680,6,6,,中等,不曾,bùcéng,副,171
3681,6,6,,中等,不成,bùchéng,动、形、助,172
3682,6,6,,中等,不得,bùdé,动,172
3683,6,6,,中等,部队,bùduì,名,172
3684,6,6,,中等,不禁,bùjīn,副,172
3685,6,6,,中等,不时,bùshí,副、名,172
3686,6,6,,中等,部位,bùwèi,名,172
3687,6,6,,中等,不许,bùxǔ,动,172
3688,6,6,,中等,不宜,bùyí,动,172
3689,6,6,,中等,不已,bùyǐ,动,172
3690,6,6,,中等,布置,bùzhì,动,172
3691,6,6,,中等,不止,bùzhǐ,动、副,172
3692,6,6,,中等,步骤,bùzhòu,名,172
3693,6,6,,中等,猜测,cāicè,动,172
3694,6,6,,中等,财产,cáichǎn,名,172
3695,6,6,,中等,财富,cáifù,名,172
3696,6,6,,中等,才华,cáihuá,名,172
3697,6,6,,中等,才能,cáinéng,名,172
3698,6,6,,中等,财务,cáiwù,名,172
3699,6,6,,中等,财物,cáiwù,名,172
3700,6,6,,中等,材质,cáizhì,名,172
3701,6,6,,中等,踩,cǎi,动,172
3702,6,6,,中等,采购,cǎigòu,动、名,172
3703,6,6,,中等,彩虹,cǎihóng,名,172
3704,6,6,,中等,采集,cǎijí,动,172
3705,6,6,,中等,采纳,cǎinà,动,172
3706,6,6,,中等,彩票,cǎipiào,名,172
3707,6,6,,中等,参展,cānzhǎn,动,172
3708,6,6,,中等,残疾,cánjí,名,172
3709,6,6,,中等,仓库,cāngkù,名,172
3710,6,6,,中等,草原,cǎoyuán,名,172
3711,6,6,,中等,侧,cè,名、动,172
3712,6,6,,中等,策划,cèhuà,动,172
3713,6,6,,中等,测量,cèliáng,动,172
3714,6,6,,中等,策略,cèlüè,名,172
3715,6,6,,中等,层次,céngcì,名,172
3716,6,6,,中等,层面,céngmiàn,名,172
3717,6,6,,中等,叉,chā,名、动,172
3718,6,6,,中等,差异,chāyì,名,172
3719,6,6,,中等,插座,chāzuò,名,172
3720,6,6,,中等,查询,cháxún,动,172
3721,6,6,,中等,拆除,chāichú,动,173
3722,6,6,,中等,产出,chǎnchū,动,173
3723,6,6,,中等,产地,chǎndì,名,173
3724,6,6,,中等,肠,cháng,名,173
3725,6,6,,中等,长短,chángduǎn,名,173
3726,6,6,,中等,常规,chángguī,名、形,173
3727,6,6,,中等,常年,chángnián,副、名,173
3728,6,6,,中等,长寿,chángshòu,形,173
3729,6,6,,中等,常温,chángwēn,名,173
3730,6,6,,中等,场次,chǎngcì,名,173
3731,6,6,,中等,场地,chǎngdì,名,173
3732,6,6,,中等,场馆,chǎngguǎn,名,173
3733,6,6,,中等,场合,chǎnghé,名,173
3734,6,6,,中等,厂家,chǎngjiā,名,173
3735,6,6,,中等,场景,chǎngjǐng,名,173
3736,6,6,,中等,场面,chǎngmiàn,名,173
3737,6,6,,中等,厂商,chǎngshāng,名,173
3738,6,6,,中等,畅通,chàngtōng,形,173
3739,6,6,,中等,畅销,chàngxiāo,动,173
3740,6,6,,中等,抄,chāo,动,173
3741,6,6,,中等,超越,chāoyuè,动,173
3742,6,6,,中等,朝代,cháodài,名,173
3743,6,6,,中等,潮流,cháoliú,名,173
3744,6,6,,中等,潮湿,cháoshī,形,173
3745,6,6,,中等,嘲笑,cháoxiào,动,173
3746,6,6,,中等,炒股,chǎogǔ,动,173
3747,6,6,,中等,吵架,chǎojià,动,173
3748,6,6,,中等,撤回,chèhuí,动,173
3749,6,6,,中等,撤销,chèxiāo,动,173
3750,6,6,,中等,沉重,chénzhòng,形,173
3751,6,6,,中等,趁,chèn,介,173
3752,6,6,,中等,撑,chēng,动,173
3753,6,6,,中等,称号,chēnghào,名,173
3754,6,6,,中等,称呼,chēnghu,动、名,173
3755,6,6,,中等,称作,chēngzuò,动,173
3756,6,6,,中等,成,chéng,量,173
3757,6,6,,中等,乘2,chéng,动,173
3758,6,6,,中等,盛,chéng,动,173
3759,6,6,,中等,承办,chéngbàn,动,173
3760,6,6,,中等,惩罚,chéngfá,动,173
3761,6,6,,中等,成交,chéngjiāo,动,174
3762,6,6,,中等,承诺,chéngnuò,动,174
3763,6,6,,中等,成千上万,chéngqiān-shàngwàn,,174
3764,6,6,,中等,呈现,chéngxiàn,动,174
3765,6,6,,中等,成效,chéngxiào,名,174
3766,6,6,,中等,诚信,chéngxìn,形,174
3767,6,6,,中等,成语,chéngyǔ,名,174
3768,6,6,,中等,城镇,chéngzhèn,名,174
3769,6,6,,中等,持久,chíjiǔ,形,174
3770,6,6,,中等,持有,chíyǒu,动,174
3771,6,6,,中等,尺,chǐ,量、名,174
3772,6,6,,中等,尺寸,chǐcùn,名,174
3773,6,6,,中等,冲动,chōngdòng,名、形,174
3774,6,6,,中等,冲击,chōngjī,动,174
3775,6,6,,中等,充实,chōngshí,形、动,174
3776,6,6,,中等,冲突,chōngtū,动,174
3777,6,6,,中等,崇拜,chóngbài,动,174
3778,6,6,,中等,重建,chóngjiàn,动,174
3779,6,6,,中等,冲,chòng,动、介,174
3780,6,6,,中等,抽奖,chōujiǎng,动,174
3781,6,6,,中等,抽象,chōuxiàng,形,174
3782,6,6,,中等,愁,chóu,动,174
3783,6,6,,中等,筹备,chóubèi,动,174
3784,6,6,,中等,初步,chūbù,形,174
3785,6,6,,中等,出场,chūchǎng,动,174
3786,6,6,,中等,初等,chūděng,形,174
3787,6,6,,中等,出境,chūjìng,动,174
3788,6,6,,中等,出力,chūlì,动,174
3789,6,6,,中等,出名,chūmíng,形,174
3790,6,6,,中等,出入,chūrù,名,174
3791,6,6,,中等,出示,chūshì,动,174
3792,6,6,,中等,出游,chūyóu,动,174
3793,6,6,,中等,出于,chūyú,动,174
3794,6,6,,中等,除,chú,动、介,174
3795,6,6,,中等,除非,chúfēi,连,174
3796,6,6,,中等,储存,chǔcún,动,174
3797,6,6,,中等,处罚,chǔfá,动,174
3798,6,6,,中等,储蓄,chǔxù,动、名,174
3799,6,6,,中等,处处,chùchù,副,174
3800,6,6,,中等,穿过,chuānguò,动,174
3801,6,6,,中等,传承,chuánchéng,动,175
3802,6,6,,中等,传达,chuándá,动,175
3803,6,6,,中等,传染,chuánrǎn,动,175
3804,6,6,,中等,传染病,chuánrǎnbìng,名,175
3805,6,6,,中等,传授,chuánshòu,动,175
3806,6,6,,中等,传输,chuánshū,动,175
3807,6,6,,中等,传真,chuánzhēn,名,175
3808,6,6,,中等,船只,chuánzhī,名,175
3809,6,6,,中等,串,chuàn,名、量,175
3810,6,6,,中等,窗口,chuāngkǒu,名,175
3811,6,6,,中等,闯,chuǎng,动,175
3812,6,6,,中等,创办,chuàngbàn,动,175
3813,6,6,,中等,创建,chuàngjiàn,动,175
3814,6,6,,中等,创立,chuànglì,动,175
3815,6,6,,中等,创意,chuàngyì,名、动,175
3816,6,6,,中等,垂直,chuízhí,动,175
3817,6,6,,中等,纯,chún,形、副,175
3818,6,6,,中等,瓷器,cíqì,名,175
3819,6,6,,中等,此刻,cǐkè,名,175
3820,6,6,,中等,刺,cì,动、名,175
3821,6,6,,中等,次数,cìshù,名,175
3822,6,6,,中等,匆匆,cōngcōng,形,175
3823,6,6,,中等,匆忙,cōngmáng,形,175
3824,6,6,,中等,从未,cóngwèi,副,175
3825,6,6,,中等,从业,cóngyè,动,175
3826,6,6,,中等,醋,cù,名,175
3827,6,6,,中等,脆,cuì,形,175
3828,6,6,,中等,脆弱,cuìruò,形,175
3829,6,6,,中等,村庄,cūnzhuāng,名,175
3830,6,6,,中等,存储,cúnchǔ,动,175
3831,6,6,,中等,寸,cùn,量,175
3832,6,6,,中等,挫折,cuòzhé,动,175
3833,6,6,,中等,搭,dā,动,175
3834,6,6,,中等,搭配,dāpèi,动、形,175
3835,6,6,,中等,答复,dáfù,动,175
3836,6,6,,中等,打交道,dǎ jiāodao,,175
3837,6,6,,中等,打动,dǎdòng,动,175
3838,6,6,,中等,打击,dǎjī,动,175
3839,6,6,,中等,打架,dǎjià,动,175
3840,6,6,,中等,打卡,dǎkǎ,动,175
3841,6,6,,中等,打雷,dǎléi,动,176
3842,6,6,,中等,打造,dǎzào,动,176
3843,6,6,,中等,打仗,dǎzhàng,动,176
3844,6,6,,中等,大臣,dàchén,名,176
3845,6,6,,中等,大吃一惊,dàchī-yìjīng,,176
3846,6,6,,中等,大地,dàdì,名,176
3847,6,6,,中等,大都,dàdū,副,176
3848,6,6,,中等,大方,dàfang,形,176
3849,6,6,,中等,大幅,dàfú,副,176
3850,6,6,,中等,大伙儿,dàhuǒr,代,176
3851,6,6,,中等,大使,dàshǐ,名,176
3852,6,6,,中等,大师,dàshī,名,176
3853,6,6,,中等,大洋洲,Dàyángzhōu,名,176
3854,6,6,,中等,大致,dàzhì,形、副,176
3855,6,6,,中等,呆,dāi,形,176
3856,6,6,,中等,待,dài,动,176
3857,6,6,,中等,代价,dàijià,名,176
3858,6,6,,中等,贷款,dàikuǎn,动、名,176
3859,6,6,,中等,代理,dàilǐ,动,176
3860,6,6,,中等,带领,dàilǐng,动,176
3861,6,6,,中等,单纯,dānchún,形,176
3862,6,6,,中等,单调,dāndiào,形,176
3863,6,6,,中等,耽误,dānwu,动,176
3864,6,6,,中等,担忧,dānyōu,动,176
3865,6,6,,中等,蛋白质,dànbáizhì,名,176
3866,6,6,,中等,诞生,dànshēng,动,176
3867,6,6,,中等,当场,dāngchǎng,副,176
3868,6,6,,中等,当初,dāngchū,名,176
3869,6,6,,中等,当代,dāngdài,名,176
3870,6,6,,中等,当今,dāngjīn,名,176
3871,6,6,,中等,当面,dāngmiàn,副,176
3872,6,6,,中等,当下,dāngxià,名、副,176
3873,6,6,,中等,当选,dāngxuǎn,动,176
3874,6,6,,中等,档案,dàng’àn,名,176
3875,6,6,,中等,当天,dàngtiān,名,176
3876,6,6,,中等,岛,dǎo,名,176
3877,6,6,,中等,倒闭,dǎobì,动,176
3878,6,6,,中等,倒车,dǎochē,动,176
3879,6,6,,中等,导师,dǎoshī,名,176
3880,6,6,,中等,道德,dàodé,名、形,176
3881,6,6,,中等,倒是,dàoshì,副,177
3882,6,6,,中等,得了,déle,动、助,177
3883,6,6,,中等,得以,déyǐ,动,177
3884,6,6,,中等,得知,dézhī,动,177
3885,6,6,,中等,灯笼,dēnglong,名,177
3886,6,6,,中等,等级,děngjí,名,177
3887,6,6,,中等,滴,dī,动、量,177
3888,6,6,,中等,低碳,dītàn,形,177
3889,6,6,,中等,抵达,dǐdá,动,177
3890,6,6,,中等,抵抗,dǐkàng,动,177
3891,6,6,,中等,地道,dìdao,形,177
3892,6,6,,中等,地方,dìfāng,名,177
3893,6,6,,中等,地形,dìxíng,名,177
3894,6,6,,中等,地域,dìyù,名,177
3895,6,6,,中等,地质,dìzhì,名,177
3896,6,6,,中等,点击,diǎnjī,动,177
3897,6,6,,中等,典礼,diǎnlǐ,名,177
3898,6,6,,中等,点燃,diǎnrán,动,177
3899,6,6,,中等,典型,diǎnxíng,名、形,177
3900,6,6,,中等,电饭锅,diànfànguō,名,177
3901,6,6,,中等,电力,diànlì,名,177
3902,6,6,,中等,店铺,diànpù,名,177
3903,6,6,,中等,电源,diànyuán,名,177
3904,6,6,,中等,吊,diào,动,177
3905,6,6,,中等,调动,diàodòng,动,177
3906,6,6,,中等,钓鱼,diàoyú,动,177
3907,6,6,,中等,跌,diē,动,177
3908,6,6,,中等,顶,dǐng,名、动、量,177
3909,6,6,,中等,订单,dìngdān,名,177
3910,6,6,,中等,订婚,dìnghūn,动,177
3911,6,6,,中等,定价,dìngjià,动、名,177
3912,6,6,,中等,定时,dìngshí,动、名,177
3913,6,6,,中等,定位,dìngwèi,动、名,177
3914,6,6,,中等,定义,dìngyì,名、动,177
3915,6,6,,中等,定制,dìngzhì,动,177
3916,6,6,,中等,栋,dòng,量,177
3917,6,6,,中等,动机,dòngjī,名,177
3918,6,6,,中等,动力,dònglì,名,177
3919,6,6,,中等,动漫,dòngmàn,名,177
3920,6,6,,中等,动态,dòngtài,名、形,177
3921,6,6,,中等,动听,dòngtīng,形,178
3922,6,6,,中等,逗,dòu,动、形,178
3923,6,6,,中等,斗争,dòuzhēng,动、名,178
3924,6,6,,中等,都市,dūshì,名,178
3925,6,6,,中等,毒,dú,名、动、形,178
3926,6,6,,中等,渡,dù,动,178
3927,6,6,,中等,端,duān,动,178
3928,6,6,,中等,短缺,duǎnquē,动,178
3929,6,6,,中等,对称,duìchèn,形,178
3930,6,6,,中等,对接,duìjiē,动,178
3931,6,6,,中等,对抗,duìkàng,动,178
3932,6,6,,中等,对立,duìlì,动,178
3933,6,6,,中等,对应,duìyìng,动、形,178
3934,6,6,,中等,蹲,dūn,动,178
3935,6,6,,中等,顿时,dùnshí,副,178
3936,6,6,,中等,多才多艺,duōcái-duōyì,,178
3937,6,6,,中等,多亏,duōkuī,动,178
3938,6,6,,中等,多媒体,duōméitǐ,名,178
3939,6,6,,中等,多余,duōyú,动、形,178
3940,6,6,,中等,多元,duōyuán,形,178
3941,6,6,,中等,夺,duó,动,178
3942,6,6,,中等,夺取,duóqǔ,动,178
3943,6,6,,中等,躲避,duǒbì,动,178
3944,6,6,,中等,恶心,ěxin,形、动,178
3945,6,6,,中等,恶劣,èliè,形,178
3946,6,6,,中等,儿科,érkē,名,178
3947,6,6,,中等,耳环,ěrhuán,名,178
3948,6,6,,中等,二氧化碳,èryǎnghuàtàn,名,178
3949,6,6,,中等,发病,fābìng,动,178
3950,6,6,,中等,发愁,fāchóu,动,178
3951,6,6,,中等,发电,fādiàn,动,178
3952,6,6,,中等,发动,fādòng,动,178
3953,6,6,,中等,发放,fāfàng,动,178
3954,6,6,,中等,发光,fāguāng,动,178
3955,6,6,,中等,发票,fāpiào,名,178
3956,6,6,,中等,发行,fāxíng,动,178
3957,6,6,,中等,发炎,fāyán,动,178
3958,6,6,,中等,发育,fāyù,动,178
3959,6,6,,中等,法定,fǎdìng,形,178
3960,6,6,,中等,法官,fǎguān,名,178
3961,6,6,,中等,法规,fǎguī,名,179
3962,6,6,,中等,番,fān,量,179
3963,6,6,,中等,繁忙,fánmáng,形,179
3964,6,6,,中等,凡是,fánshì,副,179
3965,6,6,,中等,繁殖,fánzhí,动,179
3966,6,6,,中等,反馈,fǎnkuì,动,179
3967,6,6,,中等,反思,fǎnsī,动,179
3968,6,6,,中等,犯,fàn,动,179
3969,6,6,,中等,方方面面,fāngfāngmiànmiàn,名,179
3970,6,6,,中等,方位,fāngwèi,名,179
3971,6,6,,中等,方言,fāngyán,名,179
3972,6,6,,中等,妨碍,fáng’ài,动,179
3973,6,6,,中等,房价,fángjià,名,179
3974,6,6,,中等,防治,fángzhì,动,179
3975,6,6,,中等,访谈,fǎngtán,动,179
3976,6,6,,中等,放大,fàngdà,动,179
3977,6,6,,中等,放飞,fàngfēi,动,179
3978,6,6,,中等,飞速,fēisù,副,179
3979,6,6,,中等,肥,féi,形、动、名,179
3980,6,6,,中等,肥胖,féipàng,形,179
3981,6,6,,中等,肥沃,féiwò,形,179
3982,6,6,,中等,肺,fèi,名,179
3983,6,6,,中等,肺炎,fèiyán,名,179
3984,6,6,,中等,分工,fēngōng,动,179
3985,6,6,,中等,分级,fēnjí,动,179
3986,6,6,,中等,分期,fēnqī,动,179
3987,6,6,,中等,分散,fēnsàn,形、动,179
3988,6,6,,中等,氛围,fēnwéi,名,179
3989,6,6,,中等,粉,fěn,名、形,179
3990,6,6,,中等,愤怒,fènnù,形,179
3991,6,6,,中等,封闭,fēngbì,动,179
3992,6,6,,中等,风光,fēngguāng,名,179
3993,6,6,,中等,风力,fēnglì,名,179
3994,6,6,,中等,丰收,fēngshōu,动,179
3995,6,6,,中等,风雨,fēngyǔ,名,179
3996,6,6,,中等,奉献,fèngxiàn,动,179
3997,6,6,,中等,夫人,fūrén,名,179
3998,6,6,,中等,服,fú,动,179
3999,6,6,,中等,浮,fú,动,179
4000,6,6,,中等,服从,fúcóng,动,179
4001,6,6,,中等,幅度,fúdù,名,180
4002,6,6,,中等,符号,fúhào,名,180
4003,6,6,,中等,福利,fúlì,名、动,180
4004,6,6,,中等,服用,fúyòng,动,180
4005,6,6,,中等,辅导,fǔdǎo,动,180
4006,6,6,,中等,辅助,fǔzhù,动、形,180
4007,6,6,,中等,副2,fù,形,180
4008,6,6,,中等,覆盖,fùgài,动,180
4009,6,6,,中等,附件,fùjiàn,名,180
4010,6,6,,中等,负面,fùmiàn,形,180
4011,6,6,,中等,富裕,fùyù,形、动,180
4012,6,6,,中等,赋予,fùyǔ,动,180
4013,6,6,,中等,该2,gāi,代,180
4014,6,6,,中等,改编,gǎibiān,动,180
4015,6,6,,中等,改造,gǎizào,动,180
4016,6,6,,中等,概率,gàilǜ,名,180
4017,6,6,,中等,肝,gān,名,180
4018,6,6,,中等,干脆,gāncuì,形、副,180
4019,6,6,,中等,尴尬,gāngà,形,180
4020,6,6,,中等,干旱,gānhàn,形,180
4021,6,6,,中等,干扰,gānrǎo,动,180
4022,6,6,,中等,干燥,gānzào,形,180
4023,6,6,,中等,感激,gǎnjī,动,180
4024,6,6,,中等,赶忙,gǎnmáng,副,180
4025,6,6,,中等,感染,gǎnrǎn,动,180
4026,6,6,,中等,感想,gǎnxiǎng,名,180
4027,6,6,,中等,钢笔,gāngbǐ,名,180
4028,6,6,,中等,港口,gǎngkǒu,名,180
4029,6,6,,中等,岗位,gǎngwèi,名,180
4030,6,6,,中等,高层,gāocéng,名、形,180
4031,6,6,,中等,高超,gāochāo,形,180
4032,6,6,,中等,高等,gāoděng,形,180
4033,6,6,,中等,高端,gāoduān,形、名,180
4034,6,6,,中等,高峰,gāofēng,名,180
4035,6,6,,中等,高尚,gāoshàng,形,180
4036,6,6,,中等,高手,gāoshǒu,名,180
4037,6,6,,中等,高新技术,gāoxīn-jìshù,,180
4038,6,6,,中等,高原,gāoyuán,名,180
4039,6,6,,中等,稿件,gǎojiàn,名,180
4040,6,6,,中等,稿子,gǎozi,名,180
4041,6,6,,中等,割,gē,动,181
4042,6,6,,中等,歌唱,gēchàng,动,181
4043,6,6,,中等,隔壁,gébì,名,181
4044,6,6,,中等,革命,gémìng,动、形,181
4045,6,6,,中等,个体,gètǐ,名,181
4046,6,6,,中等,给予,jǐyǔ,动,181
4047,6,6,,中等,跟前,gēnqián,名,181
4048,6,6,,中等,跟随,gēnsuí,动,181
4049,6,6,,中等,跟踪,gēnzōng,动,181
4050,6,6,,中等,公,gōng,形,181
4051,6,6,,中等,宫,gōng,名,181
4052,6,6,,中等,公安,gōng’ān,名,181
4053,6,6,,中等,工地,gōngdì,名,181
4054,6,6,,中等,工夫,gōngfu,名,181
4055,6,6,,中等,公告,gōnggào,动、名,181
4056,6,6,,中等,供给,gōngjǐ,动,181
4057,6,6,,中等,攻击,gōngjī,动,181
4058,6,6,,中等,公开,gōngkāi,形、动,181
4059,6,6,,中等,公民,gōngmín,名,181
4060,6,6,,中等,公认,gōngrèn,动,181
4061,6,6,,中等,功效,gōngxiào,名,181
4062,6,6,,中等,工序,gōngxù,名,181
4063,6,6,,中等,公益,gōngyì,名,181
4064,6,6,,中等,供应,gōngyìng,动,181
4065,6,6,,中等,公元,gōngyuán,名,181
4066,6,6,,中等,公正,gōngzhèng,形,181
4067,6,6,,中等,公众,gōngzhòng,名,181
4068,6,6,,中等,公主,gōngzhǔ,名,181
4069,6,6,,中等,巩固,gǒnggù,形、动,181
4070,6,6,,中等,共计,gòngjì,动,181
4071,6,6,,中等,沟,gōu,名,181
4072,6,6,,中等,构造,gòuzào,动,181
4073,6,6,,中等,孤独,gūdú,形,181
4074,6,6,,中等,姑姑,gūgu,名,181
4075,6,6,,中等,古典,gǔdiǎn,形,181
4076,6,6,,中等,古迹,gǔjì,名,181
4077,6,6,,中等,股票,gǔpiào,名,181
4078,6,6,,中等,古人,gǔrén,名,181
4079,6,6,,中等,股市,gǔshì,名,181
4080,6,6,,中等,骨头,gǔtou,名,181
4081,6,6,,中等,鼓舞,gǔwǔ,动、形,182
4082,6,6,,中等,顾,gù,动,182
4083,6,6,,中等,固体,gùtǐ,名,182
4084,6,6,,中等,顾问,gùwèn,名,182
4085,6,6,,中等,故障,gùzhàng,名,182
4086,6,6,,中等,拐,guǎi,动,182
4087,6,6,,中等,拐弯,guǎiwān,动,182
4088,6,6,,中等,官,guān,名,182
4089,6,6,,中等,关爱,guān’ài,动,182
4090,6,6,,中等,官方,guānfāng,名,182
4091,6,6,,中等,观光,guānguāng,动,182
4092,6,6,,中等,关怀,guānhuái,动,182
4093,6,6,,中等,关联,guānlián,动,182
4094,6,6,,中等,观赏,guānshǎng,动,182
4095,6,6,,中等,官员,guānyuán,名,182
4096,6,6,,中等,管道,guǎndào,名,182
4097,6,6,,中等,罐,guàn,名,182
4098,6,6,,中等,广阔,guǎngkuò,形,182
4099,6,6,,中等,归,guī,动、介,182
4100,6,6,,中等,规范,guīfàn,名、形、动,182
4101,6,6,,中等,规划,guīhuà,名、动,182
4102,6,6,,中等,归还,guīhuán,动,182
4103,6,6,,中等,规矩,guīju,名、形,182
4104,6,6,,中等,轨道,guǐdào,名,182
4105,6,6,,中等,跪,guì,动,182
4106,6,6,,中等,贵重,guìzhòng,形,182
4107,6,6,,中等,棍,gùn,名,182
4108,6,6,,中等,国宝,guóbǎo,名,182
4109,6,6,,中等,国产,guóchǎn,形,182
4110,6,6,,中等,国歌,guógē,名,182
4111,6,6,,中等,国旗,guóqí,名,182
4112,6,6,,中等,国情,guóqíng,名,182
4113,6,6,,中等,国王,guówáng,名,182
4114,6,6,,中等,过渡,guòdù,动,182
4115,6,6,,中等,过后,guòhòu,名,182
4116,6,6,,中等,过时,guòshí,动、形,182
4117,6,6,,中等,海内外,hǎi nèiwài,,182
4118,6,6,,中等,海岸,hǎi’àn,名,182
4119,6,6,,中等,海拔,hǎibá,名,182
4120,6,6,,中等,海面,hǎimiàn,名,182
4121,6,6,,中等,海域,hǎiyù,名,183
4122,6,6,,中等,害,hài,名、动,183
4123,6,6,,中等,寒冬,hándōng,名,183
4124,6,6,,中等,含义,hányì,名,183
4125,6,6,,中等,罕见,hǎnjiàn,形,183
4126,6,6,,中等,旱灾,hànzāi,名,183
4127,6,6,,中等,航空,hángkōng,动,183
4128,6,6,,中等,毫不,háo bù,,183
4129,6,6,,中等,毫无,háo wú,,183
4130,6,6,,中等,毫米,háomǐ,量,183
4131,6,6,,中等,毫升,háoshēng,量,183
4132,6,6,,中等,好不,hǎobù,副,183
4133,6,6,,中等,好感,hǎogǎn,名,183
4134,6,6,,中等,好容易,hǎoróngyì,形,183
4135,6,6,,中等,好客,hàokè,形,183
4136,6,6,,中等,好学,hàoxué,动,183
4137,6,6,,中等,号召,hàozhào,动,183
4138,6,6,,中等,合并,hébìng,动,183
4139,6,6,,中等,合成,héchéng,动,183
4140,6,6,,中等,和平,hépíng,名,183
4141,6,6,,中等,和谐,héxié,形,183
4142,6,6,,中等,核心,héxīn,名,183
4143,6,6,,中等,嘿,hēi,叹,183
4144,6,6,,中等,黑暗,hēi’àn,形,183
4145,6,6,,中等,痕迹,hénjì,名,183
4146,6,6,,中等,狠,hěn,形、动、副,183
4147,6,6,,中等,恨,hèn,动,183
4148,6,6,,中等,横,héng,形、动、名,183
4149,6,6,,中等,衡量,héngliáng,动,183
4150,6,6,,中等,宏大,hóngdà,形,183
4151,6,6,,中等,洪水,hóngshuǐ,名,183
4152,6,6,,中等,后代,hòudài,名,183
4153,6,6,,中等,后期,hòuqī,名,183
4154,6,6,,中等,后人,hòurén,名,183
4155,6,6,,中等,后退,hòutuì,动,183
4156,6,6,,中等,后者,hòuzhě,名,183
4157,6,6,,中等,忽略,hūlüè,动,183
4158,6,6,,中等,壶,hú,名,183
4159,6,6,,中等,胡子,húzi,名,183
4160,6,6,,中等,户,hù,量,183
4161,6,6,,中等,互助,hùzhù,动,184
4162,6,6,,中等,花朵,huāduǒ,名,184
4163,6,6,,中等,花生,huāshēng,名,184
4164,6,6,,中等,滑冰,huábīng,动,184
4165,6,6,,中等,滑行,huáxíng,动,184
4166,6,6,,中等,滑雪,huáxuě,动,184
4167,6,6,,中等,划,huà,动,184
4168,6,6,,中等,划分,huàfēn,动,184
4169,6,6,,中等,化石,huàshí,名,184
4170,6,6,,中等,话筒,huàtǒng,名,184
4171,6,6,,中等,化妆,huàzhuāng,动,184
4172,6,6,,中等,怀,huái,名、动,184
4173,6,6,,中等,怀念,huáiniàn,动,184
4174,6,6,,中等,怀孕,huáiyùn,动,184
4175,6,6,,中等,欢乐,huānlè,形,184
4176,6,6,,中等,环,huán,名、量、动,184
4177,6,6,,中等,还原,huányuán,动,184
4178,6,6,,中等,患,huàn,动,184
4179,6,6,,中等,幻想,huànxiǎng,动、名,184
4180,6,6,,中等,患者,huànzhě,名,184
4181,6,6,,中等,黄,huáng,名,184
4182,6,6,,中等,皇帝,huángdì,名,184
4183,6,6,,中等,灰尘,huīchén,名,184
4184,6,6,,中等,灰心,huīxīn,形,184
4185,6,6,,中等,回报,huíbào,动,184
4186,6,6,,中等,回顾,huígù,动,184
4187,6,6,,中等,回头,huítóu,动、副、连,184
4188,6,6,,中等,汇,huì,动,184
4189,6,6,,中等,汇报,huìbào,动,184
4190,6,6,,中等,绘画,huìhuà,动,184
4191,6,6,,中等,会见,huìjiàn,动,184
4192,6,6,,中等,汇款,huìkuǎn,动、名,184
4193,6,6,,中等,婚姻,hūnyīn,名,184
4194,6,6,,中等,混,hùn,动、副,184
4195,6,6,,中等,混合,hùnhé,动,184
4196,6,6,,中等,混乱,hùnluàn,形,184
4197,6,6,,中等,活力,huólì,名,184
4198,6,6,,中等,活跃,huóyuè,形、动,184
4199,6,6,,中等,火柴,huǒchái,名,184
4200,6,6,,中等,火灾,huǒzāi,名,184
4201,6,6,,中等,货币,huòbì,名,185
4202,6,6,,中等,货车,huòchē,名,185
4203,6,6,,中等,击败,jībài,动,185
4204,6,6,,中等,基地,jīdì,名,185
4205,6,6,,中等,机动车,jīdòngchē,名,185
4206,6,6,,中等,饥饿,jī’è,形,185
4207,6,6,,中等,激发,jīfā,动,185
4208,6,6,,中等,基金,jījīn,名,185
4209,6,6,,中等,激励,jīlì,动,185
4210,6,6,,中等,激情,jīqíng,名,185
4211,6,6,,中等,机械,jīxiè,名、形,185
4212,6,6,,中等,基因,jīyīn,名,185
4213,6,6,,中等,机遇,jīyù,名,185
4214,6,6,,中等,机制,jīzhì,名,185
4215,6,6,,中等,即便,jíbiàn,连,185
4216,6,6,,中等,极端,jíduān,名、副、形,185
4217,6,6,,中等,急救,jíjiù,动,185
4218,6,6,,中等,急切,jíqiè,形,185
4219,6,6,,中等,集团,jítuán,名,185
4220,6,6,,中等,极为,jíwéi,副,185
4221,6,6,,中等,吉祥,jíxiáng,形,185
4222,6,6,,中等,继承,jìchéng,动,185
4223,6,6,,中等,季军,jìjūn,名,185
4224,6,6,,中等,纪律,jìlǜ,名,185
4225,6,6,,中等,寂寞,jìmò,形,185
4226,6,6,,中等,技巧,jìqiǎo,名,185
4227,6,6,,中等,技艺,jìyì,名,185
4228,6,6,,中等,夹,jiā,动,185
4229,6,6,,中等,加倍,jiābèi,动、副,185
4230,6,6,,中等,家常,jiācháng,名,185
4231,6,6,,中等,家家户户,jiājiāhùhù,名,185
4232,6,6,,中等,加剧,jiājù,动,185
4233,6,6,,中等,家居,jiājū,名,185
4234,6,6,,中等,家属,jiāshǔ,名,185
4235,6,6,,中等,加以,jiāyǐ,动、连,185
4236,6,6,,中等,家园,jiāyuán,名,185
4237,6,6,,中等,加重,jiāzhòng,动,185
4238,6,6,,中等,假设,jiǎshè,动、名,185
4239,6,6,,中等,嫁,jià,动,185
4240,6,6,,中等,尖,jiān,形、名,185
4241,6,6,,中等,肩膀,jiānbǎng,名,186
4242,6,6,,中等,监测,jiāncè,动,186
4243,6,6,,中等,坚定,jiāndìng,形、动,186
4244,6,6,,中等,监督,jiāndū,动,186
4245,6,6,,中等,坚固,jiāngù,形,186
4246,6,6,,中等,坚决,jiānjué,形,186
4247,6,6,,中等,艰难,jiānnán,形,186
4248,6,6,,中等,艰辛,jiānxīn,形,186
4249,6,6,,中等,坚硬,jiānyìng,形,186
4250,6,6,,中等,兼职,jiānzhí,动、名,186
4251,6,6,,中等,检测,jiǎncè,动,186
4252,6,6,,中等,简化,jiǎnhuà,动,186
4253,6,6,,中等,简介,jiǎnjiè,动、名,186
4254,6,6,,中等,减弱,jiǎnruò,动,186
4255,6,6,,中等,减压,jiǎnyā,动,186
4256,6,6,,中等,检验,jiǎnyàn,动,186
4257,6,6,,中等,剑,jiàn,名,186
4258,6,6,,中等,箭,jiàn,名,186
4259,6,6,,中等,鉴定,jiàndìng,动、名,186
4260,6,6,,中等,间隔,jiàngé,名、动,186
4261,6,6,,中等,间接,jiànjiē,形,186
4262,6,6,,中等,健全,jiànquán,形、动,186
4263,6,6,,中等,建筑物,jiànzhùwù,名,186
4264,6,6,,中等,将军,jiāngjūn,名,186
4265,6,6,,中等,讲解,jiǎngjiě,动,186
4266,6,6,,中等,奖牌,jiǎngpái,名,186
4267,6,6,,中等,奖品,jiǎngpǐn,名,186
4268,6,6,,中等,酱,jiàng,名、动,186
4269,6,6,,中等,酱油,jiàngyóu,名,186
4270,6,6,,中等,胶带,jiāodài,名,186
4271,6,6,,中等,焦点,jiāodiǎn,名,186
4272,6,6,,中等,交际,jiāojì,动,186
4273,6,6,,中等,焦虑,jiāolǜ,形,186
4274,6,6,,中等,胶水,jiāoshuǐ,名,186
4275,6,6,,中等,交谈,jiāotán,动,186
4276,6,6,,中等,郊外,jiāowài,名,186
4277,6,6,,中等,角落,jiǎoluò,名,186
4278,6,6,,中等,脚印,jiǎoyìn,名,186
4279,6,6,,中等,较为,jiàowéi,副,186
4280,6,6,,中等,教训,jiàoxùn,动、名,186
4281,6,6,,中等,结,jiē,动,187
4282,6,6,,中等,结果,jiēguǒ,动,187
4283,6,6,,中等,接连,jiēlián,动、副,187
4284,6,6,,中等,结实,jiēshi,形,187
4285,6,6,,中等,街头,jiētóu,名,187
4286,6,6,,中等,杰出,jiéchū,形,187
4287,6,6,,中等,节能,jiénéng,动,187
4288,6,6,,中等,结尾,jiéwěi,动、名,187
4289,6,6,,中等,截至,jiézhì,动,187
4290,6,6,,中等,截止,jiézhǐ,动,187
4291,6,6,,中等,节奏,jiézòu,名,187
4292,6,6,,中等,解,jiě,动,187
4293,6,6,,中等,解答,jiědá,动,187
4294,6,6,,中等,解读,jiědú,动,187
4295,6,6,,中等,解放,jiěfàng,动,187
4296,6,6,,中等,解说,jiěshuō,动,187
4297,6,6,,中等,借鉴,jièjiàn,动,187
4298,6,6,,中等,戒指,jièzhi,名,187
4299,6,6,,中等,借助,jièzhù,动,187
4300,6,6,,中等,金额,jīn’é,名,187
4301,6,6,,中等,金牌,jīnpái,名,187
4302,6,6,,中等,金钱,jīnqián,名,187
4303,6,6,,中等,金融,jīnróng,名,187
4304,6,6,,中等,金属,jīnshǔ,名,187
4305,6,6,,中等,金子,jīnzi,名,187
4306,6（7-9）,6,7-9,中等,尽,jìn,动、（副）,187
4307,6,6,,中等,进而,jìn’ér,连,187
4308,6,6,,中等,进度,jìndù,名,187
4309,6,6,,中等,进化,jìnhuà,动,187
4310,6,6,,中等,近来,jìnlái,名,187
4311,6,6,,中等,近视,jìnshì,形,187
4312,6,6,,中等,进展,jìnzhǎn,动,187
4313,6,6,,中等,精美,jīngměi,形,187
4314,6,6,,中等,精确,jīngquè,形,187
4315,6,6,,中等,惊人,jīngrén,形,187
4316,6,6,,中等,经商,jīngshāng,动,187
4317,6,6,,中等,精通,jīngtōng,动,187
4318,6,6,,中等,精心,jīngxīn,形,187
4319,6,6,,中等,惊讶,jīngyà,形,187
4320,6,6,,中等,精致,jīngzhì,形,187
4321,6,6,,中等,精准,jīngzhǔn,形,188
4322,6,6,,中等,井,jǐng,名,188
4323,6,6,,中等,警告,jǐnggào,动,188
4324,6,6,,中等,景观,jǐngguān,名,188
4325,6,6,,中等,景象,jǐngxiàng,名,188
4326,6,6,,中等,颈椎,jǐngzhuī,名,188
4327,6,6,,中等,净,jìng,形、副,188
4328,6,6,,中等,竞赛,jìngsài,动,188
4329,6,6,,中等,镜头,jìngtóu,名,188
4330,6,6,,中等,纠纷,jiūfēn,名,188
4331,6,6,,中等,纠正,jiūzhèng,动,188
4332,6,6,,中等,酒精,jiǔjīng,名,188
4333,6,6,,中等,酒水,jiǔshuǐ,名,188
4334,6,6,,中等,就读,jiùdú,动,188
4335,6,6,,中等,舅舅,jiùjiu,名,188
4336,6,6,,中等,救命,jiùmìng,动,188
4337,6,6,,中等,就算,jiùsuàn,连,188
4338,6,6,,中等,救援,jiùyuán,动,188
4339,6,6,,中等,救灾,jiùzāi,动,188
4340,6,6,,中等,救助,jiùzhù,动,188
4341,6,6,,中等,局1,jú,量,188
4342,6,6,,中等,局2,jú,名,188
4343,6,6,,中等,菊花,júhuā,名,188
4344,6,6,,中等,局面,júmiàn,名,188
4345,6,6,,中等,局限,júxiàn,动,188
4346,6,6,,中等,举动,jǔdòng,名,188
4347,6,6,,中等,剧本,jùběn,名,188
4348,6,6,,中等,聚集,jùjí,动,188
4349,6,6,,中等,俱乐部,jùlèbù,名,188
4350,6,6,,中等,剧烈,jùliè,形,188
4351,6,6,,中等,捐款,juānkuǎn,动、名,188
4352,6,6,,中等,捐赠,juānzèng,动,188
4353,6,6,,中等,卷,juǎn,动、名、量,188
4354,6,6,,中等,卷,juàn,量、名,188
4355,6,6,,中等,决策,juécè,动、名,188
4356,6,6,,中等,绝望,juéwàng,动,188
4357,6,6,,中等,军队,jūnduì,名,188
4358,6,6,,中等,军人,jūnrén,名,188
4359,6,6,,中等,均匀,jūnyún,形,188
4360,6,6,,中等,卡片,kǎpiàn,名,188
4361,6,6,,中等,开创,kāichuàng,动,189
4362,6,6,,中等,开关,kāiguān,名,189
4363,6,6,,中等,开启,kāiqǐ,动,189
4364,6,6,,中等,开设,kāishè,动,189
4365,6,6,,中等,开头,kāitóu,动、名,189
4366,6,6,,中等,砍,kǎn,动,189
4367,6,6,,中等,看不起,kànbuqǐ,动,189
4368,6,6,,中等,看待,kàndài,动,189
4369,6,6,,中等,看得起,kàndeqǐ,动,189
4370,6,6,,中等,看好,kànhǎo,动,189
4371,6,6,,中等,看似,kànsì,动,189
4372,6,6,,中等,看中,kànzhòng,动,189
4373,6,6,,中等,看重,kànzhòng,动,189
4374,6,6,,中等,康复,kāngfù,动,189
4375,6,6,,中等,考察,kǎochá,动,189
4376,6,6,,中等,考古,kǎogǔ,动、名,189
4377,6,6,,中等,考核,kǎohé,动,189
4378,6,6,,中等,考验,kǎoyàn,动,189
4379,6,6,,中等,科,kē,名,189
4380,6,6,,中等,科幻,kēhuàn,名,189
4381,6,6,,中等,科目,kēmù,名,189
4382,6,6,,中等,科普,kēpǔ,动,189
4383,6,6,,中等,可口,kěkǒu,形,189
4384,6,6,,中等,可怜,kělián,形、动,189
4385,6,6,,中等,渴望,kěwàng,动,189
4386,6,6,,中等,可行,kěxíng,形,189
4387,6,6,,中等,客车,kèchē,名,189
4388,6,6,,中等,课题,kètí,名,189
4389,6,6,,中等,肯,kěn,动,189
4390,6,6,,中等,恐惧,kǒngjù,形,189
4391,6,6,,中等,空地,kòngdì,名,189
4392,6,6,,中等,空闲,kòngxián,形、名,189
4393,6,6,,中等,口感,kǒugǎn,名,189
4394,6,6,,中等,口号,kǒuhào,名,189
4395,6,6,,中等,口腔,kǒuqiāng,名,189
4396,6,6,,中等,口头,kǒutóu,名、形,189
4397,6,6,,中等,扣,kòu,动、名,189
4398,6,6,,中等,枯燥,kūzào,形,189
4399,6,6,,中等,酷,kù,形,189
4400,6,6,,中等,夸,kuā,动,189
4401,6,6,,中等,夸奖,kuājiǎng,动,190
4402,6,6,,中等,夸张,kuāzhāng,形,190
4403,6,6,,中等,会计,kuàijì,名,190
4404,6,6,,中等,快捷,kuàijié,形,190
4405,6,6,,中等,款,kuǎn,名、量,190
4406,6,6,,中等,款式,kuǎnshì,名,190
4407,6,6,,中等,亏损,kuīsǔn,动,190
4408,6,6,,中等,困扰,kùnrǎo,动,190
4409,6,6,,中等,扩展,kuòzhǎn,动,190
4410,6,6,,中等,落,là,动,190
4411,6,6,,中等,辣椒,làjiāo,名,190
4412,6,6,,中等,啦,la,助,190
4413,6,6,,中等,来临,láilín,动,190
4414,6,6,,中等,来往,láiwǎng,动,190
4415,6,6,,中等,赖,lài,形、动,190
4416,6,6,,中等,拦,lán,动,190
4417,6,6,,中等,栏,lán,名,190
4418,6,6,,中等,兰花,lánhuā,名,190
4419,6,6,,中等,烂,làn,形,190
4420,6,6,,中等,狼,láng,名,190
4421,6,6,,中等,朗读,lǎngdú,动,190
4422,6,6,,中等,牢,láo,名、形,190
4423,6,6,,中等,劳动力,láodònglì,名,190
4424,6,6,,中等,老实,lǎoshi,形,190
4425,6,6,,中等,老鼠,lǎoshǔ,名,190
4426,6,6,,中等,老太太,lǎotàitai,名,190
4427,6,6,,中等,乐于,lèyú,动,190
4428,6,6,,中等,雷,léi,名,190
4429,6,6,,中等,类别,lèibié,名,190
4430,6,6,,中等,理,lǐ,名、动,190
4431,6,6,,中等,理财,lǐcái,动,190
4432,6,6,,中等,理科,lǐkē,名,190
4433,6,6,,中等,理念,lǐniàn,名,190
4434,6,6,,中等,理性,lǐxìng,形、名,190
4435,6,6,,中等,立,lì,动,190
4436,6,6,,中等,粒,lì,名、量,190
4437,6,6,,中等,立场,lìchǎng,名,190
4438,6,6,,中等,力度,lìdù,名,190
4439,6,6,,中等,历经,lìjīng,动,190
4440,6,6,,中等,历年,lìnián,名,190
4441,6,6,,中等,例外,lìwài,动、名,191
4442,6,6,,中等,利息,lìxī,名,191
4443,6,6,,中等,联合国,Liánhéguó,名,191
4444,6,6,,中等,联网,liánwǎng,动,191
4445,6,6,,中等,联想,liánxiǎng,动,191
4446,6,6,,中等,链接,liànjiē,动,191
4447,6,6,,中等,两岸,liǎng’àn,名,191
4448,6,6,,中等,两极,liǎngjí,名,191
4449,6,6,,中等,晾,liàng,动,191
4450,6,6,,中等,料1,liào,名,191
4451,6,6,,中等,料2,liào,动,191
4452,6,6,,中等,淋,lín,动,191
4453,6,6,,中等,凌晨,língchén,名,191
4454,6,6,,中等,流程,liúchéng,名,191
4455,6,6,,中等,流动,liúdòng,动,191
4456,6,6,,中等,浏览器,liúlǎnqì,名,191
4457,6,6,,中等,流量,liúliàng,名,191
4458,6,6,,中等,流入,liúrù,动,191
4459,6,6,,中等,流通,liútōng,动,191
4460,6,6,,中等,楼道,lóudào,名,191
4461,6,6,,中等,露,lòu,动,191
4462,6,6,,中等,漏洞,lòudòng,名,191
4463,6,6,,中等,露1,lù,动,191
4464,6,6,,中等,路程,lùchéng,名,191
4465,6,6,,中等,路况,lùkuàng,名,191
4466,6,6,,中等,路面,lùmiàn,名,191
4467,6,6,,中等,录像,lùxiàng,动、名,191
4468,6,6,,中等,录用,lùyòng,动,191
4469,6,6,,中等,录制,lùzhì,动,191
4470,6,6,,中等,旅程,lǚchéng,名,191
4471,6,6,,中等,旅途,lǚtú,名,191
4472,6,6,,中等,履行,lǚxíng,动,191
4473,6,6,,中等,率,lǜ,后缀,191
4474,6,6,,中等,绿化,lǜhuà,动,191
4475,6,6,,中等,轮,lún,名、动、量,191
4476,6,6,,中等,轮船,lúnchuán,名,191
4477,6,6,,中等,轮流,lúnliú,动,191
4478,6,6,,中等,轮椅,lúnyǐ,名,191
4479,6,6,,中等,轮子,lúnzi,名,191
4480,6,6,,中等,论坛,lùntán,名,191
4481,6,6,,中等,落地,luòdì,动,192
4482,6,6,,中等,落后,luòhòu,动、形,192
4483,6,6,,中等,马虎,mǎhu,形,192
4484,6,6,,中等,码头,mǎtóu,名,192
4485,6,6,,中等,蚂蚁,mǎyǐ,名,192
4486,6,6,,中等,嘛,ma,助,192
4487,6,6,,中等,埋,mái,动,192
4488,6,6,,中等,迈,mài,动,192
4489,6,6,,中等,麦克风,màikèfēng,名,192
4490,6,6,,中等,漫长,màncháng,形,192
4491,6,6,,中等,漫画,mànhuà,名,192
4492,6,6,,中等,盲人,mángrén,名,192
4493,6,6,,中等,冒,mào,动,192
4494,6,6,,中等,冒险,màoxiǎn,动,192
4495,6,6,,中等,贸易,màoyì,名,192
4496,6,6,,中等,煤,méi,名,192
4497,6,6,,中等,梅花,méihuā,名,192
4498,6,6,,中等,眉毛,méimao,名,192
4499,6,6,,中等,美观,měiguān,形,192
4500,6,6,,中等,弥补,míbǔ,动,192
4501,6,6,,中等,迷人,mírén,形,192
4502,6,6,,中等,密,mì,形,192
4503,6,6,,中等,密度,mìdù,名,192
4504,6,6,,中等,蜜蜂,mìfēng,名,192
4505,6,6,,中等,密集,mìjí,动、形,192
4506,6,6,,中等,棉,mián,名,192
4507,6,6,,中等,免,miǎn,动,192
4508,6,6,,中等,勉强,miǎnqiǎng,形、动,192
4509,6,6,,中等,免税,miǎnshuì,动,192
4510,6,6,,中等,免疫,miǎnyì,动,192
4511,6,6,,中等,面部,miànbù,名,192
4512,6,6,,中等,面粉,miànfěn,名,192
4513,6,6,,中等,面子,miànzi,名,192
4514,6,6,,中等,描绘,miáohuì,动,192
4515,6,6,,中等,描写,miáoxiě,动,192
4516,6,6,,中等,妙,miào,形,192
4517,6,6,,中等,灭,miè,动,192
4518,6,6,,中等,民歌,míngē,名,192
4519,6,6,,中等,民间,mínjiān,名,192
4520,6,6,,中等,民俗,mínsú,名,192
4521,6,6,,中等,民宿,mínsù,名,193
4522,6,6,,中等,民众,mínzhòng,名,193
4523,6,6,,中等,民主,mínzhǔ,名、形,193
4524,6,6,,中等,名额,míng’é,名,193
4525,6,6,,中等,明亮,míngliàng,形,193
4526,6,6,,中等,明明,míngmíng,副,193
4527,6,6,,中等,名气,míngqi,名,193
4528,6,6,,中等,名胜,míngshèng,名,193
4529,6,6,,中等,命令,mìnglìng,动、名,193
4530,6,6,,中等,命名,mìngmíng,动,193
4531,6,6,,中等,模仿,mófǎng,动,193
4532,6,6,,中等,模拟,mónǐ,动,193
4533,6,6,,中等,模特儿,mótèr,名,193
4534,6,6,,中等,摩托车,mótuōchē,名,193
4535,6,6,,中等,模型,móxíng,名,193
4536,6,6,,中等,默默,mòmò,副,193
4537,6,6,,中等,模样,múyàng,名,193
4538,6,6,,中等,母,mǔ,形,193
4539,6,6,,中等,母语,mǔyǔ,名,193
4540,6,6,,中等,木材,mùcái,名,193
4541,6,6,,中等,目录,mùlù,名,193
4542,6,6,,中等,奶粉,nǎifěn,名,193
4543,6,6,,中等,难点,nándiǎn,名,193
4544,6,6,,中等,南极洲,Nánjízhōu,名,193
4545,6,6,,中等,南美洲,Nánměizhōu,名,193
4546,6,6,,中等,难免,nánmiǎn,形,193
4547,6,6,,中等,脑袋,nǎodai,名,193
4548,6,6,,中等,脑子,nǎozi,名,193
4549,6,6,,中等,内涵,nèihán,名,193
4550,6,6,,中等,内科,nèikē,名,193
4551,6,6,,中等,内外,nèiwài,名,193
4552,6,6,,中等,内衣,nèiyī,名,193
4553,6,6,,中等,能量,néngliàng,名,193
4554,6,6,,中等,能源,néngyuán,名,193
4555,6,6,,中等,泥,ní,名,193
4556,6,6,,中等,年度,niándù,名,193
4557,6,6,,中等,年终,niánzhōng,名,193
4558,6,6,,中等,念书,niànshū,动,193
4559,6,6,,中等,扭,niǔ,动,193
4560,6,6,,中等,农产品,nóngchǎnpǐn,名,193
4561,6,6,,中等,浓厚,nónghòu,形,194
4562,6,6,,中等,农田,nóngtián,名,194
4563,6,6,,中等,暖,nuǎn,形、动,194
4564,6,6,,中等,暖气,nuǎnqì,名,194
4565,6,6,,中等,偶像,ǒuxiàng,名,194
4566,6,6,,中等,排除,páichú,动,194
4567,6,6,,中等,排放,páifàng,动,194
4568,6,6,,中等,排练,páiliàn,动,194
4569,6,6,,中等,排名,páimíng,动,194
4570,6（7-9）,6,7-9,中等,盘,pán,量、（动）,194
4571,6,6,,中等,盼望,pànwàng,动,194
4572,6,6,,中等,庞大,pángdà,形,194
4573,6,6,,中等,抛,pāo,动,194
4574,6,6,,中等,泡,pào,名、动,194
4575,6,6,,中等,赔偿,péicháng,动,194
4576,6,6,,中等,陪同,péitóng,动,194
4577,6,6,,中等,培育,péiyù,动,194
4578,6,6,,中等,配备,pèibèi,动、名,194
4579,6,6,,中等,佩服,pèifú,动,194
4580,6,6,,中等,配套,pèitào,动,194
4581,6,6,,中等,喷,pēn,动,194
4582,6,6,,中等,捧,pěng,动、量,194
4583,6,6,,中等,碰撞,pèngzhuàng,动,194
4584,6,6,,中等,披,pī,动,194
4585,6,6,,中等,皮,pí,名、形,194
4586,6,6,,中等,疲劳,píláo,形,194
4587,6,6,,中等,片刻,piànkè,名,194
4588,6,6,,中等,片面,piànmiàn,形,194
4589,6,6,,中等,骗子,piànzi,名,194
4590,6,6,,中等,飘,piāo,动、形,194
4591,6,6,,中等,漂,piāo,动,194
4592,6,6,,中等,频道,píndào,名,194
4593,6,6,,中等,频繁,pínfán,形,194
4594,6,6,,中等,贫困,pínkùn,形,194
4595,6,6,,中等,频率,pínlǜ,名,194
4596,6,6,,中等,品尝,pǐncháng,动,194
4597,6,6,,中等,平等,píngděng,形,194
4598,6,6,,中等,平凡,píngfán,形,194
4599,6,6,,中等,平方,píngfāng,名、量,194
4600,6,6,,中等,平方米,píngfāngmǐ,量,194
4601,6,6,,中等,评估,pínggū,动,195
4602,6,6,,中等,评论,pínglùn,动、名,195
4603,6,6,,中等,评选,píngxuǎn,动,195
4604,6,6,,中等,坡,pō,名、形,195
4605,6,6,,中等,泼,pō,动,195
4606,6,6,,中等,破产,pòchǎn,动,195
4607,6,6,,中等,迫切,pòqiè,形,195
4608,6,6,,中等,扑,pū,动,195
4609,6,6,,中等,铺,pū,动,195
4610,6,6,,中等,扑灭,pūmiè,动,195
4611,6,6,,中等,朴素,pǔsù,形,195
4612,6,6,,中等,欺骗,qīpiàn,动,195
4613,6,6,,中等,期望,qīwàng,动,195
4614,6,6,,中等,期限,qīxiàn,名,195
4615,6,6,,中等,其间,qíjiān,名,195
4616,6,6,,中等,齐全,qíquán,形,195
4617,6,6,,中等,棋子,qízǐ,名,195
4618,6,6,,中等,起初,qǐchū,名,195
4619,6,6,,中等,起点,qǐdiǎn,名,195
4620,6,6,,中等,启动,qǐdòng,动,195
4621,6,6,,中等,启发,qǐfā,动,195
4622,6,6,,中等,启示,qǐshì,动、名,195
4623,6,6,,中等,启事,qǐshì,名,195
4624,6,6,,中等,起源,qǐyuán,动、名,195
4625,6,6,,中等,气氛,qìfēn,名,195
4626,6,6,,中等,气体,qìtǐ,名,195
4627,6,6,,中等,气味,qìwèi,名,195
4628,6,6,,中等,气质,qìzhì,名,195
4629,6,6,,中等,恰当,qiàdàng,形,195
4630,6,6,,中等,恰好,qiàhǎo,副,195
4631,6,6,,中等,恰恰,qiàqià,副,195
4632,6,6,,中等,牵,qiān,动,195
4633,6,6,,中等,千家万户,qiānjiā-wànhù,,195
4634,6,6,,中等,谦虚,qiānxū,形、动,195
4635,6,6,,中等,前景,qiánjǐng,名,195
4636,6,6,,中等,潜力,qiánlì,名,195
4637,6,6,,中等,前期,qiánqī,名,195
4638,6,6,,中等,前提,qiántí,名,195
4639,6,6,,中等,前者,qiánzhě,名,195
4640,6,6,,中等,枪,qiāng,名,195
4641,6,6,,中等,墙壁,qiángbì,名,196
4642,6,6,,中等,强化,qiánghuà,动,196
4643,6,6,,中等,强壮,qiángzhuàng,形、动,196
4644,6,6,,中等,强迫,qiǎngpò,动,196
4645,6,6,,中等,瞧,qiáo,动,196
4646,6,6,,中等,桥梁,qiáoliáng,名,196
4647,6,6,,中等,巧妙,qiǎomiào,形,196
4648,6,6,,中等,切实,qièshí,形,196
4649,6,6,,中等,亲密,qīnmì,形,196
4650,6,6,,中等,亲属,qīnshǔ,名,196
4651,6,6,,中等,勤劳,qínláo,形,196
4652,6,6,,中等,清,qīng,形、动,196
4653,6,6,,中等,清晨,qīngchén,名,196
4654,6,6,,中等,青春,qīngchūn,名,196
4655,6,6,,中等,青春期,qīngchūnqī,名,196
4656,6,6,,中等,清淡,qīngdàn,形,196
4657,6,6,,中等,清洁,qīngjié,形,196
4658,6,6,,中等,清理,qīnglǐ,动,196
4659,6,6,,中等,清扫,qīngsǎo,动,196
4660,6,6,,中等,倾听,qīngtīng,动,196
4661,6,6,,中等,清洗,qīngxǐ,动,196
4662,6,6,,中等,清晰,qīngxī,形,196
4663,6,6,,中等,倾向,qīngxiàng,动、名,196
4664,6,6,,中等,清醒,qīngxǐng,形、动,196
4665,6,6,,中等,情节,qíngjié,名,196
4666,6,6,,中等,晴朗,qínglǎng,形,196
4667,6,6,,中等,情形,qíngxing,名,196
4668,6,6,,中等,求,qiú,动,196
4669,6,6,,中等,求婚,qiúhūn,动,196
4670,6,6,,中等,求救,qiújiù,动,196
4671,6,6,,中等,求职,qiúzhí,动,196
4672,6,6,,中等,求助,qiúzhù,动,196
4673,6,6,,中等,区分,qūfēn,动,196
4674,6,6,,中等,渠道,qúdào,名,196
4675,6,6,,中等,曲,qǔ,名,196
4676,6,6,,中等,娶,qǔ,动,196
4677,6,6,,中等,取代,qǔdài,动,196
4678,6,6,,中等,趣味,qùwèi,名,196
4679,6,6,,中等,圈,quān,名、动,196
4680,6,6,,中等,全程,quánchéng,名,196
4681,6,6,,中等,权力,quánlì,名,197
4682,6,6,,中等,券,quàn,名,197
4683,6,6,,中等,缺陷,quēxiàn,名,197
4684,6,6,,中等,确立,quèlì,动,197
4685,6,6,,中等,群众,qúnzhòng,名,197
4686,6,6,,中等,燃料,ránliào,名,197
4687,6,6,,中等,染,rǎn,动,197
4688,6,6,,中等,热点,rèdiǎn,名,197
4689,6,6,,中等,热度,rèdù,名,197
4690,6,6,,中等,热门,rèmén,名,197
4691,6,6,,中等,热水器,rèshuǐqì,名,197
4692,6,6,,中等,热线,rèxiàn,名,197
4693,6,6,,中等,热议,rèyì,动,197
4694,6,6,,中等,人工智能,réngōng zhìnéng,,197
4695,6,6,,中等,人家,rénjia,代,197
4696,6,6,,中等,人均,rénjūn,动,197
4697,6,6,,中等,人山人海,rénshān-rénhǎi,,197
4698,6,6,,中等,人士,rénshì,名,197
4699,6,6,,中等,人事,rénshì,名,197
4700,6,6,,中等,人为,rénwéi,形,197
4701,6,6,,中等,人行道,rénxíngdào,名,197
4702,6,6,,中等,忍受,rěnshòu,动,197
4703,6,6,,中等,认错,rèncuò,动,197
4704,6,6,,中等,认定,rèndìng,动,197
4705,6,6,,中等,认可,rènkě,动,197
4706,6,6,,中等,认同,rèntóng,动,197
4707,6,6,,中等,认知,rènzhī,动,197
4708,6,6,,中等,仍旧,réngjiù,副,197
4709,6,6,,中等,日后,rìhòu,名,197
4710,6,6,,中等,日前,rìqián,名,197
4711,6,6,,中等,日夜,rìyè,名,197
4712,6,6,,中等,日益,rìyì,副,197
4713,6,6,,中等,融合,rónghé,动,197
4714,6,6,,中等,融化,rónghuà,动,197
4715,6,6,,中等,容量,róngliàng,名,197
4716,6,6,,中等,融入,róngrù,动,197
4717,6,6,,中等,荣誉,róngyù,名,197
4718,6,6,,中等,柔软,róuruǎn,形,197
4719,6,6,,中等,入境,rùjìng,动,197
4720,6,6,,中等,入门,rùmén,动、名,197
4721,6,6,,中等,入选,rùxuǎn,动,198
4722,6,6,,中等,弱点,ruòdiǎn,名,198
4723,6,6,,中等,撒,sǎ,动,198
4724,6,6,,中等,塞,sāi,动、名,198
4725,6,6,,中等,赛事,sàishì,名,198
4726,6,6,,中等,散,sǎn,动,198
4727,6,6,,中等,散文,sǎnwén,名,198
4728,6,6,,中等,散,sàn,动,198
4729,6,6,,中等,散发,sànfā,动,198
4730,6,6,,中等,嗓子,sǎngzi,名,198
4731,6,6,,中等,丧失,sàngshī,动,198
4732,6,6,,中等,扫描,sǎomiáo,动,198
4733,6,6,,中等,杀,shā,动,198
4734,6,6,,中等,刹车,shāchē,动、名,198
4735,6,6,,中等,鲨鱼,shāyú,名,198
4736,6,6,,中等,筛选,shāixuǎn,动,198
4737,6,6,,中等,山顶,shāndǐng,名,198
4738,6,6,,中等,山峰,shānfēng,名,198
4739,6,6,,中等,山坡,shānpō,名,198
4740,6,6,,中等,闪,shǎn,动,198
4741,6,6,,中等,闪电,shǎndiàn,名,198
4742,6,6,,中等,扇,shàn,量,198
4743,6,6,,中等,商标,shāngbiāo,名,198
4744,6,6,,中等,伤口,shāngkǒu,名,198
4745,6,6,,中等,伤亡,shāngwáng,动、名,198
4746,6,6,,中等,伤员,shāngyuán,名,198
4747,6,6,,中等,上当,shàngdàng,动,198
4748,6,6,,中等,上级,shàngjí,名,198
4749,6,6,,中等,上进,shàngjìn,动,198
4750,6,6,,中等,上市,shàngshì,动,198
4751,6,6,,中等,上述,shàngshù,形,198
4752,6,6,,中等,上台,shàngtái,动,198
4753,6,6,,中等,上旬,shàngxún,名,198
4754,6,6,,中等,少儿,shào’ér,名,198
4755,6,6,,中等,舌头,shétou,名,198
4756,6,6,,中等,社,shè,名,198
4757,6,6,,中等,射,shè,动,198
4758,6,6,,中等,涉及,shèjí,动,198
4759,6,6,,中等,射击,shèjī,动,198
4760,6,6,,中等,摄像,shèxiàng,动,198
4761,6,6,,中等,设想,shèxiǎng,动,199
4762,6,6,,中等,摄像头,shèxiàngtóu,名,199
4763,6,6,,中等,身心,shēnxīn,名,199
4764,6,6,,中等,深夜,shēnyè,名,199
4765,6,6,,中等,神,shén,名、形,199
4766,6,6,,中等,神经,shénjīng,名,199
4767,6,6,,中等,神奇,shénqí,形,199
4768,6,6,,中等,审美,shěnměi,动,199
4769,6,6,,中等,升2,shēng,量,199
4770,6,6,,中等,生成,shēngchéng,动,199
4771,6,6,,中等,声调,shēngdiào,名,199
4772,6,6,,中等,生命力,shēngmìnglì,名,199
4773,6,6,,中等,生态,shēngtài,名,199
4774,6,6,,中等,升学,shēngxué,动,199
4775,6,6,,中等,剩余,shèngyú,动,199
4776,6,6,,中等,诗词,shīcí,名,199
4777,6,6,,中等,湿度,shīdù,名,199
4778,6,6,,中等,师父,shīfu,名,199
4779,6,6,,中等,诗歌,shīgē,名,199
4780,6,6,,中等,狮子,shīzi,名,199
4781,6,6,,中等,识,shí,动,199
4782,6,6,,中等,拾,shí,动,199
4783,6,6,,中等,识别,shíbié,动,199
4784,6,6,,中等,时光,shíguāng,名,199
4785,6,6,,中等,实话,shíhuà,名,199
4786,6,6,,中等,实惠,shíhuì,名、形,199
4787,6,6,,中等,时机,shíjī,名,199
4788,6,6,,中等,时尚,shíshàng,名、形,199
4789,6,6,,中等,实时,shíshí,副,199
4790,6,6,,中等,时速,shísù,名,199
4791,6,6,,中等,石油,shíyóu,名,199
4792,6,6,,中等,食欲,shíyù,名,199
4793,6,6,,中等,实质,shízhì,名,199
4794,6,6,,中等,十足,shízú,形,199
4795,6,6,,中等,使劲,shǐjìn,动,199
4796,6,6,,中等,士兵,shìbīng,名,199
4797,6,6,,中等,适度,shìdù,形,199
4798,6,6,,中等,示范,shìfàn,动,199
4799,6,6,,中等,释放,shìfàng,动,199
4800,6,6,,中等,事后,shìhòu,名,199
4801,6,6,,中等,视觉,shìjué,名,200
4802,6,6,,中等,势力,shìlì,名,200
4803,6,6,,中等,视力,shìlì,名,200
4804,6,6,,中等,试图,shìtú,动,200
4805,6,6,,中等,事务,shìwù,名,200
4806,6,6,,中等,事项,shìxiàng,名,200
4807,6,6,,中等,适宜,shìyí,形,200
4808,6,6,,中等,收藏,shōucáng,动,200
4809,6,6,,中等,收购,shōugòu,动,200
4810,6,6,,中等,收取,shōuqǔ,动,200
4811,6,6,,中等,收益,shōuyì,名,200
4812,6,6,,中等,手臂,shǒubì,名,200
4813,6,6,,中等,手法,shǒufǎ,名,200
4814,6,6,,中等,手势,shǒushì,名,200
4815,6,6,,中等,首要,shǒuyào,形,200
4816,6,6,,中等,寿命,shòumìng,名,200
4817,6,6,,中等,受灾,shòuzāi,动,200
4818,6,6,,中等,输出,shūchū,动,200
4819,6,6,,中等,书画,shūhuà,名,200
4820,6,6,,中等,书籍,shūjí,名,200
4821,6,6,,中等,书面,shūmiàn,形,200
4822,6,6,,中等,输送,shūsòng,动,200
4823,6,6,,中等,书写,shūxiě,动,200
4824,6,6,,中等,属,shǔ,动,200
4825,6,6,,中等,薯片,shǔpiàn,名,200
4826,6,6,,中等,竖,shù,形、动、名,200
4827,6,6,,中等,树立,shùlì,动,200
4828,6,6,,中等,数目,shùmù,名,200
4829,6,6,,中等,数字化,shùzìhuà,动,200
4830,6,6,,中等,衰老,shuāilǎo,形,200
4831,6,6,,中等,率领,shuàilǐng,动,200
4832,6,6,,中等,率先,shuàixiān,副,200
4833,6,6,,中等,水稻,shuǐdào,名,200
4834,6,6,,中等,水库,shuǐkù,名,200
4835,6,6,,中等,水流,shuǐliú,名,200
4836,6,6,,中等,水面,shuǐmiàn,名,200
4837,6,6,,中等,水泥,shuǐní,名,200
4838,6,6,,中等,瞬间,shùnjiān,名,200
4839,6,6,,中等,思路,sīlù,名,200
4840,6,6,,中等,思念,sīniàn,动,200
4841,6,6,,中等,死亡,sǐwáng,动,201
4842,6,6,,中等,松,sōng,形、动,201
4843,6,6,,中等,艘,sōu,量,201
4844,6,6,,中等,搜集,sōují,动,201
4845,6,6,,中等,塑造,sùzào,动,201
4846,6,6,,中等,素质,sùzhì,名,201
4847,6,6,,中等,算了,suànle,动、助,201
4848,6,6,,中等,算是,suànshì,动、副,201
4849,6,6,,中等,虽,suī,连,201
4850,6,6,,中等,岁数,suìshu,名,201
4851,6,6,,中等,岁月,suìyuè,名,201
4852,6,6,,中等,损坏,sǔnhuài,动,201
4853,6,6,,中等,损伤,sǔnshāng,动,201
4854,6,6,,中等,所2,suǒ,助,201
4855,6,6,,中等,踏实,tāshi,形,201
4856,6,6,,中等,塔,tǎ,名,201
4857,6,6,,中等,台风,táifēng,名,201
4858,6,6,,中等,台球,táiqiú,名,201
4859,6,6,,中等,太空,tàikōng,名,201
4860,6,6,,中等,太阳能,tàiyángnéng,名,201
4861,6,6,,中等,谈论,tánlùn,动,201
4862,6,6,,中等,谈判,tánpàn,动,201
4863,6,6,,中等,弹性,tánxìng,名,201
4864,6,6,,中等,探索,tànsuǒ,动,201
4865,6,6,,中等,探讨,tàntǎo,动,201
4866,6,6,,中等,汤圆,tāngyuán,名,201
4867,6,6,,中等,糖果,tángguǒ,名,201
4868,6,6,,中等,烫,tàng,动、形,201
4869,6,6,,中等,掏,tāo,动,201
4870,6,6,,中等,逃,táo,动,201
4871,6,6,,中等,逃跑,táopǎo,动,201
4872,6,6,,中等,淘气,táoqì,形,201
4873,6,6,,中等,淘汰,táotài,动,201
4874,6,6,,中等,套餐,tàocān,名,201
4875,6,6,,中等,特,tè,副,201
4876,6,6,,中等,特长,tècháng,名,201
4877,6,6,,中等,特地,tèdì,副,201
4878,6,6,,中等,特定,tèdìng,形,201
4879,6,6,,中等,特性,tèxìng,名,201
4880,6,6,,中等,特意,tèyì,副,201
4881,6,6,,中等,题材,tícái,名,202
4882,6,6,,中等,提取,tíqǔ,动,202
4883,6,6,,中等,提示,tíshì,动,202
4884,6,6,,中等,体操,tǐcāo,名,202
4885,6,6,,中等,体积,tǐjī,名,202
4886,6,6,,中等,体系,tǐxì,名,202
4887,6,6,,中等,添,tiān,动,202
4888,6,6,,中等,天才,tiāncái,名,202
4889,6,6,,中等,添加,tiānjiā,动,202
4890,6,6,,中等,天然,tiānrán,形,202
4891,6,6,,中等,天然气,tiānránqì,名,202
4892,6,6,,中等,天文,tiānwén,名,202
4893,6,6,,中等,天下,tiānxià,名,202
4894,6,6,,中等,天真,tiānzhēn,形,202
4895,6,6,,中等,田,tián,名,202
4896,6,6,,中等,田径,tiánjìng,名,202
4897,6,6,,中等,调节,tiáojié,动,202
4898,6,6,,中等,跳水,tiàoshuǐ,动,202
4899,6,6,,中等,贴近,tiējìn,动、形,202
4900,6,6,,中等,听话,tīnghuà,形,202
4901,6,6,,中等,听觉,tīngjué,名,202
4902,6,6,,中等,听取,tīngqǔ,动,202
4903,6,6,,中等,通道,tōngdào,名,202
4904,6,6,,中等,通风,tōngfēng,动,202
4905,6,6,,中等,通话,tōnghuà,动,202
4906,6,6,,中等,通信,tōngxìn,动,202
4907,6,6,,中等,通讯,tōngxùn,名,202
4908,6,6,,中等,通用,tōngyòng,动,202
4909,6,6,,中等,铜,tóng,名,202
4910,6,6,,中等,同伴,tóngbàn,名,202
4911,6,6,,中等,同行,tóngháng,动、名,202
4912,6,6,,中等,童话,tónghuà,名,202
4913,6,6,,中等,同类,tónglèi,形、名,202
4914,6,6,,中等,铜牌,tóngpái,名,202
4915,6,6,,中等,痛快,tòngkuài,形,202
4916,6,6,,中等,偷,tōu,动、副,202
4917,6,6,,中等,偷偷,tōutōu,副,202
4918,6,6,,中等,头脑,tóunǎo,名,202
4919,6,6,,中等,投票,tóupiào,动,202
4920,6,6,,中等,投诉,tóusù,动,202
4921,6,6,,中等,投资,tóuzī,动、名,203
4922,6,6,,中等,透,tòu,动、形,203
4923,6,6,,中等,透过,tòuguò,动,203
4924,6,6,,中等,透露,tòulù,动,203
4925,6,6,,中等,透明,tòumíng,形,203
4926,6,6,,中等,突发,tūfā,动,203
4927,6,6,,中等,突破,tūpò,动,203
4928,6,6,,中等,图案,tú’àn,名,203
4929,6,6,,中等,图表,túbiǎo,名,203
4930,6,6,,中等,徒弟,túdì,名,203
4931,6,6,,中等,途径,tújìng,名,203
4932,6,6,,中等,图像,túxiàng,名,203
4933,6,6,,中等,吐,tǔ,动,203
4934,6,6,,中等,土壤,tǔrǎng,名,203
4935,6,6,,中等,吐,tù,动,203
4936,6,6,,中等,团结,tuánjié,动、形,203
4937,6,6,,中等,团体,tuántǐ,名,203
4938,6,6,,中等,团圆,tuányuán,动,203
4939,6,6,,中等,推测,tuīcè,动,203
4940,6,6,,中等,推销,tuīxiāo,动,203
4941,6,6,,中等,推行,tuīxíng,动,203
4942,6,6,,中等,退税,tuìshuì,动,203
4943,6,6,,中等,吞,tūn,动,203
4944,6,6,,中等,拖,tuō,动,203
4945,6,6,,中等,拖延,tuōyán,动,203
4946,6,6,,中等,托运,tuōyùn,动,203
4947,6,6,,中等,挖,wā,动,203
4948,6,6,,中等,哇,wā,拟声,203
4949,6,6,,中等,娃娃,wáwa,名,203
4950,6,6,,中等,歪,wāi,形,203
4951,6,6,,中等,外表,wàibiǎo,名,203
4952,6,6,,中等,外交,wàijiāo,名,203
4953,6,6,,中等,外界,wàijiè,名,203
4954,6,6,,中等,外科,wàikē,名,203
4955,6,6,,中等,外来,wàilái,形,203
4956,6,6,,中等,外甥,wàisheng,名,203
4957,6,6,,中等,弯曲,wānqū,形,203
4958,6,6,,中等,顽强,wánqiáng,形,203
4959,6,6,,中等,万物,wànwù,名,203
4960,6,6,,中等,王子,wángzǐ,名,203
4961,6,6,,中等,网,wǎng,名、动,204
4962,6,6,,中等,往后,wǎnghòu,名,204
4963,6,6,,中等,往来,wǎnglái,动,204
4964,6,6,,中等,往年,wǎngnián,名,204
4965,6,6,,中等,望,wàng,动,204
4966,6,6,,中等,危机,wēijī,名,204
4967,6,6,,中等,微小,wēixiǎo,形,204
4968,6,6,,中等,违规,wéiguī,动,204
4969,6,6,,中等,维护,wéihù,动,204
4970,6,6,,中等,为难,wéinán,形、动,204
4971,6,6,,中等,围棋,wéiqí,名,204
4972,6,6,,中等,为期,wéiqī,动,204
4973,6,6,,中等,维生素,wéishēngsù,名,204
4974,6,6,,中等,为止,wéizhǐ,动,204
4975,6,6,,中等,委屈,wěiqu,形、动,204
4976,6,6,,中等,委托,wěituō,动,204
4977,6,6,,中等,未,wèi,副,204
4978,6,6,,中等,未必,wèibì,副,204
4979,6,6,,中等,未成年人,wèichéngniánrén,名,204
4980,6,6,,中等,为此,wèicǐ,连,204
4981,6,6,,中等,为何,wèihé,副,204
4982,6,6,,中等,味觉,wèijué,名,204
4983,6,6,,中等,胃口,wèikǒu,名,204
4984,6,6,,中等,温和,wēnhé,形,204
4985,6,6,,中等,温柔,wēnróu,形,204
4986,6,6,,中等,文档,wéndàng,名,204
4987,6,6,,中等,文具,wénjù,名,204
4988,6,6,,中等,文科,wénkē,名,204
4989,6,6,,中等,文明,wénmíng,名、形,204
4990,6,6,,中等,闻名,wénmíng,动,204
4991,6,6,,中等,文物,wénwù,名,204
4992,6,6,,中等,文献,wénxiàn,名,204
4993,6,6,,中等,文艺,wényì,名,204
4994,6,6,,中等,乌龟,wūguī,名,204
4995,6,6,,中等,污水,wūshuǐ,名,204
4996,6,6,,中等,无所谓,wúsuǒwèi,动,204
4997,6,6,,中等,无疑,wúyí,动,204
4998,6,6,,中等,武器,wǔqì,名,204
4999,6,6,,中等,误,wù,动,204
5000,6,6,,中等,误解,wùjiě,动、名,204
5001,6,6,,中等,物体,wùtǐ,名,205
5002,6,6,,中等,吸取,xīqǔ,动,205
5003,6,6,,中等,媳妇,xífu,名,205
5004,6,6,,中等,习俗,xísú,名,205
5005,6,6,,中等,喜剧,xǐjù,名,205
5006,6,6,,中等,喜事,xǐshì,名,205
5007,6,6,,中等,洗漱,xǐshù,动,205
5008,6,6,,中等,细胞,xìbāo,名,205
5009,6,6,,中等,细菌,xìjūn,名,205
5010,6,6,,中等,系列,xìliè,名,205
5011,6,6,,中等,戏曲,xìqǔ,名,205
5012,6,6,,中等,细致,xìzhì,形,205
5013,6,6,,中等,吓,xià,动,205
5014,6,6,,中等,下功夫,xià gōngfu,,205
5015,6,6,,中等,下单,xiàdān,动,205
5016,6,6,,中等,夏令营,xiàlìngyíng,名,205
5017,6,6,,中等,下线,xiàxiàn,动,205
5018,6,6,,中等,下旬,xiàxún,名,205
5019,6,6,,中等,鲜明,xiānmíng,形,205
5020,6,6,,中等,先前,xiānqián,名,205
5021,6,6,,中等,鲜艳,xiānyàn,形,205
5022,6,6,,中等,嫌,xián,动,205
5023,6,6,,中等,显,xiǎn,形、动,205
5024,6,6,,中等,险,xiǎn,形、副,205
5025,6,6,,中等,显著,xiǎnzhù,形,205
5026,6,6,,中等,限,xiàn,动,205
5027,6,6,,中等,线,xiàn,名、量,205
5028,6,6,,中等,现存,xiàncún,动,205
5029,6,6,,中等,限度,xiàndù,名,205
5030,6,6,,中等,现货,xiànhuò,名,205
5031,6,6,,中等,陷入,xiànrù,动,205
5032,6,6,,中等,线索,xiànsuǒ,名,205
5033,6,6,,中等,限于,xiànyú,动,205
5034,6,6,,中等,相差,xiāngchà,动,205
5035,6,6,,中等,香肠,xiāngcháng,名,205
5036,6,6,,中等,相传,xiāngchuán,动,205
5037,6,6,,中等,相等,xiāngděng,动,205
5038,6,6,,中等,相连,xiānglián,动,205
5039,6,6,,中等,香水,xiāngshuǐ,名,205
5040,6,6,,中等,相应,xiāngyìng,动,205
5041,6,6,,中等,项链,xiàngliàn,名,206
5042,6,6,,中等,象棋,xiàngqí,名,206
5043,6,6,,中等,相声,xiàngsheng,名,206
5044,6,6,,中等,向往,xiàngwǎng,动,206
5045,6,6,,中等,消除,xiāochú,动,206
5046,6,6,,中等,消毒,xiāodú,动,206
5047,6,6,,中等,消防,xiāofáng,动,206
5048,6,6,,中等,消耗,xiāohào,动,206
5049,6,6,,中等,消灭,xiāomiè,动,206
5050,6,6,,中等,小麦,xiǎomài,名,206
5051,6,6,,中等,小气,xiǎoqi,形,206
5052,6,6,,中等,小偷儿,xiǎotōur,名,206
5053,6,6,,中等,笑容,xiàoróng,名,206
5054,6,6,,中等,效应,xiàoyìng,名,206
5055,6,6,,中等,歇,xiē,动,206
5056,6,6,,中等,携带,xiédài,动,206
5057,6,6,,中等,协会,xiéhuì,名,206
5058,6,6,,中等,协调,xiétiáo,形、动,206
5059,6,6,,中等,协助,xiézhù,动,206
5060,6,6,,中等,心爱,xīn’ài,形,206
5061,6,6,,中等,心底,xīndǐ,名,206
5062,6,6,,中等,新款,xīnkuǎn,名,206
5063,6,6,,中等,心灵,xīnlíng,名,206
5064,6,6,,中等,新媒体,xīnméitǐ,名,206
5065,6,6,,中等,心目,xīnmù,名,206
5066,6,6,,中等,新能源,xīnnéngyuán,名,206
5067,6,6,,中等,薪水,xīnshui,名,206
5068,6,6,,中等,心疼,xīnténg,动,206
5069,6,6,,中等,新兴,xīnxīng,形,206
5070,6,6,,中等,新颖,xīnyǐng,形,206
5071,6,6,,中等,心愿,xīnyuàn,名,206
5072,6,6,,中等,心脏,xīnzàng,名,206
5073,6,6,,中等,信赖,xìnlài,动,206
5074,6,6,,中等,信念,xìnniàn,名,206
5075,6,6,,中等,兴起,xīngqǐ,动,206
5076,6,6,,中等,型号,xínghào,名,206
5077,6,6,,中等,形态,xíngtài,名,206
5078,6,6,,中等,性价比,xìngjiàbǐ,名,206
5079,6,6,,中等,性能,xìngnéng,名,206
5080,6,6,,中等,胸,xiōng,名,206
5081,6,6,,中等,修订,xiūdìng,动,207
5082,6,6,,中等,修复,xiūfù,动,207
5083,6,6,,中等,袖子,xiùzi,名,207
5084,6,6,,中等,许可,xǔkě,动,207
5085,6,6,,中等,叙述,xùshù,动,207
5086,6,6,,中等,旋转,xuánzhuǎn,动,207
5087,6,6,,中等,选拔,xuǎnbá,动,207
5088,6,6,,中等,选修,xuǎnxiū,动,207
5089,6,6,,中等,学会,xuéhuì,名,207
5090,6,6,,中等,学位,xuéwèi,名,207
5091,6,6,,中等,学问,xuéwen,名,207
5092,6,6,,中等,学员,xuéyuán,名,207
5093,6,6,,中等,血管,xuèguǎn,名,207
5094,6,6,,中等,血型,xuèxíng,名,207
5095,6,6,,中等,血压,xuèyā,名,207
5096,6,6,,中等,血液,xuèyè,名,207
5097,6,6,,中等,循环,xúnhuán,动,207
5098,6,6,,中等,寻求,xúnqiú,动,207
5099,6,6,,中等,压缩,yāsuō,动,207
5100,6,6,,中等,亚军,yàjūn,名,207
5101,6,6,,中等,淹,yān,动,207
5102,6,6,,中等,淹没,yānmò,动,207
5103,6,6,,中等,严,yán,形,207
5104,6,6,,中等,沿海,yánhǎi,名,207
5105,6,6,,中等,严寒,yánhán,形,207
5106,6,6,,中等,严禁,yánjìn,动,207
5107,6,6,,中等,严厉,yánlì,形,207
5108,6,6,,中等,延期,yánqī,动,207
5109,6,6,,中等,炎热,yánrè,形,207
5110,6,6,,中等,延伸,yánshēn,动,207
5111,6,6,,中等,研讨,yántǎo,动,207
5112,6,6,,中等,延续,yánxù,动,207
5113,6,6,,中等,言语,yányǔ,名,207
5114,6,6,,中等,炎症,yánzhèng,名,207
5115,6,6,,中等,眼光,yǎnguāng,名,207
5116,6,6,,中等,眼看,yǎnkàn,副、动,207
5117,6,6,,中等,演奏,yǎnzòu,动,207
5118,6,6,,中等,宴会,yànhuì,名,207
5119,6,6,,中等,验证,yànzhèng,动,207
5120,6,6,,中等,仰,yǎng,动,207
5121,6,6,,中等,痒,yǎng,形,208
5122,6,6,,中等,养老,yǎnglǎo,动,208
5123,6,6,,中等,养老院,yǎnglǎoyuàn,名,208
5124,6,6,,中等,氧气,yǎngqì,名,208
5125,6,6,,中等,样,yàng,量,208
5126,6,6,,中等,遥远,yáoyuǎn,形,208
5127,6,6,,中等,要点,yàodiǎn,名,208
5128,6,6,,中等,要么,yàome,连,208
5129,6,6,,中等,要素,yàosù,名,208
5130,6,6,,中等,野,yě,形,208
5131,6,6,,中等,也好,yěhǎo,助,208
5132,6,6,,中等,野生,yěshēng,形,208
5133,6,6,,中等,野外,yěwài,名,208
5134,6,6,,中等,业,yè,后缀,208
5135,6,6,,中等,液体,yètǐ,名,208
5136,6,6,,中等,依旧,yījiù,动、副,208
5137,6,6,,中等,依赖,yīlài,动,208
5138,6,6,,中等,一流,yīliú,形,208
5139,6,6,,中等,衣食住行,yī-shí-zhù-xíng,,208
5140,6,6,,中等,医药,yīyào,名,208
5141,6,6,,中等,一一,yīyī,副,208
5142,6,6,,中等,姨,yí,名,208
5143,6,6,,中等,一辈子,yíbèizi,名,208
5144,6,6,,中等,遗产,yíchǎn,名,208
5145,6,6,,中等,遗传,yíchuán,动,208
5146,6,6,,中等,一带,yídài,名,208
5147,6,6,,中等,一道,yídào,副,208
5148,6,6,,中等,一贯,yíguàn,形,208
5149,6,6,,中等,疑惑,yíhuò,动、名,208
5150,6,6,,中等,一律,yílǜ,副,208
5151,6,6,,中等,移民,yímín,动、名,208
5152,6,6,,中等,仪器,yíqì,名,208
5153,6,6,,中等,仪式,yíshì,名,208
5154,6,6,,中等,一向,yíxiàng,副,208
5155,6,6,,中等,一系列,yíxìliè,形,208
5156,6,6,,中等,一再,yízài,副,208
5157,6,6,,中等,一阵,yízhèn,数量,208
5158,6,6,,中等,遗址,yízhǐ,名,208
5159,6,6,,中等,以便,yǐbiàn,连,208
5160,6,6,,中等,以免,yǐmiǎn,连,208
5161,6,6,,中等,以往,yǐwǎng,名,209
5162,6,6,,中等,异常,yìcháng,形、副,209
5163,6,6,,中等,益处,yìchù,名,209
5164,6,6,,中等,一帆风顺,yìfān-fēngshùn,,209
5165,6,6,,中等,一口气,yìkǒuqì,副,209
5166,6,6,,中等,议论,yìlùn,动、名,209
5167,6,6,,中等,一模一样,yìmú-yíyàng,,209
5168,6,6,,中等,艺人,yìrén,名,209
5169,6,6,,中等,一身,yìshēn,名,209
5170,6,6,,中等,一时,yìshí,名、副,209
5171,6,6,,中等,一同,yìtóng,副,209
5172,6,6,,中等,易于,yìyú,动,209
5173,6,6,,中等,抑制,yìzhì,动,209
5174,6,6,,中等,因,yīn,介、连,209
5175,6,6,,中等,音节,yīnjié,名,209
5176,6,6,,中等,银,yín,名,209
5177,6,6,,中等,银牌,yínpái,名,209
5178,6,6,,中等,引,yǐn,动,209
5179,6,6,,中等,隐藏,yǐncáng,动,209
5180,6,6,,中等,引导,yǐndǎo,动,209
5181,6,6,,中等,引发,yǐnfā,动,209
5182,6,6,,中等,引入,yǐnrù,动,209
5183,6,6,,中等,隐私,yǐnsī,名,209
5184,6,6,,中等,饮用水,yǐnyòngshuǐ,名,209
5185,6,6,,中等,印,yìn,名、动,209
5186,6,6,,中等,婴儿,yīng’ér,名,209
5187,6,6,,中等,英雄,yīngxióng,名,209
5188,6,6,,中等,影子,yǐngzi,名,209
5189,6,6,,中等,拥挤,yōngjǐ,动、形,209
5190,6,6,,中等,涌现,yǒngxiàn,动,209
5191,6,6,,中等,勇于,yǒngyú,动,209
5192,6,6,,中等,用餐,yòngcān,动,209
5193,6,6,,中等,用处,yòngchù,名,209
5194,6,6,,中等,用功,yònggōng,动、形,209
5195,6,6,,中等,用人,yòngrén,动,209
5196,6,6,,中等,用心,yòngxīn,形,209
5197,6,6,,中等,优化,yōuhuà,动,209
5198,6,6,,中等,优先,yōuxiān,动,209
5199,6,6,,中等,优异,yōuyì,形,209
5200,6,6,,中等,由来,yóulái,名,209
5201,6,6,,中等,游人,yóurén,名,210
5202,6,6,,中等,犹如,yóurú,动,210
5203,6,6,,中等,有机,yǒujī,形,210
5204,6,6,,中等,有劲,yǒujìn,动、形,210
5205,6,6,,中等,有序,yǒuxù,形,210
5206,6,6,,中等,于,yú,介,210
5207,6,6,,中等,余额,yú’é,名,210
5208,6,6,,中等,与其,yǔqí,连,210
5209,6,6,,中等,羽绒服,yǔróngfú,名,210
5210,6,6,,中等,预定,yùdìng,动,210
5211,6,6,,中等,预料,yùliào,动、名,210
5212,6,6,,中等,预期,yùqī,动,210
5213,6,6,,中等,浴室,yùshì,名,210
5214,6,6,,中等,欲望,yùwàng,名,210
5215,6,6,,中等,原本,yuánběn,副,210
5216,6,6,,中等,原材料,yuáncáiliào,名,210
5217,6,6,,中等,原理,yuánlǐ,名,210
5218,6,6,,中等,原料,yuánliào,名,210
5219,6,6,,中等,园林,yuánlín,名,210
5220,6,6,,中等,圆满,yuánmǎn,形,210
5221,6,6,,中等,原始,yuánshǐ,形,210
5222,6,6,,中等,元素,yuánsù,名,210
5223,6,6,,中等,原先,yuánxiān,名,210
5224,6,6,,中等,元宵,yuánxiāo,名,210
5225,6,6,,中等,源于,yuányú,动,210
5226,6,6,,中等,远程,yuǎnchéng,形,210
5227,6,6,,中等,远方,yuǎnfāng,名,210
5228,6,6,,中等,约束,yuēshù,动,210
5229,6,6,,中等,月光,yuèguāng,名,210
5230,6,6,,中等,乐器,yuèqì,名,210
5231,6,6,,中等,月球,yuèqiú,名,210
5232,6,6,,中等,乐曲,yuèqǔ,名,210
5233,6,6,,中等,晕,yūn,形、动,210
5234,6,6,,中等,晕车,yùnchē,动,210
5235,6,6,,中等,运送,yùnsòng,动,210
5236,6,6,,中等,运行,yùnxíng,动,210
5237,6,6,,中等,运营,yùnyíng,动,210
5238,6,6,,中等,杂,zá,形,210
5239,6,6,,中等,灾,zāi,名,210
5240,6,6,,中等,灾害,zāihài,名,210
5241,6,6,,中等,灾难,zāinàn,名,211
5242,6,6,,中等,灾区,zāiqū,名,211
5243,6,6,,中等,再三,zàisān,副,211
5244,6,6,,中等,再生,zàishēng,动,211
5245,6,6,,中等,在意,zàiyì,动,211
5246,6,6,,中等,赞赏,zànshǎng,动,211
5247,6,6,,中等,赞同,zàntóng,动,211
5248,6,6,,中等,遭到,zāodào,动,211
5249,6,6,,中等,遭受,zāoshòu,动,211
5250,6,6,,中等,遭遇,zāoyù,动、名,211
5251,6,6,,中等,噪声,zàoshēng,名,211
5252,6,6,,中等,造型,zàoxíng,动、名,211
5253,6（7-9）,6,7-9,中等,则1,zé,连、（助）,211
5254,6,6,,中等,扎,zhā,动,211
5255,6,6,,中等,炸,zhà,动,211
5256,6,6,,中等,粘,zhān,动,211
5257,6,6,,中等,粘贴,zhāntiē,动,211
5258,6,6,,中等,崭新,zhǎnxīn,形,211
5259,6,6,,中等,占比,zhànbǐ,名,211
5260,6,6,,中等,战斗,zhàndòu,名、动,211
5261,6,6,,中等,占据,zhànjù,动,211
5262,6,6,,中等,战胜,zhànshèng,动,211
5263,6,6,,中等,占有,zhànyǒu,动,211
5264,6,6,,中等,战争,zhànzhēng,名,211
5265,6,6,,中等,章,zhāng,量,211
5266,6,6,,中等,长辈,zhǎngbèi,名,211
5267,6,6,,中等,障碍,zhàng’ài,名、动,211
5268,6,6,,中等,账单,zhàngdān,名,211
5269,6,6,,中等,招,zhāo,动,211
5270,6,6,,中等,招待,zhāodài,动,211
5271,6,6,,中等,招生,zhāoshēng,动,211
5272,6,6,,中等,招手,zhāoshǒu,动,211
5273,6,6,,中等,招收,zhāoshōu,动,211
5274,6,6,,中等,照明,zhàomíng,动,211
5275,6,6,,中等,折,zhé,动,211
5276,6,6,,中等,针,zhēn,名,211
5277,6,6,,中等,真相,zhēnxiàng,名,211
5278,6,6,,中等,珍珠,zhēnzhū,名,211
5279,6,6,,中等,枕头,zhěntou,名,211
5280,6,6,,中等,镇,zhèn,动、名,211
5281,6,6,,中等,阵雨,zhènyǔ,名,212
5282,6,6,,中等,睁,zhēng,动,212
5283,6,6,,中等,争吵,zhēngchǎo,动,212
5284,6,6,,中等,争夺,zhēngduó,动,212
5285,6,6,,中等,争论,zhēnglùn,动,212
5286,6,6,,中等,征求,zhēngqiú,动,212
5287,6,6,,中等,争议,zhēngyì,动,212
5288,6,6,,中等,政策,zhèngcè,名,212
5289,6,6,,中等,正规,zhèngguī,形,212
5290,6,6,,中等,正面,zhèngmiàn,名、形,212
5291,6,6,,中等,证实,zhèngshí,动,212
5292,6,6,,中等,正义,zhèngyì,名、形,212
5293,6,6,,中等,症状,zhèngzhuàng,名,212
5294,6,6,,中等,支2,zhī,动,212
5295,6,6,,中等,枝,zhī,名、量,212
5296,6,6,,中等,支撑,zhīchēng,动,212
5297,6,6,,中等,支出,zhīchū,动、名,212
5298,6,6,,中等,脂肪,zhīfáng,名,212
5299,6,6,,中等,之所以,zhīsuǒyǐ,连,212
5300,6,6,,中等,值班,zhíbān,动,212
5301,6,6,,中等,职位,zhíwèi,名,212
5302,6,6,,中等,职务,zhíwù,名,212
5303,6,6,,中等,职员,zhíyuán,名,212
5304,6,6,,中等,职责,zhízé,名,212
5305,6,6,,中等,侄子,zhízi,名,212
5306,6,6,,中等,只得,zhǐdé,副,212
5307,6,6,,中等,指定,zhǐdìng,动,212
5308,6,6,,中等,只顾,zhǐgù,副,212
5309,6,6,,中等,指挥,zhǐhuī,动、名,212
5310,6,6,,中等,指示,zhǐshì,动、名,212
5311,6,6,,中等,指责,zhǐzé,动,212
5312,6,6,,中等,制,zhì,动,212
5313,6,6,,中等,至关重要,zhìguān-zhòngyào,,212
5314,6,6,,中等,智力,zhìlì,名,212
5315,6,6,,中等,治理,zhìlǐ,动,212
5316,6,6,,中等,制品,zhìpǐn,名,212
5317,6,6,,中等,秩序,zhìxù,名,212
5318,6,6,,中等,质疑,zhìyí,动,212
5319,6,6,,中等,至于,zhìyú,动、介,212
5320,6,6,,中等,中等,zhōngděng,形,212
5321,6,6,,中等,终点,zhōngdiǎn,名,213
5322,6,6,,中等,中断,zhōngduàn,动,213
5323,6,6,,中等,终身,zhōngshēn,名,213
5324,6,6,,中等,钟头,zhōngtóu,名,213
5325,6,6,,中等,中旬,zhōngxún,名,213
5326,6,6,,中等,中央,zhōngyāng,名,213
5327,6,6,,中等,肿,zhǒng,动,213
5328,6,6,,中等,中,zhòng,动,213
5329,6,6,,中等,种地,zhòngdì,动,213
5330,6,6,,中等,中毒,zhòngdú,动,213
5331,6,6,,中等,中奖,zhòngjiǎng,动,213
5332,6,6,,中等,众人,zhòngrén,名,213
5333,6,6,,中等,中暑,zhòngshǔ,名、动,213
5334,6,6,,中等,众所周知,zhòngsuǒzhōuzhī,,213
5335,6,6,,中等,重心,zhòngxīn,名,213
5336,6,6,,中等,州,zhōu,名,213
5337,6,6,,中等,粥,zhōu,名,213
5338,6,6,,中等,周边,zhōubiān,名,213
5339,6,6,,中等,周到,zhōudào,形,213
5340,6,6,,中等,周期,zhōuqī,名,213
5341,6,6,,中等,株,zhū,量,213
5342,6,6,,中等,珠宝,zhūbǎo,名,213
5343,6,6,,中等,诸多,zhūduō,形,213
5344,6,6,,中等,主办,zhǔbàn,动,213
5345,6,6,,中等,主播,zhǔbō,动、名,213
5346,6,6,,中等,主导,zhǔdǎo,动、名,213
5347,6,6,,中等,主管,zhǔguǎn,动、名,213
5348,6,6,,中等,主角,zhǔjué,名,213
5349,6,6,,中等,主流,zhǔliú,名,213
5350,6,6,,中等,主演,zhǔyǎn,动、名,213
5351,6,6,,中等,主张,zhǔzhāng,动、名,213
5352,6,6,,中等,祝福,zhùfú,动,213
5353,6,6,,中等,助理,zhùlǐ,形、名,213
5354,6,6,,中等,助手,zhùshǒu,名,213
5355,6,6,,中等,祝愿,zhùyuàn,动,213
5356,6,6,,中等,住宅,zhùzhái,名,213
5357,6,6,,中等,著作,zhùzuò,名,213
5358,6,6,,中等,砖,zhuān,名,213
5359,6,6,,中等,专科,zhuānkē,名,213
5360,6,6,,中等,专利,zhuānlì,名,213
5361,6,6,,中等,专题,zhuāntí,名,214
5362,6,6,,中等,专用,zhuānyòng,动,214
5363,6,6,,中等,专注,zhuānzhù,形,214
5364,6,6,,中等,转换,zhuǎnhuàn,动,214
5365,6,6,,中等,转交,zhuǎnjiāo,动,214
5366,6,6,,中等,转让,zhuǎnràng,动,214
5367,6,6,,中等,转身,zhuǎnshēn,动,214
5368,6,6,,中等,转移,zhuǎnyí,动,214
5369,6,6,,中等,转,zhuàn,动,214
5370,6,6,,中等,转动,zhuàndòng,动,214
5371,6,6,,中等,装备,zhuāngbèi,动、名,214
5372,6,6,,中等,庄稼,zhuāngjia,名,214
5373,6,6,,中等,追究,zhuījiū,动,214
5374,6,6,,中等,捉,zhuō,动,214
5375,6,6,,中等,资本,zīběn,名,214
5376,6,6,,中等,资产,zīchǎn,名,214
5377,6,6,,中等,自豪,zìháo,形,214
5378,6,6,,中等,自来水,zìláishuǐ,名,214
5379,6,6,,中等,自律,zìlǜ,动,214
5380,6,6,,中等,字幕,zìmù,名,214
5381,6,6,,中等,自杀,zìshā,动,214
5382,6,6,,中等,自我,zìwǒ,代,214
5383,6,6,,中等,自言自语,zìyán-zìyǔ,,214
5384,6,6,,中等,自愿,zìyuàn,动,214
5385,6,6,,中等,自助,zìzhù,动,214
5386,6,6,,中等,棕色,zōngsè,名,214
5387,6,6,,中等,总裁,zǒngcái,名,214
5388,6,6,,中等,总计,zǒngjì,动,214
5389,6,6,,中等,总理,zǒnglǐ,名,214
5390,6,6,,中等,总算,zǒngsuàn,副,214
5391,6,6,,中等,粽子,zòngzi,名,214
5392,6,6,,中等,走廊,zǒuláng,名,214
5393,6,6,,中等,足,zú,形、副,214
5394,6,6,,中等,足以,zúyǐ,动,214
5395,6,6,,中等,阻碍,zǔ’ài,动、名,214
5396,6,6,,中等,阻挡,zǔdǎng,动,214
5397,6,6,,中等,祖国,zǔguó,名,214
5398,6,6,,中等,祖先,zǔxiān,名,214
5399,6,6,,中等,钻,zuān,动,214
5400,6,6,,中等,罪,zuì,名,214
5401,7-9,7-9,,高等,挨,āi,动、介,215
5402,7-9,7-9,,高等,挨家挨户,āijiā-āihù,,215
5403,7-9,7-9,,高等,哀求,āiqiú,动,215
5404,7-9,7-9,,高等,挨,ái,动,215
5405,7-9,7-9,,高等,癌,ái,名,215
5406,7-9,7-9,,高等,癌症,áizhèng,名,215
5407,7-9,7-9,,高等,爱不释手,àibúshìshǒu,,215
5408,7-9,7-9,,高等,爱戴,àidài,动,215
5409,7-9,7-9,,高等,暧昧,àimèi,形,215
5410,7-9,7-9,,高等,爱慕,àimù,动,215
5411,7-9,7-9,,高等,碍事,àishì,动、形,215
5412,7-9,7-9,,高等,爱惜,àixī,动,215
5413,7-9,7-9,,高等,艾滋病,àizībìng,名,215
5414,7-9,7-9,,高等,安定,āndìng,形、动,215
5415,7-9,7-9,,高等,安抚,ānfǔ,动,215
5416,7-9,7-9,,高等,安眠药,ānmiányào,名,215
5417,7-9,7-9,,高等,安宁,ānníng,形,215
5418,7-9,7-9,,高等,安稳,ānwěn,形,215
5419,7-9,7-9,,高等,安详,ānxiáng,形,215
5420,7-9,7-9,,高等,安心,ānxīn,形,215
5421,7-9,7-9,,高等,安逸,ānyì,形,215
5422,7-9,7-9,,高等,安置,ānzhì,动,215
5423,7-9,7-9,,高等,暗地里,àndìlǐ,名,215
5424,7-9,7-9,,高等,案件,ànjiàn,名,215
5425,7-9,7-9,,高等,按理,ànlǐ,副,215
5426,7-9,7-9,,高等,按钮,ànniǔ,名,215
5427,7-9,7-9,,高等,按说,ànshuō,副,215
5428,7-9,7-9,,高等,暗中,ànzhōng,名,215
5429,7-9,7-9,,高等,凹,āo,形,215
5430,7-9,7-9,,高等,熬,áo,动,215
5431,7-9,7-9,,高等,傲,ào,形,215
5432,7-9,7-9,,高等,傲慢,àomàn,形,215
5433,7-9,7-9,,高等,奥秘,àomì,名,215
5434,7-9,7-9,,高等,扒,bā,动,215
5435,7-9,7-9,,高等,疤,bā,名,215
5436,7-9,7-9,,高等,巴不得,bābudé,动,215
5437,7-9,7-9,,高等,八成,bāchéng,数量、副,215
5438,7-9,7-9,,高等,八卦,bāguà,名、形,215
5439,7-9,7-9,,高等,巴结,bājie,动,215
5440,7-9,7-9,,高等,芭蕾,bālěi,名,215
5441,7-9,7-9,,高等,巴掌,bāzhang,名,216
5442,7-9,7-9,,高等,拔,bá,动,216
5443,7-9,7-9,,高等,把柄,bǎbǐng,名,216
5444,7-9,7-9,,高等,把关,bǎguān,动,216
5445,7-9,7-9,,高等,把手,bǎshou,名,216
5446,7-9,7-9,,高等,靶子,bǎzi,名,216
5447,7-9,7-9,,高等,坝,bà,名,216
5448,7-9,7-9,,高等,霸道,bàdào,形,216
5449,7-9,7-9,,高等,罢工,bàgōng,动,216
5450,7-9,7-9,,高等,罢了,bàle,助,216
5451,7-9,7-9,,高等,罢免,bàmiǎn,动,216
5452,7-9,7-9,,高等,罢休,bàxiū,动,216
5453,7-9,7-9,,高等,霸占,bàzhàn,动,216
5454,7-9,7-9,,高等,掰,bāi,动,216
5455,7-9,7-9,,高等,百般,bǎibān,副、数量,216
5456,7-9,7-9,,高等,摆动,bǎidòng,动,216
5457,7-9,7-9,,高等,百分比,bǎifēnbǐ,名,216
5458,7-9,7-9,,高等,百合,bǎihé,名,216
5459,7-9,7-9,,高等,百科全书,bǎikē quánshū,,216
5460,7-9,7-9,,高等,摆平,bǎipíng,动,216
5461,7-9,7-9,,高等,摆设,bǎishe,名,216
5462,7-9,7-9,,高等,柏树,bǎishù,名,216
5463,7-9,7-9,,高等,败坏,bàihuài,动、形,216
5464,7-9,7-9,,高等,拜会,bàihuì,动,216
5465,7-9,7-9,,高等,拜见,bàijiàn,动,216
5466,7-9,7-9,,高等,拜托,bàituō,动,216
5467,7-9,7-9,,高等,扳,bān,动,216
5468,7-9,7-9,,高等,颁布,bānbù,动,216
5469,7-9,7-9,,高等,斑点,bāndiǎn,名,216
5470,7-9,7-9,,高等,颁发,bānfā,动,216
5471,7-9,7-9,,高等,颁奖,bānjiǎng,动,216
5472,7-9,7-9,,高等,斑马线,bānmǎxiàn,名,216
5473,7-9,7-9,,高等,搬迁,bānqiān,动,216
5474,7-9,7-9,,高等,板块,bǎnkuài,名,216
5475,7-9,7-9,,高等,版权,bǎnquán,名,216
5476,7-9,7-9,,高等,扮,bàn,动,216
5477,7-9,7-9,,高等,伴,bàn,名、动,216
5478,7-9,7-9,,高等,拌,bàn,动,216
5479,7-9,7-9,,高等,绊,bàn,动,216
5480,7-9,7-9,,高等,半边天,bànbiāntiān,名,216
5481,7-9,7-9,,高等,半岛,bàndǎo,名,217
5482,7-9,7-9,,高等,半导体,bàndǎotǐ,名,217
5483,7-9,7-9,,高等,绊脚石,bànjiǎoshí,名,217
5484,7-9,7-9,,高等,半径,bànjìng,名,217
5485,7-9,7-9,,高等,伴侣,bànlǚ,名,217
5486,7-9,7-9,,高等,办事处,bànshìchù,名,217
5487,7-9,7-9,,高等,半数,bànshù,名,217
5488,7-9,7-9,,高等,半途而废,bàntú’érfèi,,217
5489,7-9,7-9,,高等,半信半疑,bànxìn-bànyí,,217
5490,7-9,7-9,,高等,办学,bànxué,动,217
5491,7-9,7-9,,高等,伴奏,bànzòu,动,217
5492,7-9,7-9,,高等,帮手,bāngshou,名,217
5493,7-9,7-9,,高等,绑,bǎng,动,217
5494,7-9,7-9,,高等,绑架,bǎngjià,动,217
5495,7-9,7-9,,高等,磅,bàng,量、名,217
5496,7-9,7-9,,高等,煲,bāo,名、动,217
5497,7-9,7-9,,高等,剥,bāo,动,217
5498,7-9,7-9,,高等,包庇,bāobì,动,217
5499,7-9,7-9,,高等,褒贬,bāobiǎn,动,217
5500,7-9,7-9,,高等,包袱,bāofu,名,217
5501,7-9,7-9,,高等,包罗万象,bāoluó-wànxiàng,,217
5502,7-9,7-9,,高等,包容,bāoróng,动,217
5503,7-9,7-9,,高等,包围,bāowéi,动,217
5504,7-9,7-9,,高等,包扎,bāozā,动,217
5505,7-9,7-9,,高等,饱和,bǎohé,动,217
5506,7-9,7-9,,高等,饱经沧桑,bǎojīng-cāngsāng,,217
5507,7-9,7-9,,高等,宝库,bǎokù,名,217
5508,7-9,7-9,,高等,堡垒,bǎolěi,名,217
5509,7-9,7-9,,高等,饱满,bǎomǎn,形,217
5510,7-9,7-9,,高等,保密,bǎomì,动,217
5511,7-9,7-9,,高等,保姆,bǎomǔ,名,217
5512,7-9,7-9,,高等,宝石,bǎoshí,名,217
5513,7-9,7-9,,高等,保守,bǎoshǒu,动、形,217
5514,7-9,7-9,,高等,保卫,bǎowèi,动,217
5515,7-9,7-9,,高等,保鲜,bǎoxiān,动,217
5516,7-9,7-9,,高等,保养,bǎoyǎng,动,217
5517,7-9,7-9,,高等,保佑,bǎoyòu,动,217
5518,7-9,7-9,,高等,宝藏,bǎozàng,名,217
5519,7-9,7-9,,高等,保重,bǎozhòng,动,217
5520,7-9,7-9,,高等,报,bào,动,217
5521,7-9,7-9,,高等,豹,bào,名,218
5522,7-9,7-9,,高等,报案,bào’àn,动,218
5523,7-9,7-9,,高等,报酬,bàochou,名,218
5524,7-9,7-9,,高等,报仇,bàochóu,动,218
5525,7-9,7-9,,高等,报答,bàodá,动,218
5526,7-9,7-9,,高等,报废,bàofèi,动,218
5527,7-9,7-9,,高等,暴风骤雨,bàofēng-zhòuyǔ,,218
5528,7-9,7-9,,高等,报复,bàofù,动,218
5529,7-9,7-9,,高等,抱负,bàofù,名,218
5530,7-9,7-9,,高等,曝光,bàoguāng,动,218
5531,7-9,7-9,,高等,暴利,bàolì,名,218
5532,7-9,7-9,,高等,爆满,bàomǎn,动,218
5533,7-9,7-9,,高等,报销,bàoxiāo,动,218
5534,7-9,7-9,,高等,暴躁,bàozào,形,218
5535,7-9,7-9,,高等,爆竹,bàozhú,名,218
5536,7-9,7-9,,高等,碑,bēi,名,218
5537,7-9,7-9,,高等,悲哀,bēi’āi,形,218
5538,7-9,7-9,,高等,卑鄙,bēibǐ,形,218
5539,7-9,7-9,,高等,悲惨,bēicǎn,形,218
5540,7-9,7-9,,高等,背负,bēifù,动,218
5541,7-9,7-9,,高等,悲欢离合,bēihuān-líhé,,218
5542,7-9,7-9,,高等,悲痛,bēitòng,形,218
5543,7-9,7-9,,高等,卑微,bēiwēi,形,218
5544,7-9,7-9,,高等,备,bèi,动、副,218
5545,7-9,7-9,,高等,备份,bèifèn,名、动,218
5546,7-9,7-9,,高等,被告,bèigào,名,218
5547,7-9,7-9,,高等,贝壳,bèiké,名,218
5548,7-9,7-9,,高等,备课,bèikè,动,218
5549,7-9,7-9,,高等,背面,bèimiàn,名,218
5550,7-9,7-9,,高等,背叛,bèipàn,动,218
5551,7-9,7-9,,高等,背诵,bèisòng,动,218
5552,7-9,7-9,,高等,备忘录,bèiwànglù,名,218
5553,7-9,7-9,,高等,背影,bèiyǐng,名,218
5554,7-9,7-9,,高等,备战,bèizhàn,动,218
5555,7-9,7-9,,高等,奔波,bēnbō,动,218
5556,7-9,7-9,,高等,奔驰,bēnchí,动,218
5557,7-9,7-9,,高等,奔赴,bēnfù,动,218
5558,7-9,7-9,,高等,本分,běnfèn,名、形,218
5559,7-9,7-9,,高等,本钱,běnqián,名,218
5560,7-9,7-9,,高等,本色,běnsè,名,218
5561,7-9,7-9,,高等,本事,běnshi,名,219
5562,7-9,7-9,,高等,本性,běnxìng,名,219
5563,7-9,7-9,,高等,本意,běnyì,名,219
5564,7-9,7-9,,高等,本着,běnzhe,介,219
5565,7-9,7-9,,高等,奔,bèn,动,219
5566,7-9,7-9,,高等,笨蛋,bèndàn,名,219
5567,7-9,7-9,,高等,笨重,bènzhòng,形,219
5568,7-9,7-9,,高等,笨拙,bènzhuō,形,219
5569,7-9,7-9,,高等,绷,bēng,动,219
5570,7-9,7-9,,高等,绷带,bēngdài,名,219
5571,7-9,7-9,,高等,崩溃,bēngkuì,动,219
5572,7-9,7-9,,高等,蹦,bèng,动,219
5573,7-9,7-9,,高等,迸发,bèngfā,动,219
5574,7-9,7-9,,高等,逼近,bījìn,动,219
5575,7-9,7-9,,高等,逼迫,bīpò,动,219
5576,7-9,7-9,,高等,逼真,bīzhēn,形,219
5577,7-9,7-9,,高等,鼻涕,bítì,名,219
5578,7-9,7-9,,高等,比比皆是,bǐbǐ-jiēshì,,219
5579,7-9,7-9,,高等,笔墨,bǐmò,名,219
5580,7-9,7-9,,高等,比试,bǐshi,动,219
5581,7-9,7-9,,高等,鄙视,bǐshì,动,219
5582,7-9,7-9,,高等,弊病,bìbìng,名,219
5583,7-9,7-9,,高等,必不可少,bìbùkěshǎo,,219
5584,7-9,7-9,,高等,必定,bìdìng,副,219
5585,7-9,7-9,,高等,弊端,bìduān,名,219
5586,7-9,7-9,,高等,壁画,bìhuà,名,219
5587,7-9,7-9,,高等,必将,bìjiāng,副,219
5588,7-9,7-9,,高等,壁垒,bìlěi,名,219
5589,7-9,7-9,,高等,碧绿,bìlǜ,形,219
5590,7-9,7-9,,高等,避难,bìnàn,动,219
5591,7-9,7-9,,高等,避让,bìràng,动,219
5592,7-9,7-9,,高等,毕生,bìshēng,名,219
5593,7-9,7-9,,高等,避暑,bìshǔ,动,219
5594,7-9,7-9,,高等,鞭策,biāncè,动,219
5595,7-9,7-9,,高等,编程,biānchéng,动,219
5596,7-9,7-9,,高等,编号,biānhào,动、名,219
5597,7-9,7-9,,高等,边疆,biānjiāng,名,219
5598,7-9,7-9,,高等,边界,biānjiè,名,219
5599,7-9,7-9,,高等,边境,biānjìng,名,219
5600,7-9,7-9,,高等,编剧,biānjù,动、名,219
5601,7-9,7-9,,高等,编排,biānpái,动,220
5602,7-9,7-9,,高等,鞭炮,biānpào,名,220
5603,7-9,7-9,,高等,边缘,biānyuán,名、形,220
5604,7-9,7-9,,高等,边远,biānyuǎn,形,220
5605,7-9,7-9,,高等,编造,biānzào,动,220
5606,7-9,7-9,,高等,编制,biānzhì,动,220
5607,7-9,7-9,,高等,编织,biānzhī,动,220
5608,7-9,7-9,,高等,扁,biǎn,形,220
5609,7-9,7-9,,高等,贬低,biǎndī,动,220
5610,7-9,7-9,,高等,贬值,biǎnzhí,动,220
5611,7-9,7-9,,高等,辩,biàn,动,220
5612,7-9,7-9,,高等,辨别,biànbié,动,220
5613,7-9,7-9,,高等,遍布,biànbù,动,220
5614,7-9,7-9,,高等,便饭,biànfàn,名,220
5615,7-9,7-9,,高等,变革,biàngé,动,220
5616,7-9,7-9,,高等,变更,biàngēng,动,220
5617,7-9,7-9,,高等,变故,biàngù,名,220
5618,7-9,7-9,,高等,辩护,biànhù,动,220
5619,7-9,7-9,,高等,变换,biànhuàn,动,220
5620,7-9,7-9,,高等,变幻莫测,biànhuàn-mòcè,,220
5621,7-9,7-9,,高等,辩解,biànjiě,动,220
5622,7-9,7-9,,高等,辩论,biànlùn,动,220
5623,7-9,7-9,,高等,变迁,biànqiān,动,220
5624,7-9,7-9,,高等,辨认,biànrèn,动,220
5625,7-9,7-9,,高等,变通,biàntōng,动,220
5626,7-9,7-9,,高等,便携式,biànxiéshì,形,220
5627,7-9,7-9,,高等,变形,biànxíng,动,220
5628,7-9,7-9,,高等,变异,biànyì,动,220
5629,7-9,7-9,,高等,辩证,biànzhèng,动、形,220
5630,7-9,7-9,,高等,辫子,biànzi,名,220
5631,7-9,7-9,,高等,标,biāo,动,220
5632,7-9,7-9,,高等,标榜,biāobǎng,动,220
5633,7-9,7-9,,高等,标本,biāoběn,名,220
5634,7-9,7-9,,高等,标点,biāodiǎn,名,220
5635,7-9,7-9,,高等,标记,biāojì,动、名,220
5636,7-9,7-9,,高等,标签,biāoqiān,名,220
5637,7-9,7-9,,高等,飙升,biāoshēng,动,220
5638,7-9,7-9,,高等,标识,biāoshí,动、名,220
5639,7-9,7-9,,高等,标示,biāoshì,动,220
5640,7-9,7-9,,高等,标语,biāoyǔ,名,220
5641,7-9,7-9,,高等,标致,biāozhì,形,221
5642,7-9,7-9,,高等,表白,biǎobái,动,221
5643,7-9,7-9,,高等,表决,biǎojué,动,221
5644,7-9,7-9,,高等,表述,biǎoshù,动,221
5645,7-9,7-9,,高等,表率,biǎoshuài,名,221
5646,7-9,7-9,,高等,表态,biǎotài,动,221
5647,7-9,7-9,,高等,表彰,biǎozhāng,动,221
5648,7-9,7-9,,高等,憋,biē,动、形,221
5649,7-9,7-9,,高等,别具匠心,biéjù-jiàngxīn,,221
5650,7-9,7-9,,高等,别看,biékàn,连,221
5651,7-9,7-9,,高等,别墅,biéshù,名,221
5652,7-9,7-9,,高等,别说,biéshuō,连,221
5653,7-9,7-9,,高等,别致,biézhì,形,221
5654,7-9,7-9,,高等,别扭,bièniu,形,221
5655,7-9,7-9,,高等,彬彬有礼,bīnbīn-yǒulǐ,,221
5656,7-9,7-9,,高等,缤纷,bīnfēn,形,221
5657,7-9,7-9,,高等,濒临,bīnlín,动,221
5658,7-9,7-9,,高等,濒危,bīnwēi,动,221
5659,7-9,7-9,,高等,冰雹,bīngbáo,名,221
5660,7-9,7-9,,高等,冰棍儿,bīnggùnr,名,221
5661,7-9,7-9,,高等,冰山一角,bīngshān-yìjiǎo,,221
5662,7-9,7-9,,高等,冰天雪地,bīngtiān-xuědì,,221
5663,7-9,7-9,,高等,丙,bǐng,名,221
5664,7-9,7-9,,高等,秉承,bǐngchéng,动,221
5665,7-9,7-9,,高等,秉持,bǐngchí,动,221
5666,7-9,7-9,,高等,并发症,bìngfāzhèng,名,221
5667,7-9,7-9,,高等,并非,bìngfēi,动,221
5668,7-9,7-9,,高等,并购,bìnggòu,动,221
5669,7-9,7-9,,高等,并肩,bìngjiān,动、副,221
5670,7-9,7-9,,高等,病历,bìnglì,名,221
5671,7-9,7-9,,高等,并列,bìngliè,动,221
5672,7-9,7-9,,高等,并行,bìngxíng,动,221
5673,7-9,7-9,,高等,病症,bìngzhèng,名,221
5674,7-9,7-9,,高等,拨,bō,动、量,221
5675,7-9,7-9,,高等,波动,bōdòng,动,221
5676,7-9,7-9,,高等,剥夺,bōduó,动,221
5677,7-9,7-9,,高等,波及,bōjí,动,221
5678,7-9,7-9,,高等,拨款,bōkuǎn,动、名,221
5679,7-9,7-9,,高等,波澜,bōlán,名,221
5680,7-9,7-9,,高等,波浪,bōlàng,名,221
5681,7-9,7-9,,高等,波涛,bōtāo,名,222
5682,7-9,7-9,,高等,剥削,bōxuē,动,222
5683,7-9,7-9,,高等,波折,bōzhé,名,222
5684,7-9,7-9,,高等,伯伯,bóbo,名,222
5685,7-9,7-9,,高等,博大精深,bódà-jīngshēn,,222
5686,7-9,7-9,,高等,搏斗,bódòu,动,222
5687,7-9,7-9,,高等,伯父,bófù,名,222
5688,7-9,7-9,,高等,驳回,bóhuí,动,222
5689,7-9,7-9,,高等,伯母,bómǔ,名,222
5690,7-9,7-9,,高等,博学,bóxué,形,222
5691,7-9,7-9,,高等,博弈,bóyì,动,222
5692,7-9,7-9,,高等,不算,bú suàn,,222
5693,7-9,7-9,,高等,不当,búdàng,形,222
5694,7-9,7-9,,高等,不定,búdìng,形、副,222
5695,7-9,7-9,,高等,不动产,búdòngchǎn,名,222
5696,7-9,7-9,,高等,不见得,bújiàndé,副,222
5697,7-9,7-9,,高等,不愧,búkuì,副,222
5698,7-9,7-9,,高等,不力,búlì,形,222
5699,7-9,7-9,,高等,不妙,búmiào,形,222
5700,7-9,7-9,,高等,不慎,búshèn,形,222
5701,7-9,7-9,,高等,不下,búxià,动,222
5702,7-9,7-9,,高等,不像话,búxiànghuà,形,222
5703,7-9,7-9,,高等,不肖,búxiào,形,222
5704,7-9,7-9,,高等,不屑,búxiè,动,222
5705,7-9,7-9,,高等,不懈,búxiè,形,222
5706,7-9,7-9,,高等,不厌其烦,búyàn-qífán,,222
5707,7-9,7-9,,高等,不亚于,búyàyú,动,222
5708,7-9,7-9,,高等,不翼而飞,búyì’érfēi,,222
5709,7-9,7-9,,高等,不亦乐乎,búyìlèhū,,222
5710,7-9,7-9,,高等,不正之风,búzhèngzhīfēng,,222
5711,7-9,7-9,,高等,捕获,bǔhuò,动,222
5712,7-9,7-9,,高等,补给,bǔjǐ,动、名,222
5713,7-9,7-9,,高等,补救,bǔjiù,动,222
5714,7-9,7-9,,高等,哺乳,bǔrǔ,动,222
5715,7-9,7-9,,高等,捕食,bǔshí,动,222
5716,7-9,7-9,,高等,哺育,bǔyù,动,222
5717,7-9,7-9,,高等,补助,bǔzhù,动、名,222
5718,7-9,7-9,,高等,捕捉,bǔzhuō,动,222
5719,7-9,7-9,,高等,不经意,bù jīngyì,,222
5720,7-9,7-9,,高等,不予,bù yǔ,,222
5721,7-9,7-9,,高等,不准,bù zhǔn,,223
5722,7-9,7-9,,高等,不耻下问,bùchǐ-xiàwèn,,223
5723,7-9,7-9,,高等,不辞而别,bùcí’érbié,,223
5724,7-9,7-9,,高等,不得而知,bùdé’érzhī,,223
5725,7-9,7-9,,高等,不得已,bùdéyǐ,形,223
5726,7-9,7-9,,高等,不乏,bùfá,动,223
5727,7-9,7-9,,高等,步伐,bùfá,名,223
5728,7-9,7-9,,高等,不法,bùfǎ,形,223
5729,7-9,7-9,,高等,不妨,bùfáng,副,223
5730,7-9,7-9,,高等,不服,bùfú,动,223
5731,7-9,7-9,,高等,不敢当,bùgǎndāng,动,223
5732,7-9,7-9,,高等,不及,bùjí,动,223
5733,7-9,7-9,,高等,部件,bùjiàn,名,223
5734,7-9,7-9,,高等,不假思索,bùjiǎ-sīsuǒ,,223
5735,7-9,7-9,,高等,不解,bùjiě,动,223
5736,7-9,7-9,,高等,不景气,bùjǐngqì,形,223
5737,7-9,7-9,,高等,布局,bùjú,动、名,223
5738,7-9,7-9,,高等,不堪,bùkān,动、形,223
5739,7-9,7-9,,高等,不可或缺,bùkě-huòquē,,223
5740,7-9,7-9,,高等,不可思议,bùkě-sīyì,,223
5741,7-9,7-9,,高等,不了了之,bùliǎo-liǎozhī,,223
5742,7-9,7-9,,高等,不免,bùmiǎn,副,223
5743,7-9,7-9,,高等,不平,bùpíng,形,223
5744,7-9,7-9,,高等,不容,bùróng,动,223
5745,7-9,7-9,,高等,步入,bùrù,动,223
5746,7-9,7-9,,高等,部首,bùshǒu,名,223
5747,7-9,7-9,,高等,部署,bùshǔ,动,223
5748,7-9,7-9,,高等,不惜,bùxī,动,223
5749,7-9,7-9,,高等,不相上下,bùxiāng-shàngxià,,223
5750,7-9,7-9,,高等,不言而喻,bùyán’éryù,,223
5751,7-9,7-9,,高等,不以为然,bùyǐwéirán,,223
5752,7-9,7-9,,高等,不由得,bùyóude,动、副,223
5753,7-9,7-9,,高等,不由自主,bùyóuzìzhǔ,,223
5754,7-9,7-9,,高等,不约而同,bùyuē’értóng,,223
5755,7-9,7-9,,高等,不折不扣,bùzhé-búkòu,,223
5756,7-9,7-9,,高等,不知不觉,bùzhī-bùjué,,223
5757,7-9,7-9,,高等,不知所措,bùzhī-suǒcuò,,223
5758,7-9,7-9,,高等,猜想,cāixiǎng,动,223
5759,7-9,7-9,,高等,裁,cái,动,223
5760,7-9,7-9,,高等,裁定,cáidìng,动,223
5761,7-9,7-9,,高等,裁缝,cáifeng,名,224
5762,7-9,7-9,,高等,才干,cáigàn,名,224
5763,7-9,7-9,,高等,财经,cáijīng,名,224
5764,7-9,7-9,,高等,裁决,cáijué,动,224
5765,7-9,7-9,,高等,财力,cáilì,名,224
5766,7-9,7-9,,高等,裁员,cáiyuán,动,224
5767,7-9,7-9,,高等,财政,cáizhèng,名,224
5768,7-9,7-9,,高等,采,cǎi,动,224
5769,7-9,7-9,,高等,采矿,cǎikuàng,动,224
5770,7-9,7-9,,高等,采摘,cǎizhāi,动,224
5771,7-9,7-9,,高等,菜肴,càiyáo,名,224
5772,7-9,7-9,,高等,参见,cānjiàn,动,224
5773,7-9,7-9,,高等,参谋,cānmóu,名、动,224
5774,7-9,7-9,,高等,参照,cānzhào,动,224
5775,7-9,7-9,,高等,残,cán,动,224
5776,7-9,7-9,,高等,残酷,cánkù,形,224
5777,7-9,7-9,,高等,惭愧,cánkuì,形,224
5778,7-9,7-9,,高等,残留,cánliú,动,224
5779,7-9,7-9,,高等,残缺,cánquē,动,224
5780,7-9,7-9,,高等,残忍,cánrěn,形,224
5781,7-9,7-9,,高等,惨,cǎn,形,224
5782,7-9,7-9,,高等,惨白,cǎnbái,形,224
5783,7-9,7-9,,高等,惨痛,cǎntòng,形,224
5784,7-9,7-9,,高等,惨重,cǎnzhòng,形,224
5785,7-9,7-9,,高等,灿烂,cànlàn,形,224
5786,7-9,7-9,,高等,舱,cāng,名,224
5787,7-9,7-9,,高等,苍白,cāngbái,形,224
5788,7-9,7-9,,高等,仓促,cāngcù,形,224
5789,7-9,7-9,,高等,沧桑,cāngsāng,名,224
5790,7-9,7-9,,高等,苍蝇,cāngying,名,224
5791,7-9,7-9,,高等,藏匿,cángnì,动,224
5792,7-9,7-9,,高等,藏品,cángpǐn,名,224
5793,7-9,7-9,,高等,藏身,cángshēn,动,224
5794,7-9,7-9,,高等,操控,cāokòng,动,224
5795,7-9,7-9,,高等,操劳,cāoláo,动,224
5796,7-9,7-9,,高等,操练,cāoliàn,动,224
5797,7-9,7-9,,高等,操心,cāoxīn,动,224
5798,7-9,7-9,,高等,操纵,cāozòng,动,224
5799,7-9,7-9,,高等,嘈杂,cáozá,形,224
5800,7-9,7-9,,高等,草案,cǎo’àn,名,224
5801,7-9,7-9,,高等,草丛,cǎocóng,名,225
5802,7-9,7-9,,高等,草坪,cǎopíng,名,225
5803,7-9,7-9,,高等,草率,cǎoshuài,形,225
5804,7-9,7-9,,高等,草药,cǎoyào,名,225
5805,7-9,7-9,,高等,测定,cèdìng,动,225
5806,7-9,7-9,,高等,侧面,cèmiàn,名,225
5807,7-9,7-9,,高等,测算,cèsuàn,动,225
5808,7-9,7-9,,高等,测验,cèyàn,动、名,225
5809,7-9,7-9,,高等,侧重,cèzhòng,动,225
5810,7-9,7-9,,高等,层出不穷,céngchū-bùqióng,,225
5811,7-9,7-9,,高等,蹭,cèng,动,225
5812,7-9,7-9,,高等,差错,chācuò,名,225
5813,7-9,7-9,,高等,差额,chā’é,名、形,225
5814,7-9,7-9,,高等,插曲,chāqǔ,名,225
5815,7-9,7-9,,高等,插手,chāshǒu,动,225
5816,7-9,7-9,,高等,插图,chātú,名,225
5817,7-9,7-9,,高等,插嘴,chāzuǐ,动,225
5818,7-9,7-9,,高等,查处,cháchǔ,动,225
5819,7-9,7-9,,高等,查获,cháhuò,动,225
5820,7-9,7-9,,高等,察觉,chájué,动,225
5821,7-9,7-9,,高等,察看,chákàn,动,225
5822,7-9,7-9,,高等,查明,chámíng,动,225
5823,7-9,7-9,,高等,岔,chà,名、动,225
5824,7-9,7-9,,高等,刹那,chànà,名,225
5825,7-9,7-9,,高等,诧异,chàyì,形,225
5826,7-9,7-9,,高等,拆迁,chāiqiān,动,225
5827,7-9,7-9,,高等,柴油,cháiyóu,名,225
5828,7-9,7-9,,高等,掺,chān,动,225
5829,7-9,7-9,,高等,搀,chān,动,225
5830,7-9,7-9,,高等,馋,chán,形、动,225
5831,7-9,7-9,,高等,缠,chán,动,225
5832,7-9,7-9,,高等,缠绕,chánrào,动,225
5833,7-9,7-9,,高等,铲,chǎn,名、动,225
5834,7-9,7-9,,高等,产权,chǎnquán,名,225
5835,7-9,7-9,,高等,阐释,chǎnshì,动,225
5836,7-9,7-9,,高等,阐述,chǎnshù,动,225
5837,7-9,7-9,,高等,产物,chǎnwù,名,225
5838,7-9,7-9,,高等,产业链,chǎnyèliàn,名,225
5839,7-9,7-9,,高等,产值,chǎnzhí,名,225
5840,7-9,7-9,,高等,颤抖,chàndǒu,动,225
5841,7-9,7-9,,高等,猖狂,chāngkuáng,形,226
5842,7-9,7-9,,高等,昌盛,chāngshèng,形,226
5843,7-9,7-9,,高等,偿还,chánghuán,动,226
5844,7-9,7-9,,高等,常理,chánglǐ,名,226
5845,7-9,7-9,,高等,长期以来,chángqī yǐlái,,226
5846,7-9,7-9,,高等,常人,chángrén,名,226
5847,7-9,7-9,,高等,常态,chángtài,名,226
5848,7-9,7-9,,高等,长效,chángxiào,名、形,226
5849,7-9,7-9,,高等,长征,chángzhēng,动、名,226
5850,7-9,7-9,,高等,长足,chángzú,形,226
5851,7-9,7-9,,高等,敞开,chǎngkāi,动、副,226
5852,7-9,7-9,,高等,倡导,chàngdǎo,动,226
5853,7-9,7-9,,高等,唱片,chàngpiàn,名,226
5854,7-9,7-9,,高等,畅谈,chàngtán,动,226
5855,7-9,7-9,,高等,倡议,chàngyì,动、名,226
5856,7-9,7-9,,高等,超标,chāobiāo,动,226
5857,7-9,7-9,,高等,钞票,chāopiào,名,226
5858,7-9,7-9,,高等,超前,chāoqián,形、动,226
5859,7-9,7-9,,高等,抄袭,chāoxí,动,226
5860,7-9,7-9,,高等,潮,cháo,名、形,226
5861,7-9,7-9,,高等,嘲弄,cháonòng,动,226
5862,7-9,7-9,,高等,潮水,cháoshuǐ,名,226
5863,7-9,7-9,,高等,巢穴,cháoxué,名,226
5864,7-9,7-9,,高等,炒作,chǎozuò,动,226
5865,7-9,7-9,,高等,车间,chējiān,名,226
5866,7-9,7-9,,高等,扯,chě,动,226
5867,7-9,7-9,,高等,撤,chè,动,226
5868,7-9,7-9,,高等,撤离,chèlí,动,226
5869,7-9,7-9,,高等,撤退,chètuì,动,226
5870,7-9,7-9,,高等,彻夜,chèyè,副,226
5871,7-9,7-9,,高等,沉淀,chéndiàn,动、名,226
5872,7-9,7-9,,高等,沉甸甸,chéndiàndiàn,形,226
5873,7-9,7-9,,高等,沉浸,chénjìn,动,226
5874,7-9,7-9,,高等,陈旧,chénjiù,形,226
5875,7-9,7-9,,高等,陈列,chénliè,动,226
5876,7-9,7-9,,高等,沉闷,chénmèn,形,226
5877,7-9,7-9,,高等,沉迷,chénmí,动,226
5878,7-9,7-9,,高等,陈述,chénshù,动,226
5879,7-9,7-9,,高等,沉睡,chénshuì,动,226
5880,7-9,7-9,,高等,沉思,chénsī,动,226
5881,7-9,7-9,,高等,沉稳,chénwěn,形,227
5882,7-9,7-9,,高等,沉着,chénzhuó,形,227
5883,7-9,7-9,,高等,趁机,chènjī,副,227
5884,7-9,7-9,,高等,衬托,chèntuō,动,227
5885,7-9,7-9,,高等,称心如意,chènxīn-rúyì,,227
5886,7-9,7-9,,高等,趁早,chènzǎo,副,227
5887,7-9,7-9,,高等,呈,chéng,动,227
5888,7-9,7-9,,高等,承包,chéngbāo,动,227
5889,7-9,7-9,,高等,成才,chéngcái,动,227
5890,7-9,7-9,,高等,成家,chéngjiā,动,227
5891,7-9,7-9,,高等,成家立业,chéngjiā-lìyè,,227
5892,7-9,7-9,,高等,承接,chéngjiē,动,227
5893,7-9,7-9,,高等,诚恳,chéngkěn,形,227
5894,7-9,7-9,,高等,成年2,chéngnián,副,227
5895,7-9,7-9,,高等,成品,chéngpǐn,名,227
5896,7-9,7-9,,高等,城墙,chéngqiáng,名,227
5897,7-9,7-9,,高等,澄清,chéngqīng,形、动,227
5898,7-9,7-9,,高等,成全,chéngquán,动,227
5899,7-9,7-9,,高等,成群结队,chéngqún-jiéduì,,227
5900,7-9,7-9,,高等,成天,chéngtiān,副,227
5901,7-9,7-9,,高等,成心,chéngxīn,副,227
5902,7-9,7-9,,高等,成型,chéngxíng,动,227
5903,7-9,7-9,,高等,诚意,chéngyì,名,227
5904,7-9,7-9,,高等,承载,chéngzài,动,227
5905,7-9,7-9,,高等,诚挚,chéngzhì,形,227
5906,7-9,7-9,,高等,逞强,chěngqiáng,动,227
5907,7-9,7-9,,高等,秤,chèng,名,227
5908,7-9,7-9,,高等,痴呆,chīdāi,形,227
5909,7-9,7-9,,高等,吃喝玩乐,chī-hē-wán-lè,,227
5910,7-9,7-9,,高等,吃苦,chīkǔ,动,227
5911,7-9,7-9,,高等,吃亏,chīkuī,动,227
5912,7-9,7-9,,高等,吃力,chīlì,形,227
5913,7-9,7-9,,高等,痴迷,chīmí,动,227
5914,7-9,7-9,,高等,痴心,chīxīn,名、形,227
5915,7-9,7-9,,高等,持,chí,动,227
5916,7-9,7-9,,高等,迟迟,chíchí,副,227
5917,7-9,7-9,,高等,迟钝,chídùn,形,227
5918,7-9,7-9,,高等,迟缓,chíhuǎn,形,227
5919,7-9,7-9,,高等,驰名,chímíng,动,227
5920,7-9,7-9,,高等,持平,chípíng,动,227
5921,7-9,7-9,,高等,池塘,chítáng,名,228
5922,7-9,7-9,,高等,迟疑,chíyí,形,228
5923,7-9,7-9,,高等,迟早,chízǎo,副,228
5924,7-9,7-9,,高等,持之以恒,chízhī-yǐhéng,,228
5925,7-9,7-9,,高等,尺度,chǐdù,名,228
5926,7-9,7-9,,高等,耻辱,chǐrǔ,名,228
5927,7-9,7-9,,高等,耻笑,chǐxiào,动,228
5928,7-9,7-9,,高等,赤道,chìdào,名,228
5929,7-9,7-9,,高等,赤字,chìzì,名,228
5930,7-9,7-9,,高等,充,chōng,动,228
5931,7-9,7-9,,高等,充斥,chōngchì,动,228
5932,7-9,7-9,,高等,冲刺,chōngcì,动,228
5933,7-9,7-9,,高等,充当,chōngdāng,动,228
5934,7-9,7-9,,高等,憧憬,chōngjǐng,动,228
5935,7-9,7-9,,高等,冲浪,chōnglàng,动,228
5936,7-9,7-9,,高等,充沛,chōngpèi,形,228
5937,7-9,7-9,,高等,冲洗,chōngxǐ,动,228
5938,7-9,7-9,,高等,充裕,chōngyù,形,228
5939,7-9,7-9,,高等,冲撞,chōngzhuàng,动,228
5940,7-9,7-9,,高等,重重,chóngchóng,形,228
5941,7-9,7-9,,高等,重叠,chóngdié,动、名,228
5942,7-9,7-9,,高等,重返,chóngfǎn,动,228
5943,7-9,7-9,,高等,崇高,chónggāo,形,228
5944,7-9,7-9,,高等,重合,chónghé,动,228
5945,7-9,7-9,,高等,崇敬,chóngjìng,动,228
5946,7-9,7-9,,高等,崇尚,chóngshàng,动,228
5947,7-9,7-9,,高等,重申,chóngshēn,动,228
5948,7-9,7-9,,高等,重现,chóngxiàn,动,228
5949,7-9,7-9,,高等,重组,chóngzǔ,动,228
5950,7-9,7-9,,高等,宠,chǒng,动,228
5951,7-9,7-9,,高等,宠爱,chǒng’ài,动,228
5952,7-9,7-9,,高等,抽查,chōuchá,动,228
5953,7-9,7-9,,高等,抽签,chōuqiān,动,228
5954,7-9,7-9,,高等,抽屉,chōuti,名,228
5955,7-9,7-9,,高等,抽样,chōuyàng,动,228
5956,7-9,7-9,,高等,仇,chóu,名,228
5957,7-9,7-9,,高等,稠,chóu,形,228
5958,7-9,7-9,,高等,筹,chóu,动,228
5959,7-9,7-9,,高等,筹办,chóubàn,动,228
5960,7-9,7-9,,高等,筹措,chóucuò,动,228
5961,7-9,7-9,,高等,仇恨,chóuhèn,动、名,229
5962,7-9,7-9,,高等,筹划,chóuhuà,动,229
5963,7-9,7-9,,高等,筹集,chóují,动,229
5964,7-9,7-9,,高等,筹码,chóumǎ,名,229
5965,7-9,7-9,,高等,愁眉苦脸,chóuméi-kǔliǎn,,229
5966,7-9,7-9,,高等,稠密,chóumì,形,229
5967,7-9,7-9,,高等,仇人,chóurén,名,229
5968,7-9,7-9,,高等,瞅,chǒu,动,229
5969,7-9,7-9,,高等,丑恶,chǒu’è,形,229
5970,7-9,7-9,,高等,丑陋,chǒulòu,形,229
5971,7-9,7-9,,高等,丑闻,chǒuwén,名,229
5972,7-9,7-9,,高等,出厂,chūchǎng,动,229
5973,7-9,7-9,,高等,出丑,chūchǒu,动,229
5974,7-9,7-9,,高等,出动,chūdòng,动,229
5975,7-9,7-9,,高等,出发点,chūfādiǎn,名,229
5976,7-9,7-9,,高等,出访,chūfǎng,动,229
5977,7-9,7-9,,高等,出局,chūjú,动,229
5978,7-9,7-9,,高等,出具,chūjù,动,229
5979,7-9,7-9,,高等,出口成章,chūkǒu-chéngzhāng,,229
5980,7-9,7-9,,高等,出路,chūlù,名,229
5981,7-9,7-9,,高等,出卖,chūmài,动,229
5982,7-9,7-9,,高等,出面,chūmiàn,动,229
5983,7-9,7-9,,高等,出任,chūrèn,动,229
5984,7-9,7-9,,高等,出人意料,chūrényìliào,,229
5985,7-9,7-9,,高等,出神,chūshén,动,229
5986,7-9,7-9,,高等,出身,chūshēn,动、名,229
5987,7-9,7-9,,高等,出手,chūshǒu,动、名,229
5988,7-9,7-9,,高等,出台,chūtái,动,229
5989,7-9,7-9,,高等,出头,chūtóu,动,229
5990,7-9,7-9,,高等,出土,chūtǔ,动,229
5991,7-9,7-9,,高等,出息,chūxi,名,229
5992,7-9,7-9,,高等,出征,chūzhēng,动,229
5993,7-9,7-9,,高等,出众,chūzhòng,形,229
5994,7-9,7-9,,高等,初衷,chūzhōng,名,229
5995,7-9,7-9,,高等,出资,chūzī,动,229
5996,7-9,7-9,,高等,出走,chūzǒu,动,229
5997,7-9,7-9,,高等,锄,chú,名、动,229
5998,7-9,7-9,,高等,橱窗,chúchuāng,名,229
5999,7-9,7-9,,高等,除去,chúqù,动、介,229
6000,7-9,7-9,,高等,除外,chúwài,动,229
6001,7-9,7-9,,高等,储备,chǔbèi,动、名,230
6002,7-9,7-9,,高等,处方,chǔfāng,动、名,230
6003,7-9,7-9,,高等,处分,chǔfèn,动、名,230
6004,7-9,7-9,,高等,处境,chǔjìng,名,230
6005,7-9,7-9,,高等,储量,chǔliàng,名,230
6006,7-9,7-9,,高等,处事,chǔshì,动,230
6007,7-9,7-9,,高等,处置,chǔzhì,动,230
6008,7-9,7-9,,高等,触动,chùdòng,动,230
6009,7-9,7-9,,高等,触犯,chùfàn,动,230
6010,7-9,7-9,,高等,触觉,chùjué,名,230
6011,7-9,7-9,,高等,矗立,chùlì,动,230
6012,7-9,7-9,,高等,触摸,chùmō,动,230
6013,7-9,7-9,,高等,触目惊心,chùmù-jīngxīn,,230
6014,7-9,7-9,,高等,揣,chuāi,动,230
6015,7-9,7-9,,高等,揣测,chuǎicè,动,230
6016,7-9,7-9,,高等,揣摩,chuǎimó,动,230
6017,7-9,7-9,,高等,踹,chuài,动,230
6018,7-9,7-9,,高等,川流不息,chuānliú-bùxī,,230
6019,7-9,7-9,,高等,穿梭,chuānsuō,动,230
6020,7-9,7-9,,高等,穿越,chuānyuè,动,230
6021,7-9,7-9,,高等,穿着,chuānzhuó,名,230
6022,7-9,7-9,,高等,船舶,chuánbó,名,230
6023,7-9,7-9,,高等,传单,chuándān,名,230
6024,7-9,7-9,,高等,传媒,chuánméi,名,230
6025,7-9,7-9,,高等,传奇,chuánqí,名,230
6026,7-9,7-9,,高等,传人,chuánrén,动、名,230
6027,7-9,7-9,,高等,传闻,chuánwén,动、名,230
6028,7-9,7-9,,高等,传言,chuányán,名、动,230
6029,7-9,7-9,,高等,喘,chuǎn,动,230
6030,7-9,7-9,,高等,喘息,chuǎnxī,动,230
6031,7-9,7-9,,高等,串门,chuànmén,动,230
6032,7-9,7-9,,高等,窗帘,chuānglián,名,230
6033,7-9,7-9,,高等,创伤,chuāngshāng,名,230
6034,7-9,7-9,,高等,床位,chuángwèi,名,230
6035,7-9,7-9,,高等,创,chuàng,动,230
6036,7-9,7-9,,高等,创始人,chuàngshǐrén,名,230
6037,7-9,7-9,,高等,吹牛,chuīniú,动,230
6038,7-9,7-9,,高等,吹捧,chuīpěng,动,230
6039,7-9,7-9,,高等,炊烟,chuīyān,名,230
6040,7-9,7-9,,高等,垂,chuí,动,230
6041,7-9,7-9,,高等,捶,chuí,动,231
6042,7-9,7-9,,高等,锤,chuí,名、动,231
6043,7-9,7-9,,高等,垂头丧气,chuítóu-sàngqì,,231
6044,7-9,7-9,,高等,纯粹,chúncuì,形、副,231
6045,7-9,7-9,,高等,醇厚,chúnhòu,形,231
6046,7-9,7-9,,高等,纯洁,chúnjié,形、动,231
6047,7-9,7-9,,高等,纯朴,chúnpǔ,形,231
6048,7-9,7-9,,高等,淳朴,chúnpǔ,形,231
6049,7-9,7-9,,高等,蠢,chǔn,形,231
6050,7-9,7-9,,高等,戳,chuō,动、名,231
6051,7-9,7-9,,高等,绰号,chuòhào,名,231
6052,7-9,7-9,,高等,辞,cí,动,231
6053,7-9,7-9,,高等,辞呈,cíchéng,名,231
6054,7-9,7-9,,高等,磁带,cídài,名,231
6055,7-9,7-9,,高等,辞典,cídiǎn,名,231
6056,7-9,7-9,,高等,慈善,císhàn,形,231
6057,7-9,7-9,,高等,磁铁,cítiě,名,231
6058,7-9,7-9,,高等,辞退,cítuì,动,231
6059,7-9,7-9,,高等,慈祥,cíxiáng,形,231
6060,7-9,7-9,,高等,雌性,cíxìng,名,231
6061,7-9,7-9,,高等,此起彼伏,cǐqǐ-bǐfú,,231
6062,7-9,7-9,,高等,此致,cǐzhì,动,231
6063,7-9,7-9,,高等,赐,cì,动,231
6064,7-9,7-9,,高等,刺耳,cì’ěr,形,231
6065,7-9,7-9,,高等,刺骨,cìgǔ,动,231
6066,7-9,7-9,,高等,伺候,cìhou,动,231
6067,7-9,7-9,,高等,赐教,cìjiào,动,231
6068,7-9,7-9,,高等,次品,cìpǐn,名,231
6069,7-9,7-9,,高等,次日,cìrì,名,231
6070,7-9,7-9,,高等,刺绣,cìxiù,动、名,231
6071,7-9,7-9,,高等,次序,cìxù,名,231
6072,7-9,7-9,,高等,刺眼,cìyǎn,形,231
6073,7-9,7-9,,高等,次要,cìyào,形,231
6074,7-9,7-9,,高等,葱,cōng,名,231
6075,7-9,7-9,,高等,丛,cóng,量,231
6076,7-9,7-9,,高等,丛林,cónglín,名,231
6077,7-9,7-9,,高等,从容,cóngróng,形,231
6078,7-9,7-9,,高等,从容不迫,cóngróng-búpò,,231
6079,7-9,7-9,,高等,从头,cóngtóu,副,231
6080,7-9,7-9,,高等,凑,còu,动,231
6081,7-9,7-9,,高等,凑合,còuhe,动,232
6082,7-9,7-9,,高等,凑巧,còuqiǎo,形,232
6083,7-9,7-9,,高等,粗暴,cūbào,形,232
6084,7-9,7-9,,高等,粗糙,cūcāo,形,232
6085,7-9,7-9,,高等,粗鲁,cūlǔ,形,232
6086,7-9,7-9,,高等,粗略,cūlüè,形,232
6087,7-9,7-9,,高等,粗心大意,cūxīn-dàyì,,232
6088,7-9,7-9,,高等,促成,cùchéng,动,232
6089,7-9,7-9,,高等,簇拥,cùyōng,动,232
6090,7-9,7-9,,高等,窜,cuàn,动,232
6091,7-9,7-9,,高等,摧残,cuīcán,动,232
6092,7-9,7-9,,高等,催促,cuīcù,动,232
6093,7-9,7-9,,高等,摧毁,cuīhuǐ,动,232
6094,7-9,7-9,,高等,催眠,cuīmián,动,232
6095,7-9,7-9,,高等,璀璨,cuǐcàn,形,232
6096,7-9,7-9,,高等,翠绿,cuìlǜ,形,232
6097,7-9,7-9,,高等,存活,cúnhuó,动,232
6098,7-9,7-9,,高等,存货,cúnhuò,动、名,232
6099,7-9,7-9,,高等,存心,cúnxīn,动、副,232
6100,7-9,7-9,,高等,存折,cúnzhé,名,232
6101,7-9,7-9,,高等,搓,cuō,动,232
6102,7-9,7-9,,高等,磋商,cuōshāng,动,232
6103,7-9,7-9,,高等,挫败,cuòbài,动,232
6104,7-9,7-9,,高等,错别字,cuòbiézì,名,232
6105,7-9,7-9,,高等,错觉,cuòjué,名,232
6106,7-9,7-9,,高等,措手不及,cuòshǒu-bùjí,,232
6107,7-9,7-9,,高等,错位,cuòwèi,动,232
6108,7-9,7-9,,高等,错综复杂,cuòzōng-fùzá,,232
6109,7-9,7-9,,高等,搭乘,dāchéng,动,232
6110,7-9,7-9,,高等,搭档,dādàng,动、名,232
6111,7-9,7-9,,高等,搭建,dājiàn,动,232
6112,7-9,7-9,,高等,答辩,dábiàn,动,232
6113,7-9,7-9,,高等,达标,dábiāo,动,232
6114,7-9,7-9,,高等,打2,dǎ,介,232
6115,7-9,7-9,,高等,打喷嚏,dǎ pēntì,,232
6116,7-9,7-9,,高等,打下手,dǎ xiàshǒu,,232
6117,7-9,7-9,,高等,打岔,dǎchà,动,232
6118,7-9,7-9,,高等,打倒,dǎdǎo,动,232
6119,7-9,7-9,,高等,打赌,dǎdǔ,动,232
6120,7-9,7-9,,高等,打盹儿,dǎdǔnr,动,232
6121,7-9,7-9,,高等,打发,dǎfa,动,233
6122,7-9,7-9,,高等,打搅,dǎjiǎo,动,233
6123,7-9,7-9,,高等,打捞,dǎlāo,动,233
6124,7-9,7-9,,高等,打量,dǎliang,动,233
6125,7-9,7-9,,高等,打猎,dǎliè,动,233
6126,7-9,7-9,,高等,打磨,dǎmó,动,233
6127,7-9,7-9,,高等,打消,dǎxiāo,动,233
6128,7-9,7-9,,高等,大不了,dàbuliǎo,形、副,233
6129,7-9,7-9,,高等,大大咧咧,dàdaliēliē,形,233
6130,7-9,7-9,,高等,大纲,dàgāng,名,233
6131,7-9,7-9,,高等,大公无私,dàgōng-wúsī,,233
6132,7-9,7-9,,高等,大街小巷,dàjiē-xiǎoxiàng,,233
6133,7-9,7-9,,高等,大惊小怪,dàjīng-xiǎoguài,,233
6134,7-9,7-9,,高等,大局,dàjú,名,233
6135,7-9,7-9,,高等,大陆,dàlù,名,233
6136,7-9,7-9,,高等,大名鼎鼎,dàmíng-dǐngdǐng,,233
6137,7-9,7-9,,高等,大片,dàpiàn,名,233
6138,7-9,7-9,,高等,大气,dàqì,名、形,233
6139,7-9,7-9,,高等,大数据,dàshùjù,名,233
6140,7-9,7-9,,高等,大肆,dàsì,副,233
6141,7-9,7-9,,高等,大体,dàtǐ,名、副,233
6142,7-9,7-9,,高等,大同小异,dàtóng-xiǎoyì,,233
6143,7-9,7-9,,高等,大为,dàwéi,副,233
6144,7-9,7-9,,高等,大雁,dàyàn,名,233
6145,7-9,7-9,,高等,大意,dàyi,形,233
6146,7-9,7-9,,高等,大意,dàyì,名,233
6147,7-9,7-9,,高等,大有可为,dàyǒu-kěwéi,,233
6148,7-9,7-9,,高等,大宗,dàzōng,形、名,233
6149,7-9,7-9,,高等,逮,dǎi,动,233
6150,7-9,7-9,,高等,歹徒,dǎitú,名,233
6151,7-9,7-9,,高等,逮捕,dàibǔ,动,233
6152,7-9,7-9,,高等,带队,dàiduì,动,233
6153,7-9,7-9,,高等,怠工,dàigōng,动,233
6154,7-9,7-9,,高等,代号,dàihào,名,233
6155,7-9,7-9,,高等,代理人,dàilǐrén,名,233
6156,7-9,7-9,,高等,带路,dàilù,动,233
6157,7-9,7-9,,高等,怠慢,dàimàn,动,233
6158,7-9,7-9,,高等,带头,dàitóu,动,233
6159,7-9,7-9,,高等,代言,dàiyán,动,233
6160,7-9,7-9,,高等,担,dān,动,233
6161,7-9,7-9,,高等,担保,dānbǎo,动,234
6162,7-9,7-9,,高等,单边,dānbiān,形,234
6163,7-9,7-9,,高等,单薄,dānbó,形,234
6164,7-9,7-9,,高等,担当,dāndāng,动,234
6165,7-9,7-9,,高等,单方面,dānfāngmiàn,名,234
6166,7-9,7-9,,高等,担负,dānfù,动,234
6167,7-9,7-9,,高等,耽搁,dānge,动,234
6168,7-9,7-9,,高等,单价,dānjià,名,234
6169,7-9,7-9,,高等,单身,dānshēn,动、名、副,234
6170,7-9,7-9,,高等,胆量,dǎnliàng,名,234
6171,7-9,7-9,,高等,胆怯,dǎnqiè,形,234
6172,7-9,7-9,,高等,胆小鬼,dǎnxiǎoguǐ,名,234
6173,7-9,7-9,,高等,担,dàn,名、量,234
6174,7-9,7-9,,高等,诞辰,dànchén,名,234
6175,7-9,7-9,,高等,淡化,dànhuà,动,234
6176,7-9,7-9,,高等,淡季,dànjì,名,234
6177,7-9,7-9,,高等,淡水,dànshuǐ,名,234
6178,7-9,7-9,,高等,但愿,dànyuàn,动,234
6179,7-9,7-9,,高等,担子,dànzi,名,234
6180,7-9,7-9,,高等,当即,dāngjí,副,234
6181,7-9,7-9,,高等,当机立断,dāngjī-lìduàn,,234
6182,7-9,7-9,,高等,当日,dāngrì,名,234
6183,7-9,7-9,,高等,当事人,dāngshìrén,名,234
6184,7-9,7-9,,高等,当务之急,dāngwùzhījí,,234
6185,7-9,7-9,,高等,当心,dāngxīn,动,234
6186,7-9,7-9,,高等,当之无愧,dāngzhīwúkuì,,234
6187,7-9,7-9,,高等,当众,dāngzhòng,副,234
6188,7-9,7-9,,高等,党,dǎng,名,234
6189,7-9,7-9,,高等,档次,dàngcì,名,234
6190,7-9,7-9,,高等,当晚,dàngwǎn,名,234
6191,7-9,7-9,,高等,荡漾,dàngyàng,动,234
6192,7-9,7-9,,高等,当真,dàngzhēn,动、副,234
6193,7-9,7-9,,高等,导弹,dǎodàn,名,234
6194,7-9,7-9,,高等,导航,dǎoháng,动,234
6195,7-9,7-9,,高等,导火索,dǎohuǒsuǒ,名,234
6196,7-9,7-9,,高等,捣乱,dǎoluàn,动,234
6197,7-9,7-9,,高等,倒霉,dǎoméi,形,234
6198,7-9,7-9,,高等,倒塌,dǎotā,动,234
6199,7-9,7-9,,高等,导向,dǎoxiàng,动、名,234
6200,7-9,7-9,,高等,岛屿,dǎoyǔ,名,234
6201,7-9,7-9,,高等,盗,dào,动,235
6202,7-9,7-9,,高等,盗版,dàobǎn,动、名,235
6203,7-9,7-9,,高等,道别,dàobié,动,235
6204,7-9,7-9,,高等,稻草,dàocǎo,名,235
6205,7-9,7-9,,高等,倒计时,dàojìshí,动,235
6206,7-9,7-9,,高等,道具,dàojù,名,235
6207,7-9,7-9,,高等,悼念,dàoniàn,动,235
6208,7-9,7-9,,高等,盗窃,dàoqiè,动,235
6209,7-9,7-9,,高等,倒数,dàoshǔ,动,235
6210,7-9,7-9,,高等,到头来,dàotóulái,副,235
6211,7-9,7-9,,高等,倒退,dàotuì,动,235
6212,7-9,7-9,,高等,到位,dàowèi,动、形,235
6213,7-9,7-9,,高等,得不偿失,débùchángshī,,235
6214,7-9,7-9,,高等,德才兼备,décái-jiānbèi,,235
6215,7-9,7-9,,高等,得当,dédàng,形,235
6216,7-9,7-9,,高等,得力,délì,形,235
6217,7-9,7-9,,高等,得失,déshī,名,235
6218,7-9,7-9,,高等,得手,déshǒu,形,235
6219,7-9,7-9,,高等,得体,détǐ,形,235
6220,7-9,7-9,,高等,得天独厚,détiāndúhòu,,235
6221,7-9,7-9,,高等,得心应手,déxīn-yìngshǒu,,235
6222,7-9,7-9,,高等,得益,déyì,动,235
6223,7-9,7-9,,高等,得意扬扬,déyì-yángyáng,,235
6224,7-9,7-9,,高等,得罪,dézuì,动,235
6225,7-9,7-9,,高等,蹬,dēng,动,235
6226,7-9,7-9,,高等,登场,dēngchǎng,动,235
6227,7-9,7-9,,高等,登顶,dēngdǐng,动,235
6228,7-9,7-9,,高等,登陆,dēnglù,动,235
6229,7-9,7-9,,高等,灯泡,dēngpào,名,235
6230,7-9,7-9,,高等,瞪,dèng,动,235
6231,7-9,7-9,,高等,凳子,dèngzi,名,235
6232,7-9,7-9,,高等,堤,dī,名,235
6233,7-9,7-9,,高等,堤坝,dībà,名,235
6234,7-9,7-9,,高等,低调,dīdiào,名、形,235
6235,7-9,7-9,,高等,提防,dīfang,动,235
6236,7-9,7-9,,高等,低谷,dīgǔ,名,235
6237,7-9,7-9,,高等,低估,dīgū,动,235
6238,7-9,7-9,,高等,低落,dīluò,形,235
6239,7-9,7-9,,高等,低迷,dīmí,形,235
6240,7-9,7-9,,高等,低下,dīxià,形,235
6241,7-9,7-9,,高等,嘀咕,dígu,动,236
6242,7-9,7-9,,高等,敌视,díshì,动,236
6243,7-9,7-9,,高等,笛子,dízi,名,236
6244,7-9,7-9,,高等,抵,dǐ,动,236
6245,7-9,7-9,,高等,底层,dǐcéng,名,236
6246,7-9,7-9,,高等,抵触,dǐchù,动,236
6247,7-9,7-9,,高等,抵挡,dǐdǎng,动,236
6248,7-9,7-9,,高等,底线,dǐxiàn,名,236
6249,7-9,7-9,,高等,抵消,dǐxiāo,动,236
6250,7-9,7-9,,高等,抵押,dǐyā,动,236
6251,7-9,7-9,,高等,抵御,dǐyù,动,236
6252,7-9,7-9,,高等,底蕴,dǐyùn,名,236
6253,7-9,7-9,,高等,抵制,dǐzhì,动,236
6254,7-9,7-9,,高等,底子,dǐzi,名,236
6255,7-9,7-9,,高等,地板,dìbǎn,名,236
6256,7-9,7-9,,高等,地步,dìbù,名,236
6257,7-9,7-9,,高等,地带,dìdài,名,236
6258,7-9,7-9,,高等,地道,dìdào,名,236
6259,7-9,7-9,,高等,地段,dìduàn,名,236
6260,7-9,7-9,,高等,帝国,dìguó,名,236
6261,7-9,7-9,,高等,递交,dìjiāo,动,236
6262,7-9,7-9,,高等,地势,dìshì,名,236
6263,7-9,7-9,,高等,地毯,dìtǎn,名,236
6264,7-9,7-9,,高等,地下水,dìxiàshuǐ,名,236
6265,7-9,7-9,,高等,第一手,dìyīshǒu,形,236
6266,7-9,7-9,,高等,地狱,dìyù,名,236
6267,7-9,7-9,,高等,递增,dìzēng,动,236
6268,7-9,7-9,,高等,弟子,dìzǐ,名,236
6269,7-9,7-9,,高等,颠簸,diānbǒ,动,236
6270,7-9,7-9,,高等,颠倒,diāndǎo,动,236
6271,7-9,7-9,,高等,颠倒黑白,diāndǎo-hēibái,,236
6272,7-9,7-9,,高等,巅峰,diānfēng,名,236
6273,7-9,7-9,,高等,颠覆,diānfù,动,236
6274,7-9,7-9,,高等,典范,diǎnfàn,名,236
6275,7-9,7-9,,高等,点火,diǎnhuǒ,动,236
6276,7-9,7-9,,高等,点评,diǎnpíng,动、名,236
6277,7-9,7-9,,高等,点缀,diǎnzhuì,动,236
6278,7-9,7-9,,高等,点子,diǎnzi,名,236
6279,7-9,7-9,,高等,垫,diàn,动、名,236
6280,7-9,7-9,,高等,垫底,diàndǐ,动,236
6281,7-9,7-9,,高等,奠定,diàndìng,动,237
6282,7-9,7-9,,高等,淀粉,diànfěn,名,237
6283,7-9,7-9,,高等,惦记,diànjì,动,237
6284,7-9,7-9,,高等,电台,diàntái,名,237
6285,7-9,7-9,,高等,殿堂,diàntáng,名,237
6286,7-9,7-9,,高等,电网,diànwǎng,名,237
6287,7-9,7-9,,高等,电线,diànxiàn,名,237
6288,7-9,7-9,,高等,电信,diànxìn,名,237
6289,7-9,7-9,,高等,电讯,diànxùn,名,237
6290,7-9,7-9,,高等,垫子,diànzi,名,237
6291,7-9,7-9,,高等,叼,diāo,动,237
6292,7-9,7-9,,高等,雕,diāo,动,237
6293,7-9,7-9,,高等,雕刻,diāokè,动、名,237
6294,7-9,7-9,,高等,刁难,diāonàn,动,237
6295,7-9,7-9,,高等,雕塑,diāosù,动、名,237
6296,7-9,7-9,,高等,雕像,diāoxiàng,名,237
6297,7-9,7-9,,高等,凋谢,diāoxiè,动,237
6298,7-9,7-9,,高等,调2,diào,名,237
6299,7-9,7-9,,高等,调度,diàodù,动、名,237
6300,7-9,7-9,,高等,掉队,diàoduì,动,237
6301,7-9,7-9,,高等,掉头,diàotóu,动,237
6302,7-9,7-9,,高等,吊销,diàoxiāo,动,237
6303,7-9,7-9,,高等,爹,diē,名,237
6304,7-9,7-9,,高等,跌幅,diēfú,名,237
6305,7-9,7-9,,高等,叠,dié,动,237
6306,7-9,7-9,,高等,碟,dié,名,237
6307,7-9,7-9,,高等,迭起,diéqǐ,动,237
6308,7-9,7-9,,高等,丁,dīng,名,237
6309,7-9,7-9,,高等,盯,dīng,动,237
6310,7-9,7-9,,高等,叮嘱,dīngzhǔ,动,237
6311,7-9,7-9,,高等,钉子,dīngzi,名,237
6312,7-9,7-9,,高等,顶多,dǐngduō,副,237
6313,7-9,7-9,,高等,顶级,dǐngjí,形,237
6314,7-9,7-9,,高等,顶尖,dǐngjiān,名、形,237
6315,7-9,7-9,,高等,钉,dìng,动,237
6316,7-9,7-9,,高等,订购,dìnggòu,动,237
6317,7-9,7-9,,高等,定金,dìngjīn,名,237
6318,7-9,7-9,,高等,定居,dìngjū,动,237
6319,7-9,7-9,,高等,订立,dìnglì,动,237
6320,7-9,7-9,,高等,定律,dìnglǜ,名,237
6321,7-9,7-9,,高等,定论,dìnglùn,名,238
6322,7-9,7-9,,高等,定向,dìngxiàng,动,238
6323,7-9,7-9,,高等,定心丸,dìngxīnwán,名,238
6324,7-9,7-9,,高等,订阅,dìngyuè,动,238
6325,7-9,7-9,,高等,定做,dìngzuò,动,238
6326,7-9,7-9,,高等,丢脸,diūliǎn,动,238
6327,7-9,7-9,,高等,丢弃,diūqì,动,238
6328,7-9,7-9,,高等,丢人,diūrén,动,238
6329,7-9,7-9,,高等,丢三落四,diūsān-làsì,,238
6330,7-9,7-9,,高等,东奔西走,dōngbēn-xīzǒu,,238
6331,7-9,7-9,,高等,东道主,dōngdàozhǔ,名,238
6332,7-9,7-9,,高等,东张西望,dōngzhāng-xīwàng,,238
6333,7-9,7-9,,高等,董事,dǒngshì,名,238
6334,7-9,7-9,,高等,懂事,dǒngshì,形,238
6335,7-9,7-9,,高等,董事会,dǒngshìhuì,名,238
6336,7-9,7-9,,高等,董事长,dǒngshìzhǎng,名,238
6337,7-9,7-9,,高等,动不动,dòngbudòng,副,238
6338,7-9,7-9,,高等,动荡,dòngdàng,动、形,238
6339,7-9,7-9,,高等,动感,dònggǎn,名,238
6340,7-9,7-9,,高等,动工,dònggōng,动,238
6341,7-9,7-9,,高等,冻结,dòngjié,动,238
6342,7-9,7-9,,高等,动静,dòngjing,名,238
6343,7-9,7-9,,高等,栋梁,dòngliáng,名,238
6344,7-9,7-9,,高等,动脉,dòngmài,名,238
6345,7-9,7-9,,高等,动身,dòngshēn,动,238
6346,7-9,7-9,,高等,动弹,dòngtan,动,238
6347,7-9,7-9,,高等,动向,dòngxiàng,名,238
6348,7-9,7-9,,高等,洞穴,dòngxué,名,238
6349,7-9,7-9,,高等,动摇,dòngyáo,形、动,238
6350,7-9,7-9,,高等,动用,dòngyòng,动,238
6351,7-9,7-9,,高等,动员,dòngyuán,动,238
6352,7-9,7-9,,高等,兜,dōu,名、动,238
6353,7-9,7-9,,高等,兜售,dōushòu,动,238
6354,7-9,7-9,,高等,抖,dǒu,动,238
6355,7-9,7-9,,高等,陡,dǒu,形,238
6356,7-9,7-9,,高等,陡峭,dǒuqiào,形,238
6357,7-9,7-9,,高等,斗,dòu,动,238
6358,7-9,7-9,,高等,逗留,dòuliú,动,238
6359,7-9,7-9,,高等,斗志,dòuzhì,名,238
6360,7-9,7-9,,高等,豆子,dòuzi,名,238
6361,7-9,7-9,,高等,督促,dūcù,动,239
6362,7-9,7-9,,高等,都会,dūhuì,名,239
6363,7-9,7-9,,高等,独,dú,副,239
6364,7-9,7-9,,高等,独家,dújiā,名,239
6365,7-9,7-9,,高等,毒品,dúpǐn,名,239
6366,7-9,7-9,,高等,独身,dúshēn,动,239
6367,7-9,7-9,,高等,读物,dúwù,名,239
6368,7-9,7-9,,高等,独一无二,dúyī-wú’èr,,239
6369,7-9,7-9,,高等,赌,dǔ,动,239
6370,7-9,7-9,,高等,赌博,dǔbó,动,239
6371,7-9,7-9,,高等,堵塞,dǔsè,动,239
6372,7-9,7-9,,高等,杜绝,dùjué,动,239
6373,7-9,7-9,,高等,端正,duānzhèng,形、动,239
6374,7-9,7-9,,高等,短暂,duǎnzàn,形,239
6375,7-9,7-9,,高等,断定,duàndìng,动,239
6376,7-9,7-9,,高等,断断续续,duànduànxùxù,形,239
6377,7-9,7-9,,高等,断绝,duànjué,动,239
6378,7-9,7-9,,高等,断裂,duànliè,动,239
6379,7-9,7-9,,高等,段落,duànluò,名,239
6380,7-9,7-9,,高等,断然,duànrán,形、副,239
6381,7-9,7-9,,高等,断章取义,duànzhāng-qǔyì,,239
6382,7-9,7-9,,高等,堆积,duījī,动,239
6383,7-9,7-9,,高等,堆砌,duīqì,动,239
6384,7-9,7-9,,高等,兑,duì,动,239
6385,7-9,7-9,,高等,对岸,duì’àn,名,239
6386,7-9,7-9,,高等,对白,duìbái,名,239
6387,7-9,7-9,,高等,对策,duìcè,名,239
6388,7-9,7-9,,高等,对得起,duìdeqǐ,动,239
6389,7-9,7-9,,高等,对付,duìfu,动,239
6390,7-9,7-9,,高等,兑换,duìhuàn,动,239
6391,7-9,7-9,,高等,对联,duìlián,名,239
6392,7-9,7-9,,高等,对流,duìliú,动,239
6393,7-9,7-9,,高等,对牛弹琴,duìniú-tánqín,,239
6394,7-9,7-9,,高等,兑现,duìxiàn,动,239
6395,7-9,7-9,,高等,队形,duìxíng,名,239
6396,7-9,7-9,,高等,对弈,duìyì,动,239
6397,7-9,7-9,,高等,对照,duìzhào,动,239
6398,7-9,7-9,,高等,对症下药,duìzhèng-xiàyào,,239
6399,7-9,7-9,,高等,对峙,duìzhì,动,239
6400,7-9,7-9,,高等,敦促,dūncù,动,239
6401,7-9,7-9,,高等,敦厚,dūnhòu,形,240
6402,7-9,7-9,,高等,炖,dùn,动,240
6403,7-9,7-9,,高等,多年来,duō nián lái,,240
6404,7-9,7-9,,高等,多半,duōbàn,数、副,240
6405,7-9,7-9,,高等,多边,duōbiān,形,240
6406,7-9,7-9,,高等,哆嗦,duōsuo,动,240
6407,7-9,7-9,,高等,多心,duōxīn,动,240
6408,7-9,7-9,,高等,夺冠,duóguàn,动,240
6409,7-9,7-9,,高等,夺魁,duókuí,动,240
6410,7-9,7-9,,高等,堕落,duòluò,动,240
6411,7-9,7-9,,高等,鹅,é,名,240
6412,7-9,7-9,,高等,额度,édù,名,240
6413,7-9,7-9,,高等,额外,éwài,形,240
6414,7-9,7-9,,高等,讹诈,ézhà,动,240
6415,7-9,7-9,,高等,恶,è,形,240
6416,7-9,7-9,,高等,噩耗,èhào,名,240
6417,7-9,7-9,,高等,恶化,èhuà,动,240
6418,7-9,7-9,,高等,恶性,èxìng,形,240
6419,7-9,7-9,,高等,恶意,èyì,名,240
6420,7-9,7-9,,高等,鳄鱼,èyú,名,240
6421,7-9,7-9,,高等,厄运,èyùn,名,240
6422,7-9,7-9,,高等,遏制,èzhì,动,240
6423,7-9,7-9,,高等,恶作剧,èzuòjù,动、名,240
6424,7-9,7-9,,高等,恩爱,ēn’ài,形,240
6425,7-9,7-9,,高等,恩情,ēnqíng,名,240
6426,7-9,7-9,,高等,恩人,ēnrén,名,240
6427,7-9,7-9,,高等,恩怨,ēnyuàn,名,240
6428,7-9,7-9,,高等,而已,éryǐ,助,240
6429,7-9,7-9,,高等,耳光,ěrguāng,名,240
6430,7-9,7-9,,高等,耳目一新,ěrmù-yìxīn,,240
6431,7-9,7-9,,高等,耳熟能详,ěrshú-néngxiáng,,240
6432,7-9,7-9,,高等,发财,fācái,动,240
6433,7-9,7-9,,高等,发呆,fādāi,动,240
6434,7-9,7-9,,高等,发抖,fādǒu,动,240
6435,7-9,7-9,,高等,发火,fāhuǒ,动,240
6436,7-9,7-9,,高等,发酵,fājiào,动,240
6437,7-9,7-9,,高等,发觉,fājué,动,240
6438,7-9,7-9,,高等,发掘,fājué,动,240
6439,7-9,7-9,,高等,发愣,fālèng,动,240
6440,7-9,7-9,,高等,发怒,fānù,动,240
6441,7-9,7-9,,高等,发热,fārè,动,241
6442,7-9,7-9,,高等,发射,fāshè,动,241
6443,7-9,7-9,,高等,发誓,fāshì,动,241
6444,7-9,7-9,,高等,发泄,fāxiè,动,241
6445,7-9,7-9,,高等,发芽,fāyá,动,241
6446,7-9,7-9,,高等,发扬,fāyáng,动,241
6447,7-9,7-9,,高等,发扬光大,fāyáng-guāngdà,,241
6448,7-9,7-9,,高等,发言人,fāyánrén,名,241
6449,7-9,7-9,,高等,发源,fāyuán,动,241
6450,7-9,7-9,,高等,发源地,fāyuándì,名,241
6451,7-9,7-9,,高等,发作,fāzuò,动,241
6452,7-9,7-9,,高等,乏力,fálì,形、动,241
6453,7-9,7-9,,高等,阀门,fámén,名,241
6454,7-9,7-9,,高等,法人,fǎrén,名,241
6455,7-9,7-9,,高等,法庭,fǎtíng,名,241
6456,7-9,7-9,,高等,法则,fǎzé,名,241
6457,7-9,7-9,,高等,法制,fǎzhì,名,241
6458,7-9,7-9,,高等,法治,fǎzhì,名、动,241
6459,7-9,7-9,,高等,发型,fàxíng,名,241
6460,7-9,7-9,,高等,帆,fān,名,241
6461,7-9,7-9,,高等,帆船,fānchuán,名,241
6462,7-9,7-9,,高等,翻番,fānfān,动,241
6463,7-9,7-9,,高等,翻来覆去,fānlái-fùqù,,241
6464,7-9,7-9,,高等,翻身,fānshēn,动,241
6465,7-9,7-9,,高等,翻天覆地,fāntiān-fùdì,,241
6466,7-9,7-9,,高等,翻新,fānxīn,动,241
6467,7-9,7-9,,高等,繁多,fánduō,形,241
6468,7-9,7-9,,高等,繁华,fánhuá,形,241
6469,7-9,7-9,,高等,烦闷,fánmèn,形,241
6470,7-9,7-9,,高等,繁体字,fántǐzì,名,241
6471,7-9,7-9,,高等,繁衍,fányǎn,动,241
6472,7-9,7-9,,高等,繁杂,fánzá,形,241
6473,7-9,7-9,,高等,烦躁,fánzào,形,241
6474,7-9,7-9,,高等,繁重,fánzhòng,形,241
6475,7-9,7-9,,高等,反驳,fǎnbó,动,241
6476,7-9,7-9,,高等,反差,fǎnchā,名,241
6477,7-9,7-9,,高等,反常,fǎncháng,形,241
6478,7-9,7-9,,高等,反倒,fǎndào,副,241
6479,7-9,7-9,,高等,反感,fǎngǎn,名、形,241
6480,7-9,7-9,,高等,返还,fǎnhuán,动,241
6481,7-9,7-9,,高等,反击,fǎnjī,动,242
6482,7-9,7-9,,高等,反抗,fǎnkàng,动,242
6483,7-9,7-9,,高等,反面,fǎnmiàn,名、形,242
6484,7-9,7-9,,高等,反射,fǎnshè,动,242
6485,7-9,7-9,,高等,反弹,fǎntán,动,242
6486,7-9,7-9,,高等,反问,fǎnwèn,动,242
6487,7-9,7-9,,高等,反响,fǎnxiǎng,名,242
6488,7-9,7-9,,高等,反省,fǎnxǐng,动,242
6489,7-9,7-9,,高等,反之,fǎnzhī,连,242
6490,7-9,7-9,,高等,犯愁,fànchóu,动,242
6491,7-9,7-9,,高等,范畴,fànchóu,名,242
6492,7-9,7-9,,高等,犯规,fànguī,动,242
6493,7-9,7-9,,高等,泛滥,fànlàn,动,242
6494,7-9,7-9,,高等,贩卖,fànmài,动,242
6495,7-9,7-9,,高等,饭碗,fànwǎn,名,242
6496,7-9,7-9,,高等,犯罪,fànzuì,动,242
6497,7-9,7-9,,高等,方向盘,fāngxiàngpán,名,242
6498,7-9,7-9,,高等,方圆,fāngyuán,名,242
6499,7-9,7-9,,高等,方针,fāngzhēn,名,242
6500,7-9,7-9,,高等,防盗,fángdào,动,242
6501,7-9,7-9,,高等,房地产,fángdìchǎn,名,242
6502,7-9,7-9,,高等,防范,fángfàn,动,242
6503,7-9,7-9,,高等,防护,fánghù,动,242
6504,7-9,7-9,,高等,防火墙,fánghuǒqiáng,名,242
6505,7-9,7-9,,高等,防守,fángshǒu,动,242
6506,7-9,7-9,,高等,防卫,fángwèi,动,242
6507,7-9,7-9,,高等,防汛,fángxùn,动,242
6508,7-9,7-9,,高等,防疫,fángyì,动,242
6509,7-9,7-9,,高等,防御,fángyù,动,242
6510,7-9,7-9,,高等,仿,fǎng,动,242
6511,7-9,7-9,,高等,仿真,fǎngzhēn,动、形,242
6512,7-9,7-9,,高等,仿制,fǎngzhì,动,242
6513,7-9,7-9,,高等,纺织,fǎngzhī,动,242
6514,7-9,7-9,,高等,放过,fàngguò,动,242
6515,7-9,7-9,,高等,放宽,fàngkuān,动,242
6516,7-9,7-9,,高等,放射,fàngshè,动,242
6517,7-9,7-9,,高等,放水,fàngshuǐ,动,242
6518,7-9,7-9,,高等,放肆,fàngsì,形,242
6519,7-9,7-9,,高等,放映,fàngyìng,动,242
6520,7-9,7-9,,高等,放置,fàngzhì,动,242
6521,7-9,7-9,,高等,放纵,fàngzòng,动、形,243
6522,7-9,7-9,,高等,非,fēi,动、副、前缀,243
6523,7-9,7-9,,高等,飞船,fēichuán,名,243
6524,7-9,7-9,,高等,非但,fēidàn,连,243
6525,7-9,7-9,,高等,非得,fēiděi,副,243
6526,7-9,7-9,,高等,飞碟,fēidié,名,243
6527,7-9,7-9,,高等,非法,fēifǎ,形,243
6528,7-9,7-9,,高等,非凡,fēifán,形,243
6529,7-9,7-9,,高等,飞禽走兽,fēiqín-zǒushòu,,243
6530,7-9,7-9,,高等,绯闻,fēiwén,名,243
6531,7-9,7-9,,高等,飞翔,fēixiáng,动,243
6532,7-9,7-9,,高等,飞跃,fēiyuè,动,243
6533,7-9,7-9,,高等,肥料,féiliào,名,243
6534,7-9,7-9,,高等,肥皂,féizào,名,243
6535,7-9,7-9,,高等,诽谤,fěibàng,动,243
6536,7-9,7-9,,高等,废,fèi,动、形,243
6537,7-9,7-9,,高等,废除,fèichú,动,243
6538,7-9,7-9,,高等,沸沸扬扬,fèifèiyángyáng,,243
6539,7-9,7-9,,高等,废话,fèihuà,名、动,243
6540,7-9,7-9,,高等,费劲,fèijìn,动,243
6541,7-9,7-9,,高等,费力,fèilì,动,243
6542,7-9,7-9,,高等,废品,fèipǐn,名,243
6543,7-9,7-9,,高等,废弃,fèiqì,动,243
6544,7-9,7-9,,高等,废寝忘食,fèiqǐn-wàngshí,,243
6545,7-9,7-9,,高等,沸腾,fèiténg,动,243
6546,7-9,7-9,,高等,废物,fèiwù,名,243
6547,7-9,7-9,,高等,废墟,fèixū,名,243
6548,7-9,7-9,,高等,分辨,fēnbiàn,动,243
6549,7-9,7-9,,高等,分成,fēnchéng,动,243
6550,7-9,7-9,,高等,分寸,fēncun,名,243
6551,7-9,7-9,,高等,分担,fēndān,动,243
6552,7-9,7-9,,高等,分发,fēnfā,动,243
6553,7-9,7-9,,高等,芬芳,fēnfāng,形、名,243
6554,7-9,7-9,,高等,吩咐,fēnfù,动,243
6555,7-9,7-9,,高等,分割,fēngē,动,243
6556,7-9,7-9,,高等,分红,fēnhóng,动,243
6557,7-9,7-9,,高等,分化,fēnhuà,动,243
6558,7-9,7-9,,高等,分解,fēnjiě,动,243
6559,7-9,7-9,,高等,分裂,fēnliè,动,243
6560,7-9,7-9,,高等,分泌,fēnmì,动,243
6561,7-9,7-9,,高等,分明,fēnmíng,形、副,244
6562,7-9,7-9,,高等,分歧,fēnqí,形、名,244
6563,7-9,7-9,,高等,分支,fēnzhī,名,244
6564,7-9,7-9,,高等,坟,fén,名,244
6565,7-9,7-9,,高等,坟墓,fénmù,名,244
6566,7-9,7-9,,高等,焚烧,fénshāo,动,244
6567,7-9,7-9,,高等,粉末,fěnmò,名,244
6568,7-9,7-9,,高等,粉丝1,fěnsī,名,244
6569,7-9,7-9,,高等,粉丝2,fěnsī,名,244
6570,7-9,7-9,,高等,粉碎,fěnsuì,形、动,244
6571,7-9,7-9,,高等,粪,fèn,名,244
6572,7-9,7-9,,高等,粪便,fènbiàn,名,244
6573,7-9,7-9,,高等,份额,fèn’é,名,244
6574,7-9,7-9,,高等,奋力,fènlì,副,244
6575,7-9,7-9,,高等,分量,fènliàng,名,244
6576,7-9,7-9,,高等,分外,fènwài,副、形,244
6577,7-9,7-9,,高等,奋勇,fènyǒng,动,244
6578,7-9,7-9,,高等,疯,fēng,动、形,244
6579,7-9,7-9,,高等,风暴,fēngbào,名,244
6580,7-9,7-9,,高等,风波,fēngbō,名,244
6581,7-9,7-9,,高等,风采,fēngcǎi,名,244
6582,7-9,7-9,,高等,风餐露宿,fēngcān-lùsù,,244
6583,7-9,7-9,,高等,风吹雨打,fēngchuī-yǔdǎ,,244
6584,7-9,7-9,,高等,封顶,fēngdǐng,动,244
6585,7-9,7-9,,高等,风度,fēngdù,名,244
6586,7-9,7-9,,高等,风范,fēngfàn,名,244
6587,7-9,7-9,,高等,风和日丽,fēnghé-rìlì,,244
6588,7-9,7-9,,高等,丰厚,fēnghòu,形,244
6589,7-9,7-9,,高等,峰会,fēnghuì,名,244
6590,7-9,7-9,,高等,峰回路转,fēnghuí-lùzhuǎn,,244
6591,7-9,7-9,,高等,封建,fēngjiàn,名、形,244
6592,7-9,7-9,,高等,风景线,fēngjǐngxiàn,名,244
6593,7-9,7-9,,高等,风浪,fēnglàng,名,244
6594,7-9,7-9,,高等,锋利,fēnglì,形,244
6595,7-9,7-9,,高等,风流,fēngliú,形,244
6596,7-9,7-9,,高等,丰满,fēngmǎn,形,244
6597,7-9,7-9,,高等,风貌,fēngmào,名,244
6598,7-9,7-9,,高等,蜂蜜,fēngmì,名,244
6599,7-9,7-9,,高等,封面,fēngmiàn,名,244
6600,7-9,7-9,,高等,风气,fēngqì,名,244
6601,7-9,7-9,,高等,风情,fēngqíng,名,245
6602,7-9,7-9,,高等,风趣,fēngqù,形,245
6603,7-9,7-9,,高等,风沙,fēngshā,名,245
6604,7-9,7-9,,高等,风尚,fēngshàng,名,245
6605,7-9,7-9,,高等,丰盛,fēngshèng,形,245
6606,7-9,7-9,,高等,风水,fēngshuǐ,名,245
6607,7-9,7-9,,高等,丰硕,fēngshuò,形,245
6608,7-9,7-9,,高等,封锁,fēngsuǒ,动,245
6609,7-9,7-9,,高等,风土人情,fēngtǔ-rénqíng,,245
6610,7-9,7-9,,高等,风味,fēngwèi,名,245
6611,7-9,7-9,,高等,风云,fēngyún,名,245
6612,7-9,7-9,,高等,风雨无阻,fēngyǔ-wúzǔ,,245
6613,7-9,7-9,,高等,风筝,fēngzheng,名,245
6614,7-9,7-9,,高等,疯子,fēngzi,名,245
6615,7-9,7-9,,高等,逢,féng,动,245
6616,7-9,7-9,,高等,缝,féng,动,245
6617,7-9,7-9,,高等,缝合,fénghé,动,245
6618,7-9,7-9,,高等,讽刺,fěngcì,动,245
6619,7-9,7-9,,高等,缝,fèng,名,245
6620,7-9,7-9,,高等,凤凰,fènghuáng,名,245
6621,7-9,7-9,,高等,凤毛麟角,fèngmáo-línjiǎo,,245
6622,7-9,7-9,,高等,佛,fó,名,245
6623,7-9,7-9,,高等,否决,fǒujué,动,245
6624,7-9,7-9,,高等,敷,fū,动,245
6625,7-9,7-9,,高等,孵化,fūhuà,动,245
6626,7-9,7-9,,高等,肤浅,fūqiǎn,形,245
6627,7-9,7-9,,高等,敷衍,fūyǎn,动,245
6628,7-9,7-9,,高等,扶持,fúchí,动,245
6629,7-9,7-9,,高等,浮动,fúdòng,动,245
6630,7-9,7-9,,高等,俘获,fúhuò,动,245
6631,7-9,7-9,,高等,浮力,fúlì,名,245
6632,7-9,7-9,,高等,俘虏,fúlǔ,动、名,245
6633,7-9,7-9,,高等,福气,fúqi,名,245
6634,7-9,7-9,,高等,服气,fúqì,动,245
6635,7-9,7-9,,高等,辐射,fúshè,动,245
6636,7-9,7-9,,高等,服饰,fúshì,名,245
6637,7-9,7-9,,高等,服务器,fúwùqì,名,245
6638,7-9,7-9,,高等,浮现,fúxiàn,动,245
6639,7-9,7-9,,高等,浮躁,fúzào,形,245
6640,7-9,7-9,,高等,腐败,fǔbài,形、动,245
6641,7-9,7-9,,高等,腐烂,fǔlàn,动、形,246
6642,7-9,7-9,,高等,抚摸,fǔmō,动,246
6643,7-9,7-9,,高等,腐蚀,fǔshí,动,246
6644,7-9,7-9,,高等,俯视,fǔshì,动,246
6645,7-9,7-9,,高等,俯首,fǔshǒu,动,246
6646,7-9,7-9,,高等,腐朽,fǔxiǔ,动、形,246
6647,7-9,7-9,,高等,抚恤,fǔxù,动,246
6648,7-9,7-9,,高等,抚养,fǔyǎng,动,246
6649,7-9,7-9,,高等,斧子,fǔzi,名,246
6650,7-9,7-9,,高等,负,fù,动、形,246
6651,7-9,7-9,,高等,附,fù,动,246
6652,7-9,7-9,,高等,赴,fù,动,246
6653,7-9,7-9,,高等,腹,fù,名,246
6654,7-9,7-9,,高等,副本,fùběn,名,246
6655,7-9,7-9,,高等,复查,fùchá,动,246
6656,7-9,7-9,,高等,附带,fùdài,动、副、形,246
6657,7-9,7-9,,高等,复发,fùfā,动,246
6658,7-9,7-9,,高等,富含,fùhán,动,246
6659,7-9,7-9,,高等,富豪,fùháo,名,246
6660,7-9,7-9,,高等,复合,fùhé,动,246
6661,7-9,7-9,,高等,附和,fùhè,动,246
6662,7-9,7-9,,高等,复活,fùhuó,动,246
6663,7-9,7-9,,高等,附加,fùjiā,动,246
6664,7-9,7-9,,高等,富强,fùqiáng,形,246
6665,7-9,7-9,,高等,附属,fùshǔ,形、动,246
6666,7-9,7-9,,高等,复苏,fùsū,动,246
6667,7-9,7-9,,高等,富翁,fùwēng,名,246
6668,7-9,7-9,,高等,腹泻,fùxiè,动,246
6669,7-9,7-9,,高等,复兴,fùxīng,动,246
6670,7-9,7-9,,高等,复原,fùyuán,动,246
6671,7-9,7-9,,高等,负重,fùzhòng,动,246
6672,7-9,7-9,,高等,富足,fùzú,形,246
6673,7-9,7-9,,高等,副作用,fùzuòyòng,名,246
6674,7-9,7-9,,高等,改版,gǎibǎn,动,246
6675,7-9,7-9,,高等,改动,gǎidòng,动,246
6676,7-9,7-9,,高等,改观,gǎiguān,动,246
6677,7-9,7-9,,高等,改良,gǎiliáng,动,246
6678,7-9,7-9,,高等,改日,gǎirì,副,246
6679,7-9,7-9,,高等,改邪归正,gǎixié-guīzhèng,,246
6680,7-9,7-9,,高等,改装,gǎizhuāng,动,246
6681,7-9,7-9,,高等,钙,gài,名,247
6682,7-9,7-9,,高等,概,gài,副,247
6683,7-9,7-9,,高等,概况,gàikuàng,名,247
6684,7-9,7-9,,高等,概论,gàilùn,名,247
6685,7-9,7-9,,高等,干戈,gāngē,名,247
6686,7-9,7-9,,高等,干枯,gānkū,形,247
6687,7-9,7-9,,高等,干涉,gānshè,动,247
6688,7-9,7-9,,高等,甘心,gānxīn,动,247
6689,7-9,7-9,,高等,干预,gānyù,动,247
6690,7-9,7-9,,高等,杆,gǎn,名、量,247
6691,7-9,7-9,,高等,感触,gǎnchù,名,247
6692,7-9,7-9,,高等,感恩,gǎnēn,动,247
6693,7-9,7-9,,高等,赶赴,gǎnfù,动,247
6694,7-9,7-9,,高等,感慨,gǎnkǎi,动,247
6695,7-9,7-9,,高等,感叹,gǎntàn,动,247
6696,7-9,7-9,,高等,感悟,gǎnwù,动,247
6697,7-9,7-9,,高等,感性,gǎnxìng,形,247
6698,7-9,7-9,,高等,干部,gànbù,名,247
6699,7-9,7-9,,高等,干劲,gànjìn,名,247
6700,7-9,7-9,,高等,干事,gànshi,名,247
6701,7-9,7-9,,高等,缸,gāng,名,247
6702,7-9,7-9,,高等,纲领,gānglǐng,名,247
6703,7-9,7-9,,高等,钢铁,gāngtiě,名、形,247
6704,7-9,7-9,,高等,纲要,gāngyào,名,247
6705,7-9,7-9,,高等,港,gǎng,名,247
6706,7-9,7-9,,高等,港湾,gǎngwān,名,247
6707,7-9,7-9,,高等,杠杆,gànggǎn,名,247
6708,7-9,7-9,,高等,高额,gāo’é,形,247
6709,7-9,7-9,,高等,高昂,gāo’áng,动、形,247
6710,7-9,7-9,,高等,高傲,gāo’ào,形,247
6711,7-9,7-9,,高等,高潮,gāocháo,名,247
6712,7-9,7-9,,高等,高调,gāodiào,名、形,247
6713,7-9,7-9,,高等,高贵,gāoguì,形,247
6714,7-9,7-9,,高等,高见,gāojiàn,名,247
6715,7-9,7-9,,高等,高空,gāokōng,名,247
6716,7-9,7-9,,高等,高龄,gāolíng,名、 形,247
6717,7-9,7-9,,高等,高明,gāomíng,形、名,247
6718,7-9,7-9,,高等,高血压,gāoxuèyā,名,247
6719,7-9,7-9,,高等,高雅,gāoyǎ,形,247
6720,7-9,7-9,,高等,高压,gāoyā,名、形,247
6721,7-9,7-9,,高等,高涨,gāozhǎng,动、形,248
6722,7-9,7-9,,高等,搞鬼,gǎoguǐ,动,248
6723,7-9,7-9,,高等,搞笑,gǎoxiào,动、形,248
6724,7-9,7-9,,高等,告,gào,动,248
6725,7-9,7-9,,高等,告辞,gàocí,动,248
6726,7-9,7-9,,高等,告诫,gàojiè,动,248
6727,7-9,7-9,,高等,告示,gàoshi,名,248
6728,7-9,7-9,,高等,告知,gàozhī,动,248
6729,7-9,7-9,,高等,告状,gàozhuàng,动,248
6730,7-9,7-9,,高等,搁,gē,动,248
6731,7-9,7-9,,高等,戈壁,gēbì,名,248
6732,7-9,7-9,,高等,疙瘩,gēda,名,248
6733,7-9,7-9,,高等,歌剧,gējù,名,248
6734,7-9,7-9,,高等,搁浅,gēqiǎn,动,248
6735,7-9,7-9,,高等,歌颂,gēsòng,动,248
6736,7-9,7-9,,高等,歌舞,gēwǔ,名,248
6737,7-9,7-9,,高等,歌谣,gēyáo,名,248
6738,7-9,7-9,,高等,搁置,gēzhì,动,248
6739,7-9,7-9,,高等,鸽子,gēzi,名,248
6740,7-9,7-9,,高等,格格不入,gégé-búrù,,248
6741,7-9,7-9,,高等,隔阂,géhé,名,248
6742,7-9,7-9,,高等,格局,géjú,名,248
6743,7-9,7-9,,高等,隔离,gélí,动,248
6744,7-9,7-9,,高等,阁楼,gélóu,名,248
6745,7-9,7-9,,高等,格式,géshi,名,248
6746,7-9,7-9,,高等,革新,géxīn,动,248
6747,7-9,7-9,,高等,格子,gézi,名,248
6748,7-9,7-9,,高等,个案,gè’àn,名,248
6749,7-9,7-9,,高等,各抒己见,gèshū-jǐjiàn,,248
6750,7-9,7-9,,高等,个头儿,gètóur,名,248
6751,7-9,7-9,,高等,根基,gēnjī,名,248
6752,7-9,7-9,,高等,跟进,gēnjìn,动,248
6753,7-9,7-9,,高等,根深蒂固,gēnshēn-dìgù,,248
6754,7-9,7-9,,高等,根源,gēnyuán,名、动,248
6755,7-9,7-9,,高等,根治,gēnzhì,动,248
6756,7-9,7-9,,高等,耕,gēng,动,248
6757,7-9,7-9,,高等,耕地,gēngdì,动、名,248
6758,7-9,7-9,,高等,更改,gēnggǎi,动,248
6759,7-9,7-9,,高等,更衣室,gēngyīshì,名,248
6760,7-9,7-9,,高等,耕耘,gēngyún,动,248
6761,7-9,7-9,,高等,更正,gēngzhèng,动,249
6762,7-9,7-9,,高等,哽咽,gěngyè,动,249
6763,7-9,7-9,,高等,耿直,gěngzhí,形,249
6764,7-9,7-9,,高等,弓,gōng,名、动,249
6765,7-9,7-9,,高等,功,gōng,名,249
6766,7-9,7-9,,高等,攻,gōng,动,249
6767,7-9,7-9,,高等,供,gōng,动,249
6768,7-9,7-9,,高等,公办,gōngbàn,形,249
6769,7-9,7-9,,高等,供不应求,gōngbúyìngqiú,,249
6770,7-9,7-9,,高等,功臣,gōngchén,名,249
6771,7-9,7-9,,高等,公道,gōngdao,形,249
6772,7-9,7-9,,高等,功底,gōngdǐ,名,249
6773,7-9,7-9,,高等,宫殿,gōngdiàn,名,249
6774,7-9,7-9,,高等,攻读,gōngdú,动,249
6775,7-9,7-9,,高等,公费,gōngfèi,名,249
6776,7-9,7-9,,高等,公关,gōngguān,名,249
6777,7-9,7-9,,高等,攻关,gōngguān,动,249
6778,7-9,7-9,,高等,工会,gōnghuì,名,249
6779,7-9,7-9,,高等,工匠,gōngjiàng,名,249
6780,7-9,7-9,,高等,恭敬,gōngjìng,形,249
6781,7-9,7-9,,高等,攻克,gōngkè,动,249
6782,7-9,7-9,,高等,工科,gōngkē,名,249
6783,7-9,7-9,,高等,公款,gōngkuǎn,名,249
6784,7-9,7-9,,高等,功劳,gōngláo,名,249
6785,7-9,7-9,,高等,公立,gōnglì,形,249
6786,7-9,7-9,,高等,功力,gōnglì,名,249
6787,7-9,7-9,,高等,功利,gōnglì,名,249
6788,7-9,7-9,,高等,功率,gōnglǜ,名,249
6789,7-9,7-9,,高等,公墓,gōngmù,名,249
6790,7-9,7-9,,高等,供暖,gōngnuǎn,动,249
6791,7-9,7-9,,高等,公仆,gōngpú,名,249
6792,7-9,7-9,,高等,公顷,gōngqǐng,量,249
6793,7-9,7-9,,高等,供求,gōngqiú,名,249
6794,7-9,7-9,,高等,公然,gōngrán,副,249
6795,7-9,7-9,,高等,公示,gōngshì,动,249
6796,7-9,7-9,,高等,公式,gōngshì,名,249
6797,7-9,7-9,,高等,公事,gōngshì,名,249
6798,7-9,7-9,,高等,攻势,gōngshì,名,249
6799,7-9,7-9,,高等,宫廷,gōngtíng,名,249
6800,7-9,7-9,,高等,恭维,gōngwéi,动,249
6801,7-9,7-9,,高等,公务,gōngwù,名,250
6802,7-9,7-9,,高等,供需,gōngxū,名,250
6803,7-9,7-9,,高等,供养,gōngyǎng,动,250
6804,7-9,7-9,,高等,供应链,gōngyìngliàn,名,250
6805,7-9,7-9,,高等,公用,gōngyòng,动,250
6806,7-9,7-9,,高等,公约,gōngyuē,名,250
6807,7-9,7-9,,高等,公证,gōngzhèng,动,250
6808,7-9,7-9,,高等,工整,gōngzhěng,形,250
6809,7-9,7-9,,高等,公职,gōngzhí,名,250
6810,7-9,7-9,,高等,拱,gǒng,动,250
6811,7-9,7-9,,高等,供奉,gòngfèng,动、名,250
6812,7-9,7-9,,高等,共和国,gònghéguó,名,250
6813,7-9,7-9,,高等,共鸣,gòngmíng,动,250
6814,7-9,7-9,,高等,共识,gòngshí,名,250
6815,7-9,7-9,,高等,共同体,gòngtóngtǐ,名,250
6816,7-9,7-9,,高等,共性,gòngxìng,名,250
6817,7-9,7-9,,高等,勾,gōu,动,250
6818,7-9,7-9,,高等,钩,gōu,名、动,250
6819,7-9,7-9,,高等,勾结,gōujié,动,250
6820,7-9,7-9,,高等,勾勒,gōulè,动,250
6821,7-9,7-9,,高等,构建,gòujiàn,动,250
6822,7-9,7-9,,高等,够呛,gòuqiàng,形,250
6823,7-9,7-9,,高等,构思,gòusī,动,250
6824,7-9,7-9,,高等,构想,gòuxiǎng,动、名,250
6825,7-9,7-9,,高等,孤单,gūdān,形,250
6826,7-9,7-9,,高等,孤儿,gū’ér,名,250
6827,7-9,7-9,,高等,辜负,gūfù,动,250
6828,7-9,7-9,,高等,孤立,gūlì,形、动,250
6829,7-9,7-9,,高等,孤零零,gūlínglíng,形,250
6830,7-9,7-9,,高等,孤陋寡闻,gūlòu-guǎwén,,250
6831,7-9,7-9,,高等,姑且,gūqiě,副,250
6832,7-9,7-9,,高等,估算,gūsuàn,动,250
6833,7-9,7-9,,高等,股,gǔ,量,250
6834,7-9,7-9,,高等,鼓动,gǔdòng,动,250
6835,7-9,7-9,,高等,古董,gǔdǒng,名,250
6836,7-9,7-9,,高等,股东,gǔdōng,名,250
6837,7-9,7-9,,高等,股份,gǔfèn,名,250
6838,7-9,7-9,,高等,骨干,gǔgàn,名,250
6839,7-9,7-9,,高等,骨骼,gǔgé,名,250
6840,7-9,7-9,,高等,古怪,gǔguài,形,250
6841,7-9,7-9,,高等,古籍,gǔjí,名,251
6842,7-9,7-9,,高等,骨架,gǔjià,名,251
6843,7-9,7-9,,高等,古今中外,gǔjīn-zhōngwài,,251
6844,7-9,7-9,,高等,股民,gǔmín,名,251
6845,7-9,7-9,,高等,古朴,gǔpǔ,形,251
6846,7-9,7-9,,高等,骨气,gǔqì,名,251
6847,7-9,7-9,,高等,谷物,gǔwù,名,251
6848,7-9,7-9,,高等,骨折,gǔzhé,动,251
6849,7-9,7-9,,高等,故,gù,副、连,251
6850,7-9,7-9,,高等,雇,gù,动,251
6851,7-9,7-9,,高等,固化,gùhuà,动,251
6852,7-9,7-9,,高等,顾及,gùjí,动,251
6853,7-9,7-9,,高等,顾虑,gùlǜ,动、名,251
6854,7-9,7-9,,高等,顾名思义,gùmíng-sīyì,,251
6855,7-9,7-9,,高等,顾全大局,gùquán-dàjú,,251
6856,7-9,7-9,,高等,固然,gùrán,连,251
6857,7-9,7-9,,高等,雇佣,gùyōng,动,251
6858,7-9,7-9,,高等,固有,gùyǒu,形,251
6859,7-9,7-9,,高等,雇员,gùyuán,名,251
6860,7-9,7-9,,高等,固执,gùzhi,形,251
6861,7-9,7-9,,高等,雇主,gùzhǔ,名,251
6862,7-9,7-9,,高等,瓜分,guāfēn,动,251
6863,7-9,7-9,,高等,刮目相看,guāmù-xiāngkàn,,251
6864,7-9,7-9,,高等,瓜子,guāzǐ,名,251
6865,7-9,7-9,,高等,寡妇,guǎfu,名,251
6866,7-9,7-9,,高等,挂钩,guàgōu,动、名,251
6867,7-9,7-9,,高等,挂念,guàniàn,动,251
6868,7-9,7-9,,高等,挂失,guàshī,动,251
6869,7-9,7-9,,高等,乖,guāi,形,251
6870,7-9,7-9,,高等,乖巧,guāiqiǎo,形,251
6871,7-9,7-9,,高等,拐杖,guǎizhàng,名,251
6872,7-9,7-9,,高等,怪不得,guàibude,动、副,251
6873,7-9,7-9,,高等,怪物,guàiwu,名,251
6874,7-9,7-9,,高等,怪异,guàiyì,形、名,251
6875,7-9,7-9,,高等,官兵,guānbīng,名,251
6876,7-9,7-9,,高等,棺材,guāncai,名,251
6877,7-9,7-9,,高等,观测,guāncè,动,251
6878,7-9,7-9,,高等,观感,guāngǎn,名,251
6879,7-9,7-9,,高等,关节,guānjié,名,251
6880,7-9,7-9,,高等,官吏,guānlì,名,251
6881,7-9,7-9,,高等,官僚,guānliáo,名,252
6882,7-9,7-9,,高等,观摩,guānmó,动,252
6883,7-9,7-9,,高等,关切,guānqiè,动,252
6884,7-9,7-9,,高等,关税,guānshuì,名,252
6885,7-9,7-9,,高等,官司,guānsi,名,252
6886,7-9,7-9,,高等,关头,guāntóu,名,252
6887,7-9,7-9,,高等,观望,guānwàng,动,252
6888,7-9,7-9,,高等,关照,guānzhào,动,252
6889,7-9,7-9,,高等,管家,guǎnjiā,名,252
6890,7-9,7-9,,高等,管教,guǎnjiào,动、名,252
6891,7-9,7-9,,高等,管辖,guǎnxiá,动,252
6892,7-9,7-9,,高等,管用,guǎnyòng,形,252
6893,7-9,7-9,,高等,惯,guàn,动,252
6894,7-9,7-9,,高等,灌,guàn,动,252
6895,7-9,7-9,,高等,贯彻,guànchè,动,252
6896,7-9,7-9,,高等,贯穿,guànchuān,动,252
6897,7-9,7-9,,高等,灌溉,guàngài,动,252
6898,7-9,7-9,,高等,惯例,guànlì,名,252
6899,7-9,7-9,,高等,灌输,guànshū,动,252
6900,7-9,7-9,,高等,贯通,guàntōng,动,252
6901,7-9,7-9,,高等,罐头,guàntou,名,252
6902,7-9,7-9,,高等,惯性,guànxìng,名,252
6903,7-9,7-9,,高等,光彩,guāngcǎi,名、形,252
6904,7-9,7-9,,高等,光顾,guānggù,动,252
6905,7-9,7-9,,高等,光滑,guānghuá,形,252
6906,7-9,7-9,,高等,光环,guānghuán,名,252
6907,7-9,7-9,,高等,光辉,guānghuī,名、形,252
6908,7-9,7-9,,高等,光缆,guānglǎn,名,252
6909,7-9,7-9,,高等,光芒,guāngmáng,名,252
6910,7-9,7-9,,高等,光明磊落,guāngmíng-lěiluò,,252
6911,7-9,7-9,,高等,光盘,guāngpán,名,252
6912,7-9,7-9,,高等,光荣,guāngróng,形、名,252
6913,7-9,7-9,,高等,光泽,guāngzé,名,252
6914,7-9,7-9,,高等,广义,guǎngyì,名,252
6915,7-9,7-9,,高等,龟,guī,名,252
6916,7-9,7-9,,高等,瑰宝,guībǎo,名,252
6917,7-9,7-9,,高等,规格,guīgé,名,252
6918,7-9,7-9,,高等,归根到底,guīgēn-dàodǐ,,252
6919,7-9,7-9,,高等,归结,guījié,动,252
6920,7-9,7-9,,高等,归来,guīlái,动,252
6921,7-9,7-9,,高等,归纳,guīnà,动,253
6922,7-9,7-9,,高等,闺女,guīnü,名,253
6923,7-9,7-9,,高等,归属,guīshǔ,动,253
6924,7-9,7-9,,高等,归宿,guīsù,名,253
6925,7-9,7-9,,高等,归于,guīyú,动,253
6926,7-9,7-9,,高等,规章,guīzhāng,名,253
6927,7-9,7-9,,高等,鬼,guǐ,名、形,253
6928,7-9,7-9,,高等,轨迹,guǐjì,名,253
6929,7-9,7-9,,高等,诡计,guǐjì,名,253
6930,7-9,7-9,,高等,贵宾,guìbīn,名,253
6931,7-9,7-9,,高等,桂花,guìhuā,名,253
6932,7-9,7-9,,高等,柜台,guìtái,名,253
6933,7-9,7-9,,高等,贵族,guìzú,名,253
6934,7-9,7-9,,高等,滚动,gǔndòng,动,253
6935,7-9,7-9,,高等,国防,guófáng,名,253
6936,7-9,7-9,,高等,国徽,guóhuī,名,253
6937,7-9,7-9,,高等,国民,guómín,名,253
6938,7-9,7-9,,高等,国土,guótǔ,名,253
6939,7-9,7-9,,高等,国务院,guówùyuàn,名,253
6940,7-9,7-9,,高等,国学,guóxué,名,253
6941,7-9,7-9,,高等,国有,guóyǒu,动,253
6942,7-9,7-9,,高等,裹,guǒ,动,253
6943,7-9,7-9,,高等,果断,guǒduàn,形,253
6944,7-9,7-9,,高等,果真,guǒzhēn,副、连,253
6945,7-9,7-9,,高等,过意不去,guò yì bú qù,,253
6946,7-9,7-9,,高等,过半,guòbàn,动,253
6947,7-9,7-9,,高等,过不去,guòbuqù,动,253
6948,7-9,7-9,,高等,过错,guòcuò,名,253
6949,7-9,7-9,,高等,过道,guòdào,名,253
6950,7-9,7-9,,高等,过关,guòguān,动,253
6951,7-9,7-9,,高等,过奖,guòjiǎng,动,253
6952,7-9,7-9,,高等,过境,guòjìng,动,253
6953,7-9,7-9,,高等,过量,guòliàng,动,253
6954,7-9,7-9,,高等,过滤,guòlǜ,动,253
6955,7-9,7-9,,高等,过剩,guòshèng,动,253
6956,7-9,7-9,,高等,过失,guòshī,名,253
6957,7-9,7-9,,高等,过头,guòtóu,形,253
6958,7-9,7-9,,高等,过往,guòwǎng,动、名,253
6959,7-9,7-9,,高等,过问,guòwèn,动,253
6960,7-9,7-9,,高等,过瘾,guòyǐn,形,253
6961,7-9,7-9,,高等,过硬,guòyìng,形,254
6962,7-9,7-9,,高等,海报,hǎibào,名,254
6963,7-9,7-9,,高等,海滨,hǎibīn,名,254
6964,7-9,7-9,,高等,海盗,hǎidào,名,254
6965,7-9,7-9,,高等,海军,hǎijūn,名,254
6966,7-9,7-9,,高等,海量,hǎiliàng,名、形,254
6967,7-9,7-9,,高等,海绵,hǎimián,名,254
6968,7-9,7-9,,高等,海滩,hǎitān,名,254
6969,7-9,7-9,,高等,海豚,hǎitún,名,254
6970,7-9,7-9,,高等,海湾,hǎiwān,名,254
6971,7-9,7-9,,高等,海峡,hǎixiá,名,254
6972,7-9,7-9,,高等,海啸,hǎixiào,名,254
6973,7-9,7-9,,高等,海运,hǎiyùn,动,254
6974,7-9,7-9,,高等,海藻,hǎizǎo,名,254
6975,7-9,7-9,,高等,害虫,hàichóng,名,254
6976,7-9,7-9,,高等,骇人听闻,hàiréntīngwén,,254
6977,7-9,7-9,,高等,酣畅,hānchàng,形,254
6978,7-9,7-9,,高等,憨厚,hānhòu,形,254
6979,7-9,7-9,,高等,酣睡,hānshuì,动,254
6980,7-9,7-9,,高等,函,hán,名,254
6981,7-9,7-9,,高等,寒带,hándài,名,254
6982,7-9,7-9,,高等,涵盖,hángài,动,254
6983,7-9,7-9,,高等,含糊,hánhu,形,254
6984,7-9,7-9,,高等,含蓄,hánxù,动、形,254
6985,7-9,7-9,,高等,寒暄,hánxuān,动,254
6986,7-9,7-9,,高等,汉服,Hànfú,名,254
6987,7-9,7-9,,高等,汗马功劳,hànmǎ-gōngláo,,254
6988,7-9,7-9,,高等,捍卫,hànwèi,动,254
6989,7-9,7-9,,高等,夯实,hāngshí,动,254
6990,7-9,7-9,,高等,航海,hánghǎi,动,254
6991,7-9,7-9,,高等,行家,hángjia,名,254
6992,7-9,7-9,,高等,行列,hángliè,名,254
6993,7-9,7-9,,高等,行情,hángqíng,名,254
6994,7-9,7-9,,高等,航天,hángtiān,动,254
6995,7-9,7-9,,高等,航天员,hángtiānyuán,名,254
6996,7-9,7-9,,高等,航行,hángxíng,动,254
6997,7-9,7-9,,高等,航运,hángyùn,名,254
6998,7-9,7-9,,高等,豪华,háohuá,形,254
6999,7-9,7-9,,高等,豪迈,háomài,形,254
7000,7-9,7-9,,高等,好比,hǎobǐ,动,254
7001,7-9,7-9,,高等,好歹,hǎodǎi,名、副,255
7002,7-9,7-9,,高等,好受,hǎoshòu,形,255
7003,7-9,7-9,,高等,好说,hǎoshuō,动,255
7004,7-9,7-9,,高等,好似,hǎosì,动,255
7005,7-9,7-9,,高等,好心,hǎoxīn,名,255
7006,7-9,7-9,,高等,好意,hǎoyì,名,255
7007,7-9,7-9,,高等,好在,hǎozài,副,255
7008,7-9,7-9,,高等,耗,hào,动,255
7009,7-9,7-9,,高等,号称,hàochēng,动,255
7010,7-9,7-9,,高等,耗费,hàofèi,动,255
7011,7-9,7-9,,高等,浩瀚,hàohàn,形,255
7012,7-9,7-9,,高等,浩劫,hàojié,名,255
7013,7-9,7-9,,高等,好胜,hàoshèng,形,255
7014,7-9,7-9,,高等,耗时,hàoshí,动,255
7015,7-9,7-9,,高等,呵,hē,动,255
7016,7-9,7-9,,高等,呵护,hēhù,动,255
7017,7-9,7-9,,高等,何,hé,代,255
7018,7-9,7-9,,高等,和2,hé,形,255
7019,7-9,7-9,,高等,核,hé,名,255
7020,7-9,7-9,,高等,和蔼,hé’ǎi,形,255
7021,7-9,7-9,,高等,何必,hébì,副,255
7022,7-9,7-9,,高等,核查,héchá,动,255
7023,7-9,7-9,,高等,合唱,héchàng,动,255
7024,7-9,7-9,,高等,何等,héděng,代、副,255
7025,7-9,7-9,,高等,核电站,hédiànzhàn,名,255
7026,7-9,7-9,,高等,核对,héduì,动,255
7027,7-9,7-9,,高等,和好,héhǎo,形、动,255
7028,7-9,7-9,,高等,合乎,héhū,动,255
7029,7-9,7-9,,高等,荷花,héhuā,名,255
7030,7-9,7-9,,高等,合伙,héhuǒ,动,255
7031,7-9,7-9,,高等,合计,héjì,动,255
7032,7-9,7-9,,高等,和解,héjiě,动,255
7033,7-9,7-9,,高等,何苦,hékǔ,副,255
7034,7-9,7-9,,高等,何况,hékuàng,连,255
7035,7-9,7-9,,高等,禾苗,hémiáo,名,255
7036,7-9,7-9,,高等,和睦,hémù,形,255
7037,7-9,7-9,,高等,核能,hénéng,名,255
7038,7-9,7-9,,高等,河畔,hépàn,名,255
7039,7-9,7-9,,高等,和平共处,hépíng gòngchǔ,,255
7040,7-9,7-9,,高等,和气,héqi,形、名,255
7041,7-9,7-9,,高等,和尚,héshang,名,256
7042,7-9,7-9,,高等,核实,héshí,动,256
7043,7-9,7-9,,高等,核桃,hétao,名,256
7044,7-9,7-9,,高等,核武器,héwǔqì,名,256
7045,7-9,7-9,,高等,合约,héyuē,名,256
7046,7-9,7-9,,高等,何止,hézhǐ,动,256
7047,7-9,7-9,,高等,合资,hézī,动,256
7048,7-9,7-9,,高等,喝彩,hècǎi,动,256
7049,7-9,7-9,,高等,贺电,hèdiàn,名,256
7050,7-9,7-9,,高等,鹤立鸡群,hèlìjīqún,,256
7051,7-9,7-9,,高等,赫然,hèrán,形,256
7052,7-9,7-9,,高等,贺信,hèxìn,名,256
7053,7-9,7-9,,高等,黑客,hēikè,名,256
7054,7-9,7-9,,高等,黑马,hēimǎ,名,256
7055,7-9,7-9,,高等,黑名单,hēimíngdān,名,256
7056,7-9,7-9,,高等,恨不得,hènbude,动,256
7057,7-9,7-9,,高等,哼,hēng,动,256
7058,7-9,7-9,,高等,横,héng,形,256
7059,7-9,7-9,,高等,横向,héngxiàng,形,256
7060,7-9,7-9,,高等,恒星,héngxīng,名,256
7061,7-9,7-9,,高等,轰,hōng,拟声、动,256
7062,7-9,7-9,,高等,烘,hōng,动,256
7063,7-9,7-9,,高等,烘焙,hōngbèi,动,256
7064,7-9,7-9,,高等,轰动,hōngdòng,动,256
7065,7-9,7-9,,高等,烘干,hōnggān,动,256
7066,7-9,7-9,,高等,哄堂大笑,hōngtáng-dàxiào,,256
7067,7-9,7-9,,高等,烘托,hōngtuō,动,256
7068,7-9,7-9,,高等,轰炸,hōngzhà,动,256
7069,7-9,7-9,,高等,宏观,hóngguān,形,256
7070,7-9,7-9,,高等,红火,hónghuo,形,256
7071,7-9,7-9,,高等,红利,hónglì,名,256
7072,7-9,7-9,,高等,洪亮,hóngliàng,形,256
7073,7-9,7-9,,高等,红扑扑,hóngpūpū,形,256
7074,7-9,7-9,,高等,红润,hóngrùn,形,256
7075,7-9,7-9,,高等,红薯,hóngshǔ,名,256
7076,7-9,7-9,,高等,宏伟,hóngwěi,形,256
7077,7-9,7-9,,高等,弘扬,hóngyáng,动,256
7078,7-9,7-9,,高等,哄,hǒng,动,256
7079,7-9,7-9,,高等,喉咙,hóulóng,名,256
7080,7-9,7-9,,高等,吼,hǒu,动,256
7081,7-9,7-9,,高等,后备,hòubèi,形、名,257
7082,7-9,7-9,,高等,后备箱,hòubèixiāng,名,257
7083,7-9,7-9,,高等,厚道,hòudao,形,257
7084,7-9,7-9,,高等,后盾,hòudùn,名,257
7085,7-9,7-9,,高等,后顾之忧,hòugùzhīyōu,,257
7086,7-9,7-9,,高等,后勤,hòuqín,名,257
7087,7-9,7-9,,高等,后世,hòushì,名,257
7088,7-9,7-9,,高等,后台,hòutái,名,257
7089,7-9,7-9,,高等,后续,hòuxù,形,257
7090,7-9,7-9,,高等,候选人,hòuxuǎnrén,名,257
7091,7-9,7-9,,高等,后裔,hòuyì,名,257
7092,7-9,7-9,,高等,后遗症,hòuyízhèng,名,257
7093,7-9,7-9,,高等,呼,hū,动,257
7094,7-9,7-9,,高等,呼唤,hūhuàn,动,257
7095,7-9,7-9,,高等,呼救,hūjiù,动,257
7096,7-9,7-9,,高等,忽冷忽热,hūlěng-hūrè,,257
7097,7-9,7-9,,高等,呼声,hūshēng,名,257
7098,7-9,7-9,,高等,呼啸,hūxiào,动,257
7099,7-9,7-9,,高等,呼应,hūyìng,动,257
7100,7-9,7-9,,高等,忽悠,hūyou,动,257
7101,7-9,7-9,,高等,呼吁,hūyù,动,257
7102,7-9,7-9,,高等,糊,hú,动,257
7103,7-9,7-9,,高等,狐狸,húli,名,257
7104,7-9,7-9,,高等,胡乱,húluàn,副,257
7105,7-9,7-9,,高等,胡闹,húnào,动,257
7106,7-9,7-9,,高等,湖泊,húpō,名,257
7107,7-9,7-9,,高等,胡说,húshuō,动,257
7108,7-9,7-9,,高等,胡思乱想,húsī-luànxiǎng,,257
7109,7-9,7-9,,高等,糊涂,hútu,形,257
7110,7-9,7-9,,高等,护,hù,动,257
7111,7-9,7-9,,高等,互补,hùbǔ,动,257
7112,7-9,7-9,,高等,护理,hùlǐ,动,257
7113,7-9,7-9,,高等,花瓣,huābàn,名,257
7114,7-9,7-9,,高等,花卉,huāhuì,名,257
7115,7-9,7-9,,高等,花蕾,huālěi,名,257
7116,7-9,7-9,,高等,花纹,huāwén,名,257
7117,7-9,7-9,,高等,花样,huāyàng,名,257
7118,7-9,7-9,,高等,划不来,huábulái,形,257
7119,7-9,7-9,,高等,划得来,huádelái,形,257
7120,7-9,7-9,,高等,滑稽,huájī,形,257
7121,7-9,7-9,,高等,华丽,huálì,形,258
7122,7-9,7-9,,高等,华侨,huáqiáo,名,258
7123,7-9,7-9,,高等,哗然,huárán,形,258
7124,7-9,7-9,,高等,华人,huárén,名,258
7125,7-9,7-9,,高等,划算,huásuàn,动、形,258
7126,7-9,7-9,,高等,滑梯,huátī,名,258
7127,7-9,7-9,,高等,华裔,huáyì,名,258
7128,7-9,7-9,,高等,画册,huàcè,名,258
7129,7-9,7-9,,高等,化肥,huàféi,名,258
7130,7-9,7-9,,高等,化解,huàjiě,动,258
7131,7-9,7-9,,高等,画龙点睛,huàlóng-diǎnjīng,,258
7132,7-9,7-9,,高等,化身,huàshēn,名,258
7133,7-9,7-9,,高等,画蛇添足,huàshé-tiānzú,,258
7134,7-9,7-9,,高等,划时代,huàshídài,形,258
7135,7-9,7-9,,高等,化险为夷,huàxiǎnwéiyí,,258
7136,7-9,7-9,,高等,化验,huàyàn,动,258
7137,7-9,7-9,,高等,话语,huàyǔ,名,258
7138,7-9,7-9,,高等,怀抱,huáibào,动、名,258
7139,7-9,7-9,,高等,怀旧,huáijiù,动,258
7140,7-9,7-9,,高等,槐树,huáishù,名,258
7141,7-9,7-9,,高等,欢呼,huānhū,动,258
7142,7-9,7-9,,高等,欢聚,huānjù,动,258
7143,7-9,7-9,,高等,欢快,huānkuài,形,258
7144,7-9,7-9,,高等,欢声笑语,huānshēng-xiàoyǔ,,258
7145,7-9,7-9,,高等,环比,huánbǐ,动,258
7146,7-9,7-9,,高等,环球,huánqiú,动,258
7147,7-9,7-9,,高等,环绕,huánrào,动,258
7148,7-9,7-9,,高等,缓,huǎn,动,258
7149,7-9,7-9,,高等,缓和,huǎnhé,形、动,258
7150,7-9,7-9,,高等,焕发,huànfā,动,258
7151,7-9,7-9,,高等,幻觉,huànjué,名,258
7152,7-9,7-9,,高等,唤起,huànqǐ,动,258
7153,7-9,7-9,,高等,换取,huànqǔ,动,258
7154,7-9,7-9,,高等,焕然一新,huànrán-yìxīn,,258
7155,7-9,7-9,,高等,唤醒,huànxǐng,动,258
7156,7-9,7-9,,高等,幻影,huànyǐng,名,258
7157,7-9,7-9,,高等,荒,huāng,动,258
7158,7-9,7-9,,高等,慌,huāng,形,258
7159,7-9,7-9,,高等,荒诞,huāngdàn,形,258
7160,7-9,7-9,,高等,荒凉,huāngliáng,形,258
7161,7-9,7-9,,高等,慌乱,huāngluàn,形,259
7162,7-9,7-9,,高等,慌忙,huāngmáng,形,259
7163,7-9,7-9,,高等,荒谬,huāngmiù,形,259
7164,7-9,7-9,,高等,荒唐,huāngtáng,形,259
7165,7-9,7-9,,高等,慌张,huāngzhāng,形,259
7166,7-9,7-9,,高等,皇宫,huánggōng,名,259
7167,7-9,7-9,,高等,皇后,huánghòu,名,259
7168,7-9,7-9,,高等,黄昏,huánghūn,名,259
7169,7-9,7-9,,高等,皇上,huángshang,名,259
7170,7-9,7-9,,高等,皇室,huángshì,名,259
7171,7-9,7-9,,高等,晃,huǎng,动,259
7172,7-9,7-9,,高等,谎话,huǎnghuà,名,259
7173,7-9,7-9,,高等,恍然大悟,huǎngrán-dàwù,,259
7174,7-9,7-9,,高等,谎言,huǎngyán,名,259
7175,7-9,7-9,,高等,晃,huàng,动,259
7176,7-9,7-9,,高等,晃荡,huàngdang,动,259
7177,7-9,7-9,,高等,辉煌,huīhuáng,形,259
7178,7-9,7-9,,高等,挥霍,huīhuò,动,259
7179,7-9,7-9,,高等,挥舞,huīwǔ,动,259
7180,7-9,7-9,,高等,回避,huíbì,动,259
7181,7-9,7-9,,高等,回归,huíguī,动,259
7182,7-9,7-9,,高等,回合,huíhé,名,259
7183,7-9,7-9,,高等,回馈,huíkuì,动,259
7184,7-9,7-9,,高等,回落,huíluò,动,259
7185,7-9,7-9,,高等,回升,huíshēng,动,259
7186,7-9,7-9,,高等,回首,huíshǒu,动,259
7187,7-9,7-9,,高等,回味,huíwèi,名、动,259
7188,7-9,7-9,,高等,回想,huíxiǎng,动,259
7189,7-9,7-9,,高等,回忆录,huíyìlù,名,259
7190,7-9,7-9,,高等,回应,huíyìng,动,259
7191,7-9,7-9,,高等,毁,huǐ,动,259
7192,7-9,7-9,,高等,悔恨,huǐhèn,动,259
7193,7-9,7-9,,高等,毁坏,huǐhuài,动,259
7194,7-9,7-9,,高等,毁灭,huǐmiè,动,259
7195,7-9,7-9,,高等,会场,huìchǎng,名,259
7196,7-9,7-9,,高等,汇合,huìhé,动,259
7197,7-9,7-9,,高等,汇集,huìjí,动,259
7198,7-9,7-9,,高等,汇聚,huìjù,动,259
7199,7-9,7-9,,高等,贿赂,huìlù,动、名,259
7200,7-9,7-9,,高等,会面,huìmiàn,动,259
7201,7-9,7-9,,高等,绘声绘色,huìshēng-huìsè,,260
7202,7-9,7-9,,高等,会谈,huìtán,动,260
7203,7-9,7-9,,高等,会晤,huìwù,动,260
7204,7-9,7-9,,高等,会意,huìyì,动,260
7205,7-9,7-9,,高等,会诊,huìzhěn,动,260
7206,7-9,7-9,,高等,绘制,huìzhì,动,260
7207,7-9,7-9,,高等,昏,hūn,动,260
7208,7-9,7-9,,高等,荤,hūn,名,260
7209,7-9,7-9,,高等,昏迷,hūnmí,动,260
7210,7-9,7-9,,高等,婚纱,hūnshā,名,260
7211,7-9,7-9,,高等,浑身,húnshēn,名,260
7212,7-9,7-9,,高等,混淆,hùnxiáo,动,260
7213,7-9,7-9,,高等,混浊,hùnzhuó,形,260
7214,7-9,7-9,,高等,豁,huō,动,260
7215,7-9,7-9,,高等,豁出去,huōchuqu,动,260
7216,7-9,7-9,,高等,活该,huógāi,动,260
7217,7-9,7-9,,高等,活期,huóqī,形,260
7218,7-9,7-9,,高等,火爆,huǒbào,形,260
7219,7-9,7-9,,高等,火候,huǒhou,名,260
7220,7-9,7-9,,高等,火花,huǒhuā,名,260
7221,7-9,7-9,,高等,火箭,huǒjiàn,名,260
7222,7-9,7-9,,高等,火炬,huǒjù,名,260
7223,7-9,7-9,,高等,火辣辣,huǒlàlà,形,260
7224,7-9,7-9,,高等,火热,huǒrè,形,260
7225,7-9,7-9,,高等,火山,huǒshān,名,260
7226,7-9,7-9,,高等,伙食,huǒshí,名,260
7227,7-9,7-9,,高等,火速,huǒsù,副,260
7228,7-9,7-9,,高等,火腿,huǒtuǐ,名,260
7229,7-9,7-9,,高等,火焰,huǒyàn,名,260
7230,7-9,7-9,,高等,豁达,huòdá,形,260
7231,7-9,7-9,,高等,或多或少,huòduō-huòshǎo,,260
7232,7-9,7-9,,高等,祸害,huòhai,名、动,260
7233,7-9,7-9,,高等,获悉,huòxī,动,260
7234,7-9,7-9,,高等,货运,huòyùn,名,260
7235,7-9,7-9,,高等,积,jī,动,260
7236,7-9,7-9,,高等,基本功,jīběngōng,名,260
7237,7-9,7-9,,高等,机舱,jīcāng,名,260
7238,7-9,7-9,,高等,基层,jīcéng,名,260
7239,7-9,7-9,,高等,激荡,jīdàng,动,260
7240,7-9,7-9,,高等,积淀,jīdiàn,动、名,260
7241,7-9,7-9,,高等,机动,jīdòng,形,261
7242,7-9,7-9,,高等,肌肤,jīfū,名,261
7243,7-9,7-9,,高等,机关,jīguān,名、形,261
7244,7-9,7-9,,高等,激光,jīguāng,名,261
7245,7-9,7-9,,高等,激化,jīhuà,动,261
7246,7-9,7-9,,高等,激活,jīhuó,动,261
7247,7-9,7-9,,高等,基建,jījiàn,名,261
7248,7-9,7-9,,高等,基金会,jījīnhuì,名,261
7249,7-9,7-9,,高等,机灵,jīling,形,261
7250,7-9,7-9,,高等,机密,jīmì,形、名,261
7251,7-9,7-9,,高等,激起,jīqǐ,动,261
7252,7-9,7-9,,高等,激素,jīsù,名,261
7253,7-9,7-9,,高等,讥笑,jīxiào,动,261
7254,7-9,7-9,,高等,畸形,jīxíng,形,261
7255,7-9,7-9,,高等,积蓄,jīxù,动、名,261
7256,7-9,7-9,,高等,基于,jīyú,介,261
7257,7-9,7-9,,高等,积攒,jīzǎn,动,261
7258,7-9,7-9,,高等,激增,jīzēng,动,261
7259,7-9,7-9,,高等,机智,jīzhì,形,261
7260,7-9,7-9,,高等,基准,jīzhǔn,名,261
7261,7-9,7-9,,高等,即,jí,副,261
7262,7-9,7-9,,高等,级别,jíbié,名,261
7263,7-9,7-9,,高等,急促,jícù,形,261
7264,7-9,7-9,,高等,极度,jídù,副,261
7265,7-9,7-9,,高等,嫉妒,jídù,动,261
7266,7-9,7-9,,高等,急功近利,jígōng-jìnlì,,261
7267,7-9,7-9,,高等,籍贯,jíguàn,名,261
7268,7-9,7-9,,高等,集会,jíhuì,动、名,261
7269,7-9,7-9,,高等,急剧,jíjù,形,261
7270,7-9,7-9,,高等,即可,jíkě,动,261
7271,7-9,7-9,,高等,吉利,jílì,形,261
7272,7-9,7-9,,高等,极力,jílì,副,261
7273,7-9,7-9,,高等,急迫,jípò,形,261
7274,7-9,7-9,,高等,汲取,jíqǔ,动,261
7275,7-9,7-9,,高等,即日,jírì,名,261
7276,7-9,7-9,,高等,即时,jíshí,副,261
7277,7-9,7-9,,高等,集市,jíshì,名,261
7278,7-9,7-9,,高等,棘手,jíshǒu,形,261
7279,7-9,7-9,,高等,集思广益,jísī-guǎngyì,,261
7280,7-9,7-9,,高等,吉他,jítā,名,261
7281,7-9,7-9,,高等,极限,jíxiàn,名,262
7282,7-9,7-9,,高等,吉祥物,jíxiángwù,名,262
7283,7-9,7-9,,高等,急性,jíxìng,形,262
7284,7-9,7-9,,高等,急于,jíyú,动,262
7285,7-9,7-9,,高等,急于求成,jíyú-qiúchéng,,262
7286,7-9,7-9,,高等,急躁,jízào,形,262
7287,7-9,7-9,,高等,及早,jízǎo,副,262
7288,7-9,7-9,,高等,急中生智,jízhōng-shēngzhì,,262
7289,7-9,7-9,,高等,集装箱,jízhuāngxiāng,名,262
7290,7-9,7-9,,高等,集资,jízī,动,262
7291,7-9,7-9,,高等,脊梁,jǐliáng,名,262
7292,7-9,7-9,,高等,挤压,jǐyā,动,262
7293,7-9,7-9,,高等,计,jì,动、名,262
7294,7-9,7-9,,高等,忌,jì,动,262
7295,7-9,7-9,,高等,剂,jì,名、量,262
7296,7-9,7-9,,高等,继,jì,连,262
7297,7-9,7-9,,高等,祭,jì,动,262
7298,7-9,7-9,,高等,暨,jì,连,262
7299,7-9,7-9,,高等,继而,jì’ér,连,262
7300,7-9,7-9,,高等,计策,jìcè,名,262
7301,7-9,7-9,,高等,祭奠,jìdiàn,动,262
7302,7-9,7-9,,高等,忌妒,jìdu,动,262
7303,7-9,7-9,,高等,继父,jìfù,名,262
7304,7-9,7-9,,高等,记号,jìhao,名,262
7305,7-9,7-9,,高等,忌讳,jìhuì,动、名,262
7306,7-9,7-9,,高等,计较,jìjiào,动,262
7307,7-9,7-9,,高等,寂静,jìjìng,形,262
7308,7-9,7-9,,高等,忌口,jìkǒu,动,262
7309,7-9,7-9,,高等,剂量,jìliàng,名,262
7310,7-9,7-9,,高等,继母,jìmǔ,名,262
7311,7-9,7-9,,高等,纪念碑,jìniànbēi,名,262
7312,7-9,7-9,,高等,纪实,jìshí,动、名,262
7313,7-9,7-9,,高等,祭祀,jìsì,动,262
7314,7-9,7-9,,高等,寄托,jìtuō,动,262
7315,7-9,7-9,,高等,迹象,jìxiàng,名,262
7316,7-9,7-9,,高等,绩效,jìxiào,名,262
7317,7-9,7-9,,高等,记性,jìxing,名,262
7318,7-9,7-9,,高等,纪要,jìyào,名,262
7319,7-9,7-9,,高等,记忆犹新,jìyì-yóuxīn,,262
7320,7-9,7-9,,高等,家伙,jiāhuo,名,262
7321,7-9,7-9,,高等,家教,jiājiào,名,263
7322,7-9,7-9,,高等,佳节,jiājié,名,263
7323,7-9,7-9,,高等,加紧,jiājǐn,动,263
7324,7-9,7-9,,高等,家境,jiājìng,名,263
7325,7-9,7-9,,高等,加盟,jiāméng,动,263
7326,7-9,7-9,,高等,嘉年华,jiāniánhuá,名,263
7327,7-9,7-9,,高等,家禽,jiāqín,名,263
7328,7-9,7-9,,高等,家世,jiāshì,名,263
7329,7-9,7-9,,高等,佳肴,jiāyáo,名,263
7330,7-9,7-9,,高等,家用,jiāyòng,名、形,263
7331,7-9,7-9,,高等,家喻户晓,jiāyù-hùxiǎo,,263
7332,7-9,7-9,,高等,夹杂,jiāzá,动,263
7333,7-9,7-9,,高等,家政,jiāzhèng,名,263
7334,7-9,7-9,,高等,加之,jiāzhī,连,263
7335,7-9,7-9,,高等,夹子,jiāzi,名,263
7336,7-9,7-9,,高等,家族,jiāzú,名,263
7337,7-9,7-9,,高等,假定,jiǎdìng,动,263
7338,7-9,7-9,,高等,假冒,jiǎmào,动,263
7339,7-9,7-9,,高等,假使,jiǎshǐ,连,263
7340,7-9,7-9,,高等,假装,jiǎzhuāng,动,263
7341,7-9,7-9,,高等,驾,jià,动、量,263
7342,7-9,7-9,,高等,架势,jiàshi,名,263
7343,7-9,7-9,,高等,价位,jiàwèi,名,263
7344,7-9,7-9,,高等,驾驭,jiàyù,动,263
7345,7-9,7-9,,高等,价值观,jiàzhíguān,名,263
7346,7-9,7-9,,高等,嫁妆,jiàzhuang,名,263
7347,7-9,7-9,,高等,架子,jiàzi,名,263
7348,7-9,7-9,,高等,兼,jiān,动,263
7349,7-9,7-9,,高等,煎,jiān,动,263
7350,7-9,7-9,,高等,煎熬,jiān’áo,动,263
7351,7-9,7-9,,高等,监察,jiānchá,动,263
7352,7-9,7-9,,高等,尖端,jiānduān,名、形,263
7353,7-9,7-9,,高等,肩负,jiānfù,动,263
7354,7-9,7-9,,高等,兼顾,jiāngù,动,263
7355,7-9,7-9,,高等,监管,jiānguǎn,动,263
7356,7-9,7-9,,高等,坚果,jiānguǒ,名,263
7357,7-9,7-9,,高等,监护,jiānhù,动,263
7358,7-9,7-9,,高等,艰巨,jiānjù,形,263
7359,7-9,7-9,,高等,监控,jiānkòng,动,263
7360,7-9,7-9,,高等,歼灭,jiānmiè,动,263
7361,7-9,7-9,,高等,坚韧,jiānrèn,形,264
7362,7-9,7-9,,高等,兼任,jiānrèn,动,264
7363,7-9,7-9,,高等,兼容,jiānróng,动,264
7364,7-9,7-9,,高等,尖锐,jiānruì,形,264
7365,7-9,7-9,,高等,坚实,jiānshí,形,264
7366,7-9,7-9,,高等,监视,jiānshì,动,264
7367,7-9,7-9,,高等,坚守,jiānshǒu,动,264
7368,7-9,7-9,,高等,艰险,jiānxiǎn,形,264
7369,7-9,7-9,,高等,坚信,jiānxìn,动,264
7370,7-9,7-9,,高等,监狱,jiānyù,名,264
7371,7-9,7-9,,高等,奸诈,jiānzhà,形,264
7372,7-9,7-9,,高等,拣,jiǎn,动,264
7373,7-9,7-9,,高等,剪彩,jiǎncǎi,动,264
7374,7-9,7-9,,高等,检察,jiǎnchá,动,264
7375,7-9,7-9,,高等,简称,jiǎnchēng,名、动,264
7376,7-9,7-9,,高等,简短,jiǎnduǎn,形,264
7377,7-9,7-9,,高等,减负,jiǎnfù,动,264
7378,7-9,7-9,,高等,剪辑,jiǎnjí,动,264
7379,7-9,7-9,,高等,简洁,jiǎnjié,形,264
7380,7-9,7-9,,高等,简练,jiǎnliàn,形,264
7381,7-9,7-9,,高等,简陋,jiǎnlòu,形,264
7382,7-9,7-9,,高等,减免,jiǎnmiǎn,动,264
7383,7-9,7-9,,高等,检讨,jiǎntǎo,动、名,264
7384,7-9,7-9,,高等,简体字,jiǎntǐzì,名,264
7385,7-9,7-9,,高等,减退,jiǎntuì,动,264
7386,7-9,7-9,,高等,简要,jiǎnyào,形,264
7387,7-9,7-9,,高等,简易,jiǎnyì,形,264
7388,7-9,7-9,,高等,贱,jiàn,形,264
7389,7-9,7-9,,高等,溅,jiàn,动,264
7390,7-9,7-9,,高等,鉴别,jiànbié,动,264
7391,7-9,7-9,,高等,间谍,jiàndié,名,264
7392,7-9,7-9,,高等,间断,jiànduàn,动,264
7393,7-9,7-9,,高等,见多识广,jiànduō-shíguǎng,,264
7394,7-9,7-9,,高等,见解,jiànjiě,名,264
7395,7-9,7-9,,高等,见利忘义,jiànlì-wàngyì,,264
7396,7-9,7-9,,高等,健美,jiànměi,形、名,264
7397,7-9,7-9,,高等,见仁见智,jiànrén-jiànzhì,,264
7398,7-9,7-9,,高等,鉴赏,jiànshǎng,动,264
7399,7-9,7-9,,高等,见识,jiànshi,动、名,264
7400,7-9,7-9,,高等,建树,jiànshù,动、名,264
7401,7-9,7-9,,高等,践踏,jiàntà,动,265
7402,7-9,7-9,,高等,见外,jiànwài,形,265
7403,7-9,7-9,,高等,见闻,jiànwén,名,265
7404,7-9,7-9,,高等,间隙,jiànxì,名,265
7405,7-9,7-9,,高等,见效,jiànxiào,动,265
7406,7-9,7-9,,高等,间歇,jiànxiē,动,265
7407,7-9,7-9,,高等,见义勇为,jiànyì-yǒngwéi,,265
7408,7-9,7-9,,高等,鉴于,jiànyú,介、连,265
7409,7-9,7-9,,高等,见证,jiànzhèng,动、名,265
7410,7-9,7-9,,高等,健壮,jiànzhuàng,形,265
7411,7-9,7-9,,高等,姜,jiāng,名,265
7412,7-9,7-9,,高等,僵,jiāng,形,265
7413,7-9,7-9,,高等,僵化,jiānghuà,动,265
7414,7-9,7-9,,高等,将就,jiāngjiu,动,265
7415,7-9,7-9,,高等,僵局,jiāngjú,名,265
7416,7-9,7-9,,高等,江山,jiāngshān,名,265
7417,7-9,7-9,,高等,僵硬,jiāngyìng,形,265
7418,7-9,7-9,,高等,桨,jiǎng,名,265
7419,7-9,7-9,,高等,奖杯,jiǎngbēi,名,265
7420,7-9,7-9,,高等,讲理,jiǎnglǐ,动、形,265
7421,7-9,7-9,,高等,奖赏,jiǎngshǎng,动,265
7422,7-9,7-9,,高等,奖项,jiǎngxiàng,名,265
7423,7-9,7-9,,高等,降临,jiànglín,动,265
7424,7-9,7-9,,高等,焦,jiāo,形,265
7425,7-9,7-9,,高等,交叉,jiāochā,动,265
7426,7-9,7-9,,高等,交代,jiāodài,动,265
7427,7-9,7-9,,高等,交锋,jiāofēng,动,265
7428,7-9,7-9,,高等,交付,jiāofù,动,265
7429,7-9,7-9,,高等,娇惯,jiāoguàn,动,265
7430,7-9,7-9,,高等,交互,jiāohù,副、动,265
7431,7-9,7-9,,高等,交集,jiāojí,动,265
7432,7-9,7-9,,高等,焦急,jiāojí,形,265
7433,7-9,7-9,,高等,交界,jiāojiè,动,265
7434,7-9,7-9,,高等,交接,jiāojiē,动,265
7435,7-9,7-9,,高等,交纳,jiāonà,动,265
7436,7-9,7-9,,高等,胶囊,jiāonáng,名,265
7437,7-9,7-9,,高等,娇气,jiāoqì,形,265
7438,7-9,7-9,,高等,交情,jiāoqing,名,265
7439,7-9,7-9,,高等,交涉,jiāoshè,动,265
7440,7-9,7-9,,高等,礁石,jiāoshí,名,265
7441,7-9,7-9,,高等,交替,jiāotì,动,266
7442,7-9,7-9,,高等,交头接耳,jiāotóu-jiē’ěr,,266
7443,7-9,7-9,,高等,交响乐,jiāoxiǎngyuè,名,266
7444,7-9,7-9,,高等,郊游,jiāoyóu,动,266
7445,7-9,7-9,,高等,焦躁,jiāozào,形,266
7446,7-9,7-9,,高等,交织,jiāozhī,动,266
7447,7-9,7-9,,高等,嚼,jiáo,动,266
7448,7-9,7-9,,高等,绞,jiǎo,动,266
7449,7-9,7-9,,高等,搅,jiǎo,动,266
7450,7-9,7-9,,高等,缴,jiǎo,动,266
7451,7-9,7-9,,高等,搅拌,jiǎobàn,动,266
7452,7-9,7-9,,高等,狡猾,jiǎohuá,形,266
7453,7-9,7-9,,高等,缴纳,jiǎonà,动,266
7454,7-9,7-9,,高等,脚踏实地,jiǎotāshídì,,266
7455,7-9,7-9,,高等,侥幸,jiǎoxìng,形,266
7456,7-9,7-9,,高等,矫正,jiǎozhèng,动,266
7457,7-9,7-9,,高等,叫板,jiàobǎn,动,266
7458,7-9,7-9,,高等,轿车,jiàochē,名,266
7459,7-9,7-9,,高等,叫好,jiàohǎo,动,266
7460,7-9,7-9,,高等,较劲,jiàojìn,动,266
7461,7-9,7-9,,高等,教科书,jiàokēshū,名,266
7462,7-9,7-9,,高等,较量,jiàoliàng,动,266
7463,7-9,7-9,,高等,教条,jiàotiáo,名、形,266
7464,7-9,7-9,,高等,教养,jiàoyǎng,动、名,266
7465,7-9,7-9,,高等,皆,jiē,副,266
7466,7-9,7-9,,高等,揭,jiē,动,266
7467,7-9,7-9,,高等,接二连三,jiē’èr-liánsān,,266
7468,7-9,7-9,,高等,接班,jiēbān,动,266
7469,7-9,7-9,,高等,接班人,jiēbānrén,名,266
7470,7-9,7-9,,高等,阶层,jiēcéng,名,266
7471,7-9,7-9,,高等,皆大欢喜,jiēdàhuānxǐ,,266
7472,7-9,7-9,,高等,揭发,jiēfā,动,266
7473,7-9,7-9,,高等,街坊,jiēfang,名,266
7474,7-9,7-9,,高等,接轨,jiēguǐ,动,266
7475,7-9,7-9,,高等,阶级,jiējí,名,266
7476,7-9,7-9,,高等,接济,jiējì,动,266
7477,7-9,7-9,,高等,接见,jiējiàn,动,266
7478,7-9,7-9,,高等,接力,jiēlì,动,266
7479,7-9,7-9,,高等,揭露,jiēlù,动,266
7480,7-9,7-9,,高等,接纳,jiēnà,动,266
7481,7-9,7-9,,高等,揭示,jiēshì,动,267
7482,7-9,7-9,,高等,接手,jiēshǒu,动,267
7483,7-9,7-9,,高等,接替,jiētì,动,267
7484,7-9,7-9,,高等,阶梯,jiētī,名,267
7485,7-9,7-9,,高等,揭晓,jiēxiǎo,动,267
7486,7-9,7-9,,高等,劫,jié,动,267
7487,7-9,7-9,,高等,截,jié,动、量,267
7488,7-9,7-9,,高等,洁白,jiébái,形,267
7489,7-9,7-9,,高等,劫持,jiéchí,动,267
7490,7-9,7-9,,高等,节俭,jiéjiǎn,形,267
7491,7-9,7-9,,高等,洁净,jiéjìng,形,267
7492,7-9,7-9,,高等,捷径,jiéjìng,名,267
7493,7-9,7-9,,高等,结晶,jiéjīng,动、名,267
7494,7-9,7-9,,高等,竭尽全力,jiéjìn-quánlì,,267
7495,7-9,7-9,,高等,结局,jiéjú,名,267
7496,7-9,7-9,,高等,竭力,jiélì,副,267
7497,7-9,7-9,,高等,节气,jiéqì,名,267
7498,7-9,7-9,,高等,截然不同,jiérán-bùtóng,,267
7499,7-9,7-9,,高等,结识,jiéshí,动,267
7500,7-9,7-9,,高等,结算,jiésuàn,动,267
7501,7-9,7-9,,高等,节衣缩食,jiéyī-suōshí,,267
7502,7-9,7-9,,高等,节制,jiézhì,动,267
7503,7-9,7-9,,高等,解除,jiěchú,动,267
7504,7-9,7-9,,高等,解雇,jiěgù,动,267
7505,7-9,7-9,,高等,解救,jiějiù,动,267
7506,7-9,7-9,,高等,解渴,jiěkě,动,267
7507,7-9,7-9,,高等,解剖,jiěpōu,动,267
7508,7-9,7-9,,高等,解散,jiěsàn,动,267
7509,7-9,7-9,,高等,解体,jiětǐ,动,267
7510,7-9,7-9,,高等,解脱,jiětuō,动,267
7511,7-9,7-9,,高等,解围,jiěwéi,动,267
7512,7-9,7-9,,高等,解析,jiěxī,动,267
7513,7-9,7-9,,高等,解约,jiěyuē,动,267
7514,7-9,7-9,,高等,戒,jiè,动,267
7515,7-9,7-9,,高等,界,jiè,名、后缀,267
7516,7-9,7-9,,高等,戒备,jièbèi,动,267
7517,7-9,7-9,,高等,界定,jièdìng,动,267
7518,7-9,7-9,,高等,借口,jièkǒu,名,267
7519,7-9,7-9,,高等,介入,jièrù,动,267
7520,7-9,7-9,,高等,届时,jièshí,副,267
7521,7-9,7-9,,高等,借条,jiètiáo,名,268
7522,7-9,7-9,,高等,界限,jièxiàn,名,268
7523,7-9,7-9,,高等,界线,jièxiàn,名,268
7524,7-9,7-9,,高等,介意,jièyì,动,268
7525,7-9,7-9,,高等,借用,jièyòng,动,268
7526,7-9,7-9,,高等,介于,jièyú,动,268
7527,7-9,7-9,,高等,筋,jīn,名,268
7528,7-9,7-9,,高等,禁不住,jīnbuzhù,动,268
7529,7-9,7-9,,高等,津津有味,jīnjīn-yǒuwèi,,268
7530,7-9,7-9,,高等,尽,jǐn,动、副,268
7531,7-9,7-9,,高等,紧凑,jǐncòu,形,268
7532,7-9,7-9,,高等,紧迫,jǐnpò,形,268
7533,7-9,7-9,,高等,锦旗,jǐnqí,名,268
7534,7-9,7-9,,高等,紧缺,jǐnquē,形,268
7535,7-9,7-9,,高等,锦上添花,jǐnshàng-tiānhuā,,268
7536,7-9,7-9,,高等,紧缩,jǐnsuō,动,268
7537,7-9,7-9,,高等,尽早,jǐnzǎo,副,268
7538,7-9,7-9,,高等,劲,jìn,名,268
7539,7-9,7-9,,高等,进程,jìnchéng,名,268
7540,7-9,7-9,,高等,进攻,jìngōng,动,268
7541,7-9,7-9,,高等,晋级,jìnjí,动,268
7542,7-9,7-9,,高等,禁忌,jìnjì,名、动,268
7543,7-9,7-9,,高等,进军,jìnjūn,动,268
7544,7-9,7-9,,高等,浸泡,jìnpào,动,268
7545,7-9,7-9,,高等,尽情,jìnqíng,副,268
7546,7-9,7-9,,高等,进取,jìnqǔ,动,268
7547,7-9,7-9,,高等,禁区,jìnqū,名,268
7548,7-9,7-9,,高等,晋升,jìnshēng,动,268
7549,7-9,7-9,,高等,尽头,jìntóu,名,268
7550,7-9,7-9,,高等,劲头,jìntóu,名,268
7551,7-9,7-9,,高等,进修,jìnxiū,动,268
7552,7-9,7-9,,高等,茎,jīng,名,268
7553,7-9,7-9,,高等,经,jīng,动,268
7554,7-9,7-9,,高等,精,jīng,形,268
7555,7-9,7-9,,高等,鲸,jīng,名,268
7556,7-9,7-9,,高等,精彩纷呈,jīngcǎi-fēnchéng,,268
7557,7-9,7-9,,高等,精打细算,jīngdǎ-xìsuàn,,268
7558,7-9,7-9,,高等,惊动,jīngdòng,动,268
7559,7-9,7-9,,高等,经度,jīngdù,名,268
7560,7-9,7-9,,高等,精度,jīngdù,名,268
7561,7-9,7-9,,高等,经费,jīngfèi,名,269
7562,7-9,7-9,,高等,精华,jīnghuá,名,269
7563,7-9,7-9,,高等,惊慌,jīnghuāng,形,269
7564,7-9,7-9,,高等,惊慌失措,jīnghuāng-shīcuò,,269
7565,7-9,7-9,,高等,荆棘,jīngjí,名,269
7566,7-9,7-9,,高等,精简,jīngjiǎn,动,269
7567,7-9,7-9,,高等,兢兢业业,jīngjīngyèyè,形,269
7568,7-9,7-9,,高等,经久不息,jīngjiǔ-bùxī,,269
7569,7-9,7-9,,高等,精练,jīngliàn,形,269
7570,7-9,7-9,,高等,经贸,jīngmào,名,269
7571,7-9,7-9,,高等,精密,jīngmì,形,269
7572,7-9,7-9,,高等,精妙,jīngmiào,形,269
7573,7-9,7-9,,高等,精明,jīngmíng,形,269
7574,7-9,7-9,,高等,精疲力竭,jīngpí-lìjié,,269
7575,7-9,7-9,,高等,精品,jīngpǐn,名,269
7576,7-9,7-9,,高等,惊奇,jīngqí,形,269
7577,7-9,7-9,,高等,精巧,jīngqiǎo,形,269
7578,7-9,7-9,,高等,精神,jīngshén,名,269
7579,7-9,7-9,,高等,精神病,jīngshénbìng,名,269
7580,7-9,7-9,,高等,经受,jīngshòu,动,269
7581,7-9,7-9,,高等,精髓,jīngsuǐ,名,269
7582,7-9,7-9,,高等,惊叹,jīngtàn,动,269
7583,7-9,7-9,,高等,惊天动地,jīngtiān-dòngdì,,269
7584,7-9,7-9,,高等,精细,jīngxì,形,269
7585,7-9,7-9,,高等,惊吓,jīngxià,动,269
7586,7-9,7-9,,高等,惊险,jīngxiǎn,形,269
7587,7-9,7-9,,高等,惊心动魄,jīngxīn-dòngpò,,269
7588,7-9,7-9,,高等,晶莹,jīngyíng,形,269
7589,7-9,7-9,,高等,精英,jīngyīng,名,269
7590,7-9,7-9,,高等,精益求精,jīngyìqiújīng,,269
7591,7-9,7-9,,高等,精湛,jīngzhàn,形,269
7592,7-9,7-9,,高等,警报,jǐngbào,名,269
7593,7-9,7-9,,高等,井底之蛙,jǐngdǐzhīwā,,269
7594,7-9,7-9,,高等,警戒,jǐngjiè,动,269
7595,7-9,7-9,,高等,警犬,jǐngquǎn,名,269
7596,7-9,7-9,,高等,警示,jǐngshì,动,269
7597,7-9,7-9,,高等,警惕,jǐngtì,动,269
7598,7-9,7-9,,高等,警钟,jǐngzhōng,名,269
7599,7-9,7-9,,高等,竟,jìng,副,269
7600,7-9,7-9,,高等,敬,jìng,动,269
7601,7-9,7-9,,高等,敬爱,jìng’ài,动,270
7602,7-9,7-9,,高等,敬而远之,jìng’éryuǎnzhī,,270
7603,7-9,7-9,,高等,境地,jìngdì,名,270
7604,7-9,7-9,,高等,净化,jìnghuà,动,270
7605,7-9,7-9,,高等,竞技,jìngjì,动,270
7606,7-9,7-9,,高等,境界,jìngjiè,名,270
7607,7-9,7-9,,高等,敬礼,jìnglǐ,动,270
7608,7-9,7-9,,高等,境内,jìngnèi,名,270
7609,7-9,7-9,,高等,敬佩,jìngpèi,动,270
7610,7-9,7-9,,高等,敬请,jìngqǐng,动,270
7611,7-9,7-9,,高等,境外,jìngwài,名,270
7612,7-9,7-9,,高等,敬畏,jìngwèi,动,270
7613,7-9,7-9,,高等,竞相,jìngxiāng,副,270
7614,7-9,7-9,,高等,竞选,jìngxuǎn,动,270
7615,7-9,7-9,,高等,敬业,jìngyè,动,270
7616,7-9,7-9,,高等,敬意,jìngyì,名,270
7617,7-9,7-9,,高等,境遇,jìngyù,名,270
7618,7-9,7-9,,高等,径直,jìngzhí,副,270
7619,7-9,7-9,,高等,静止,jìngzhǐ,动,270
7620,7-9,7-9,,高等,敬重,jìngzhòng,动,270
7621,7-9,7-9,,高等,窘迫,jiǒngpò,形,270
7622,7-9,7-9,,高等,揪,jiū,动,270
7623,7-9,7-9,,高等,纠缠,jiūchán,动,270
7624,7-9,7-9,,高等,酒楼,jiǔlóu,名,270
7625,7-9,7-9,,高等,久违,jiǔwéi,动,270
7626,7-9,7-9,,高等,久仰,jiǔyǎng,动,270
7627,7-9,7-9,,高等,就餐,jiùcān,动,270
7628,7-9,7-9,,高等,就此,jiùcǐ,副,270
7629,7-9,7-9,,高等,就地,jiùdì,副,270
7630,7-9,7-9,,高等,救济,jiùjì,动,270
7631,7-9,7-9,,高等,就近,jiùjìn,副,270
7632,7-9,7-9,,高等,就任,jiùrèn,动,270
7633,7-9,7-9,,高等,救死扶伤,jiùsǐ-fúshāng,,270
7634,7-9,7-9,,高等,就绪,jiùxù,动,270
7635,7-9,7-9,,高等,就医,jiùyī,动,270
7636,7-9,7-9,,高等,就诊,jiùzhěn,动,270
7637,7-9,7-9,,高等,就职,jiùzhí,动,270
7638,7-9,7-9,,高等,救治,jiùzhì,动,270
7639,7-9,7-9,,高等,就座,jiùzuò,动,270
7640,7-9,7-9,,高等,居安思危,jū’ān-sīwēi,,270
7641,7-9,7-9,,高等,居高不下,jūgāo bú xià,,271
7642,7-9,7-9,,高等,鞠躬,jūgōng,动,271
7643,7-9,7-9,,高等,拘留,jūliú,动,271
7644,7-9,7-9,,高等,拘束,jūshù,动、形,271
7645,7-9,7-9,,高等,居于,jūyú,动,271
7646,7-9,7-9,,高等,局部,júbù,名,271
7647,7-9,7-9,,高等,局势,júshì,名,271
7648,7-9,7-9,,高等,举报,jǔbào,动,271
7649,7-9,7-9,,高等,举措,jǔcuò,名,271
7650,7-9,7-9,,高等,咀嚼,jǔjué,动,271
7651,7-9,7-9,,高等,举棋不定,jǔqí-búdìng,,271
7652,7-9,7-9,,高等,沮丧,jǔsàng,形,271
7653,7-9,7-9,,高等,举世瞩目,jǔshì-zhǔmù,,271
7654,7-9,7-9,,高等,举一反三,jǔyī-fǎnsān,,271
7655,7-9,7-9,,高等,举止,jǔzhǐ,名,271
7656,7-9,7-9,,高等,举重,jǔzhòng,名,271
7657,7-9,7-9,,高等,举足轻重,jǔzú-qīngzhòng,,271
7658,7-9,7-9,,高等,剧变,jùbiàn,动,271
7659,7-9,7-9,,高等,巨额,jù’é,形,271
7660,7-9,7-9,,高等,聚焦,jùjiāo,动,271
7661,7-9,7-9,,高等,聚精会神,jùjīng-huìshén,,271
7662,7-9,7-9,,高等,剧目,jùmù,名,271
7663,7-9,7-9,,高等,剧情,jùqíng,名,271
7664,7-9,7-9,,高等,巨人,jùrén,名,271
7665,7-9,7-9,,高等,巨头,jùtóu,名,271
7666,7-9,7-9,,高等,据悉,jùxī,动,271
7667,7-9,7-9,,高等,圈,juān,动,271
7668,7-9,7-9,,高等,捐献,juānxiàn,动,271
7669,7-9,7-9,,高等,卷入,juǎnrù,动,271
7670,7-9,7-9,,高等,圈,juàn,名,271
7671,7-9,7-9,,高等,绝,jué,动、形、副,271
7672,7-9,7-9,,高等,绝技,juéjì,名,271
7673,7-9,7-9,,高等,绝迹,juéjì,动,271
7674,7-9,7-9,,高等,倔强,juéjiàng,形,271
7675,7-9,7-9,,高等,崛起,juéqǐ,动,271
7676,7-9,7-9,,高等,诀窍,juéqiào,名,271
7677,7-9,7-9,,高等,觉悟,juéwù,动、名,271
7678,7-9,7-9,,高等,觉醒,juéxǐng,动,271
7679,7-9,7-9,,高等,决议,juéyì,名,271
7680,7-9,7-9,,高等,绝缘,juéyuán,动,271
7681,7-9,7-9,,高等,抉择,juézé,动,272
7682,7-9,7-9,,高等,角逐,juézhú,动,272
7683,7-9,7-9,,高等,倔,juè,形,272
7684,7-9,7-9,,高等,均,jūn,形、动、副,272
7685,7-9,7-9,,高等,军官,jūnguān,名,272
7686,7-9,7-9,,高等,均衡,jūnhéng,形,272
7687,7-9,7-9,,高等,军舰,jūnjiàn,名,272
7688,7-9,7-9,,高等,军事,jūnshì,名,272
7689,7-9,7-9,,高等,君子,jūnzǐ,名,272
7690,7-9,7-9,,高等,俊,jùn,形,272
7691,7-9,7-9,,高等,竣工,jùngōng,动,272
7692,7-9,7-9,,高等,骏马,jùnmǎ,名,272
7693,7-9,7-9,,高等,俊俏,jùnqiào,形,272
7694,7-9,7-9,,高等,卡车,kǎchē,名,272
7695,7-9,7-9,,高等,卡通,kǎtōng,名,272
7696,7-9,7-9,,高等,开办,kāibàn,动,272
7697,7-9,7-9,,高等,开采,kāicǎi,动,272
7698,7-9,7-9,,高等,开场,kāichǎng,动,272
7699,7-9,7-9,,高等,开场白,kāichǎngbái,名,272
7700,7-9,7-9,,高等,开除,kāichú,动,272
7701,7-9,7-9,,高等,开动,kāidòng,动,272
7702,7-9,7-9,,高等,开发区,kāifāqū,名,272
7703,7-9,7-9,,高等,开发商,kāifāshāng,名,272
7704,7-9,7-9,,高等,开工,kāigōng,动,272
7705,7-9,7-9,,高等,开垦,kāikěn,动,272
7706,7-9,7-9,,高等,开阔,kāikuò,形、动,272
7707,7-9,7-9,,高等,开朗,kāilǎng,形,272
7708,7-9,7-9,,高等,开明,kāimíng,形,272
7709,7-9,7-9,,高等,开辟,kāipì,动,272
7710,7-9,7-9,,高等,开天辟地,kāitiān-pìdì,,272
7711,7-9,7-9,,高等,开庭,kāitíng,动,272
7712,7-9,7-9,,高等,开拓,kāituò,动,272
7713,7-9,7-9,,高等,开销,kāixiāo,动、名,272
7714,7-9,7-9,,高等,开张,kāizhāng,动,272
7715,7-9,7-9,,高等,开支,kāizhī,名,272
7716,7-9,7-9,,高等,楷模,kǎimó,名,272
7717,7-9,7-9,,高等,凯旋,kǎixuán,动,272
7718,7-9,7-9,,高等,堪称,kānchēng,动,272
7719,7-9,7-9,,高等,刊登,kāndēng,动,272
7720,7-9,7-9,,高等,看护,kānhù,动,272
7721,7-9,7-9,,高等,看守,kānshǒu,动,273
7722,7-9,7-9,,高等,勘探,kāntàn,动,273
7723,7-9,7-9,,高等,刊物,kānwù,名,273
7724,7-9,7-9,,高等,砍伐,kǎnfá,动,273
7725,7-9,7-9,,高等,侃侃而谈,kǎnkǎn’értán,,273
7726,7-9,7-9,,高等,坎坷,kǎnkě,形,273
7727,7-9,7-9,,高等,看台,kàntái,名,273
7728,7-9,7-9,,高等,慷慨,kāngkǎi,形,273
7729,7-9,7-9,,高等,看管,kānguǎn,动,273
7730,7-9,7-9,,高等,扛,káng,动,273
7731,7-9,7-9,,高等,抗衡,kànghéng,动,273
7732,7-9,7-9,,高等,抗拒,kàngjù,动,273
7733,7-9,7-9,,高等,抗生素,kàngshēngsù,名,273
7734,7-9,7-9,,高等,抗议,kàngyì,动,273
7735,7-9,7-9,,高等,抗争,kàngzhēng,动,273
7736,7-9,7-9,,高等,考查,kǎochá,动,273
7737,7-9,7-9,,高等,考量,kǎoliáng,动,273
7738,7-9,7-9,,高等,靠拢,kàolǒng,动,273
7739,7-9,7-9,,高等,磕,kē,动,273
7740,7-9,7-9,,高等,苛刻,kēkè,形,273
7741,7-9,7-9,,高等,颗粒,kēlì,名,273
7742,7-9,7-9,,高等,壳,ké,名,273
7743,7-9,7-9,,高等,可悲,kěbēi,形,273
7744,7-9,7-9,,高等,可不是,kěbúshi,副,273
7745,7-9,7-9,,高等,可乘之机,kěchéngzhījī,,273
7746,7-9,7-9,,高等,可耻,kěchǐ,形,273
7747,7-9,7-9,,高等,可观,kěguān,形,273
7748,7-9,7-9,,高等,可贵,kěguì,形,273
7749,7-9,7-9,,高等,可谓,kěwèi,动,273
7750,7-9,7-9,,高等,可恶,kěwù,形,273
7751,7-9,7-9,,高等,可想而知,kěxiǎng’érzhī,,273
7752,7-9,7-9,,高等,可笑,kěxiào,形,273
7753,7-9,7-9,,高等,可疑,kěyí,形,273
7754,7-9,7-9,,高等,刻不容缓,kèbùrónghuǎn,,273
7755,7-9,7-9,,高等,客房,kèfáng,名,273
7756,7-9,7-9,,高等,刻画,kèhuà,动,273
7757,7-9,7-9,,高等,客机,kèjī,名,273
7758,7-9,7-9,,高等,刻苦,kèkǔ,形,273
7759,7-9,7-9,,高等,客流,kèliú,名,273
7760,7-9,7-9,,高等,克隆,kèlóng,动,273
7761,7-9,7-9,,高等,刻意,kèyì,副,274
7762,7-9,7-9,,高等,客运,kèyùn,名,274
7763,7-9,7-9,,高等,克制,kèzhì,动,274
7764,7-9,7-9,,高等,刻舟求剑,kèzhōu-qiújiàn,,274
7765,7-9,7-9,,高等,啃,kěn,动,274
7766,7-9,7-9,,高等,恳切,kěnqiè,形,274
7767,7-9,7-9,,高等,恳求,kěnqiú,动,274
7768,7-9,7-9,,高等,坑,kēng,名、动,274
7769,7-9,7-9,,高等,空荡荡,kōngdàngdàng,形,274
7770,7-9,7-9,,高等,空洞,kōngdòng,名、形,274
7771,7-9,7-9,,高等,空间站,kōngjiānzhàn,名,274
7772,7-9,7-9,,高等,空军,kōngjūn,名,274
7773,7-9,7-9,,高等,空难,kōngnàn,名,274
7774,7-9,7-9,,高等,空前,kōngqián,动,274
7775,7-9,7-9,,高等,空想,kōngxiǎng,动、名,274
7776,7-9,7-9,,高等,空虚,kōngxū,形,274
7777,7-9,7-9,,高等,孔,kǒng,名,274
7778,7-9,7-9,,高等,恐怖,kǒngbù,形,274
7779,7-9,7-9,,高等,恐吓,kǒnghè,动,274
7780,7-9,7-9,,高等,恐慌,kǒnghuāng,形,274
7781,7-9,7-9,,高等,恐龙,kǒnglóng,名,274
7782,7-9,7-9,,高等,空白,kòngbái,名,274
7783,7-9,7-9,,高等,控告,kònggào,动,274
7784,7-9,7-9,,高等,空隙,kòngxì,名,274
7785,7-9,7-9,,高等,抠,kōu,动、形,274
7786,7-9,7-9,,高等,口岸,kǒu’àn,名,274
7787,7-9,7-9,,高等,口碑,kǒubēi,名,274
7788,7-9,7-9,,高等,口才,kǒucái,名,274
7789,7-9,7-9,,高等,口吃,kǒuchī,动,274
7790,7-9,7-9,,高等,口径,kǒujìng,名,274
7791,7-9,7-9,,高等,口令,kǒulìng,名,274
7792,7-9,7-9,,高等,口气,kǒuqì,名,274
7793,7-9,7-9,,高等,口哨儿,kǒushàor,名,274
7794,7-9,7-9,,高等,口水,kǒushuǐ,名,274
7795,7-9,7-9,,高等,口头禅,kǒutóuchán,名,274
7796,7-9,7-9,,高等,口香糖,kǒuxiāngtáng,名,274
7797,7-9,7-9,,高等,口音,kǒuyīn,名,274
7798,7-9,7-9,,高等,口罩,kǒuzhào,名,274
7799,7-9,7-9,,高等,口子,kǒuzi,名,274
7800,7-9,7-9,,高等,扣除,kòuchú,动,274
7801,7-9,7-9,,高等,扣留,kòuliú,动,275
7802,7-9,7-9,,高等,扣人心弦,kòurénxīnxián,,275
7803,7-9,7-9,,高等,扣押,kòuyā,动,275
7804,7-9,7-9,,高等,枯竭,kūjié,形,275
7805,7-9,7-9,,高等,窟窿,kūlong,名,275
7806,7-9,7-9,,高等,哭泣,kūqì,动,275
7807,7-9,7-9,,高等,枯萎,kūwěi,形,275
7808,7-9,7-9,,高等,哭笑不得,kūxiào-bùdé,,275
7809,7-9,7-9,,高等,苦尽甘来,kǔjìn-gānlái,,275
7810,7-9,7-9,,高等,苦难,kǔnàn,名,275
7811,7-9,7-9,,高等,苦恼,kǔnǎo,形,275
7812,7-9,7-9,,高等,苦涩,kǔsè,形,275
7813,7-9,7-9,,高等,苦笑,kǔxiào,动,275
7814,7-9,7-9,,高等,苦心,kǔxīn,名、副,275
7815,7-9,7-9,,高等,库存,kùcún,名,275
7816,7-9,7-9,,高等,酷似,kùsì,动,275
7817,7-9,7-9,,高等,夸大,kuādà,动,275
7818,7-9,7-9,,高等,夸夸其谈,kuākuā-qítán,,275
7819,7-9,7-9,,高等,夸耀,kuāyào,动,275
7820,7-9,7-9,,高等,垮,kuǎ,动,275
7821,7-9,7-9,,高等,挎,kuà,动,275
7822,7-9,7-9,,高等,跨,kuà,动,275
7823,7-9,7-9,,高等,跨度,kuàdù,名,275
7824,7-9,7-9,,高等,跨国,kuàguó,动,275
7825,7-9,7-9,,高等,跨越,kuàyuè,动,275
7826,7-9,7-9,,高等,快活,kuàihuo,形,275
7827,7-9,7-9,,高等,宽敞,kuānchang,形,275
7828,7-9,7-9,,高等,宽泛,kuānfàn,形,275
7829,7-9,7-9,,高等,宽广,kuānguǎng,形,275
7830,7-9,7-9,,高等,宽厚,kuānhòu,形,275
7831,7-9,7-9,,高等,宽阔,kuānkuò,形,275
7832,7-9,7-9,,高等,宽容,kuānróng,动,275
7833,7-9,7-9,,高等,宽恕,kuānshù,动,275
7834,7-9,7-9,,高等,宽松,kuānsōng,形,275
7835,7-9,7-9,,高等,款待,kuǎndài,动,275
7836,7-9,7-9,,高等,款项,kuǎnxiàng,名,275
7837,7-9,7-9,,高等,筐,kuāng,名,275
7838,7-9,7-9,,高等,狂,kuáng,形,275
7839,7-9,7-9,,高等,狂欢,kuánghuān,动,275
7840,7-9,7-9,,高等,狂热,kuángrè,形,275
7841,7-9,7-9,,高等,矿,kuàng,名,276
7842,7-9,7-9,,高等,框,kuàng,名、动,276
7843,7-9,7-9,,高等,矿藏,kuàngcáng,名,276
7844,7-9,7-9,,高等,矿产,kuàngchǎn,名,276
7845,7-9,7-9,,高等,框架,kuàngjià,名,276
7846,7-9,7-9,,高等,旷课,kuàngkè,动,276
7847,7-9,7-9,,高等,况且,kuàngqiě,连,276
7848,7-9,7-9,,高等,亏本,kuīběn,动,276
7849,7-9,7-9,,高等,亏待,kuīdài,动,276
7850,7-9,7-9,,高等,捆,kǔn,动、名、量,276
7851,7-9,7-9,,高等,困惑,kùnhuò,形、动,276
7852,7-9,7-9,,高等,困境,kùnjìng,名,276
7853,7-9,7-9,,高等,扩,kuò,动,276
7854,7-9,7-9,,高等,扩充,kuòchōng,动,276
7855,7-9,7-9,,高等,阔绰,kuòchuò,形,276
7856,7-9,7-9,,高等,括号,kuòhào,名,276
7857,7-9,7-9,,高等,扩建,kuòjiàn,动,276
7858,7-9,7-9,,高等,扩散,kuòsàn,动,276
7859,7-9,7-9,,高等,扩张,kuòzhāng,动,276
7860,7-9,7-9,,高等,拉动,lādòng,动,276
7861,7-9,7-9,,高等,啦啦队,lālāduì,名,276
7862,7-9,7-9,,高等,拉链,lāliàn,名,276
7863,7-9,7-9,,高等,拉拢,lālǒng,动,276
7864,7-9,7-9,,高等,喇叭,lǎba,名,276
7865,7-9,7-9,,高等,蜡,là,名,276
7866,7-9,7-9,,高等,腊月,làyuè,名,276
7867,7-9,7-9,,高等,蜡烛,làzhú,名,276
7868,7-9,7-9,,高等,来宾,láibīn,名,276
7869,7-9,7-9,,高等,来电,láidiàn,动、名,276
7870,7-9,7-9,,高等,来访,láifǎng,动,276
7871,7-9,7-9,,高等,来回,láihuí,动、名、副,276
7872,7-9,7-9,,高等,来历,láilì,名,276
7873,7-9,7-9,,高等,来龙去脉,láilóng-qùmài,,276
7874,7-9,7-9,,高等,来年,láinián,名,276
7875,7-9,7-9,,高等,来之不易,láizhī-búyì,,276
7876,7-9,7-9,,高等,栏杆,lángān,名,276
7877,7-9,7-9,,高等,栏目,lánmù,名,276
7878,7-9,7-9,,高等,蓝图,lántú,名,276
7879,7-9,7-9,,高等,揽,lǎn,动,276
7880,7-9,7-9,,高等,缆车,lǎnchē,名,276
7881,7-9,7-9,,高等,懒得,lǎnde,动,277
7882,7-9,7-9,,高等,懒惰,lǎnduò,形,277
7883,7-9,7-9,,高等,滥用,lànyòng,动,277
7884,7-9,7-9,,高等,狼狈,lángbèi,形,277
7885,7-9,7-9,,高等,狼吞虎咽,lángtūn-hǔyàn,,277
7886,7-9,7-9,,高等,朗诵,lǎngsòng,动,277
7887,7-9,7-9,,高等,捞,lāo,动,277
7888,7-9,7-9,,高等,唠叨,láodao,动,277
7889,7-9,7-9,,高等,牢固,láogù,形,277
7890,7-9,7-9,,高等,牢记,láojì,动,277
7891,7-9,7-9,,高等,劳驾,láojià,动,277
7892,7-9,7-9,,高等,牢牢,láoláo,副,277
7893,7-9,7-9,,高等,劳累,láolèi,形,277
7894,7-9,7-9,,高等,牢骚,láosāo,名,277
7895,7-9,7-9,,高等,劳务,láowù,名,277
7896,7-9,7-9,,高等,老伴儿,lǎobànr,名,277
7897,7-9,7-9,,高等,老大,lǎodà,形、副,277
7898,7-9,7-9,,高等,老化,lǎohuà,动,277
7899,7-9,7-9,,高等,老人家,lǎorenjia,名,277
7900,7-9,7-9,,高等,老乡,lǎoxiāng,名,277
7901,7-9,7-9,,高等,老字号,lǎozìhao,名,277
7902,7-9,7-9,,高等,涝,lào,形,277
7903,7-9,7-9,,高等,乐此不疲,lècǐ-bùpí,,277
7904,7-9,7-9,,高等,乐意,lèyì,动、形,277
7905,7-9,7-9,,高等,乐园,lèyuán,名,277
7906,7-9,7-9,,高等,勒,lēi,动,277
7907,7-9,7-9,,高等,雷达,léidá,名,277
7908,7-9,7-9,,高等,雷同,léitóng,形,277
7909,7-9,7-9,,高等,累赘,léizhui,形、动、名,277
7910,7-9,7-9,,高等,累计,lěijì,动,277
7911,7-9,7-9,,高等,累积,lěijī,动,277
7912,7-9,7-9,,高等,棱角,léngjiǎo,名,277
7913,7-9,7-9,,高等,冷淡,lěngdàn,形、动,277
7914,7-9,7-9,,高等,冷冻,lěngdòng,动,277
7915,7-9,7-9,,高等,冷酷,lěngkù,形,277
7916,7-9,7-9,,高等,冷落,lěngluò,形、动,277
7917,7-9,7-9,,高等,冷门,lěngmén,名,277
7918,7-9,7-9,,高等,冷漠,lěngmò,形,277
7919,7-9,7-9,,高等,冷气,lěngqì,名,277
7920,7-9,7-9,,高等,冷却,lěngquè,动,277
7921,7-9,7-9,,高等,冷战,lěngzhàn,名,278
7922,7-9,7-9,,高等,愣,lèng,动、形、副,278
7923,7-9,7-9,,高等,黎明,límíng,名,278
7924,7-9,7-9,,高等,离谱儿,lípǔr,形,278
7925,7-9,7-9,,高等,离奇,líqí,形,278
7926,7-9,7-9,,高等,理睬,lǐcǎi,动,278
7927,7-9,7-9,,高等,里程碑,lǐchéngbēi,名,278
7928,7-9,7-9,,高等,礼服,lǐfú,名,278
7929,7-9,7-9,,高等,理会,lǐhuì,动,278
7930,7-9,7-9,,高等,礼节,lǐjié,名,278
7931,7-9,7-9,,高等,礼品,lǐpǐn,名,278
7932,7-9,7-9,,高等,礼尚往来,lǐshàngwǎnglái,,278
7933,7-9,7-9,,高等,理事,lǐshì,动、名,278
7934,7-9,7-9,,高等,理所当然,lǐsuǒdāngrán,,278
7935,7-9,7-9,,高等,礼堂,lǐtáng,名,278
7936,7-9,7-9,,高等,礼仪,lǐyí,名,278
7937,7-9,7-9,,高等,鲤鱼,lǐyú,名,278
7938,7-9,7-9,,高等,理智,lǐzhì,名、形,278
7939,7-9,7-9,,高等,理直气壮,lǐzhí-qìzhuàng,,278
7940,7-9,7-9,,高等,立案,lì’àn,动,278
7941,7-9,7-9,,高等,利弊,lìbì,名,278
7942,7-9,7-9,,高等,力不从心,lìbùcóngxīn,,278
7943,7-9,7-9,,高等,历程,lìchéng,名,278
7944,7-9,7-9,,高等,历代,lìdài,名,278
7945,7-9,7-9,,高等,立法,lìfǎ,动,278
7946,7-9,7-9,,高等,立方,lìfāng,名、量,278
7947,7-9,7-9,,高等,立方米,lìfāngmǐ,量,278
7948,7-9,7-9,,高等,立功,lìgōng,动,278
7949,7-9,7-9,,高等,利害,lìhài,名,278
7950,7-9,7-9,,高等,立交桥,lìjiāoqiáo,名,278
7951,7-9,7-9,,高等,历届,lìjiè,形,278
7952,7-9,7-9,,高等,历来,lìlái,副,278
7953,7-9,7-9,,高等,莅临,lìlín,动,278
7954,7-9,7-9,,高等,利率,lìlǜ,名,278
7955,7-9,7-9,,高等,力求,lìqiú,动,278
7956,7-9,7-9,,高等,历时,lìshí,动、形,278
7957,7-9,7-9,,高等,利索,lìsuo,形,278
7958,7-9,7-9,,高等,力所能及,lìsuǒnéngjí,,278
7959,7-9,7-9,,高等,立体,lìtǐ,形、名,278
7960,7-9,7-9,,高等,力争,lìzhēng,动,278
7961,7-9,7-9,,高等,励志,lìzhì,动,279
7962,7-9,7-9,,高等,立足,lìzú,动,279
7963,7-9,7-9,,高等,连贯,liánguàn,动,279
7964,7-9,7-9,,高等,联欢,liánhuān,动,279
7965,7-9,7-9,,高等,廉价,liánjià,形,279
7966,7-9,7-9,,高等,廉洁,liánjié,形,279
7967,7-9,7-9,,高等,连连,liánlián,副,279
7968,7-9,7-9,,高等,联络,liánluò,动,279
7969,7-9,7-9,,高等,联盟,liánméng,名,279
7970,7-9,7-9,,高等,连绵,liánmián,动,279
7971,7-9,7-9,,高等,连年,liánnián,动,279
7972,7-9,7-9,,高等,连任,liánrèn,动,279
7973,7-9,7-9,,高等,联赛,liánsài,名,279
7974,7-9,7-9,,高等,联手,liánshǒu,动,279
7975,7-9,7-9,,高等,连锁,liánsuǒ,形,279
7976,7-9,7-9,,高等,连同,liántóng,连,279
7977,7-9,7-9,,高等,怜惜,liánxī,动,279
7978,7-9,7-9,,高等,连夜,liányè,副、动,279
7979,7-9,7-9,,高等,廉正,liánzhèng,形,279
7980,7-9,7-9,,高等,帘子,liánzi,名,279
7981,7-9,7-9,,高等,莲子,liánzǐ,名,279
7982,7-9,7-9,,高等,脸颊,liǎnjiá,名,279
7983,7-9,7-9,,高等,炼,liàn,动,279
7984,7-9,7-9,,高等,恋恋不舍,liànliàn-bùshě,,279
7985,7-9,7-9,,高等,良,liáng,副,279
7986,7-9,7-9,,高等,凉爽,liángshuǎng,形,279
7987,7-9,7-9,,高等,良心,liángxīn,名,279
7988,7-9,7-9,,高等,良性,liángxìng,形,279
7989,7-9,7-9,,高等,两口子,liǎngkǒuzi,名,279
7990,7-9,7-9,,高等,两栖,liǎngqī,动,279
7991,7-9,7-9,,高等,两手,liǎngshǒu,名,279
7992,7-9,7-9,,高等,两下子,liǎngxiàzi,数量、名,279
7993,7-9,7-9,,高等,两翼,liǎngyì,名,279
7994,7-9,7-9,,高等,亮点,liàngdiǎn,名,279
7995,7-9,7-9,,高等,量化,liànghuà,动,279
7996,7-9,7-9,,高等,谅解,liàngjiě,动,279
7997,7-9,7-9,,高等,亮丽,liànglì,形,279
7998,7-9,7-9,,高等,亮相,liàngxiàng,动,279
7999,7-9,7-9,,高等,潦草,liáocǎo,形,279
8000,7-9,7-9,,高等,疗法,liáofǎ,名,279
8001,7-9,7-9,,高等,辽阔,liáokuò,形,280
8002,7-9,7-9,,高等,寥寥无几,liáoliáo-wújǐ,,280
8003,7-9,7-9,,高等,疗效,liáoxiào,名,280
8004,7-9,7-9,,高等,疗养,liáoyǎng,动,280
8005,7-9,7-9,,高等,了结,liǎojié,动,280
8006,7-9,7-9,,高等,料理,liàolǐ,动、名,280
8007,7-9,7-9,,高等,咧嘴,liězuǐ,动,280
8008,7-9,7-9,,高等,裂,liè,动,280
8009,7-9,7-9,,高等,裂缝,lièfèng,动、名,280
8010,7-9,7-9,,高等,裂痕,lièhén,名,280
8011,7-9,7-9,,高等,列举,lièjǔ,动,280
8012,7-9,7-9,,高等,猎人,lièrén,名,280
8013,7-9,7-9,,高等,烈日,lièrì,名,280
8014,7-9,7-9,,高等,劣势,lièshì,名,280
8015,7-9,7-9,,高等,烈士,lièshì,名,280
8016,7-9,7-9,,高等,猎物,lièwù,名,280
8017,7-9,7-9,,高等,劣质,lièzhì,形,280
8018,7-9,7-9,,高等,拎,līn,动,280
8019,7-9,7-9,,高等,临,lín,动、介,280
8020,7-9,7-9,,高等,临床,línchuáng,动,280
8021,7-9,7-9,,高等,临街,línjiē,动,280
8022,7-9,7-9,,高等,临近,línjìn,动,280
8023,7-9,7-9,,高等,吝啬,lìnsè,形,280
8024,7-9,7-9,,高等,灵,líng,形、名,280
8025,7-9,7-9,,高等,灵感,línggǎn,名,280
8026,7-9,7-9,,高等,灵魂,línghún,名,280
8027,7-9,7-9,,高等,零件,língjiàn,名,280
8028,7-9,7-9,,高等,灵机一动,língjī-yídòng,,280
8029,7-9,7-9,,高等,灵敏,língmǐn,形,280
8030,7-9,7-9,,高等,灵巧,língqiǎo,形,280
8031,7-9,7-9,,高等,零售,língshòu,动,280
8032,7-9,7-9,,高等,零碎,língsuì,形、名,280
8033,7-9,7-9,,高等,聆听,língtīng,动,280
8034,7-9,7-9,,高等,灵通,língtōng,形,280
8035,7-9,7-9,,高等,零星,língxīng,形,280
8036,7-9,7-9,,高等,领队,lǐngduì,动、名,280
8037,7-9,7-9,,高等,领会,lǐnghuì,动,280
8038,7-9,7-9,,高等,领军,lǐngjūn,动,280
8039,7-9,7-9,,高等,领略,lǐnglüè,动,280
8040,7-9,7-9,,高等,领事,lǐngshì,名,280
8041,7-9,7-9,,高等,领事馆,lǐngshìguǎn,名,281
8042,7-9,7-9,,高等,领土,lǐngtǔ,名,281
8043,7-9,7-9,,高等,领悟,lǐngwù,动,281
8044,7-9,7-9,,高等,领袖,lǐngxiù,名,281
8045,7-9,7-9,,高等,领养,lǐngyǎng,动,281
8046,7-9,7-9,,高等,溜,liū,动,281
8047,7-9,7-9,,高等,溜达,liūda,动,281
8048,7-9,7-9,,高等,流畅,liúchàng,形,281
8049,7-9,7-9,,高等,流浪,liúlàng,动,281
8050,7-9,7-9,,高等,留恋,liúliàn,动,281
8051,7-9,7-9,,高等,流露,liúlù,动,281
8052,7-9,7-9,,高等,流氓,liúmáng,名,281
8053,7-9,7-9,,高等,留念,liúniàn,动,281
8054,7-9,7-9,,高等,流派,liúpài,名,281
8055,7-9,7-9,,高等,留神,liúshén,动,281
8056,7-9,7-9,,高等,流逝,liúshì,动,281
8057,7-9,7-9,,高等,流失,liúshī,动,281
8058,7-9,7-9,,高等,流水,liúshuǐ,名,281
8059,7-9,7-9,,高等,流淌,liútǎng,动,281
8060,7-9,7-9,,高等,流向,liúxiàng,名,281
8061,7-9,7-9,,高等,留心,liúxīn,动,281
8062,7-9,7-9,,高等,流血,liúxuè,动,281
8063,7-9,7-9,,高等,留意,liúyì,动,281
8064,7-9,7-9,,高等,流域,liúyù,名,281
8065,7-9,7-9,,高等,流转,liúzhuǎn,动,281
8066,7-9,7-9,,高等,柳树,liǔshù,名,281
8067,7-9,7-9,,高等,遛,liù,动,281
8068,7-9,7-9,,高等,聋,lóng,形,281
8069,7-9,7-9,,高等,龙头,lóngtóu,名,281
8070,7-9,7-9,,高等,隆重,lóngzhòng,形,281
8071,7-9,7-9,,高等,笼子,lóngzi,名,281
8072,7-9,7-9,,高等,垄断,lǒngduàn,动,281
8073,7-9,7-9,,高等,笼统,lǒngtǒng,形,281
8074,7-9,7-9,,高等,笼罩,lǒngzhào,动,281
8075,7-9,7-9,,高等,搂,lǒu,动,281
8076,7-9,7-9,,高等,露面,lòumiàn,动,281
8077,7-9,7-9,,高等,炉子,lúzi,名,281
8078,7-9,7-9,,高等,鲁莽,lǔmǎng,形,281
8079,7-9,7-9,,高等,卤味,lǔwèi,名,281
8080,7-9,7-9,,高等,鹿,lù,名,281
8081,7-9,7-9,,高等,露2,lù,名,282
8082,7-9,7-9,,高等,路段,lùduàn,名,282
8083,7-9,7-9,,高等,路径,lùjìng,名,282
8084,7-9,7-9,,高等,陆军,lùjūn,名,282
8085,7-9,7-9,,高等,露天,lùtiān,名、形,282
8086,7-9,7-9,,高等,路途,lùtú,名,282
8087,7-9,7-9,,高等,露营,lùyíng,动,282
8088,7-9,7-9,,高等,路子,lùzi,名,282
8089,7-9,7-9,,高等,屡,lǚ,副,282
8090,7-9,7-9,,高等,缕,lǚ,量,282
8091,7-9,7-9,,高等,屡次,lǚcì,副,282
8092,7-9,7-9,,高等,屡屡,lǚlǚ,副,282
8093,7-9,7-9,,高等,绿地,lǜdì,名,282
8094,7-9,7-9,,高等,绿洲,lǜzhōu,名,282
8095,7-9,7-9,,高等,孪生,luánshēng,形,282
8096,7-9,7-9,,高等,卵,luǎn,名,282
8097,7-9,7-9,,高等,乱七八糟,luànqībāzāo,,282
8098,7-9,7-9,,高等,略,lüè,形、动、副,282
8099,7-9,7-9,,高等,掠夺,lüèduó,动,282
8100,7-9,7-9,,高等,略微,lüèwēi,副,282
8101,7-9,7-9,,高等,抡,lūn,动,282
8102,7-9,7-9,,高等,轮换,lúnhuàn,动,282
8103,7-9,7-9,,高等,轮廓,lúnkuò,名,282
8104,7-9,7-9,,高等,伦理,lúnlǐ,名,282
8105,7-9,7-9,,高等,轮胎,lúntāi,名,282
8106,7-9,7-9,,高等,论述,lùnshù,动,282
8107,7-9,7-9,,高等,论证,lùnzhèng,动、名,282
8108,7-9,7-9,,高等,啰唆,luōsuo,形、动,282
8109,7-9,7-9,,高等,萝卜,luóbo,名,282
8110,7-9,7-9,,高等,螺丝,luósī,名,282
8111,7-9,7-9,,高等,裸,luǒ,动,282
8112,7-9,7-9,,高等,裸露,luǒlù,动,282
8113,7-9,7-9,,高等,裸体,luǒtǐ,动、名,282
8114,7-9,7-9,,高等,落差,luòchā,名,282
8115,7-9,7-9,,高等,落成,luòchéng,动,282
8116,7-9,7-9,,高等,落户,luòhù,动,282
8117,7-9,7-9,,高等,落实,luòshí,动,282
8118,7-9,7-9,,高等,络绎不绝,luòyì-bùjué,,282
8119,7-9,7-9,,高等,麻1,má,形,282
8120,7-9,7-9,,高等,麻2,má,名,282
8121,7-9,7-9,,高等,麻痹,mábì,动、形,283
8122,7-9,7-9,,高等,麻将,májiàng,名,283
8123,7-9,7-9,,高等,麻辣,málà,形,283
8124,7-9,7-9,,高等,麻木,mámù,形,283
8125,7-9,7-9,,高等,麻醉,mázuì,动,283
8126,7-9,7-9,,高等,码1,mǎ,量,283
8127,7-9,7-9,,高等,码2,mǎ,动,283
8128,7-9,7-9,,高等,马后炮,mǎhòupào,名,283
8129,7-9,7-9,,高等,马力,mǎlì,量,283
8130,7-9,7-9,,高等,马桶,mǎtǒng,名,283
8131,7-9,7-9,,高等,埋藏,máicáng,动,283
8132,7-9,7-9,,高等,埋伏,máifú,动,283
8133,7-9,7-9,,高等,埋没,máimò,动,283
8134,7-9,7-9,,高等,埋头苦干,máitóu-kǔgàn,,283
8135,7-9,7-9,,高等,埋葬,máizàng,动,283
8136,7-9,7-9,,高等,脉搏,màibó,名,283
8137,7-9,7-9,,高等,脉络,màiluò,名,283
8138,7-9,7-9,,高等,瞒,mán,动,283
8139,7-9,7-9,,高等,埋怨,mányuàn,动,283
8140,7-9,7-9,,高等,满怀,mǎnhuái,动、名,283
8141,7-9,7-9,,高等,漫,màn,动,283
8142,7-9,7-9,,高等,慢性,mànxìng,形,283
8143,7-9,7-9,,高等,蔓延,mànyán,动,283
8144,7-9,7-9,,高等,漫游,mànyóu,动,283
8145,7-9,7-9,,高等,忙活,mánghuo,动,283
8146,7-9,7-9,,高等,忙乱,mángluàn,形,283
8147,7-9,7-9,,高等,茫茫,mángmáng,形,283
8148,7-9,7-9,,高等,盲目,mángmù,形,283
8149,7-9,7-9,,高等,茫然,mángrán,形,283
8150,7-9,7-9,,高等,矛头,máotóu,名,283
8151,7-9,7-9,,高等,冒充,màochōng,动,283
8152,7-9,7-9,,高等,冒犯,màofàn,动,283
8153,7-9,7-9,,高等,冒昧,màomèi,形,283
8154,7-9,7-9,,高等,茂密,màomì,形,283
8155,7-9,7-9,,高等,茂盛,màoshèng,形,283
8156,7-9,7-9,,高等,枚,méi,量,283
8157,7-9,7-9,,高等,媒介,méijiè,名,283
8158,7-9,7-9,,高等,没劲,méijìn,动、形,283
8159,7-9,7-9,,高等,眉开眼笑,méikāi-yǎnxiào,,283
8160,7-9,7-9,,高等,煤气,méiqì,名,283
8161,7-9,7-9,,高等,煤炭,méitàn,名,284
8162,7-9,7-9,,高等,没完没了,méiwán-méiliǎo,,284
8163,7-9,7-9,,高等,没辙,méizhé,动,284
8164,7-9,7-9,,高等,没准儿,méizhǔnr,动,284
8165,7-9,7-9,,高等,美德,měidé,名,284
8166,7-9,7-9,,高等,美化,měihuà,动,284
8167,7-9,7-9,,高等,美满,měimǎn,形,284
8168,7-9,7-9,,高等,美妙,měimiào,形,284
8169,7-9,7-9,,高等,美容,měiróng,动,284
8170,7-9,7-9,,高等,美学,měixué,名,284
8171,7-9,7-9,,高等,美誉,měiyù,名,284
8172,7-9,7-9,,高等,美中不足,měizhōng-bùzú,,284
8173,7-9,7-9,,高等,美滋滋,měizīzī,形,284
8174,7-9,7-9,,高等,闷,mēn,形、动,284
8175,7-9,7-9,,高等,闷热,mēnrè,形,284
8176,7-9,7-9,,高等,门槛,ménkǎn,名,284
8177,7-9,7-9,,高等,门路,ménlu,名,284
8178,7-9,7-9,,高等,闷,mèn,形,284
8179,7-9,7-9,,高等,蒙,mēng,动,284
8180,7-9,7-9,,高等,蒙,méng,动,284
8181,7-9,7-9,,高等,萌发,méngfā,动,284
8182,7-9,7-9,,高等,朦胧,ménglóng,形,284
8183,7-9,7-9,,高等,萌芽,méngyá,动、名,284
8184,7-9,7-9,,高等,盟友,méngyǒu,名,284
8185,7-9,7-9,,高等,猛,měng,形,284
8186,7-9,7-9,,高等,猛烈,měngliè,形,284
8187,7-9,7-9,,高等,猛然,měngrán,副,284
8188,7-9,7-9,,高等,梦幻,mènghuàn,名,284
8189,7-9,7-9,,高等,梦寐以求,mèngmèiyǐqiú,,284
8190,7-9,7-9,,高等,眯,mī,动,284
8191,7-9,7-9,,高等,谜,mí,名,284
8192,7-9,7-9,,高等,谜底,mídǐ,名,284
8193,7-9,7-9,,高等,迷惑,míhuò,形、动,284
8194,7-9,7-9,,高等,迷恋,míliàn,动,284
8195,7-9,7-9,,高等,弥漫,mímàn,动,284
8196,7-9,7-9,,高等,迷失,míshī,动,284
8197,7-9,7-9,,高等,谜团,mítuán,名,284
8198,7-9,7-9,,高等,迷信,míxìn,动,284
8199,7-9,7-9,,高等,谜语,míyǔ,名,284
8200,7-9,7-9,,高等,密布,mìbù,动,284
8201,7-9,7-9,,高等,秘方,mìfāng,名,285
8202,7-9,7-9,,高等,密封,mìfēng,动,285
8203,7-9,7-9,,高等,秘诀,mìjué,名,285
8204,7-9,7-9,,高等,蜜月,mìyuè,名,285
8205,7-9,7-9,,高等,棉花,miánhuā,名,285
8206,7-9,7-9,,高等,免不了,miǎnbuliǎo,动,285
8207,7-9,7-9,,高等,免除,miǎnchú,动,285
8208,7-9,7-9,,高等,免得,miǎnde,连,285
8209,7-9,7-9,,高等,缅怀,miǎnhuái,动,285
8210,7-9,7-9,,高等,勉励,miǎnlì,动,285
8211,7-9,7-9,,高等,腼腆,miǎntiǎn,形,285
8212,7-9,7-9,,高等,免职,miǎnzhí,动,285
8213,7-9,7-9,,高等,面红耳赤,miànhóng-ěrchì,,285
8214,7-9,7-9,,高等,面孔,miànkǒng,名,285
8215,7-9,7-9,,高等,面貌,miànmào,名,285
8216,7-9,7-9,,高等,面面俱到,miànmiàn-jùdào,,285
8217,7-9,7-9,,高等,面目全非,miànmù-quánfēi,,285
8218,7-9,7-9,,高等,苗,miáo,名,285
8219,7-9,7-9,,高等,苗条,miáotiao,形,285
8220,7-9,7-9,,高等,苗头,miáotou,名,285
8221,7-9,7-9,,高等,瞄准,miáozhǔn,动,285
8222,7-9,7-9,,高等,藐视,miǎoshì,动,285
8223,7-9,7-9,,高等,渺小,miǎoxiǎo,形,285
8224,7-9,7-9,,高等,庙,miào,名,285
8225,7-9,7-9,,高等,庙会,miàohuì,名,285
8226,7-9,7-9,,高等,灭绝,mièjué,动,285
8227,7-9,7-9,,高等,蔑视,mièshì,动,285
8228,7-9,7-9,,高等,灭亡,mièwáng,动,285
8229,7-9,7-9,,高等,民办,mínbàn,形,285
8230,7-9,7-9,,高等,民居,mínjū,名,285
8231,7-9,7-9,,高等,民生,mínshēng,名,285
8232,7-9,7-9,,高等,民事,mínshì,形,285
8233,7-9,7-9,,高等,民意,mínyì,名,285
8234,7-9,7-9,,高等,民营,mínyíng,形,285
8235,7-9,7-9,,高等,民用,mínyòng,形,285
8236,7-9,7-9,,高等,敏捷,mǐnjié,形,285
8237,7-9,7-9,,高等,敏锐,mǐnruì,形,285
8238,7-9,7-9,,高等,鸣,míng,动,285
8239,7-9,7-9,,高等,名次,míngcì,名,285
8240,7-9,7-9,,高等,名副其实,míngfùqíshí,,285
8241,7-9,7-9,,高等,名贵,míngguì,形,286
8242,7-9,7-9,,高等,铭记,míngjì,动,286
8243,7-9,7-9,,高等,明朗,mínglǎng,形,286
8244,7-9,7-9,,高等,名利,mínglì,名,286
8245,7-9,7-9,,高等,明媚,míngmèi,形,286
8246,7-9,7-9,,高等,名声,míngshēng,名,286
8247,7-9,7-9,,高等,名言,míngyán,名,286
8248,7-9,7-9,,高等,名义,míngyì,名,286
8249,7-9,7-9,,高等,名誉,míngyù,名、形,286
8250,7-9,7-9,,高等,明智,míngzhì,形,286
8251,7-9,7-9,,高等,名著,míngzhù,名,286
8252,7-9,7-9,,高等,命2,mìng,动,286
8253,7-9,7-9,,高等,摸索,mōsuǒ,动,286
8254,7-9,7-9,,高等,膜,mó,名,286
8255,7-9,7-9,,高等,磨,mó,动,286
8256,7-9,7-9,,高等,摩擦,mócā,动、名,286
8257,7-9,7-9,,高等,魔法,mófǎ,名,286
8258,7-9,7-9,,高等,模范,mófàn,名、形,286
8259,7-9,7-9,,高等,蘑菇,mógu,名,286
8260,7-9,7-9,,高等,魔鬼,móguǐ,名,286
8261,7-9,7-9,,高等,磨合,móhé,动,286
8262,7-9,7-9,,高等,魔力,mólì,名,286
8263,7-9,7-9,,高等,磨炼,móliàn,动,286
8264,7-9,7-9,,高等,磨难,mónàn,名,286
8265,7-9,7-9,,高等,魔术,móshù,名,286
8266,7-9,7-9,,高等,磨损,mósǔn,动,286
8267,7-9,7-9,,高等,抹,mǒ,动、量,286
8268,7-9,7-9,,高等,抹杀,mǒshā,动,286
8269,7-9,7-9,,高等,墨,mò,名,286
8270,7-9,7-9,,高等,莫大,mòdà,形,286
8271,7-9,7-9,,高等,莫非,mòfēi,副,286
8272,7-9,7-9,,高等,茉莉,mòlì,名,286
8273,7-9,7-9,,高等,没落,mòluò,动,286
8274,7-9,7-9,,高等,莫名其妙,mòmíngqímiào,,286
8275,7-9,7-9,,高等,默默无闻,mòmò-wúwén,,286
8276,7-9,7-9,,高等,默契,mòqì,形、名,286
8277,7-9,7-9,,高等,漠然,mòrán,形,286
8278,7-9,7-9,,高等,末日,mòrì,名,286
8279,7-9,7-9,,高等,没收,mòshōu,动,286
8280,7-9,7-9,,高等,墨水,mòshuǐ,名,286
8281,7-9,7-9,,高等,谋害,móuhài,动,287
8282,7-9,7-9,,高等,谋划,móuhuà,动,287
8283,7-9,7-9,,高等,谋求,móuqiú,动,287
8284,7-9,7-9,,高等,谋取,móuqǔ,动,287
8285,7-9,7-9,,高等,谋生,móushēng,动,287
8286,7-9,7-9,,高等,亩,mǔ,量,287
8287,7-9,7-9,,高等,牡丹,mǔdan,名,287
8288,7-9,7-9,,高等,拇指,mǔzhǐ,名,287
8289,7-9,7-9,,高等,墓,mù,名,287
8290,7-9,7-9,,高等,幕,mù,量,287
8291,7-9,7-9,,高等,墓碑,mùbēi,名,287
8292,7-9,7-9,,高等,目不转睛,mùbùzhuǎnjīng,,287
8293,7-9,7-9,,高等,牧场,mùchǎng,名,287
8294,7-9,7-9,,高等,目瞪口呆,mùdèng-kǒudāi,,287
8295,7-9,7-9,,高等,墓地,mùdì,名,287
8296,7-9,7-9,,高等,目睹,mùdǔ,动,287
8297,7-9,7-9,,高等,幕后,mùhòu,名,287
8298,7-9,7-9,,高等,木匠,mùjiàng,名,287
8299,7-9,7-9,,高等,募捐,mùjuān,动,287
8300,7-9,7-9,,高等,牧民,mùmín,名,287
8301,7-9,7-9,,高等,木偶,mù’ǒu,名,287
8302,7-9,7-9,,高等,沐浴,mùyù,动,287
8303,7-9,7-9,,高等,目中无人,mùzhōng-wúrén,,287
8304,7-9,7-9,,高等,拿手,náshǒu,形,287
8305,7-9,7-9,,高等,呐喊,nàhǎn,动,287
8306,7-9,7-9,,高等,纳闷儿,nàmènr,动,287
8307,7-9,7-9,,高等,纳入,nàrù,动,287
8308,7-9,7-9,,高等,纳税,nàshuì,动,287
8309,7-9,7-9,,高等,纳税人,nàshuìrén,名,287
8310,7-9,7-9,,高等,乃,nǎi,副,287
8311,7-9,7-9,,高等,奶酪,nǎilào,名,287
8312,7-9,7-9,,高等,乃至,nǎizhì,连,287
8313,7-9,7-9,,高等,耐,nài,动,287
8314,7-9,7-9,,高等,耐人寻味,nàirénxúnwèi,,287
8315,7-9,7-9,,高等,耐用,nàiyòng,形,287
8316,7-9,7-9,,高等,难处,nánchù,名,287
8317,7-9,7-9,,高等,难得一见,nándé yí jiàn,,287
8318,7-9,7-9,,高等,男方,nánfāng,名,287
8319,7-9,7-9,,高等,南瓜,nánguā,名,287
8320,7-9,7-9,,高等,难怪,nánguài,动、副,287
8321,7-9,7-9,,高等,难关,nánguān,名,288
8322,7-9,7-9,,高等,难堪,nánkān,动、形,288
8323,7-9,7-9,,高等,难能可贵,nánnéng-kěguì,,288
8324,7-9,7-9,,高等,难为情,nánwéiqíng,形,288
8325,7-9,7-9,,高等,难以置信,nányǐ-zhìxìn,,288
8326,7-9,7-9,,高等,南辕北辙,nányuán-běizhé,,288
8327,7-9,7-9,,高等,挠,náo,动,288
8328,7-9,7-9,,高等,脑海,nǎohǎi,名,288
8329,7-9,7-9,,高等,恼火,nǎohuǒ,形,288
8330,7-9,7-9,,高等,恼羞成怒,nǎoxiū-chéngnù,,288
8331,7-9,7-9,,高等,闹事,nàoshì,动,288
8332,7-9,7-9,,高等,内存,nèicún,名,288
8333,7-9,7-9,,高等,内地,nèidì,名,288
8334,7-9,7-9,,高等,内行,nèiháng,形、名,288
8335,7-9,7-9,,高等,内幕,nèimù,名,288
8336,7-9,7-9,,高等,内向,nèixiàng,形,288
8337,7-9,7-9,,高等,内需,nèixū,名,288
8338,7-9,7-9,,高等,内在,nèizài,形,288
8339,7-9,7-9,,高等,内脏,nèizàng,名,288
8340,7-9,7-9,,高等,嫩,nèn,形,288
8341,7-9,7-9,,高等,能耗,nénghào,名,288
8342,7-9,7-9,,高等,能耐,néngnai,名、形,288
8343,7-9,7-9,,高等,能人,néngrén,名,288
8344,7-9,7-9,,高等,泥泞,nínìng,形,288
8345,7-9,7-9,,高等,泥潭,nítán,名,288
8346,7-9,7-9,,高等,泥土,nítǔ,名,288
8347,7-9,7-9,,高等,拟,nǐ,动,288
8348,7-9,7-9,,高等,拟定,nǐdìng,动,288
8349,7-9,7-9,,高等,逆,nì,动,288
8350,7-9,7-9,,高等,逆境,nìjìng,名,288
8351,7-9,7-9,,高等,匿名,nìmíng,动,288
8352,7-9,7-9,,高等,溺水,nìshuǐ,动,288
8353,7-9,7-9,,高等,逆行,nìxíng,动,288
8354,7-9,7-9,,高等,黏,nián,形,288
8355,7-9,7-9,,高等,年报,niánbào,名,288
8356,7-9,7-9,,高等,年画,niánhuà,名,288
8357,7-9,7-9,,高等,年均,niánjūn,动,288
8358,7-9,7-9,,高等,年轮,niánlún,名,288
8359,7-9,7-9,,高等,年迈,niánmài,形,288
8360,7-9,7-9,,高等,年限,niánxiàn,名,288
8361,7-9,7-9,,高等,年薪,niánxīn,名,289
8362,7-9,7-9,,高等,撵,niǎn,动,289
8363,7-9,7-9,,高等,念念不忘,niànniàn-búwàng,,289
8364,7-9,7-9,,高等,念头,niàntou,名,289
8365,7-9,7-9,,高等,娘,niáng,名,289
8366,7-9,7-9,,高等,酿造,niàngzào,动,289
8367,7-9,7-9,,高等,鸟巢,niǎocháo,名,289
8368,7-9,7-9,,高等,尿,niào,名、动,289
8369,7-9,7-9,,高等,捏,niē,动,289
8370,7-9,7-9,,高等,拧,níng,动,289
8371,7-9,7-9,,高等,凝固,nínggù,动,289
8372,7-9,7-9,,高等,凝结,níngjié,动,289
8373,7-9,7-9,,高等,宁静,níngjìng,形,289
8374,7-9,7-9,,高等,凝聚,níngjù,动,289
8375,7-9,7-9,,高等,凝视,níngshì,动,289
8376,7-9,7-9,,高等,拧,nǐng,动,289
8377,7-9,7-9,,高等,宁可,nìngkě,副,289
8378,7-9,7-9,,高等,宁愿,nìngyuàn,副,289
8379,7-9,7-9,,高等,纽带,niǔdài,名,289
8380,7-9,7-9,,高等,纽扣,niǔkòu,名,289
8381,7-9,7-9,,高等,扭曲,niǔqū,动,289
8382,7-9,7-9,,高等,扭头,niǔtóu,动,289
8383,7-9,7-9,,高等,扭转,niǔzhuǎn,动,289
8384,7-9,7-9,,高等,农场,nóngchǎng,名,289
8385,7-9,7-9,,高等,农历,nónglì,名,289
8386,7-9,7-9,,高等,农民工,nóngmíngōng,名,289
8387,7-9,7-9,,高等,浓缩,nóngsuō,动,289
8388,7-9,7-9,,高等,浓郁,nóngyù,形,289
8389,7-9,7-9,,高等,浓重,nóngzhòng,形,289
8390,7-9,7-9,,高等,弄虚作假,nòngxū-zuòjiǎ,,289
8391,7-9,7-9,,高等,奴隶,núlì,名,289
8392,7-9,7-9,,高等,女方,nǚfāng,名,289
8393,7-9,7-9,,高等,女婿,nǚxu,名,289
8394,7-9,7-9,,高等,暖烘烘,nuǎnhōnghōng,形,289
8395,7-9,7-9,,高等,虐待,nüèdài,动,289
8396,7-9,7-9,,高等,挪,nuó,动,289
8397,7-9,7-9,,高等,诺言,nuòyán,名,289
8398,7-9,7-9,,高等,殴打,ōudǎ,动,289
8399,7-9,7-9,,高等,呕吐,ǒutù,动,289
8400,7-9,7-9,,高等,趴,pā,动,289
8401,7-9,7-9,,高等,拍板,pāibǎn,动,290
8402,7-9,7-9,,高等,拍卖,pāimài,动,290
8403,7-9,7-9,,高等,排查,páichá,动,290
8404,7-9,7-9,,高等,排斥,páichì,动,290
8405,7-9,7-9,,高等,排行榜,páihángbǎng,名,290
8406,7-9,7-9,,高等,徘徊,páihuái,动,290
8407,7-9,7-9,,高等,牌照,páizhào,名,290
8408,7-9,7-9,,高等,派别,pàibié,名,290
8409,7-9,7-9,,高等,派遣,pàiqiǎn,动,290
8410,7-9,7-9,,高等,攀,pān,动,290
8411,7-9,7-9,,高等,攀登,pāndēng,动,290
8412,7-9,7-9,,高等,攀升,pānshēng,动,290
8413,7-9,7-9,,高等,盘算,pánsuan,动,290
8414,7-9,7-9,,高等,盘旋,pánxuán,动,290
8415,7-9,7-9,,高等,判,pàn,动,290
8416,7-9,7-9,,高等,盼,pàn,动,290
8417,7-9,7-9,,高等,判处,pànchǔ,动,290
8418,7-9,7-9,,高等,判定,pàndìng,动,290
8419,7-9,7-9,,高等,判决,pànjué,动,290
8420,7-9,7-9,,高等,叛逆,pànnì,动、名,290
8421,7-9,7-9,,高等,旁人,pángrén,代,290
8422,7-9,7-9,,高等,螃蟹,pángxiè,名,290
8423,7-9,7-9,,高等,胖乎乎,pànghūhū,形,290
8424,7-9,7-9,,高等,抛弃,pāoqì,动,290
8425,7-9,7-9,,高等,刨,páo,动,290
8426,7-9,7-9,,高等,跑龙套,pǎo lóngtào,,290
8427,7-9,7-9,,高等,炮,pào,名,290
8428,7-9,7-9,,高等,泡沫,pàomò,名,290
8429,7-9,7-9,,高等,胚胎,pēitāi,名,290
8430,7-9,7-9,,高等,佩戴,pèidài,动,290
8431,7-9,7-9,,高等,配方,pèifāng,动、名,290
8432,7-9,7-9,,高等,配件,pèijiàn,名,290
8433,7-9,7-9,,高等,配角,pèijué,名,290
8434,7-9,7-9,,高等,配偶,pèi’ǒu,名,290
8435,7-9,7-9,,高等,配音,pèiyīn,动,290
8436,7-9,7-9,,高等,配置,pèizhì,动,290
8437,7-9,7-9,,高等,喷泉,pēnquán,名,290
8438,7-9,7-9,,高等,盆地,péndì,名,290
8439,7-9,7-9,,高等,抨击,pēngjī,动,290
8440,7-9,7-9,,高等,烹饪,pēngrèn,动,290
8441,7-9,7-9,,高等,烹调,pēngtiáo,动,291
8442,7-9,7-9,,高等,棚,péng,名,291
8443,7-9,7-9,,高等,蓬勃,péngbó,形,291
8444,7-9,7-9,,高等,鹏程万里,péngchéng-wànlǐ,,291
8445,7-9,7-9,,高等,澎湃,péngpài,形,291
8446,7-9,7-9,,高等,膨胀,péngzhàng,动,291
8447,7-9,7-9,,高等,捧场,pěngchǎng,动,291
8448,7-9,7-9,,高等,碰钉子,pèng dīngzi,,291
8449,7-9,7-9,,高等,碰巧,pèngqiǎo,副,291
8450,7-9,7-9,,高等,劈,pī,动,291
8451,7-9,7-9,,高等,批发,pīfā,动,291
8452,7-9,7-9,,高等,披露,pīlù,动,291
8453,7-9,7-9,,高等,批判,pīpàn,动,291
8454,7-9,7-9,,高等,脾,pí,名,291
8455,7-9,7-9,,高等,疲惫,píbèi,形,291
8456,7-9,7-9,,高等,皮革,pígé,名,291
8457,7-9,7-9,,高等,疲倦,píjuàn,形,291
8458,7-9,7-9,,高等,匹配,pǐpèi,动,291
8459,7-9,7-9,,高等,屁股,pìgu,名,291
8460,7-9,7-9,,高等,僻静,pìjìng,形,291
8461,7-9,7-9,,高等,媲美,pìměi,动,291
8462,7-9,7-9,,高等,譬如,pìrú,动,291
8463,7-9,7-9,,高等,偏,piān,形、动、副,291
8464,7-9,7-9,,高等,偏爱,piān’ài,动,291
8465,7-9,7-9,,高等,偏差,piānchā,名,291
8466,7-9,7-9,,高等,篇幅,piānfú,名,291
8467,7-9,7-9,,高等,偏见,piānjiàn,名,291
8468,7-9,7-9,,高等,偏离,piānlí,动,291
8469,7-9,7-9,,高等,偏旁,piānpáng,名,291
8470,7-9,7-9,,高等,偏僻,piānpì,形,291
8471,7-9,7-9,,高等,偏偏,piānpiān,副,291
8472,7-9,7-9,,高等,偏向,piānxiàng,名、动,291
8473,7-9,7-9,,高等,偏远,piānyuǎn,形,291
8474,7-9,7-9,,高等,片子,piānzi,名,291
8475,7-9,7-9,,高等,片段,piànduàn,名,291
8476,7-9,7-9,,高等,漂泊,piāobó,动,291
8477,7-9,7-9,,高等,飘浮,piāofú,动,291
8478,7-9,7-9,,高等,漂浮,piāofú,动,291
8479,7-9,7-9,,高等,漂流,piāoliú,动,291
8480,7-9,7-9,,高等,飘扬,piāoyáng,动,291
8481,7-9,7-9,,高等,票房,piàofáng,名,292
8482,7-9,7-9,,高等,撇,piě,动、名,292
8483,7-9,7-9,,高等,拼搏,pīnbó,动,292
8484,7-9,7-9,,高等,拼接,pīnjiē,动,292
8485,7-9,7-9,,高等,拼命,pīnmìng,动、副,292
8486,7-9,7-9,,高等,贫乏,pínfá,形,292
8487,7-9,7-9,,高等,频频,pínpín,副,292
8488,7-9,7-9,,高等,贫穷,pínqióng,形,292
8489,7-9,7-9,,高等,品德,pǐndé,名,292
8490,7-9,7-9,,高等,品位,pǐnwèi,名,292
8491,7-9,7-9,,高等,品味,pǐnwèi,动、名,292
8492,7-9,7-9,,高等,品行,pǐnxíng,名,292
8493,7-9,7-9,,高等,聘,pìn,动,292
8494,7-9,7-9,,高等,聘任,pìnrèn,动,292
8495,7-9,7-9,,高等,聘用,pìnyòng,动,292
8496,7-9,7-9,,高等,屏蔽,píngbì,动,292
8497,7-9,7-9,,高等,平淡,píngdàn,形,292
8498,7-9,7-9,,高等,评定,píngdìng,动,292
8499,7-9,7-9,,高等,平房,píngfáng,名,292
8500,7-9,7-9,,高等,平和,pínghé,形,292
8501,7-9,7-9,,高等,平价,píngjià,动、名,292
8502,7-9,7-9,,高等,瓶颈,píngjǐng,名,292
8503,7-9,7-9,,高等,平面,píngmiàn,名,292
8504,7-9,7-9,,高等,评判,píngpàn,动,292
8505,7-9,7-9,,高等,平日,píngrì,名,292
8506,7-9,7-9,,高等,评审,píngshěn,动、名,292
8507,7-9,7-9,,高等,萍水相逢,píngshuǐ-xiāngféng,,292
8508,7-9,7-9,,高等,平坦,píngtǎn,形,292
8509,7-9,7-9,,高等,评委,píngwěi,名,292
8510,7-9,7-9,,高等,平稳,píngwěn,形,292
8511,7-9,7-9,,高等,平息,píngxī,动,292
8512,7-9,7-9,,高等,平行,píngxíng,形、动,292
8513,7-9,7-9,,高等,平庸,píngyōng,形,292
8514,7-9,7-9,,高等,平原,píngyuán,名,292
8515,7-9,7-9,,高等,屏障,píngzhàng,名,292
8516,7-9,7-9,,高等,凭证,píngzhèng,名,292
8517,7-9,7-9,,高等,颇,pō,副,292
8518,7-9,7-9,,高等,泼冷水,pō lěngshuǐ,,292
8519,7-9,7-9,,高等,破案,pò’àn,动,292
8520,7-9,7-9,,高等,迫不及待,pòbùjídài,,292
8521,7-9,7-9,,高等,破除,pòchú,动,293
8522,7-9,7-9,,高等,迫害,pòhài,动,293
8523,7-9,7-9,,高等,破解,pòjiě,动,293
8524,7-9,7-9,,高等,破旧,pòjiù,形,293
8525,7-9,7-9,,高等,破例,pòlì,动,293
8526,7-9,7-9,,高等,魄力,pòlì,名,293
8527,7-9,7-9,,高等,破裂,pòliè,动,293
8528,7-9,7-9,,高等,破灭,pòmiè,动,293
8529,7-9,7-9,,高等,迫使,pòshǐ,动,293
8530,7-9,7-9,,高等,破碎,pòsuì,动,293
8531,7-9,7-9,,高等,扑克,pūkè,名,293
8532,7-9,7-9,,高等,铺路,pūlù,动,293
8533,7-9,7-9,,高等,扑面而来,pūmiàn’érlái,,293
8534,7-9,7-9,,高等,菩萨,púsà,名,293
8535,7-9,7-9,,高等,谱,pǔ,名、动,293
8536,7-9,7-9,,高等,朴实,pǔshí,形,293
8537,7-9,7-9,,高等,瀑布,pùbù,名,293
8538,7-9,7-9,,高等,沏,qī,动,293
8539,7-9,7-9,,高等,漆,qī,名、动,293
8540,7-9,7-9,,高等,欺负,qīfu,动,293
8541,7-9,7-9,,高等,漆黑,qīhēi,形,293
8542,7-9,7-9,,高等,凄凉,qīliáng,形,293
8543,7-9,7-9,,高等,期盼,qīpàn,动,293
8544,7-9,7-9,,高等,蹊跷,qīqiao,形,293
8545,7-9,7-9,,高等,欺诈,qīzhà,动,293
8546,7-9,7-9,,高等,七嘴八舌,qīzuǐ-bāshé,,293
8547,7-9,7-9,,高等,祈祷,qídǎo,动,293
8548,7-9,7-9,,高等,奇观,qíguān,名,293
8549,7-9,7-9,,高等,奇妙,qímiào,形,293
8550,7-9,7-9,,高等,旗袍,qípáo,名,293
8551,7-9,7-9,,高等,崎岖,qíqū,形,293
8552,7-9,7-9,,高等,歧视,qíshì,动,293
8553,7-9,7-9,,高等,奇特,qítè,形,293
8554,7-9,7-9,,高等,齐心协力,qíxīn-xiélì,,293
8555,7-9,7-9,,高等,旗帜,qízhì,名,293
8556,7-9,7-9,,高等,起步,qǐbù,动,293
8557,7-9,7-9,,高等,起草,qǐcǎo,动,293
8558,7-9,7-9,,高等,启程,qǐchéng,动,293
8559,7-9,7-9,,高等,起程,qǐchéng,动,293
8560,7-9,7-9,,高等,启迪,qǐdí,动,293
8561,7-9,7-9,,高等,起伏,qǐfú,动,294
8562,7-9,7-9,,高等,乞丐,qǐgài,名,294
8563,7-9,7-9,,高等,起哄,qǐhòng,动,294
8564,7-9,7-9,,高等,起劲,qǐjìn,形,294
8565,7-9,7-9,,高等,起码,qǐmǎ,形,294
8566,7-9,7-9,,高等,启蒙,qǐméng,动,294
8567,7-9,7-9,,高等,起跑线,qǐpǎoxiàn,名,294
8568,7-9,7-9,,高等,乞求,qǐqiú,动,294
8569,7-9,7-9,,高等,起诉,qǐsù,动,294
8570,7-9,7-9,,高等,乞讨,qǐtǎo,动,294
8571,7-9,7-9,,高等,企图,qǐtú,动、名,294
8572,7-9,7-9,,高等,启用,qǐyòng,动,294
8573,7-9,7-9,,高等,岂有此理,qǐyǒucǐlǐ,,294
8574,7-9,7-9,,高等,器材,qìcái,名,294
8575,7-9,7-9,,高等,气愤,qìfèn,形,294
8576,7-9,7-9,,高等,气管,qìguǎn,名,294
8577,7-9,7-9,,高等,器官,qìguān,名,294
8578,7-9,7-9,,高等,契机,qìjī,名,294
8579,7-9,7-9,,高等,迄今,qìjīn,动,294
8580,7-9,7-9,,高等,器具,qìjù,名,294
8581,7-9,7-9,,高等,气流,qìliú,名,294
8582,7-9,7-9,,高等,气馁,qìněi,形,294
8583,7-9,7-9,,高等,气派,qìpài,名、形,294
8584,7-9,7-9,,高等,气泡,qìpào,名,294
8585,7-9,7-9,,高等,气魄,qìpò,名,294
8586,7-9,7-9,,高等,弃权,qìquán,动,294
8587,7-9,7-9,,高等,气色,qìsè,名,294
8588,7-9,7-9,,高等,气势,qìshì,名,294
8589,7-9,7-9,,高等,气息,qìxī,名,294
8590,7-9,7-9,,高等,气象,qìxiàng,名,294
8591,7-9,7-9,,高等,器械,qìxiè,名,294
8592,7-9,7-9,,高等,气压,qìyā,名,294
8593,7-9,7-9,,高等,契约,qìyuē,名,294
8594,7-9,7-9,,高等,器重,qìzhòng,动,294
8595,7-9,7-9,,高等,掐,qiā,动,294
8596,7-9,7-9,,高等,卡,qiǎ,动、名,294
8597,7-9,7-9,,高等,恰到好处,qiàdào-hǎochù,,294
8598,7-9,7-9,,高等,恰巧,qiàqiǎo,副,294
8599,7-9,7-9,,高等,恰如其分,qiàrú-qífèn,,294
8600,7-9,7-9,,高等,洽谈,qiàtán,动,294
8601,7-9,7-9,,高等,迁,qiān,动,295
8602,7-9,7-9,,高等,签2,qiān,名,295
8603,7-9,7-9,,高等,千变万化,qiānbiàn-wànhuà,,295
8604,7-9,7-9,,高等,牵扯,qiānchě,动,295
8605,7-9,7-9,,高等,千方百计,qiānfāng-bǎijì,,295
8606,7-9,7-9,,高等,牵挂,qiānguà,动,295
8607,7-9,7-9,,高等,迁就,qiānjiù,动,295
8608,7-9,7-9,,高等,千军万马,qiānjūn-wànmǎ,,295
8609,7-9,7-9,,高等,千钧一发,qiānjūn-yífà,,295
8610,7-9,7-9,,高等,牵涉,qiānshè,动,295
8611,7-9,7-9,,高等,签署,qiānshǔ,动,295
8612,7-9,7-9,,高等,牵头,qiāntóu,动,295
8613,7-9,7-9,,高等,迁徙,qiānxǐ,动,295
8614,7-9,7-9,,高等,谦逊,qiānxùn,形,295
8615,7-9,7-9,,高等,迁移,qiānyí,动,295
8616,7-9,7-9,,高等,签约,qiānyuē,动,295
8617,7-9,7-9,,高等,牵制,qiānzhì,动,295
8618,7-9,7-9,,高等,千姿百态,qiānzī-bǎitài,,295
8619,7-9,7-9,,高等,前辈,qiánbèi,名,295
8620,7-9,7-9,,高等,钱财,qiáncái,名,295
8621,7-9,7-9,,高等,前程,qiánchéng,名,295
8622,7-9,7-9,,高等,虔诚,qiánchéng,形,295
8623,7-9,7-9,,高等,潜伏,qiánfú,动,295
8624,7-9,7-9,,高等,前赴后继,qiánfù-hòujì,,295
8625,7-9,7-9,,高等,潜能,qiánnéng,名,295
8626,7-9,7-9,,高等,前任,qiánrèn,名,295
8627,7-9,7-9,,高等,潜入,qiánrù,动,295
8628,7-9,7-9,,高等,潜水,qiánshuǐ,动,295
8629,7-9,7-9,,高等,前所未有,qiánsuǒwèiyǒu,,295
8630,7-9,7-9,,高等,前台,qiántái,名,295
8631,7-9,7-9,,高等,潜艇,qiántǐng,名,295
8632,7-9,7-9,,高等,前无古人,qiánwúgǔrén,,295
8633,7-9,7-9,,高等,前夕,qiánxī,名,295
8634,7-9,7-9,,高等,前线,qiánxiàn,名,295
8635,7-9,7-9,,高等,潜心,qiánxīn,动,295
8636,7-9,7-9,,高等,前沿,qiányán,名,295
8637,7-9,7-9,,高等,潜移默化,qiányí-mòhuà,,295
8638,7-9,7-9,,高等,潜在,qiánzài,形,295
8639,7-9,7-9,,高等,浅显,qiǎnxiǎn,形,295
8640,7-9,7-9,,高等,谴责,qiǎnzé,动,295
8641,7-9,7-9,,高等,欠缺,qiànquē,动、名,296
8642,7-9,7-9,,高等,欠条,qiàntiáo,名,296
8643,7-9,7-9,,高等,歉意,qiànyì,名,296
8644,7-9,7-9,,高等,呛,qiāng,动,296
8645,7-9,7-9,,高等,腔,qiāng,名,296
8646,7-9,7-9,,高等,枪毙,qiāngbì,动,296
8647,7-9,7-9,,高等,强盗,qiángdào,名,296
8648,7-9,7-9,,高等,强加,qiángjiā,动,296
8649,7-9,7-9,,高等,强劲,qiángjìng,形,296
8650,7-9,7-9,,高等,强势,qiángshì,名,296
8651,7-9,7-9,,高等,强项,qiángxiàng,名,296
8652,7-9,7-9,,高等,强行,qiángxíng,副,296
8653,7-9,7-9,,高等,强硬,qiángyìng,形,296
8654,7-9,7-9,,高等,强占,qiángzhàn,动,296
8655,7-9,7-9,,高等,强制,qiángzhì,动,296
8656,7-9,7-9,,高等,抢夺,qiǎngduó,动,296
8657,7-9,7-9,,高等,抢劫,qiǎngjié,动,296
8658,7-9,7-9,,高等,抢眼,qiǎngyǎn,形,296
8659,7-9,7-9,,高等,呛,qiàng,动,296
8660,7-9,7-9,,高等,敲诈,qiāozhà,动,296
8661,7-9,7-9,,高等,憔悴,qiáocuì,形,296
8662,7-9,7-9,,高等,巧合,qiǎohé,形,296
8663,7-9,7-9,,高等,翘,qiào,动,296
8664,7-9,7-9,,高等,撬,qiào,动,296
8665,7-9,7-9,,高等,窍门,qiàomén,名,296
8666,7-9,7-9,,高等,切除,qiēchú,动,296
8667,7-9,7-9,,高等,切磋,qiēcuō,动,296
8668,7-9,7-9,,高等,切割,qiēgē,动,296
8669,7-9,7-9,,高等,切换,qiēhuàn,动,296
8670,7-9,7-9,,高等,且,qiě,连,296
8671,7-9,7-9,,高等,锲而不舍,qiè’érbùshě,,296
8672,7-9,7-9,,高等,切记,qièjì,动,296
8673,7-9,7-9,,高等,切忌,qièjì,动,296
8674,7-9,7-9,,高等,窃取,qièqǔ,动,296
8675,7-9,7-9,,高等,切身,qièshēn,形,296
8676,7-9,7-9,,高等,惬意,qièyì,形,296
8677,7-9,7-9,,高等,侵犯,qīnfàn,动,296
8678,7-9,7-9,,高等,侵害,qīnhài,动,296
8679,7-9,7-9,,高等,亲和力,qīnhélì,名,296
8680,7-9,7-9,,高等,亲近,qīnjìn,形、动,296
8681,7-9,7-9,,高等,侵略,qīnlüè,动,297
8682,7-9,7-9,,高等,钦佩,qīnpèi,动,297
8683,7-9,7-9,,高等,侵权,qīnquán,动,297
8684,7-9,7-9,,高等,亲热,qīnrè,形、动,297
8685,7-9,7-9,,高等,亲身,qīnshēn,形,297
8686,7-9,7-9,,高等,亲生,qīnshēng,形,297
8687,7-9,7-9,,高等,亲手,qīnshǒu,副,297
8688,7-9,7-9,,高等,亲眼,qīnyǎn,副,297
8689,7-9,7-9,,高等,侵占,qīnzhàn,动,297
8690,7-9,7-9,,高等,勤工俭学,qíngōng-jiǎnxué,,297
8691,7-9,7-9,,高等,勤俭,qínjiǎn,形,297
8692,7-9,7-9,,高等,勤快,qínkuai,形,297
8693,7-9,7-9,,高等,琴棋书画,qín-qí-shū-huà,,297
8694,7-9,7-9,,高等,寝室,qǐnshì,名,297
8695,7-9,7-9,,高等,轻而易举,qīng’éryìjǔ,,297
8696,7-9,7-9,,高等,清澈,qīngchè,形,297
8697,7-9,7-9,,高等,清除,qīngchú,动,297
8698,7-9,7-9,,高等,清脆,qīngcuì,形,297
8699,7-9,7-9,,高等,清单,qīngdān,名,297
8700,7-9,7-9,,高等,倾倒,qīngdǎo,动,297
8701,7-9,7-9,,高等,倾家荡产,qīngjiā-dàngchǎn,,297
8702,7-9,7-9,,高等,清静,qīngjìng,形,297
8703,7-9,7-9,,高等,青睐,qīnglài,动,297
8704,7-9,7-9,,高等,清凉,qīngliáng,形,297
8705,7-9,7-9,,高等,轻蔑,qīngmiè,动,297
8706,7-9,7-9,,高等,轻视,qīngshì,动,297
8707,7-9,7-9,,高等,倾诉,qīngsù,动,297
8708,7-9,7-9,,高等,青铜器,qīngtóngqì,名,297
8709,7-9,7-9,,高等,轻微,qīngwēi,形,297
8710,7-9,7-9,,高等,倾销,qīngxiāo,动,297
8711,7-9,7-9,,高等,倾斜,qīngxié,动,297
8712,7-9,7-9,,高等,清新,qīngxīn,形,297
8713,7-9,7-9,,高等,轻型,qīngxíng,形,297
8714,7-9,7-9,,高等,情报,qíngbào,名,297
8715,7-9,7-9,,高等,情不自禁,qíngbúzìjīn,,297
8716,7-9,7-9,,高等,情调,qíngdiào,名,297
8717,7-9,7-9,,高等,情怀,qínghuái,名,297
8718,7-9,7-9,,高等,情结,qíngjié,名,297
8719,7-9,7-9,,高等,情境,qíngjìng,名,297
8720,7-9,7-9,,高等,情理,qínglǐ,名,297
8721,7-9,7-9,,高等,情侣,qínglǚ,名,298
8722,7-9,7-9,,高等,情人,qíngrén,名,298
8723,7-9,7-9,,高等,情商,qíngshāng,名,298
8724,7-9,7-9,,高等,情谊,qíngyì,名,298
8725,7-9,7-9,,高等,情愿,qíngyuàn,动、副,298
8726,7-9,7-9,,高等,请柬,qǐngjiǎn,名,298
8727,7-9,7-9,,高等,请示,qǐngshì,动,298
8728,7-9,7-9,,高等,请帖,qǐngtiě,名,298
8729,7-9,7-9,,高等,庆典,qìngdiǎn,名,298
8730,7-9,7-9,,高等,庆贺,qìnghè,动,298
8731,7-9,7-9,,高等,庆幸,qìngxìng,动,298
8732,7-9,7-9,,高等,丘陵,qiūlíng,名,298
8733,7-9,7-9,,高等,囚犯,qiúfàn,名,298
8734,7-9,7-9,,高等,求同存异,qiútóng-cúnyì,,298
8735,7-9,7-9,,高等,求学,qiúxué,动,298
8736,7-9,7-9,,高等,求医,qiúyī,动,298
8737,7-9,7-9,,高等,求证,qiúzhèng,动,298
8738,7-9,7-9,,高等,驱动,qūdòng,动,298
8739,7-9,7-9,,高等,屈服,qūfú,动,298
8740,7-9,7-9,,高等,区间,qūjiān,名,298
8741,7-9,7-9,,高等,区区,qūqū,形,298
8742,7-9,7-9,,高等,曲线,qūxiàn,名,298
8743,7-9,7-9,,高等,趋于,qūyú,动,298
8744,7-9,7-9,,高等,曲折,qūzhé,形,298
8745,7-9,7-9,,高等,驱逐,qūzhú,动,298
8746,7-9,7-9,,高等,取而代之,qǔ’érdàizhī,,298
8747,7-9,7-9,,高等,取材,qǔcái,动,298
8748,7-9,7-9,,高等,取缔,qǔdì,动,298
8749,7-9,7-9,,高等,取经,qǔjīng,动,298
8750,7-9,7-9,,高等,取决,qǔjué,动,298
8751,7-9,7-9,,高等,取暖,qǔnuǎn,动,298
8752,7-9,7-9,,高等,取胜,qǔshèng,动,298
8753,7-9,7-9,,高等,取笑,qǔxiào,动,298
8754,7-9,7-9,,高等,曲艺,qǔyì,名,298
8755,7-9,7-9,,高等,去除,qùchú,动,298
8756,7-9,7-9,,高等,去处,qùchù,名,298
8757,7-9,7-9,,高等,去向,qùxiàng,名,298
8758,7-9,7-9,,高等,圈套,quāntào,名,298
8759,7-9,7-9,,高等,圈子,quānzi,名,298
8760,7-9,7-9,,高等,拳,quán,名、动,298
8761,7-9,7-9,,高等,全方位,quánfāngwèi,名,299
8762,7-9,7-9,,高等,权衡,quánhéng,动,299
8763,7-9,7-9,,高等,拳击,quánjī,名,299
8764,7-9,7-9,,高等,全局,quánjú,名,299
8765,7-9,7-9,,高等,全力以赴,quánlìyǐfù,,299
8766,7-9,7-9,,高等,全能,quánnéng,形,299
8767,7-9,7-9,,高等,全身心,quánshēnxīn,副,299
8768,7-9,7-9,,高等,诠释,quánshì,动,299
8769,7-9,7-9,,高等,拳头,quántóu,名,299
8770,7-9,7-9,,高等,权威,quánwēi,名、形,299
8771,7-9,7-9,,高等,权限,quánxiàn,名,299
8772,7-9,7-9,,高等,全心全意,quánxīn-quányì,,299
8773,7-9,7-9,,高等,权益,quányì,名,299
8774,7-9,7-9,,高等,劝告,quàngào,动、名,299
8775,7-9,7-9,,高等,劝说,quànshuō,动,299
8776,7-9,7-9,,高等,劝阻,quànzǔ,动,299
8777,7-9,7-9,,高等,缺口,quēkǒu,名,299
8778,7-9,7-9,,高等,缺失,quēshī,名、动,299
8779,7-9,7-9,,高等,缺席,quēxí,动,299
8780,7-9,7-9,,高等,瘸,qué,动,299
8781,7-9,7-9,,高等,确切,quèqiè,形,299
8782,7-9,7-9,,高等,确信,quèxìn,动,299
8783,7-9,7-9,,高等,确凿,quèzáo,形,299
8784,7-9,7-9,,高等,确诊,quèzhěn,动,299
8785,7-9,7-9,,高等,燃放,ránfàng,动,299
8786,7-9,7-9,,高等,燃气,ránqì,名,299
8787,7-9,7-9,,高等,燃油,rányóu,名,299
8788,7-9,7-9,,高等,嚷,rǎng,动,299
8789,7-9,7-9,,高等,让步,ràngbù,动,299
8790,7-9,7-9,,高等,饶,ráo,动,299
8791,7-9,7-9,,高等,饶恕,ráoshù,动,299
8792,7-9,7-9,,高等,扰乱,rǎoluàn,动,299
8793,7-9,7-9,,高等,绕行,ràoxíng,动,299
8794,7-9,7-9,,高等,绕远儿,ràoyuǎnr,动、形,299
8795,7-9,7-9,,高等,惹,rě,动,299
8796,7-9,7-9,,高等,热潮,rècháo,名,299
8797,7-9,7-9,,高等,热带,rèdài,名,299
8798,7-9,7-9,,高等,热泪盈眶,rèlèi-yíngkuàng,,299
8799,7-9,7-9,,高等,热腾腾,rèténgténg,形,299
8800,7-9,7-9,,高等,热销,rèxiāo,动,299
8801,7-9,7-9,,高等,热衷,rèzhōng,动,300
8802,7-9,7-9,,高等,仁慈,réncí,形,300
8803,7-9,7-9,,高等,人次,réncì,量,300
8804,7-9,7-9,,高等,人道,réndào,名、形,300
8805,7-9,7-9,,高等,人格,réngé,名,300
8806,7-9,7-9,,高等,人间,rénjiān,名,300
8807,7-9,7-9,,高等,人品,rénpǐn,名,300
8808,7-9,7-9,,高等,人气,rénqì,名,300
8809,7-9,7-9,,高等,人情,rénqíng,名,300
8810,7-9,7-9,,高等,人权,rénquán,名,300
8811,7-9,7-9,,高等,人身,rénshēn,名,300
8812,7-9,7-9,,高等,人手,rénshǒu,名,300
8813,7-9,7-9,,高等,人文,rénwén,名,300
8814,7-9,7-9,,高等,人性,rénxìng,名,300
8815,7-9,7-9,,高等,任性,rénxìng,形,300
8816,7-9,7-9,,高等,人选,rénxuǎn,名,300
8817,7-9,7-9,,高等,人缘儿,rényuánr,名,300
8818,7-9,7-9,,高等,人造,rénzào,形,300
8819,7-9,7-9,,高等,人质,rénzhì,名,300
8820,7-9,7-9,,高等,忍耐,rěnnài,动,300
8821,7-9,7-9,,高等,忍心,rěnxīn,动,300
8822,7-9,7-9,,高等,任,rèn,动、连,300
8823,7-9,7-9,,高等,任命,rènmìng,动,300
8824,7-9,7-9,,高等,任期,rènqī,名,300
8825,7-9,7-9,,高等,韧性,rènxìng,名,300
8826,7-9,7-9,,高等,任意,rènyì,副、形,300
8827,7-9,7-9,,高等,认证,rènzhèng,动,300
8828,7-9,7-9,,高等,任职,rènzhí,动,300
8829,7-9,7-9,,高等,任重道远,rènzhòng-dàoyuǎn,,300
8830,7-9,7-9,,高等,日程,rìchéng,名,300
8831,7-9,7-9,,高等,日复一日,rìfùyírì,,300
8832,7-9,7-9,,高等,日趋,rìqū,副,300
8833,7-9,7-9,,高等,日新月异,rìxīn-yuèyì,,300
8834,7-9,7-9,,高等,融,róng,动,300
8835,7-9,7-9,,高等,容光焕发,róngguāng-huànfā,,300
8836,7-9,7-9,,高等,荣获,rónghuò,动,300
8837,7-9,7-9,,高等,溶解,róngjiě,动,300
8838,7-9,7-9,,高等,容貌,róngmào,名,300
8839,7-9,7-9,,高等,容纳,róngnà,动,300
8840,7-9,7-9,,高等,容器,róngqì,名,300
8841,7-9,7-9,,高等,融洽,róngqià,形,301
8842,7-9,7-9,,高等,容忍,róngrěn,动,301
8843,7-9,7-9,,高等,荣幸,róngxìng,形,301
8844,7-9,7-9,,高等,容许,róngxǔ,动,301
8845,7-9,7-9,,高等,容颜,róngyán,名,301
8846,7-9,7-9,,高等,荣耀,róngyào,形,301
8847,7-9,7-9,,高等,融资,róngzī,动、名,301
8848,7-9,7-9,,高等,冗长,rǒngcháng,形,301
8849,7-9,7-9,,高等,揉,róu,动,301
8850,7-9,7-9,,高等,柔和,róuhé,形,301
8851,7-9,7-9,,高等,如痴如醉,rúchī-rúzuì,,301
8852,7-9,7-9,,高等,如期,rúqī,副,301
8853,7-9,7-9,,高等,如实,rúshí,副,301
8854,7-9,7-9,,高等,如意,rúyì,动、名,301
8855,7-9,7-9,,高等,如一,rúyī,动,301
8856,7-9,7-9,,高等,如愿以偿,rúyuànyǐcháng,,301
8857,7-9,7-9,,高等,乳制品,rǔzhìpǐn,名,301
8858,7-9,7-9,,高等,入场,rùchǎng,动,301
8859,7-9,7-9,,高等,入场券,rùchǎngquàn,名,301
8860,7-9,7-9,,高等,入侵,rùqīn,动,301
8861,7-9,7-9,,高等,入手,rùshǒu,动,301
8862,7-9,7-9,,高等,软弱,ruǎnruò,形,301
8863,7-9,7-9,,高等,软实力,ruǎnshílì,名,301
8864,7-9,7-9,,高等,瑞雪,ruìxuě,名,301
8865,7-9,7-9,,高等,润,rùn,动、形,301
8866,7-9,7-9,,高等,若,ruò,连,301
8867,7-9,7-9,,高等,若干,ruògān,代,301
8868,7-9,7-9,,高等,若是,ruòshì,连,301
8869,7-9,7-9,,高等,弱势,ruòshì,名,301
8870,7-9,7-9,,高等,弱项,ruòxiàng,名,301
8871,7-9,7-9,,高等,撒,sā,动,301
8872,7-9,7-9,,高等,撒谎,sāhuǎng,动,301
8873,7-9,7-9,,高等,赛,sài,动,301
8874,7-9,7-9,,高等,赛车,sàichē,动、名,301
8875,7-9,7-9,,高等,赛季,sàijì,名,301
8876,7-9,7-9,,高等,赛跑,sàipǎo,动,301
8877,7-9,7-9,,高等,三番五次,sānfān-wǔcì,,301
8878,7-9,7-9,,高等,三角,sānjiǎo,名、形,301
8879,7-9,7-9,,高等,三维,sānwéi,名、形,301
8880,7-9,7-9,,高等,散布,sànbù,动,301
8881,7-9,7-9,,高等,散落,sànluò,动,302
8882,7-9,7-9,,高等,桑拿,sāngná,名,302
8883,7-9,7-9,,高等,嗓音,sǎngyīn,名,302
8884,7-9,7-9,,高等,丧生,sàngshēng,动,302
8885,7-9,7-9,,高等,骚乱,sāoluàn,动,302
8886,7-9,7-9,,高等,骚扰,sāorǎo,动,302
8887,7-9,7-9,,高等,扫除,sǎochú,动,302
8888,7-9,7-9,,高等,扫墓,sǎomù,动,302
8889,7-9,7-9,,高等,扫兴,sǎoxìng,形,302
8890,7-9,7-9,,高等,嫂子,sǎozi,名,302
8891,7-9,7-9,,高等,扫帚,sàozhou,名,302
8892,7-9,7-9,,高等,僧人,sēngrén,名,302
8893,7-9,7-9,,高等,纱,shā,名,302
8894,7-9,7-9,,高等,杀毒,shādú,动,302
8895,7-9,7-9,,高等,杀害,shāhài,动,302
8896,7-9,7-9,,高等,沙龙,shālóng,名,302
8897,7-9,7-9,,高等,杀手,shāshǒu,名,302
8898,7-9,7-9,,高等,沙滩,shātān,名,302
8899,7-9,7-9,,高等,傻瓜,shǎguā,名,302
8900,7-9,7-9,,高等,筛,shāi,动,302
8901,7-9,7-9,,高等,筛查,shāichá,动,302
8902,7-9,7-9,,高等,山川,shānchuān,名,302
8903,7-9,7-9,,高等,煽动,shāndòng,动,302
8904,7-9,7-9,,高等,山谷,shāngǔ,名,302
8905,7-9,7-9,,高等,山岭,shānlǐng,名,302
8906,7-9,7-9,,高等,山脉,shānmài,名,302
8907,7-9,7-9,,高等,山寨,shānzhài,名、形,302
8908,7-9,7-9,,高等,闪烁,shǎnshuò,动,302
8909,7-9,7-9,,高等,善,shàn,形,302
8910,7-9,7-9,,高等,膳食,shànshí,名,302
8911,7-9,7-9,,高等,赡养,shànyǎng,动,302
8912,7-9,7-9,,高等,善意,shànyì,名,302
8913,7-9,7-9,,高等,擅自,shànzì,副,302
8914,7-9,7-9,,高等,伤脑筋,shāng nǎojīn,,302
8915,7-9,7-9,,高等,伤残,shāngcán,动,302
8916,7-9,7-9,,高等,商贩,shāngfàn,名,302
8917,7-9,7-9,,高等,伤感,shānggǎn,形,302
8918,7-9,7-9,,高等,商贾,shānggǔ,名,302
8919,7-9,7-9,,高等,伤痕,shānghén,名,302
8920,7-9,7-9,,高等,商机,shāngjī,名,302
8921,7-9,7-9,,高等,伤势,shāngshì,名,303
8922,7-9,7-9,,高等,商讨,shāngtǎo,动,303
8923,7-9,7-9,,高等,商议,shāngyì,动,303
8924,7-9,7-9,,高等,商用,shāngyòng,形,303
8925,7-9,7-9,,高等,赏识,shǎngshí,动,303
8926,7-9,7-9,,高等,尚,shàng,副、连,303
8927,7-9,7-9,,高等,上半场,shàngbànchǎng,名,303
8928,7-9,7-9,,高等,上报,shàngbào,动,303
8929,7-9,7-9,,高等,上层,shàngcéng,名,303
8930,7-9,7-9,,高等,上场,shàngchǎng,动,303
8931,7-9,7-9,,高等,上岗,shànggǎng,动,303
8932,7-9,7-9,,高等,上火,shànghuǒ,动,303
8933,7-9,7-9,,高等,上空,shàngkōng,名,303
8934,7-9,7-9,,高等,尚且,shàngqiě,连,303
8935,7-9,7-9,,高等,上任,shàngrèn,动、名,303
8936,7-9,7-9,,高等,上司,shàngsi,名,303
8937,7-9,7-9,,高等,上诉,shàngsù,动,303
8938,7-9,7-9,,高等,上调,shàngtiáo,动,303
8939,7-9,7-9,,高等,尚未,shàngwèi,副,303
8940,7-9,7-9,,高等,上限,shàngxiàn,名,303
8941,7-9,7-9,,高等,上行,shàngxíng,动,303
8942,7-9,7-9,,高等,上演,shàngyǎn,动,303
8943,7-9,7-9,,高等,上瘾,shàngyǐn,动,303
8944,7-9,7-9,,高等,上映,shàngyìng,动,303
8945,7-9,7-9,,高等,上游,shàngyóu,名,303
8946,7-9,7-9,,高等,捎,shāo,动,303
8947,7-9,7-9,,高等,稍后,shāohòu,副,303
8948,7-9,7-9,,高等,烧毁,shāohuǐ,动,303
8949,7-9,7-9,,高等,稍稍,shāoshāo,副,303
8950,7-9,7-9,,高等,少不了,shǎobuliǎo,动,303
8951,7-9,7-9,,高等,哨,shào,名,303
8952,7-9,7-9,,高等,少女,shàonǚ,名,303
8953,7-9,7-9,,高等,奢侈,shēchǐ,形,303
8954,7-9,7-9,,高等,奢望,shēwàng,动、名,303
8955,7-9,7-9,,高等,折,shé,动,303
8956,7-9,7-9,,高等,设,shè,动,303
8957,7-9,7-9,,高等,设定,shèdìng,动,303
8958,7-9,7-9,,高等,设法,shèfǎ,动,303
8959,7-9,7-9,,高等,社会主义,shèhuì zhǔyì,,303
8960,7-9,7-9,,高等,社交,shèjiāo,名,303
8961,7-9,7-9,,高等,涉猎,shèliè,动,304
8962,7-9,7-9,,高等,社团,shètuán,名,304
8963,7-9,7-9,,高等,涉嫌,shèxián,动,304
8964,7-9,7-9,,高等,深奥,shēn’ào,形,304
8965,7-9,7-9,,高等,申办,shēnbàn,动,304
8966,7-9,7-9,,高等,申报,shēnbào,动,304
8967,7-9,7-9,,高等,身不由己,shēnbùyóujǐ,,304
8968,7-9,7-9,,高等,深沉,shēnchén,形,304
8969,7-9,7-9,,高等,深化,shēnhuà,动,304
8970,7-9,7-9,,高等,身价,shēnjià,名,304
8971,7-9,7-9,,高等,申领,shēnlǐng,动,304
8972,7-9,7-9,,高等,深切,shēnqiè,形,304
8973,7-9,7-9,,高等,深情,shēnqíng,名、形,304
8974,7-9,7-9,,高等,深情厚谊,shēnqíng-hòuyì,,304
8975,7-9,7-9,,高等,身躯,shēnqū,名,304
8976,7-9,7-9,,高等,深入人心,shēnrù-rénxīn,,304
8977,7-9,7-9,,高等,绅士,shēnshì,名、形,304
8978,7-9,7-9,,高等,伸手,shēnshǒu,动,304
8979,7-9,7-9,,高等,深思,shēnsī,动,304
8980,7-9,7-9,,高等,申诉,shēnsù,动,304
8981,7-9,7-9,,高等,深邃,shēnsuì,形,304
8982,7-9,7-9,,高等,伸缩,shēnsuō,动,304
8983,7-9,7-9,,高等,呻吟,shēnyín,动,304
8984,7-9,7-9,,高等,身影,shēnyǐng,名,304
8985,7-9,7-9,,高等,深造,shēnzào,动,304
8986,7-9,7-9,,高等,伸张,shēnzhāng,动,304
8987,7-9,7-9,,高等,身子,shēnzi,名,304
8988,7-9,7-9,,高等,神气,shénqì,名、形,304
8989,7-9,7-9,,高等,神情,shénqíng,名,304
8990,7-9,7-9,,高等,神圣,shénshèng,形,304
8991,7-9,7-9,,高等,神态,shéntài,名,304
8992,7-9,7-9,,高等,神仙,shénxiān,名,304
8993,7-9,7-9,,高等,审,shěn,动,304
8994,7-9,7-9,,高等,审查,shěnchá,动,304
8995,7-9,7-9,,高等,审定,shěndìng,动,304
8996,7-9,7-9,,高等,审核,shěnhé,动,304
8997,7-9,7-9,,高等,审计,shěnjì,动,304
8998,7-9,7-9,,高等,审理,shěnlǐ,动,304
8999,7-9,7-9,,高等,审判,shěnpàn,动,304
9000,7-9,7-9,,高等,审批,shěnpī,动,304
9001,7-9,7-9,,高等,审视,shěnshì,动,305
9002,7-9,7-9,,高等,肾,shèn,名,305
9003,7-9,7-9,,高等,渗,shèn,动,305
9004,7-9,7-9,,高等,渗透,shèntòu,动,305
9005,7-9,7-9,,高等,慎重,shènzhòng,形,305
9006,7-9,7-9,,高等,生产线,shēngchǎnxiàn,名,305
9007,7-9,7-9,,高等,声称,shēngchēng,动,305
9008,7-9,7-9,,高等,牲畜,shēngchù,名,305
9009,7-9,7-9,,高等,升华,shēnghuá,动,305
9010,7-9,7-9,,高等,生机,shēngjī,名,305
9011,7-9,7-9,,高等,生理,shēnglǐ,名,305
9012,7-9,7-9,,高等,声明,shēngmíng,动、名,305
9013,7-9,7-9,,高等,生命线,shēngmìngxiàn,名,305
9014,7-9,7-9,,高等,生怕,shēngpà,动,305
9015,7-9,7-9,,高等,生平,shēngpíng,名,305
9016,7-9,7-9,,高等,生前,shēngqián,名,305
9017,7-9,7-9,,高等,声势,shēngshì,名,305
9018,7-9,7-9,,高等,生疏,shēngshū,形,305
9019,7-9,7-9,,高等,生死,shēngsǐ,名、形,305
9020,7-9,7-9,,高等,声望,shēngwàng,名,305
9021,7-9,7-9,,高等,生效,shēngxiào,动,305
9022,7-9,7-9,,高等,生涯,shēngyá,名,305
9023,7-9,7-9,,高等,生硬,shēngyìng,形,305
9024,7-9,7-9,,高等,生育,shēngyù,动,305
9025,7-9,7-9,,高等,声誉,shēngyù,名,305
9026,7-9,7-9,,高等,升值,shēngzhí,动,305
9027,7-9,7-9,,高等,绳子,shéngzi,名,305
9028,7-9,7-9,,高等,省略,shěnglüè,动,305
9029,7-9,7-9,,高等,省事,shěngshì,动,305
9030,7-9,7-9,,高等,盛产,shèngchǎn,动,305
9031,7-9,7-9,,高等,胜出,shèngchū,动,305
9032,7-9,7-9,,高等,盛大,shèngdà,形,305
9033,7-9,7-9,,高等,胜负,shèngfù,名,305
9034,7-9,7-9,,高等,盛会,shènghuì,名,305
9035,7-9,7-9,,高等,盛开,shèngkāi,动,305
9036,7-9,7-9,,高等,盛气凌人,shèngqì-língrén,,305
9037,7-9,7-9,,高等,盛情,shèngqíng,名,305
9038,7-9,7-9,,高等,胜任,shèngrèn,动,305
9039,7-9,7-9,,高等,盛夏,shèngxià,名,305
9040,7-9,7-9,,高等,圣贤,shèngxián,名,305
9041,7-9,7-9,,高等,盛行,shèngxíng,动,306
9042,7-9,7-9,,高等,盛宴,shèngyàn,名,306
9043,7-9,7-9,,高等,失传,shīchuán,动,306
9044,7-9,7-9,,高等,湿地,shīdì,名,306
9045,7-9,7-9,,高等,师范,shīfàn,名,306
9046,7-9,7-9,,高等,施工,shīgōng,动,306
9047,7-9,7-9,,高等,施加,shījiā,动,306
9048,7-9,7-9,,高等,失控,shīkòng,动,306
9049,7-9,7-9,,高等,失利,shīlì,动,306
9050,7-9,7-9,,高等,失礼,shīlǐ,动,306
9051,7-9,7-9,,高等,失灵,shīlíng,动,306
9052,7-9,7-9,,高等,失落,shīluò,动、形,306
9053,7-9,7-9,,高等,失明,shīmíng,动,306
9054,7-9,7-9,,高等,湿润,shīrùn,形,306
9055,7-9,7-9,,高等,失事,shīshì,动,306
9056,7-9,7-9,,高等,失态,shītài,动,306
9057,7-9,7-9,,高等,尸体,shītǐ,名,306
9058,7-9,7-9,,高等,失效,shīxiào,动,306
9059,7-9,7-9,,高等,施行,shīxíng,动,306
9060,7-9,7-9,,高等,施压,shīyā,动,306
9061,7-9,7-9,,高等,施展,shīzhǎn,动,306
9062,7-9,7-9,,高等,师长,shīzhǎng,名,306
9063,7-9,7-9,,高等,师资,shīzī,名,306
9064,7-9,7-9,,高等,失踪,shīzōng,动,306
9065,7-9,7-9,,高等,时隔,shí gé,,306
9066,7-9,7-9,,高等,时而,shí’ér,副,306
9067,7-9,7-9,,高等,实地,shídì,名、副,306
9068,7-9,7-9,,高等,时段,shíduàn,名,306
9069,7-9,7-9,,高等,时好时坏,shíhǎo-shíhuài,,306
9070,7-9,7-9,,高等,实话实说,shíhuà-shíshuō,,306
9071,7-9,7-9,,高等,时节,shíjié,名,306
9072,7-9,7-9,,高等,时空,shíkōng,名,306
9073,7-9,7-9,,高等,实况,shíkuàng,名,306
9074,7-9,7-9,,高等,时髦,shímáo,形,306
9075,7-9,7-9,,高等,时时,shíshí,副,306
9076,7-9,7-9,,高等,时事,shíshì,名,306
9077,7-9,7-9,,高等,实事求是,shíshì-qiúshì,,306
9078,7-9,7-9,,高等,食宿,shísù,名,306
9079,7-9,7-9,,高等,实体,shítǐ,名,306
9080,7-9,7-9,,高等,实物,shíwù,名,306
9081,7-9,7-9,,高等,时装,shízhuāng,名,307
9082,7-9,7-9,,高等,屎,shǐ,名,307
9083,7-9,7-9,,高等,使唤,shǐhuan,动,307
9084,7-9,7-9,,高等,使命,shǐmìng,名,307
9085,7-9,7-9,,高等,史无前例,shǐwúqiánlì,,307
9086,7-9,7-9,,高等,使者,shǐzhě,名,307
9087,7-9,7-9,,高等,势必,shìbì,副,307
9088,7-9,7-9,,高等,势不可当,shìbùkědāng,,307
9089,7-9,7-9,,高等,视察,shìchá,动,307
9090,7-9,7-9,,高等,市场经济,shìchǎng jīngjì,,307
9091,7-9,7-9,,高等,世代,shìdài,名,307
9092,7-9,7-9,,高等,试点,shìdiǎn,动、名,307
9093,7-9,7-9,,高等,是非,shìfēi,名,307
9094,7-9,7-9,,高等,世故,shìgù,名,307
9095,7-9,7-9,,高等,嗜好,shìhào,名,307
9096,7-9,7-9,,高等,侍候,shìhòu,动,307
9097,7-9,7-9,,高等,事迹,shìjì,名,307
9098,7-9,7-9,,高等,世间,shìjiān,名,307
9099,7-9,7-9,,高等,视角,shìjiǎo,名,307
9100,7-9,7-9,,高等,适量,shìliàng,形,307
9101,7-9,7-9,,高等,士气,shìqì,名,307
9102,7-9,7-9,,高等,世人,shìrén,名,307
9103,7-9,7-9,,高等,适时,shìshí,形,307
9104,7-9,7-9,,高等,逝世,shìshì,动,307
9105,7-9,7-9,,高等,事态,shìtài,名,307
9106,7-9,7-9,,高等,试探,shìtan,动,307
9107,7-9,7-9,,高等,势头,shìtou,名,307
9108,7-9,7-9,,高等,示威,shìwēi,动,307
9109,7-9,7-9,,高等,事务所,shìwùsuǒ,名,307
9110,7-9,7-9,,高等,视线,shìxiàn,名,307
9111,7-9,7-9,,高等,试行,shìxíng,动,307
9112,7-9,7-9,,高等,视野,shìyě,名,307
9113,7-9,7-9,,高等,事宜,shìyí,名,307
9114,7-9,7-9,,高等,示意,shìyì,动,307
9115,7-9,7-9,,高等,市值,shìzhí,名,307
9116,7-9,7-9,,高等,柿子,shìzi,名,307
9117,7-9,7-9,,高等,收复,shōufù,动,307
9118,7-9,7-9,,高等,收割,shōugē,动,307
9119,7-9,7-9,,高等,收据,shōujù,名,307
9120,7-9,7-9,,高等,收敛,shōuliǎn,动,307
9121,7-9,7-9,,高等,收留,shōuliú,动,308
9122,7-9,7-9,,高等,收买,shōumǎi,动,308
9123,7-9,7-9,,高等,收视率,shōushìlǜ,名,308
9124,7-9,7-9,,高等,收缩,shōusuō,动,308
9125,7-9,7-9,,高等,收养,shōuyǎng,动,308
9126,7-9,7-9,,高等,收音机,shōuyīnjī,名,308
9127,7-9,7-9,,高等,收支,shōuzhī,名,308
9128,7-9,7-9,,高等,手册,shǒucè,名,308
9129,7-9,7-9,,高等,首创,shǒuchuàng,动,308
9130,7-9,7-9,,高等,手动,shǒudòng,形,308
9131,7-9,7-9,,高等,首付,shǒufù,名,308
9132,7-9,7-9,,高等,首府,shǒufǔ,名,308
9133,7-9,7-9,,高等,守候,shǒuhòu,动,308
9134,7-9,7-9,,高等,守护,shǒuhù,动,308
9135,7-9,7-9,,高等,手脚,shǒujiǎo,名,308
9136,7-9,7-9,,高等,首脑,shǒunǎo,名,308
9137,7-9,7-9,,高等,手帕,shǒupà,名,308
9138,7-9,7-9,,高等,首批,shǒupī,数量,308
9139,7-9,7-9,,高等,手枪,shǒuqiāng,名,308
9140,7-9,7-9,,高等,首饰,shǒushì,名,308
9141,7-9,7-9,,高等,手头,shǒutóu,名,308
9142,7-9,7-9,,高等,手腕,shǒuwàn,名,308
9143,7-9,7-9,,高等,首席,shǒuxí,名、形,308
9144,7-9,7-9,,高等,守信,shǒuxìn,动,308
9145,7-9,7-9,,高等,手艺,shǒuyì,名,308
9146,7-9,7-9,,高等,手掌,shǒuzhǎng,名,308
9147,7-9,7-9,,高等,守株待兔,shǒuzhū-dàitù,,308
9148,7-9,7-9,,高等,受宠若惊,shòuchǒng-ruòjīng,,308
9149,7-9,7-9,,高等,受挫,shòucuò,动,308
9150,7-9,7-9,,高等,受害,shòuhài,动,308
9151,7-9,7-9,,高等,受害人,shòuhàirén,名,308
9152,7-9,7-9,,高等,受贿,shòuhuì,动,308
9153,7-9,7-9,,高等,受惊,shòujīng,动,308
9154,7-9,7-9,,高等,受苦,shòukǔ,动,308
9155,7-9,7-9,,高等,受理,shòulǐ,动,308
9156,7-9,7-9,,高等,受骗,shòupiàn,动,308
9157,7-9,7-9,,高等,授权,shòuquán,动,308
9158,7-9,7-9,,高等,受益,shòuyì,动,308
9159,7-9,7-9,,高等,受益匪浅,shòuyì-fěiqiǎn,,308
9160,7-9,7-9,,高等,授予,shòuyǔ,动,308
9161,7-9,7-9,,高等,受罪,shòuzuì,动,309
9162,7-9,7-9,,高等,梳,shū,动,309
9163,7-9,7-9,,高等,舒畅,shūchàng,形,309
9164,7-9,7-9,,高等,疏导,shūdǎo,动,309
9165,7-9,7-9,,高等,疏忽,shūhu,动,309
9166,7-9,7-9,,高等,书记,shūjì,名,309
9167,7-9,7-9,,高等,梳理,shūlǐ,动,309
9168,7-9,7-9,,高等,枢纽,shūniǔ,名,309
9169,7-9,7-9,,高等,抒情,shūqíng,动,309
9170,7-9,7-9,,高等,疏散,shūsàn,形、动,309
9171,7-9,7-9,,高等,疏通,shūtōng,动,309
9172,7-9,7-9,,高等,输血,shūxuè,动,309
9173,7-9,7-9,,高等,输液,shūyè,动,309
9174,7-9,7-9,,高等,疏远,shūyuǎn,形、动,309
9175,7-9,7-9,,高等,舒展,shūzhǎn,动、形,309
9176,7-9,7-9,,高等,梳子,shūzi,名,309
9177,7-9,7-9,,高等,赎,shú,动,309
9178,7-9,7-9,,高等,曙光,shǔguāng,名,309
9179,7-9,7-9,,高等,属相,shǔxiàng,名,309
9180,7-9,7-9,,高等,属性,shǔxìng,名,309
9181,7-9,7-9,,高等,数一数二,shǔyī-shǔ’èr,,309
9182,7-9,7-9,,高等,数额,shù’é,名,309
9183,7-9,7-9,,高等,束缚,shùfù,动,309
9184,7-9,7-9,,高等,树干,shùgàn,名,309
9185,7-9,7-9,,高等,数据库,shùjùkù,名,309
9186,7-9,7-9,,高等,竖立,shùlì,动,309
9187,7-9,7-9,,高等,数码,shùmǎ,形,309
9188,7-9,7-9,,高等,树梢,shùshāo,名,309
9189,7-9,7-9,,高等,束手无策,shùshǒu-wúcè,,309
9190,7-9,7-9,,高等,树荫,shùyīn,名,309
9191,7-9,7-9,,高等,刷新,shuāxīn,动,309
9192,7-9,7-9,,高等,耍,shuǎ,动,309
9193,7-9,7-9,,高等,耍赖,shuǎlài,动,309
9194,7-9,7-9,,高等,衰减,shuāijiǎn,动,309
9195,7-9,7-9,,高等,摔跤,shuāijiāo,动,309
9196,7-9,7-9,,高等,衰竭,shuāijié,动,309
9197,7-9,7-9,,高等,衰落,shuāiluò,动,309
9198,7-9,7-9,,高等,衰弱,shuāiruò,形,309
9199,7-9,7-9,,高等,衰退,shuāituì,动,309
9200,7-9,7-9,,高等,甩,shuǎi,动,309
9201,7-9,7-9,,高等,率,shuài,动,310
9202,7-9,7-9,,高等,拴,shuān,动,310
9203,7-9,7-9,,高等,涮,shuàn,动,310
9204,7-9,7-9,,高等,霜,shuāng,名,310
9205,7-9,7-9,,高等,双胞胎,shuāngbāotāi,名,310
9206,7-9,7-9,,高等,双边,shuāngbiān,形,310
9207,7-9,7-9,,高等,双重,shuāngchóng,形,310
9208,7-9,7-9,,高等,双向,shuāngxiàng,形,310
9209,7-9,7-9,,高等,双赢,shuāngyíng,动,310
9210,7-9,7-9,,高等,爽,shuǎng,形,310
9211,7-9,7-9,,高等,爽快,shuǎngkuai,形,310
9212,7-9,7-9,,高等,水产,shuǐchǎn,名,310
9213,7-9,7-9,,高等,水滴石穿,shuǐdī-shíchuān,,310
9214,7-9,7-9,,高等,水晶,shuǐjīng,名,310
9215,7-9,7-9,,高等,水利,shuǐlì,名,310
9216,7-9,7-9,,高等,水龙头,shuǐlóngtóu,名,310
9217,7-9,7-9,,高等,水落石出,shuǐluò-shíchū,,310
9218,7-9,7-9,,高等,水汽,shuǐqì,名,310
9219,7-9,7-9,,高等,水土,shuǐtǔ,名,310
9220,7-9,7-9,,高等,水域,shuǐyù,名,310
9221,7-9,7-9,,高等,水源,shuǐyuán,名,310
9222,7-9,7-9,,高等,水涨船高,shuǐzhǎng-chuángāo,,310
9223,7-9,7-9,,高等,水准,shuǐzhǔn,名,310
9224,7-9,7-9,,高等,睡袋,shuìdài,名,310
9225,7-9,7-9,,高等,税收,shuìshōu,名,310
9226,7-9,7-9,,高等,税务,shuìwù,名,310
9227,7-9,7-9,,高等,顺差,shùnchā,名,310
9228,7-9,7-9,,高等,顺畅,shùnchàng,形,310
9229,7-9,7-9,,高等,顺从,shùncóng,动,310
9230,7-9,7-9,,高等,顺理成章,shùnlǐ-chéngzhāng,,310
9231,7-9,7-9,,高等,顺路,shùnlù,副、形,310
9232,7-9,7-9,,高等,顺其自然,shùnqízìrán,,310
9233,7-9,7-9,,高等,顺势,shùnshì,副,310
9234,7-9,7-9,,高等,顺手,shùnshǒu,形、副,310
9235,7-9,7-9,,高等,顺心,shùnxīn,形,310
9236,7-9,7-9,,高等,顺延,shùnyán,动,310
9237,7-9,7-9,,高等,顺应,shùnyìng,动,310
9238,7-9,7-9,,高等,说不上,shuōbushàng,动,310
9239,7-9,7-9,,高等,说谎,shuōhuǎng,动,310
9240,7-9,7-9,,高等,说情,shuōqíng,动,310
9241,7-9,7-9,,高等,硕果,shuòguǒ,名,311
9242,7-9,7-9,,高等,丝,sī,名,311
9243,7-9,7-9,,高等,撕,sī,动,311
9244,7-9,7-9,,高等,丝绸,sīchóu,名,311
9245,7-9,7-9,,高等,司法,sīfǎ,动,311
9246,7-9,7-9,,高等,丝毫,sīháo,形,311
9247,7-9,7-9,,高等,私家车,sījiāchē,名,311
9248,7-9,7-9,,高等,司空见惯,sīkōng-jiànguàn,,311
9249,7-9,7-9,,高等,私立,sīlì,动、形,311
9250,7-9,7-9,,高等,司令,sīlìng,名,311
9251,7-9,7-9,,高等,思前想后,sīqián-xiǎnghòu,,311
9252,7-9,7-9,,高等,私事,sīshì,名,311
9253,7-9,7-9,,高等,思索,sīsuǒ,动,311
9254,7-9,7-9,,高等,私下,sīxià,名,311
9255,7-9,7-9,,高等,思绪,sīxù,名,311
9256,7-9,7-9,,高等,私营,sīyíng,形,311
9257,7-9,7-9,,高等,私有,sīyǒu,动,311
9258,7-9,7-9,,高等,私自,sīzì,副,311
9259,7-9,7-9,,高等,死心,sǐxīn,动,311
9260,7-9,7-9,,高等,寺,sì,名,311
9261,7-9,7-9,,高等,似曾相识,sìcéng-xiāngshí,,311
9262,7-9,7-9,,高等,四方,sìfāng,名,311
9263,7-9,7-9,,高等,伺机,sìjī,动,311
9264,7-9,7-9,,高等,饲料,sìliào,名,311
9265,7-9,7-9,,高等,四面八方,sìmiàn-bāfāng,,311
9266,7-9,7-9,,高等,寺庙,sìmiào,名,311
9267,7-9,7-9,,高等,似是而非,sìshì-érfēi,,311
9268,7-9,7-9,,高等,四通八达,sìtōng-bādá,,311
9269,7-9,7-9,,高等,肆无忌惮,sìwú-jìdàn,,311
9270,7-9,7-9,,高等,饲养,sìyǎng,动,311
9271,7-9,7-9,,高等,四肢,sìzhī,名,311
9272,7-9,7-9,,高等,松弛,sōngchí,形,311
9273,7-9,7-9,,高等,松树,sōngshù,名,311
9274,7-9,7-9,,高等,松懈,sōngxiè,形、动,311
9275,7-9,7-9,,高等,耸,sǒng,动,311
9276,7-9,7-9,,高等,耸立,sǒnglì,动,311
9277,7-9,7-9,,高等,怂恿,sǒngyǒng,动,311
9278,7-9,7-9,,高等,送别,sòngbié,动,311
9279,7-9,7-9,,高等,送行,sòngxíng,动,311
9280,7-9,7-9,,高等,搜查,sōuchá,动,311
9281,7-9,7-9,,高等,搜救,sōujiù,动,312
9282,7-9,7-9,,高等,搜寻,sōuxún,动,312
9283,7-9,7-9,,高等,酥,sū,形,312
9284,7-9,7-9,,高等,苏醒,sūxǐng,动,312
9285,7-9,7-9,,高等,俗,sú,形,312
9286,7-9,7-9,,高等,俗称,súchēng,动、名,312
9287,7-9,7-9,,高等,俗话,súhuà,名,312
9288,7-9,7-9,,高等,俗语,súyǔ,名,312
9289,7-9,7-9,,高等,素,sù,形、名,312
9290,7-9,7-9,,高等,素不相识,sùbùxiāngshí,,312
9291,7-9,7-9,,高等,素材,sùcái,名,312
9292,7-9,7-9,,高等,诉苦,sùkǔ,动,312
9293,7-9,7-9,,高等,诉求,sùqiú,动、名,312
9294,7-9,7-9,,高等,素食,sùshí,名、动,312
9295,7-9,7-9,,高等,诉说,sùshuō,动,312
9296,7-9,7-9,,高等,诉讼,sùsòng,动,312
9297,7-9,7-9,,高等,素养,sùyǎng,名,312
9298,7-9,7-9,,高等,诉诸,sùzhū,动,312
9299,7-9,7-9,,高等,蒜,suàn,名,312
9300,7-9,7-9,,高等,算计,suànjì,动,312
9301,7-9,7-9,,高等,算盘,suànpán,名,312
9302,7-9,7-9,,高等,算数,suànshù,动,312
9303,7-9,7-9,,高等,算账,suànzhàng,动,312
9304,7-9,7-9,,高等,虽说,suīshuō,连,312
9305,7-9,7-9,,高等,随处可见,suíchù kě jiàn,,312
9306,7-9,7-9,,高等,随即,suíjí,副,312
9307,7-9,7-9,,高等,随机,suíjī,副、形,312
9308,7-9,7-9,,高等,随身,suíshēn,形,312
9309,7-9,7-9,,高等,随时随地,suíshí-suídì,,312
9310,7-9,7-9,,高等,随心所欲,suíxīnsuǒyù,,312
9311,7-9,7-9,,高等,隧道,suìdào,名,312
9312,7-9,7-9,,高等,损人利己,sǔnrén-lìjǐ,,312
9313,7-9,7-9,,高等,缩,suō,动,312
9314,7-9,7-9,,高等,缩减,suōjiǎn,动,312
9315,7-9,7-9,,高等,缩水,suōshuǐ,动,312
9316,7-9,7-9,,高等,缩影,suōyǐng,名,312
9317,7-9,7-9,,高等,锁定,suǒdìng,动,312
9318,7-9,7-9,,高等,索赔,suǒpéi,动,312
9319,7-9,7-9,,高等,索取,suǒqǔ,动,312
9320,7-9,7-9,,高等,所属,suǒshǔ,形、名,312
9321,7-9,7-9,,高等,琐碎,suǒsuì,形,313
9322,7-9,7-9,,高等,所谓,suǒwèi,形,313
9323,7-9,7-9,,高等,索性,suǒxìng,副,313
9324,7-9,7-9,,高等,所在,suǒzài,名,313
9325,7-9,7-9,,高等,所作所为,suǒzuò-suǒwéi,,313
9326,7-9,7-9,,高等,塌,tā,动,313
9327,7-9,7-9,,高等,踏,tà,动,313
9328,7-9,7-9,,高等,胎,tāi,量、名,313
9329,7-9,7-9,,高等,胎儿,tāi’ér,名,313
9330,7-9,7-9,,高等,泰斗,tàidǒu,名,313
9331,7-9,7-9,,高等,太极,tàijí,名,313
9332,7-9,7-9,,高等,太平,tàipíng,形,313
9333,7-9,7-9,,高等,态势,tàishì,名,313
9334,7-9,7-9,,高等,贪,tān,动、形,313
9335,7-9,7-9,,高等,摊,tān,动、名、量,313
9336,7-9,7-9,,高等,瘫,tān,动,313
9337,7-9,7-9,,高等,贪吃,tānchī,形,313
9338,7-9,7-9,,高等,瘫痪,tānhuàn,动,313
9339,7-9,7-9,,高等,贪婪,tānlán,形,313
9340,7-9,7-9,,高等,贪污,tānwū,动,313
9341,7-9,7-9,,高等,坛,tán,名,313
9342,7-9,7-9,,高等,痰,tán,名,313
9343,7-9,7-9,,高等,谈及,tánjí,动,313
9344,7-9,7-9,,高等,坦白,tǎnbái,形、动,313
9345,7-9,7-9,,高等,坦诚,tǎnchéng,形,313
9346,7-9,7-9,,高等,坦克,tǎnkè,名,313
9347,7-9,7-9,,高等,坦然,tǎnrán,形,313
9348,7-9,7-9,,高等,坦率,tǎnshuài,形,313
9349,7-9,7-9,,高等,坦言,tǎnyán,动、名,313
9350,7-9,7-9,,高等,毯子,tǎnzi,名,313
9351,7-9,7-9,,高等,炭,tàn,名,313
9352,7-9,7-9,,高等,探,tàn,动,313
9353,7-9,7-9,,高等,探测,tàncè,动,313
9354,7-9,7-9,,高等,探究,tànjiū,动,313
9355,7-9,7-9,,高等,叹气,tànqì,动,313
9356,7-9,7-9,,高等,探亲,tànqīn,动,313
9357,7-9,7-9,,高等,探求,tànqiú,动,313
9358,7-9,7-9,,高等,探望,tànwàng,动,313
9359,7-9,7-9,,高等,探险,tànxiǎn,动,313
9360,7-9,7-9,,高等,堂,táng,名、量,313
9361,7-9,7-9,,高等,糖尿病,tángniàobìng,名,314
9362,7-9,7-9,,高等,淌,tǎng,动,314
9363,7-9,7-9,,高等,倘若,tǎngruò,连,314
9364,7-9,7-9,,高等,掏腰包,tāo yāobāo,,314
9365,7-9,7-9,,高等,滔滔不绝,tāotāo-bùjué,,314
9366,7-9,7-9,,高等,淘,táo,动,314
9367,7-9,7-9,,高等,逃避,táobì,动,314
9368,7-9,7-9,,高等,陶瓷,táocí,名,314
9369,7-9,7-9,,高等,逃生,táoshēng,动,314
9370,7-9,7-9,,高等,逃亡,táowáng,动,314
9371,7-9,7-9,,高等,陶冶,táoyě,动,314
9372,7-9,7-9,,高等,陶醉,táozuì,动,314
9373,7-9,7-9,,高等,讨,tǎo,动,314
9374,7-9,7-9,,高等,讨好,tǎohǎo,动,314
9375,7-9,7-9,,高等,讨价还价,tǎojià-huánjià,,314
9376,7-9,7-9,,高等,特此,tècǐ,副,314
9377,7-9,7-9,,高等,特例,tèlì,名,314
9378,7-9,7-9,,高等,特权,tèquán,名,314
9379,7-9,7-9,,高等,特邀,tèyāo,动,314
9380,7-9,7-9,,高等,特制,tèzhì,动,314
9381,7-9,7-9,,高等,特质,tèzhì,名,314
9382,7-9,7-9,,高等,腾,téng,动,314
9383,7-9,7-9,,高等,疼爱,téngài,动,314
9384,7-9,7-9,,高等,藤蔓,téngwàn,名,314
9385,7-9,7-9,,高等,剔除,tīchú,动,314
9386,7-9,7-9,,高等,梯子,tīzi,名,314
9387,7-9,7-9,,高等,提拔,tíbá,动,314
9388,7-9,7-9,,高等,提纲,tígāng,名,314
9389,7-9,7-9,,高等,提及,tíjí,动,314
9390,7-9,7-9,,高等,提炼,tíliàn,动,314
9391,7-9,7-9,,高等,提名,tímíng,动,314
9392,7-9,7-9,,高等,提速,tísù,动,314
9393,7-9,7-9,,高等,提心吊胆,tíxīn-diàodǎn,,314
9394,7-9,7-9,,高等,提议,tíyì,动、名,314
9395,7-9,7-9,,高等,体裁,tǐcái,名,314
9396,7-9,7-9,,高等,体谅,tǐliàng,动,314
9397,7-9,7-9,,高等,体面,tǐmiàn,名、形,314
9398,7-9,7-9,,高等,体能,tǐnéng,名,314
9399,7-9,7-9,,高等,体魄,tǐpò,名,314
9400,7-9,7-9,,高等,体态,tǐtài,名,314
9401,7-9,7-9,,高等,体贴,tǐtiē,动,315
9402,7-9,7-9,,高等,体制,tǐzhì,名,315
9403,7-9,7-9,,高等,体质,tǐzhì,名,315
9404,7-9,7-9,,高等,剃,tì,动,315
9405,7-9,7-9,,高等,替补,tìbǔ,动、名,315
9406,7-9,7-9,,高等,替换,tìhuàn,动,315
9407,7-9,7-9,,高等,天长地久,tiāncháng-dìjiǔ,,315
9408,7-9,7-9,,高等,天敌,tiāndí,名,315
9409,7-9,7-9,,高等,天地,tiāndì,名,315
9410,7-9,7-9,,高等,天鹅,tiān’é,名,315
9411,7-9,7-9,,高等,天分,tiānfèn,名,315
9412,7-9,7-9,,高等,天赋,tiānfù,动、名,315
9413,7-9,7-9,,高等,天花板,tiānhuābǎn,名,315
9414,7-9,7-9,,高等,添加剂,tiānjiājì,名,315
9415,7-9,7-9,,高等,天经地义,tiānjīng-dìyì,,315
9416,7-9,7-9,,高等,天伦之乐,tiānlúnzhīlè,,315
9417,7-9,7-9,,高等,天平,tiānpíng,名,315
9418,7-9,7-9,,高等,天桥,tiānqiáo,名,315
9419,7-9,7-9,,高等,天生,tiānshēng,形,315
9420,7-9,7-9,,高等,天使,tiānshǐ,名,315
9421,7-9,7-9,,高等,天堂,tiāntáng,名,315
9422,7-9,7-9,,高等,天线,tiānxiàn,名,315
9423,7-9,7-9,,高等,天性,tiānxìng,名,315
9424,7-9,7-9,,高等,填补,tiánbǔ,动,315
9425,7-9,7-9,,高等,填充,tiánchōng,动,315
9426,7-9,7-9,,高等,田间,tiánjiān,名,315
9427,7-9,7-9,,高等,甜美,tiánměi,形,315
9428,7-9,7-9,,高等,甜蜜,tiánmì,形,315
9429,7-9,7-9,,高等,田野,tiányě,名,315
9430,7-9,7-9,,高等,田园,tiányuán,名,315
9431,7-9,7-9,,高等,舔,tiǎn,动,315
9432,7-9,7-9,,高等,挑剔,tiāoti,动,315
9433,7-9,7-9,,高等,调和,tiáohé,形、动,315
9434,7-9,7-9,,高等,调剂,tiáojì,动,315
9435,7-9,7-9,,高等,调解,tiáojiě,动,315
9436,7-9,7-9,,高等,调侃,tiáokǎn,动,315
9437,7-9,7-9,,高等,调控,tiáokòng,动,315
9438,7-9,7-9,,高等,条款,tiáokuǎn,名,315
9439,7-9,7-9,,高等,条例,tiáolì,名,315
9440,7-9,7-9,,高等,条理,tiáolǐ,名,315
9441,7-9,7-9,,高等,调料,tiáoliào,名,316
9442,7-9,7-9,,高等,调试,tiáoshì,动,316
9443,7-9,7-9,,高等,条约,tiáoyuē,名,316
9444,7-9,7-9,,高等,挑,tiǎo,动,316
9445,7-9,7-9,,高等,挑拨,tiǎobō,动,316
9446,7-9,7-9,,高等,挑衅,tiǎoxìn,动,316
9447,7-9,7-9,,高等,跳槽,tiàocáo,动,316
9448,7-9,7-9,,高等,跳动,tiàodòng,动,316
9449,7-9,7-9,,高等,跳伞,tiàosǎn,动,316
9450,7-9,7-9,,高等,眺望,tiàowàng,动,316
9451,7-9,7-9,,高等,跳跃,tiàoyuè,动,316
9452,7-9,7-9,,高等,贴切,tiēqiè,形,316
9453,7-9,7-9,,高等,铁,tiě,名、形,316
9454,7-9,7-9,,高等,帖子,tiězi,名,316
9455,7-9,7-9,,高等,听从,tīngcóng,动,316
9456,7-9,7-9,,高等,停泊,tíngbó,动,316
9457,7-9,7-9,,高等,停顿,tíngdùn,动,316
9458,7-9,7-9,,高等,停放,tíngfàng,动,316
9459,7-9,7-9,,高等,停业,tíngyè,动,316
9460,7-9,7-9,,高等,停滞,tíngzhì,动,316
9461,7-9,7-9,,高等,亭子,tíngzi,名,316
9462,7-9,7-9,,高等,挺拔,tǐngbá,形,316
9463,7-9,7-9,,高等,通报,tōngbào,动、名,316
9464,7-9,7-9,,高等,通畅,tōngchàng,形,316
9465,7-9,7-9,,高等,通车,tōngchē,动,316
9466,7-9,7-9,,高等,通告,tōnggào,动、名,316
9467,7-9,7-9,,高等,通红,tōnghóng,形,316
9468,7-9,7-9,,高等,通货膨胀,tōnghuò péngzhàng,,316
9469,7-9,7-9,,高等,通缉,tōngjī,动,316
9470,7-9,7-9,,高等,通顺,tōngshùn,形,316
9471,7-9,7-9,,高等,通俗,tōngsú,形,316
9472,7-9,7-9,,高等,通通,tōngtōng,副,316
9473,7-9,7-9,,高等,通宵,tōngxiāo,名,316
9474,7-9,7-9,,高等,同胞,tóngbāo,名,316
9475,7-9,7-9,,高等,同比,tóngbǐ,动,316
9476,7-9,7-9,,高等,同步,tóngbù,动,316
9477,7-9,7-9,,高等,同等,tóngděng,形,316
9478,7-9,7-9,,高等,同感,tónggǎn,名,316
9479,7-9,7-9,,高等,同伙,tónghuǒ,动、名,316
9480,7-9,7-9,,高等,同盟,tóngméng,动、名,316
9481,7-9,7-9,,高等,同期,tóngqī,名,317
9482,7-9,7-9,,高等,同仁,tóngrén,名,317
9483,7-9,7-9,,高等,同志,tóngzhì,名,317
9484,7-9,7-9,,高等,同舟共济,tóngzhōu-gòngjì,,317
9485,7-9,7-9,,高等,捅,tǒng,动,317
9486,7-9,7-9,,高等,筒,tǒng,名,317
9487,7-9,7-9,,高等,统筹,tǒngchóu,动,317
9488,7-9,7-9,,高等,统统,tǒngtǒng,副,317
9489,7-9,7-9,,高等,统治,tǒngzhì,动,317
9490,7-9,7-9,,高等,痛心,tòngxīn,形,317
9491,7-9,7-9,,高等,偷窥,tōukuī,动,317
9492,7-9,7-9,,高等,偷懒,tōulǎn,动,317
9493,7-9,7-9,,高等,投奔,tóubèn,动,317
9494,7-9,7-9,,高等,投放,tóufàng,动,317
9495,7-9,7-9,,高等,投稿,tóugǎo,动,317
9496,7-9,7-9,,高等,头号,tóuhào,形,317
9497,7-9,7-9,,高等,投机,tóujī,形、动,317
9498,7-9,7-9,,高等,投射,tóushè,动,317
9499,7-9,7-9,,高等,投身,tóushēn,动,317
9500,7-9,7-9,,高等,头条,tóutiáo,名,317
9501,7-9,7-9,,高等,头头是道,tóutóu-shìdào,,317
9502,7-9,7-9,,高等,头衔,tóuxián,名,317
9503,7-9,7-9,,高等,投降,tóuxiáng,动,317
9504,7-9,7-9,,高等,投掷,tóuzhì,动,317
9505,7-9,7-9,,高等,透彻,tòuchè,形,317
9506,7-9,7-9,,高等,透气,tòuqì,动,317
9507,7-9,7-9,,高等,透支,tòuzhī,动,317
9508,7-9,7-9,,高等,凸,tū,形,317
9509,7-9,7-9,,高等,秃,tū,形,317
9510,7-9,7-9,,高等,突击,tūjī,动,317
9511,7-9,7-9,,高等,突破口,tūpòkǒu,名,317
9512,7-9,7-9,,高等,突如其来,tūrú-qílái,,317
9513,7-9,7-9,,高等,突兀,tūwù,形,317
9514,7-9,7-9,,高等,凸显,tūxiǎn,动,317
9515,7-9,7-9,,高等,涂,tú,动,317
9516,7-9,7-9,,高等,徒步,túbù,副,317
9517,7-9,7-9,,高等,徒劳,túláo,动,317
9518,7-9,7-9,,高等,屠杀,túshā,动,317
9519,7-9,7-9,,高等,图形,túxíng,名,317
9520,7-9,7-9,,高等,图纸,túzhǐ,名,317
9521,7-9,7-9,,高等,吐槽,tǔcáo,动,318
9522,7-9,7-9,,高等,土生土长,tǔshēng-tǔzhǎng,,318
9523,7-9,7-9,,高等,团伙,tuánhuǒ,名,318
9524,7-9,7-9,,高等,团聚,tuánjù,动,318
9525,7-9,7-9,,高等,团员,tuányuán,名,318
9526,7-9,7-9,,高等,推崇,tuīchóng,动,318
9527,7-9,7-9,,高等,推辞,tuīcí,动,318
9528,7-9,7-9,,高等,推断,tuīduàn,动,318
9529,7-9,7-9,,高等,推翻,tuīfān,动,318
9530,7-9,7-9,,高等,推理,tuīlǐ,动,318
9531,7-9,7-9,,高等,推论,tuīlùn,动、名,318
9532,7-9,7-9,,高等,推敲,tuīqiāo,动,318
9533,7-9,7-9,,高等,推算,tuīsuàn,动,318
9534,7-9,7-9,,高等,推卸,tuīxiè,动,318
9535,7-9,7-9,,高等,推选,tuīxuǎn,动,318
9536,7-9,7-9,,高等,推移,tuīyí,动,318
9537,7-9,7-9,,高等,颓废,tuífèi,形,318
9538,7-9,7-9,,高等,退步,tuìbù,动,318
9539,7-9,7-9,,高等,退化,tuìhuà,动,318
9540,7-9,7-9,,高等,退回,tuìhuí,动,318
9541,7-9,7-9,,高等,退却,tuìquè,动,318
9542,7-9,7-9,,高等,退让,tuìràng,动,318
9543,7-9,7-9,,高等,退缩,tuìsuō,动,318
9544,7-9,7-9,,高等,退役,tuìyì,动,318
9545,7-9,7-9,,高等,吞吞吐吐,tūntūntǔtǔ,形,318
9546,7-9,7-9,,高等,臀,tún,名,318
9547,7-9,7-9,,高等,托,tuō,动、名,318
9548,7-9,7-9,,高等,托付,tuōfù,动,318
9549,7-9,7-9,,高等,脱节,tuōjié,动,318
9550,7-9,7-9,,高等,脱口而出,tuōkǒu’érchū,,318
9551,7-9,7-9,,高等,拖累,tuōlěi,动,318
9552,7-9,7-9,,高等,脱离,tuōlí,动,318
9553,7-9,7-9,,高等,脱落,tuōluò,动,318
9554,7-9,7-9,,高等,拖欠,tuōqiàn,动,318
9555,7-9,7-9,,高等,脱身,tuōshēn,动,318
9556,7-9,7-9,,高等,脱颖而出,tuōyǐng’érchū,,318
9557,7-9,7-9,,高等,驮,tuó,动,318
9558,7-9,7-9,,高等,妥,tuǒ,形,318
9559,7-9,7-9,,高等,妥当,tuǒdàng,形,318
9560,7-9,7-9,,高等,妥善,tuǒshàn,形,318
9561,7-9,7-9,,高等,妥协,tuǒxié,动,319
9562,7-9,7-9,,高等,椭圆,tuǒyuán,名,319
9563,7-9,7-9,,高等,拓宽,tuòkuān,动,319
9564,7-9,7-9,,高等,唾弃,tuòqì,动,319
9565,7-9,7-9,,高等,唾液,tuòyè,名,319
9566,7-9,7-9,,高等,拓展,tuòzhǎn,动,319
9567,7-9,7-9,,高等,挖掘,wājué,动,319
9568,7-9,7-9,,高等,挖苦,wāku,动,319
9569,7-9,7-9,,高等,瓦,wǎ,名,319
9570,7-9,7-9,,高等,瓦解,wǎjiě,动,319
9571,7-9,7-9,,高等,歪曲,wāiqū,动,319
9572,7-9,7-9,,高等,外币,wàibì,名,319
9573,7-9,7-9,,高等,外行,wàiháng,形、名,319
9574,7-9,7-9,,高等,外号,wàihào,名,319
9575,7-9,7-9,,高等,外汇,wàihuì,名,319
9576,7-9,7-9,,高等,外籍,wàijí,名,319
9577,7-9,7-9,,高等,外贸,wàimào,名,319
9578,7-9,7-9,,高等,外貌,wàimào,名,319
9579,7-9,7-9,,高等,外向,wàixiàng,形,319
9580,7-9,7-9,,高等,外星人,wàixīngrén,名,319
9581,7-9,7-9,,高等,外援,wàiyuán,名,319
9582,7-9,7-9,,高等,外在,wàizài,形,319
9583,7-9,7-9,,高等,外资,wàizī,名,319
9584,7-9,7-9,,高等,丸,wán,名、量,319
9585,7-9,7-9,,高等,完备,wánbèi,形,319
9586,7-9,7-9,,高等,完毕,wánbì,动,319
9587,7-9,7-9,,高等,顽固,wángù,形,319
9588,7-9,7-9,,高等,完好,wánhǎo,形,319
9589,7-9,7-9,,高等,玩弄,wánnòng,动,319
9590,7-9,7-9,,高等,顽皮,wánpí,形,319
9591,7-9,7-9,,高等,玩耍,wánshuǎ,动,319
9592,7-9,7-9,,高等,玩意儿,wányìr,名,319
9593,7-9,7-9,,高等,丸子,wánzi,名,319
9594,7-9,7-9,,高等,挽,wǎn,动,319
9595,7-9,7-9,,高等,挽回,wǎnhuí,动,319
9596,7-9,7-9,,高等,挽救,wǎnjiù,动,319
9597,7-9,7-9,,高等,晚年,wǎnnián,名,319
9598,7-9,7-9,,高等,晚期,wǎnqī,名,319
9599,7-9,7-9,,高等,惋惜,wǎnxī,形,319
9600,7-9,7-9,,高等,晚霞,wǎnxiá,名,319
9601,7-9,7-9,,高等,万分,wànfēn,副,320
9602,7-9,7-9,,高等,万能,wànnéng,形,320
9603,7-9,7-9,,高等,万万,wànwàn,副,320
9604,7-9,7-9,,高等,万无一失,wànwú-yìshī,,320
9605,7-9,7-9,,高等,汪洋,wāngyáng,形,320
9606,7-9,7-9,,高等,王朝,wángcháo,名,320
9607,7-9,7-9,,高等,王国,wángguó,名,320
9608,7-9,7-9,,高等,王牌,wángpái,名,320
9609,7-9,7-9,,高等,亡羊补牢,wángyáng-bǔláo,,320
9610,7-9,7-9,,高等,往常,wǎngcháng,名,320
9611,7-9,7-9,,高等,网点,wǎngdiǎn,名,320
9612,7-9,7-9,,高等,网民,wǎngmín,名,320
9613,7-9,7-9,,高等,往日,wǎngrì,名,320
9614,7-9,7-9,,高等,往事,wǎngshì,名,320
9615,7-9,7-9,,高等,旺,wàng,形,320
9616,7-9,7-9,,高等,旺季,wàngjì,名,320
9617,7-9,7-9,,高等,旺盛,wàngshèng,形,320
9618,7-9,7-9,,高等,妄想,wàngxiǎng,动、名,320
9619,7-9,7-9,,高等,望远镜,wàngyuǎnjìng,名,320
9620,7-9,7-9,,高等,微,wēi,副,320
9621,7-9,7-9,,高等,微波炉,wēibōlú,名,320
9622,7-9,7-9,,高等,微不足道,wēibùzúdào,,320
9623,7-9,7-9,,高等,威风,wēifēng,名、形,320
9624,7-9,7-9,,高等,微观,wēiguān,形,320
9625,7-9,7-9,,高等,危及,wēijí,动,320
9626,7-9,7-9,,高等,危急,wēijí,形,320
9627,7-9,7-9,,高等,威力,wēilì,名,320
9628,7-9,7-9,,高等,微妙,wēimiào,形,320
9629,7-9,7-9,,高等,微弱,wēiruò,形,320
9630,7-9,7-9,,高等,威慑,wēishè,动,320
9631,7-9,7-9,,高等,微生物,wēishēngwù,名,320
9632,7-9,7-9,,高等,威望,wēiwàng,名,320
9633,7-9,7-9,,高等,微微,wēiwēi,形、副,320
9634,7-9,7-9,,高等,威信,wēixìn,名,320
9635,7-9,7-9,,高等,微型,wēixíng,形,320
9636,7-9,7-9,,高等,唯,wéi,副,320
9637,7-9,7-9,,高等,违背,wéibèi,动,320
9638,7-9,7-9,,高等,唯独,wéidú,副,320
9639,7-9,7-9,,高等,围观,wéiguān,动,320
9640,7-9,7-9,,高等,围墙,wéiqiáng,名,320
9641,7-9,7-9,,高等,维权,wéiquán,动,321
9642,7-9,7-9,,高等,为人,wéirén,动、名,321
9643,7-9,7-9,,高等,唯有,wéiyǒu,连、副,321
9644,7-9,7-9,,高等,违约,wéiyuē,动,321
9645,7-9,7-9,,高等,违章,wéizhāng,动,321
9646,7-9,7-9,,高等,纬度,wěidù,名,321
9647,7-9,7-9,,高等,尾气,wěiqì,名,321
9648,7-9,7-9,,高等,尾声,wěishēng,名,321
9649,7-9,7-9,,高等,萎缩,wěisuō,动,321
9650,7-9,7-9,,高等,委婉,wěiwǎn,形,321
9651,7-9,7-9,,高等,委员,wěiyuán,名,321
9652,7-9,7-9,,高等,委员会,wěiyuánhuì,名,321
9653,7-9,7-9,,高等,伪造,wěizào,动,321
9654,7-9,7-9,,高等,伪装,wěizhuāng,动、名,321
9655,7-9,7-9,,高等,味精,wèijīng,名,321
9656,7-9,7-9,,高等,畏惧,wèijù,动,321
9657,7-9,7-9,,高等,蔚蓝,wèilán,形,321
9658,7-9,7-9,,高等,慰劳,wèiláo,动,321
9659,7-9,7-9,,高等,未免,wèimiǎn,副,321
9660,7-9,7-9,,高等,卫视,wèishì,名,321
9661,7-9,7-9,,高等,畏缩,wèisuō,动,321
9662,7-9,7-9,,高等,慰问,wèiwèn,动,321
9663,7-9,7-9,,高等,卫星,wèixīng,名、形,321
9664,7-9,7-9,,高等,喂养,wèiyǎng,动,321
9665,7-9,7-9,,高等,未知数,wèizhīshù,名,321
9666,7-9,7-9,,高等,位子,wèizi,名,321
9667,7-9,7-9,,高等,温差,wēnchà,名,321
9668,7-9,7-9,,高等,温带,wēndài,名,321
9669,7-9,7-9,,高等,温度计,wēndùjì,名,321
9670,7-9,7-9,,高等,温泉,wēnquán,名,321
9671,7-9,7-9,,高等,温室,wēnshì,名,321
9672,7-9,7-9,,高等,温习,wēnxí,动,321
9673,7-9,7-9,,高等,温馨,wēnxīn,形,321
9674,7-9,7-9,,高等,瘟疫,wēnyì,名,321
9675,7-9,7-9,,高等,文,wén,名,321
9676,7-9,7-9,,高等,文盲,wénmáng,名,321
9677,7-9,7-9,,高等,文凭,wénpíng,名,321
9678,7-9,7-9,,高等,文人,wénrén,名,321
9679,7-9,7-9,,高等,文雅,wényǎ,形,321
9680,7-9,7-9,,高等,蚊帐,wénzhàng,名,321
9681,7-9,7-9,,高等,蚊子,wénzi,名,322
9682,7-9,7-9,,高等,吻,wěn,动、名,322
9683,7-9,7-9,,高等,稳,wěn,形、动,322
9684,7-9,7-9,,高等,稳固,wěngù,形、动,322
9685,7-9,7-9,,高等,吻合,wěnhé,形,322
9686,7-9,7-9,,高等,稳健,wěnjiàn,形,322
9687,7-9,7-9,,高等,紊乱,wěnluàn,形,322
9688,7-9,7-9,,高等,稳妥,wěntuǒ,形,322
9689,7-9,7-9,,高等,稳重,wěnzhòng,形,322
9690,7-9,7-9,,高等,问候,wènhòu,动,322
9691,7-9,7-9,,高等,问世,wènshì,动,322
9692,7-9,7-9,,高等,窝,wō,名、动、量,322
9693,7-9,7-9,,高等,卧,wò,动,322
9694,7-9,7-9,,高等,卧铺,wòpù,名,322
9695,7-9,7-9,,高等,污秽,wūhuì,形、名,322
9696,7-9,7-9,,高等,污蔑,wūmiè,动,322
9697,7-9,7-9,,高等,诬陷,wūxiàn,动,322
9698,7-9,7-9,,高等,屋檐,wūyán,名,322
9699,7-9,7-9,,高等,呜咽,wūyè,动,322
9700,7-9,7-9,,高等,乌云,wūyún,名,322
9701,7-9,7-9,,高等,无比,wúbǐ,动,322
9702,7-9,7-9,,高等,无边无际,wúbiān-wújì,,322
9703,7-9,7-9,,高等,无不,wúbù,副,322
9704,7-9,7-9,,高等,无偿,wúcháng,形,322
9705,7-9,7-9,,高等,无耻,wúchǐ,形,322
9706,7-9,7-9,,高等,无从,wúcóng,副,322
9707,7-9,7-9,,高等,无敌,wúdí,动,322
9708,7-9,7-9,,高等,无动于衷,wúdòngyúzhōng,,322
9709,7-9,7-9,,高等,无非,wúfēi,副,322
9710,7-9,7-9,,高等,无故,wúgù,副,322
9711,7-9,7-9,,高等,无辜,wúgū,形、名,322
9712,7-9,7-9,,高等,无关紧要,wúguān-jǐnyào,,322
9713,7-9,7-9,,高等,无话可说,wúhuà-kěshuō,,322
9714,7-9,7-9,,高等,无家可归,wújiā-kěguī,,322
9715,7-9,7-9,,高等,无价之宝,wújiàzhībǎo,,322
9716,7-9,7-9,,高等,无精打采,wújīng-dǎcǎi,,322
9717,7-9,7-9,,高等,无济于事,wújìyúshì,,322
9718,7-9,7-9,,高等,无可厚非,wúkěhòufēi,,322
9719,7-9,7-9,,高等,无可奈何,wúkěnàihé,,322
9720,7-9,7-9,,高等,无赖,wúlài,形、名,322
9721,7-9,7-9,,高等,无力,wúlì,动,323
9722,7-9,7-9,,高等,无理,wúlǐ,动,323
9723,7-9,7-9,,高等,无论如何,wúlùn-rúhé,,323
9724,7-9,7-9,,高等,无能,wúnéng,形,323
9725,7-9,7-9,,高等,无能为力,wúnéngwéilì,,323
9726,7-9,7-9,,高等,无情,wúqíng,形,323
9727,7-9,7-9,,高等,无穷,wúqióng,动,323
9728,7-9,7-9,,高等,无私,wúsī,形,323
9729,7-9,7-9,,高等,无所事事,wúsuǒshìshì,,323
9730,7-9,7-9,,高等,无所作为,wúsuǒzuòwéi,,323
9731,7-9,7-9,,高等,无条件,wútiáojiàn,动,323
9732,7-9,7-9,,高等,无微不至,wúwēi-búzhì,,323
9733,7-9,7-9,,高等,无线,wúxiàn,形,323
9734,7-9,7-9,,高等,无形,wúxíng,形、副,323
9735,7-9,7-9,,高等,无须,wúxū,副,323
9736,7-9,7-9,,高等,无意,wúyì,动、副,323
9737,7-9,7-9,,高等,无忧无虑,wúyōu-wúlǜ,,323
9738,7-9,7-9,,高等,无缘,wúyuán,动、副,323
9739,7-9,7-9,,高等,无知,wúzhī,形,323
9740,7-9,7-9,,高等,捂,wǔ,动,323
9741,7-9,7-9,,高等,舞,wǔ,名、动,323
9742,7-9,7-9,,高等,五官,wǔguān,名,323
9743,7-9,7-9,,高等,五花八门,wǔhuā-bāmén,,323
9744,7-9,7-9,,高等,五湖四海,wǔhú-sìhǎi,,323
9745,7-9,7-9,,高等,武力,wǔlì,名,323
9746,7-9,7-9,,高等,侮辱,wǔrǔ,动,323
9747,7-9,7-9,,高等,武侠,wǔxiá,名,323
9748,7-9,7-9,,高等,武装,wǔzhuāng,名、动,323
9749,7-9,7-9,,高等,勿,wù,副,323
9750,7-9,7-9,,高等,务必,wùbì,副,323
9751,7-9,7-9,,高等,误差,wùchā,名,323
9752,7-9,7-9,,高等,误导,wùdǎo,动,323
9753,7-9,7-9,,高等,务工,wùgōng,动,323
9754,7-9,7-9,,高等,物力,wùlì,名,323
9755,7-9,7-9,,高等,物流,wùliú,名,323
9756,7-9,7-9,,高等,物美价廉,wùměi-jiàlián,,323
9757,7-9,7-9,,高等,误区,wùqū,名,323
9758,7-9,7-9,,高等,物色,wùsè,动,323
9759,7-9,7-9,,高等,务实,wùshí,动、形,323
9760,7-9,7-9,,高等,物证,wùzhèng,名,323
9761,7-9,7-9,,高等,物种,wùzhǒng,名,324
9762,7-9,7-9,,高等,物资,wùzī,名,324
9763,7-9,7-9,,高等,稀,xī,形,324
9764,7-9,7-9,,高等,溪,xī,名,324
9765,7-9,7-9,,高等,吸毒,xīdú,动,324
9766,7-9,7-9,,高等,膝盖,xīgài,名,324
9767,7-9,7-9,,高等,稀罕,xīhan,形、动,324
9768,7-9,7-9,,高等,熄火,xīhuǒ,动,324
9769,7-9,7-9,,高等,犀利,xīlì,形,324
9770,7-9,7-9,,高等,奚落,xīluò,动,324
9771,7-9,7-9,,高等,熄灭,xīmiè,动,324
9772,7-9,7-9,,高等,吸纳,xīnà,动,324
9773,7-9,7-9,,高等,稀奇,xīqí,形,324
9774,7-9,7-9,,高等,昔日,xīrì,名,324
9775,7-9,7-9,,高等,稀少,xīshǎo,形,324
9776,7-9,7-9,,高等,牺牲,xīshēng,动,324
9777,7-9,7-9,,高等,嬉笑,xīxiào,动,324
9778,7-9,7-9,,高等,熙熙攘攘,xīxī-rǎngrǎng,形,324
9779,7-9,7-9,,高等,息息相关,xīxī-xiāngguān,,324
9780,7-9,7-9,,高等,夕阳,xīyáng,名、形,324
9781,7-9,7-9,,高等,稀有,xīyǒu,形,324
9782,7-9,7-9,,高等,锡纸,xīzhǐ,名,324
9783,7-9,7-9,,高等,席,xí,名、量,324
9784,7-9,7-9,,高等,袭击,xíjī,动,324
9785,7-9,7-9,,高等,席位,xíwèi,名,324
9786,7-9,7-9,,高等,喜出望外,xǐchūwàngwài,,324
9787,7-9,7-9,,高等,洗涤,xǐdí,动,324
9788,7-9,7-9,,高等,喜好,xǐhào,动,324
9789,7-9,7-9,,高等,喜酒,xǐjiǔ,名,324
9790,7-9,7-9,,高等,洗礼,xǐlǐ,名,324
9791,7-9,7-9,,高等,喜怒哀乐,xǐ-nù-āi-lè,,324
9792,7-9,7-9,,高等,喜庆,xǐqìng,形、名,324
9793,7-9,7-9,,高等,喜糖,xǐtáng,名,324
9794,7-9,7-9,,高等,喜闻乐见,xǐwén-lèjiàn,,324
9795,7-9,7-9,,高等,喜洋洋,xǐyángyáng,形,324
9796,7-9,7-9,,高等,喜悦,xǐyuè,形,324
9797,7-9,7-9,,高等,细腻,xìnì,形,324
9798,7-9,7-9,,高等,细微,xìwēi,形,324
9799,7-9,7-9,,高等,虾,xiā,名,324
9800,7-9,7-9,,高等,瞎,xiā,动、副,324
9801,7-9,7-9,,高等,狭隘,xiá’ài,形,325
9802,7-9,7-9,,高等,瑕疵,xiácī,名,325
9803,7-9,7-9,,高等,峡谷,xiágǔ,名,325
9804,7-9,7-9,,高等,辖区,xiáqū,名,325
9805,7-9,7-9,,高等,狭小,xiáxiǎo,形,325
9806,7-9,7-9,,高等,狭义,xiáyì,名,325
9807,7-9,7-9,,高等,狭窄,xiázhǎi,形,325
9808,7-9,7-9,,高等,下半场,xiàbànchǎng,名,325
9809,7-9,7-9,,高等,下场,xiàchǎng,名,325
9810,7-9,7-9,,高等,下达,xiàdá,动,325
9811,7-9,7-9,,高等,下跌,xiàdiē,动,325
9812,7-9,7-9,,高等,吓唬,xiàhu,动,325
9813,7-9,7-9,,高等,下滑,xiàhuá,动,325
9814,7-9,7-9,,高等,下级,xiàjí,名,325
9815,7-9,7-9,,高等,下令,xiàlìng,动,325
9816,7-9,7-9,,高等,下落,xiàluò,名、动,325
9817,7-9,7-9,,高等,吓人,xiàrén,形,325
9818,7-9,7-9,,高等,下手,xiàshǒu,动,325
9819,7-9,7-9,,高等,下属,xiàshǔ,名,325
9820,7-9,7-9,,高等,下台,xiàtái,动,325
9821,7-9,7-9,,高等,下调,xiàtiáo,动,325
9822,7-9,7-9,,高等,下行,xiàxíng,动,325
9823,7-9,7-9,,高等,下意识,xiàyìshí,名、副,325
9824,7-9,7-9,,高等,下游,xiàyóu,名,325
9825,7-9,7-9,,高等,下坠,xiàzhuì,动,325
9826,7-9,7-9,,高等,掀,xiān,动,325
9827,7-9,7-9,,高等,先锋,xiānfēng,名,325
9828,7-9,7-9,,高等,仙鹤,xiānhè,名,325
9829,7-9,7-9,,高等,鲜活,xiānhuó,形,325
9830,7-9,7-9,,高等,先例,xiānlì,名,325
9831,7-9,7-9,,高等,鲜美,xiānměi,形,325
9832,7-9,7-9,,高等,仙女,xiānnǚ,名,325
9833,7-9,7-9,,高等,掀起,xiānqǐ,动,325
9834,7-9,7-9,,高等,先天,xiāntiān,名,325
9835,7-9,7-9,,高等,纤维,xiānwéi,名,325
9836,7-9,7-9,,高等,鲜血,xiānxuè,名,325
9837,7-9,7-9,,高等,弦,xián,名,325
9838,7-9,7-9,,高等,闲话,xiánhuà,名、动,325
9839,7-9,7-9,,高等,衔接,xiánjiē,动,325
9840,7-9,7-9,,高等,嫌弃,xiánqì,动,325
9841,7-9,7-9,,高等,嫌疑,xiányí,名,326
9842,7-9,7-9,,高等,闲置,xiánzhì,动,326
9843,7-9,7-9,,高等,显而易见,xiǎn’éryìjiàn,,326
9844,7-9,7-9,,高等,显赫,xiǎnhè,形,326
9845,7-9,7-9,,高等,显露,xiǎnlù,动,326
9846,7-9,7-9,,高等,显示器,xiǎnshìqì,名,326
9847,7-9,7-9,,高等,显微镜,xiǎnwēijìng,名,326
9848,7-9,7-9,,高等,鲜为人知,xiǎnwéirénzhī,,326
9849,7-9,7-9,,高等,显现,xiǎnxiàn,动,326
9850,7-9,7-9,,高等,显性,xiǎnxìng,形,326
9851,7-9,7-9,,高等,显眼,xiǎnyǎn,形,326
9852,7-9,7-9,,高等,陷,xiàn,动,326
9853,7-9,7-9,,高等,馅,xiàn,名,326
9854,7-9,7-9,,高等,献,xiàn,动,326
9855,7-9,7-9,,高等,现成,xiànchéng,形,326
9856,7-9,7-9,,高等,限定,xiàndìng,动,326
9857,7-9,7-9,,高等,宪法,xiànfǎ,名,326
9858,7-9,7-9,,高等,陷害,xiànhài,动,326
9859,7-9,7-9,,高等,陷阱,xiànjǐng,名,326
9860,7-9,7-9,,高等,现任,xiànrèn,动、形,326
9861,7-9,7-9,,高等,线条,xiàntiáo,名,326
9862,7-9,7-9,,高等,现行,xiànxíng,形,326
9863,7-9,7-9,,高等,镶,xiāng,动,326
9864,7-9,7-9,,高等,相伴,xiāngbàn,动,326
9865,7-9,7-9,,高等,相辅相成,xiāngfǔ-xiāngchéng,,326
9866,7-9,7-9,,高等,相继,xiāngjì,副,326
9867,7-9,7-9,,高等,相近,xiāngjìn,形,326
9868,7-9,7-9,,高等,香料,xiāngliào,名,326
9869,7-9,7-9,,高等,镶嵌,xiāngqiàn,动,326
9870,7-9,7-9,,高等,乡亲,xiāngqīn,名,326
9871,7-9,7-9,,高等,相识,xiāngshí,动、名,326
9872,7-9,7-9,,高等,相提并论,xiāngtí-bìnglùn,,326
9873,7-9,7-9,,高等,相通,xiāngtōng,动,326
9874,7-9,7-9,,高等,乡下,xiāngxia,名,326
9875,7-9,7-9,,高等,香油,xiāngyóu,名,326
9876,7-9,7-9,,高等,相遇,xiāngyù,动,326
9877,7-9,7-9,,高等,相约,xiāngyuē,动,326
9878,7-9,7-9,,高等,祥和,xiánghé,形,326
9879,7-9,7-9,,高等,详尽,xiángjìn,形,326
9880,7-9,7-9,,高等,享,xiǎng,动,326
9881,7-9,7-9,,高等,想方设法,xiǎngfāng-shèfǎ,,327
9882,7-9,7-9,,高等,响亮,xiǎngliàng,形,327
9883,7-9,7-9,,高等,响应,xiǎngyìng,动,327
9884,7-9,7-9,,高等,享用,xiǎngyòng,动,327
9885,7-9,7-9,,高等,享有,xiǎngyǒu,动,327
9886,7-9,7-9,,高等,巷,xiàng,名,327
9887,7-9,7-9,,高等,向导,xiàngdǎo,名,327
9888,7-9,7-9,,高等,橡胶,xiàngjiāo,名,327
9889,7-9,7-9,,高等,向来,xiànglái,副,327
9890,7-9,7-9,,高等,相貌,xiàngmào,名,327
9891,7-9,7-9,,高等,像样,xiàngyàng,形,327
9892,7-9,7-9,,高等,消,xiāo,动,327
9893,7-9,7-9,,高等,销,xiāo,动,327
9894,7-9,7-9,,高等,削,xiāo,动,327
9895,7-9,7-9,,高等,消沉,xiāochén,形,327
9896,7-9,7-9,,高等,销毁,xiāohuǐ,动,327
9897,7-9,7-9,,高等,消磨,xiāomó,动,327
9898,7-9,7-9,,高等,消遣,xiāoqiǎn,动,327
9899,7-9,7-9,,高等,潇洒,xiāosǎ,形,327
9900,7-9,7-9,,高等,萧条,xiāotiáo,形,327
9901,7-9,7-9,,高等,嚣张,xiāozhāng,形,327
9902,7-9,7-9,,高等,小菜一碟,xiǎocài-yìdié,,327
9903,7-9,7-9,,高等,小丑,xiǎochǒu,名,327
9904,7-9,7-9,,高等,小费,xiǎofèi,名,327
9905,7-9,7-9,,高等,小看,xiǎokàn,动,327
9906,7-9,7-9,,高等,小康,xiǎokāng,形,327
9907,7-9,7-9,,高等,小品,xiǎopǐn,名,327
9908,7-9,7-9,,高等,小人,xiǎorén,名,327
9909,7-9,7-9,,高等,小提琴,xiǎotíqín,名,327
9910,7-9,7-9,,高等,小心翼翼,xiǎoxīn-yìyì,,327
9911,7-9,7-9,,高等,效仿,xiàofǎng,动,327
9912,7-9,7-9,,高等,孝敬,xiàojìng,动,327
9913,7-9,7-9,,高等,效力,xiàolì,动、名,327
9914,7-9,7-9,,高等,孝顺,xiàoshùn,动,327
9915,7-9,7-9,,高等,肖像,xiàoxiàng,名,327
9916,7-9,7-9,,高等,效益,xiàoyì,名,327
9917,7-9,7-9,,高等,邪,xié,形,327
9918,7-9,7-9,,高等,挟持,xiéchí,动,327
9919,7-9,7-9,,高等,协定,xiédìng,名、动,327
9920,7-9,7-9,,高等,邪恶,xié’è,形,327
9921,7-9,7-9,,高等,协商,xiéshāng,动,328
9922,7-9,7-9,,高等,携手,xiéshǒu,动,328
9923,7-9,7-9,,高等,协同,xiétóng,动,328
9924,7-9,7-9,,高等,协作,xiézuò,动,328
9925,7-9,7-9,,高等,写照,xiězhào,动、名,328
9926,7-9,7-9,,高等,泄,xiè,动,328
9927,7-9,7-9,,高等,泻,xiè,动,328
9928,7-9,7-9,,高等,卸,xiè,动,328
9929,7-9,7-9,,高等,谢绝,xièjué,动,328
9930,7-9,7-9,,高等,泄漏,xièlòu,动,328
9931,7-9,7-9,,高等,泄露,xièlòu,动,328
9932,7-9,7-9,,高等,泄密,xièmì,动,328
9933,7-9,7-9,,高等,泄气,xièqì,动、形,328
9934,7-9,7-9,,高等,卸任,xièrèn,动,328
9935,7-9,7-9,,高等,卸载,xièzài,动,328
9936,7-9,7-9,,高等,心安理得,xīn’ān-lǐdé,,328
9937,7-9,7-9,,高等,心病,xīnbìng,名,328
9938,7-9,7-9,,高等,心肠,xīncháng,名,328
9939,7-9,7-9,,高等,新潮,xīncháo,名、形,328
9940,7-9,7-9,,高等,新陈代谢,xīnchén-dàixiè,,328
9941,7-9,7-9,,高等,薪酬,xīnchóu,名,328
9942,7-9,7-9,,高等,新春,xīnchūn,名,328
9943,7-9,7-9,,高等,心得,xīndé,名,328
9944,7-9,7-9,,高等,心甘情愿,xīngān-qíngyuàn,,328
9945,7-9,7-9,,高等,心慌,xīnhuāng,形,328
9946,7-9,7-9,,高等,心急如焚,xīnjí-rúfén,,328
9947,7-9,7-9,,高等,心灵手巧,xīnlíng-shǒuqiǎo,,328
9948,7-9,7-9,,高等,芯片,xīnpiàn,名,328
9949,7-9,7-9,,高等,新奇,xīnqí,形,328
9950,7-9,7-9,,高等,辛勤,xīnqín,形,328
9951,7-9,7-9,,高等,心声,xīnshēng,名,328
9952,7-9,7-9,,高等,新生,xīnshēng,形、名,328
9953,7-9,7-9,,高等,心事,xīnshì,名,328
9954,7-9,7-9,,高等,新式,xīnshì,形,328
9955,7-9,7-9,,高等,新手,xīnshǒu,名,328
9956,7-9,7-9,,高等,心思,xīnsi,名,328
9957,7-9,7-9,,高等,心酸,xīnsuān,形,328
9958,7-9,7-9,,高等,辛酸,xīnsuān,形,328
9959,7-9,7-9,,高等,欣慰,xīnwèi,形,328
9960,7-9,7-9,,高等,欣喜,xīnxǐ,形,328
9961,7-9,7-9,,高等,心想事成,xīnxiǎng-shìchéng,,329
9962,7-9,7-9,,高等,欣欣向荣,xīnxīn-xiàngróng,,329
9963,7-9,7-9,,高等,心胸,xīnxiōng,名,329
9964,7-9,7-9,,高等,心血,xīnxuè,名,329
9965,7-9,7-9,,高等,心眼儿,xīnyǎnr,名,329
9966,7-9,7-9,,高等,心意,xīnyì,名,329
9967,7-9,7-9,,高等,信贷,xìndài,名,329
9968,7-9,7-9,,高等,信件,xìnjiàn,名,329
9969,7-9,7-9,,高等,信仰,xìnyǎng,动、名,329
9970,7-9,7-9,,高等,信誉,xìnyù,名,329
9971,7-9,7-9,,高等,腥,xīng,形,329
9972,7-9,7-9,,高等,兴奋剂,xīngfènjì,名,329
9973,7-9,7-9,,高等,星级,xīngjí,名、形,329
9974,7-9,7-9,,高等,兴建,xīngjiàn,动,329
9975,7-9,7-9,,高等,兴隆,xīnglóng,形,329
9976,7-9,7-9,,高等,星球,xīngqiú,名,329
9977,7-9,7-9,,高等,兴盛,xīngshèng,形,329
9978,7-9,7-9,,高等,兴旺,xīngwàng,形,329
9979,7-9,7-9,,高等,星系,xīngxì,名,329
9980,7-9,7-9,,高等,猩猩,xīngxing,名,329
9981,7-9,7-9,,高等,星座,xīngzuò,名,329
9982,7-9,7-9,,高等,刑法,xíngfǎ,名,329
9983,7-9,7-9,,高等,刑事,xíngshì,形,329
9984,7-9,7-9,,高等,行使,xíngshǐ,动,329
9985,7-9,7-9,,高等,行星,xíngxīng,名,329
9986,7-9,7-9,,高等,形形色色,xíngxíngsèsè,形,329
9987,7-9,7-9,,高等,形影不离,xíngyǐng-bùlí,,329
9988,7-9,7-9,,高等,行政,xíngzhèng,动、名,329
9989,7-9,7-9,,高等,醒目,xǐngmù,形,329
9990,7-9,7-9,,高等,醒悟,xǐngwù,动,329
9991,7-9,7-9,,高等,幸存,xìngcún,动,329
9992,7-9,7-9,,高等,性感,xìnggǎn,形,329
9993,7-9,7-9,,高等,兴高采烈,xìnggāo-cǎiliè,,329
9994,7-9,7-9,,高等,幸好,xìnghǎo,副,329
9995,7-9,7-9,,高等,幸亏,xìngkuī,副,329
9996,7-9,7-9,,高等,幸免,xìngmiǎn,动,329
9997,7-9,7-9,,高等,性命,xìngmìng,名,329
9998,7-9,7-9,,高等,性情,xìngqíng,名,329
9999,7-9,7-9,,高等,姓氏,xìngshì,名,329
10000,7-9,7-9,,高等,兴致,xìngzhì,名,329
10001,7-9,7-9,,高等,凶,xiōng,形,330
10002,7-9,7-9,,高等,凶残,xiōngcán,形,330
10003,7-9,7-9,,高等,凶恶,xiōng’è,形,330
10004,7-9,7-9,,高等,凶狠,xiōnghěn,形,330
10005,7-9,7-9,,高等,胸怀,xiōnghuái,动、名,330
10006,7-9,7-9,,高等,凶猛,xiōngměng,形,330
10007,7-9,7-9,,高等,凶手,xiōngshǒu,名,330
10008,7-9,7-9,,高等,胸膛,xiōngtáng,名,330
10009,7-9,7-9,,高等,汹涌,xiōngyǒng,动,330
10010,7-9,7-9,,高等,胸有成竹,xiōngyǒuchéngzhú,,330
10011,7-9,7-9,,高等,雄厚,xiónghòu,形,330
10012,7-9,7-9,,高等,雄伟,xióngwěi,形,330
10013,7-9,7-9,,高等,雄性,xióngxìng,名,330
10014,7-9,7-9,,高等,修补,xiūbǔ,动,330
10015,7-9,7-9,,高等,修长,xiūcháng,形,330
10016,7-9,7-9,,高等,羞耻,xiūchǐ,形,330
10017,7-9,7-9,,高等,休克,xiūkè,名、动,330
10018,7-9,7-9,,高等,羞愧,xiūkuì,形,330
10019,7-9,7-9,,高等,休眠,xiūmián,动,330
10020,7-9,7-9,,高等,休想,xiūxiǎng,动,330
10021,7-9,7-9,,高等,休养,xiūyǎng,动,330
10022,7-9,7-9,,高等,修养,xiūyǎng,名,330
10023,7-9,7-9,,高等,修正,xiūzhèng,动,330
10024,7-9,7-9,,高等,绣,xiù,动,330
10025,7-9,7-9,,高等,锈,xiù,名、动,330
10026,7-9,7-9,,高等,嗅,xiù,动,330
10027,7-9,7-9,,高等,嗅觉,xiùjué,名,330
10028,7-9,7-9,,高等,秀丽,xiùlì,形,330
10029,7-9,7-9,,高等,秀美,xiùměi,形,330
10030,7-9,7-9,,高等,袖手旁观,xiùshǒu-pángguān,,330
10031,7-9,7-9,,高等,袖珍,xiùzhēn,形,330
10032,7-9,7-9,,高等,须,xū,动,330
10033,7-9,7-9,,高等,虚,xū,形、副,330
10034,7-9,7-9,,高等,虚构,xūgòu,动,330
10035,7-9,7-9,,高等,虚幻,xūhuàn,形,330
10036,7-9,7-9,,高等,虚假,xūjiǎ,形,330
10037,7-9,7-9,,高等,虚拟,xūnǐ,动、形,330
10038,7-9,7-9,,高等,虚荣,xūróng,名、形,330
10039,7-9,7-9,,高等,虚弱,xūruò,形,330
10040,7-9,7-9,,高等,虚伪,xūwěi,形,330
10041,7-9,7-9,,高等,须知,xūzhī,名、动,331
10042,7-9,7-9,,高等,徐徐,xúxú,形,331
10043,7-9,7-9,,高等,许,xǔ,动、副,331
10044,7-9,7-9,,高等,许愿,xǔyuàn,动,331
10045,7-9,7-9,,高等,序,xù,名,331
10046,7-9,7-9,,高等,续,xù,动,331
10047,7-9,7-9,,高等,絮叨,xùdao,形、动,331
10048,7-9,7-9,,高等,续航,xùháng,动,331
10049,7-9,7-9,,高等,酗酒,xùjiǔ,动,331
10050,7-9,7-9,,高等,序列,xùliè,名,331
10051,7-9,7-9,,高等,畜牧,xùmù,名,331
10052,7-9,7-9,,高等,序幕,xùmù,名,331
10053,7-9,7-9,,高等,旭日,xùrì,名,331
10054,7-9,7-9,,高等,序言,xùyán,名,331
10055,7-9,7-9,,高等,宣称,xuānchēng,动,331
10056,7-9,7-9,,高等,宣读,xuāndú,动,331
10057,7-9,7-9,,高等,宣告,xuāngào,动,331
10058,7-9,7-9,,高等,喧哗,xuānhuá,形、动,331
10059,7-9,7-9,,高等,喧闹,xuānnào,形、动,331
10060,7-9,7-9,,高等,宣誓,xuānshì,动,331
10061,7-9,7-9,,高等,宣泄,xuānxiè,动,331
10062,7-9,7-9,,高等,宣言,xuānyán,名、动,331
10063,7-9,7-9,,高等,宣扬,xuānyáng,动,331
10064,7-9,7-9,,高等,玄,xuán,形,331
10065,7-9,7-9,,高等,悬,xuán,动,331
10066,7-9,7-9,,高等,悬挂,xuánguà,动,331
10067,7-9,7-9,,高等,玄机,xuánjī,名,331
10068,7-9,7-9,,高等,旋律,xuánlǜ,名,331
10069,7-9,7-9,,高等,悬念,xuánniàn,名,331
10070,7-9,7-9,,高等,悬殊,xuánshū,形,331
10071,7-9,7-9,,高等,旋涡,xuánwō,名,331
10072,7-9,7-9,,高等,悬崖,xuányá,名,331
10073,7-9,7-9,,高等,选举,xuǎnjǔ,动,331
10074,7-9,7-9,,高等,选民,xuǎnmín,名,331
10075,7-9,7-9,,高等,选项,xuǎnxiàng,名,331
10076,7-9,7-9,,高等,选用,xuǎnyòng,动,331
10077,7-9,7-9,,高等,炫耀,xuànyào,动,331
10078,7-9,7-9,,高等,削减,xuējiǎn,动,331
10079,7-9,7-9,,高等,削弱,xuēruò,动,331
10080,7-9,7-9,,高等,靴子,xuēzi,名,331
10081,7-9,7-9,,高等,学识,xuéshí,名,332
10082,7-9,7-9,,高等,学士,xuéshì,名,332
10083,7-9,7-9,,高等,学说,xuéshuō,名,332
10084,7-9,7-9,,高等,穴位,xuéwèi,名,332
10085,7-9,7-9,,高等,学业,xuéyè,名,332
10086,7-9,7-9,,高等,学子,xuézǐ,名,332
10087,7-9,7-9,,高等,雪山,xuěshān,名,332
10088,7-9,7-9,,高等,雪上加霜,xuěshàng-jiāshuāng,,332
10089,7-9,7-9,,高等,血脉,xuèmài,名,332
10090,7-9,7-9,,高等,血缘,xuèyuán,名,332
10091,7-9,7-9,,高等,熏,xūn,动,332
10092,7-9,7-9,,高等,熏陶,xūntáo,动,332
10093,7-9,7-9,,高等,勋章,xūnzhāng,名,332
10094,7-9,7-9,,高等,旬,xún,量,332
10095,7-9,7-9,,高等,寻,xún,动,332
10096,7-9,7-9,,高等,寻常,xúncháng,形,332
10097,7-9,7-9,,高等,巡回,xúnhuí,动,332
10098,7-9,7-9,,高等,巡逻,xúnluó,动,332
10099,7-9,7-9,,高等,寻觅,xúnmì,动,332
10100,7-9,7-9,,高等,巡视,xúnshì,动,332
10101,7-9,7-9,,高等,循序渐进,xúnxù-jiànjìn,,332
10102,7-9,7-9,,高等,训,xùn,动,332
10103,7-9,7-9,,高等,驯,xùn,动,332
10104,7-9,7-9,,高等,迅猛,xùnměng,形,332
10105,7-9,7-9,,高等,逊色,xùnsè,名、形,332
10106,7-9,7-9,,高等,押,yā,动,332
10107,7-9,7-9,,高等,压倒,yādǎo,动,332
10108,7-9,7-9,,高等,压迫,yāpò,动,332
10109,7-9,7-9,,高等,鸦雀无声,yāquè-wúshēng,,332
10110,7-9,7-9,,高等,丫头,yātou,名,332
10111,7-9,7-9,,高等,压抑,yāyì,动,332
10112,7-9,7-9,,高等,压榨,yāzhà,动,332
10113,7-9,7-9,,高等,压制,yāzhì,动,332
10114,7-9,7-9,,高等,压轴,yāzhòu,动、名,332
10115,7-9,7-9,,高等,芽,yá,名,332
10116,7-9,7-9,,高等,哑,yǎ,形,332
10117,7-9,7-9,,高等,揠苗助长,yàmiáo-zhùzhǎng,,332
10118,7-9,7-9,,高等,烟囱,yāncōng,名,332
10119,7-9,7-9,,高等,咽喉,yānhóu,名,332
10120,7-9,7-9,,高等,烟花,yānhuā,名,332
10121,7-9,7-9,,高等,烟火,yānhuǒ,名,333
10122,7-9,7-9,,高等,延,yán,动,333
10123,7-9,7-9,,高等,沿岸,yán’àn,名,333
10124,7-9,7-9,,高等,言辞,yáncí,名,333
10125,7-9,7-9,,高等,延缓,yánhuǎn,动,333
10126,7-9,7-9,,高等,严谨,yánjǐn,形,333
10127,7-9,7-9,,高等,严峻,yánjùn,形,333
10128,7-9,7-9,,高等,言论,yánlùn,名,333
10129,7-9,7-9,,高等,严密,yánmì,形,333
10130,7-9,7-9,,高等,岩石,yánshí,名,333
10131,7-9,7-9,,高等,沿途,yántú,名、副,333
10132,7-9,7-9,,高等,阎王,Yánwang,名,333
10133,7-9,7-9,,高等,延误,yánwù,动,333
10134,7-9,7-9,,高等,沿线,yánxiàn,名,333
10135,7-9,7-9,,高等,言行,yánxíng,名,333
10136,7-9,7-9,,高等,沿用,yányòng,动,333
10137,7-9,7-9,,高等,演变,yǎnbiàn,动,333
10138,7-9,7-9,,高等,掩耳盗铃,yǎn’ěr-dàolíng,,333
10139,7-9,7-9,,高等,掩盖,yǎngài,动,333
10140,7-9,7-9,,高等,眼红,yǎnhóng,形,333
10141,7-9,7-9,,高等,掩护,yǎnhù,动、名,333
10142,7-9,7-9,,高等,演化,yǎnhuà,动,333
10143,7-9,7-9,,高等,演技,yǎnjì,名,333
10144,7-9,7-9,,高等,眼界,yǎnjiè,名,333
10145,7-9,7-9,,高等,演练,yǎnliàn,动,333
10146,7-9,7-9,,高等,眼色,yǎnsè,名,333
10147,7-9,7-9,,高等,眼神,yǎnshén,名,333
10148,7-9,7-9,,高等,衍生,yǎnshēng,动,333
10149,7-9,7-9,,高等,掩饰,yǎnshì,动,333
10150,7-9,7-9,,高等,演示,yǎnshì,动,333
10151,7-9,7-9,,高等,演说,yǎnshuō,动、名,333
10152,7-9,7-9,,高等,演习,yǎnxí,动,333
10153,7-9,7-9,,高等,眼下,yǎnxià,名,333
10154,7-9,7-9,,高等,演绎,yǎnyì,动,333
10155,7-9,7-9,,高等,咽,yàn,动,333
10156,7-9,7-9,,高等,验,yàn,动,333
10157,7-9,7-9,,高等,厌烦,yànfán,动,333
10158,7-9,7-9,,高等,厌倦,yànjuàn,动,333
10159,7-9,7-9,,高等,艳丽,yànlì,形,333
10160,7-9,7-9,,高等,验收,yànshōu,动,333
10161,7-9,7-9,,高等,厌恶,yànwù,动,334
10162,7-9,7-9,,高等,燕子,yànzi,名,334
10163,7-9,7-9,,高等,秧歌,yāngge,名,334
10164,7-9,7-9,,高等,扬,yáng,动,334
10165,7-9,7-9,,高等,阳历,yánglì,名,334
10166,7-9,7-9,,高等,杨树,yángshù,名,334
10167,7-9,7-9,,高等,阳性,yángxìng,名,334
10168,7-9,7-9,,高等,洋溢,yángyì,动,334
10169,7-9,7-9,,高等,养活,yǎnghuo,动,334
10170,7-9,7-9,,高等,养生,yǎngshēng,动,334
10171,7-9,7-9,,高等,仰望,yǎngwàng,动,334
10172,7-9,7-9,,高等,养育,yǎngyù,动,334
10173,7-9,7-9,,高等,养殖,yǎngzhí,动,334
10174,7-9,7-9,,高等,样本,yàngběn,名,334
10175,7-9,7-9,,高等,样品,yàngpǐn,名,334
10176,7-9,7-9,,高等,邀,yāo,动,334
10177,7-9,7-9,,高等,妖怪,yāoguài,名,334
10178,7-9,7-9,,高等,窑,yáo,名,334
10179,7-9,7-9,,高等,摇摆,yáobǎi,动,334
10180,7-9,7-9,,高等,摇晃,yáohuàng,动,334
10181,7-9,7-9,,高等,遥控,yáokòng,动,334
10182,7-9,7-9,,高等,摇篮,yáolán,名,334
10183,7-9,7-9,,高等,谣言,yáoyán,名,334
10184,7-9,7-9,,高等,摇摇欲坠,yáoyáo-yùzhuì,,334
10185,7-9,7-9,,高等,药材,yàocái,名,334
10186,7-9,7-9,,高等,药方,yàofāng,名,334
10187,7-9,7-9,,高等,要害,yàohài,名,334
10188,7-9,7-9,,高等,要好,yàohǎo,形,334
10189,7-9,7-9,,高等,要紧,yàojǐn,形,334
10190,7-9,7-9,,高等,要领,yàolǐng,名,334
10191,7-9,7-9,,高等,要命,yàomìng,动,334
10192,7-9,7-9,,高等,要强,yàoqiáng,形,334
10193,7-9,7-9,,高等,耀眼,yàoyǎn,形,334
10194,7-9,7-9,,高等,椰子,yēzi,名,334
10195,7-9,7-9,,高等,野餐,yěcān,动、名,334
10196,7-9,7-9,,高等,野蛮,yěmán,形,334
10197,7-9,7-9,,高等,野兽,yěshòu,名,334
10198,7-9,7-9,,高等,野心,yěxīn,名,334
10199,7-9,7-9,,高等,夜班,yèbān,名,334
10200,7-9,7-9,,高等,业绩,yèjì,名,334
10201,7-9,7-9,,高等,液晶,yèjīng,名,335
10202,7-9,7-9,,高等,夜校,yèxiào,名,335
10203,7-9,7-9,,高等,夜宵,yèxiāo,名,335
10204,7-9,7-9,,高等,夜以继日,yèyǐjìrì,,335
10205,7-9,7-9,,高等,依,yī,动、介,335
10206,7-9,7-9,,高等,依次,yīcì,副,335
10207,7-9,7-9,,高等,依法,yīfǎ,副,335
10208,7-9,7-9,,高等,依附,yīfù,动,335
10209,7-9,7-9,,高等,衣裳,yīshang,名,335
10210,7-9,7-9,,高等,依托,yītuō,动,335
10211,7-9,7-9,,高等,医务,yīwù,名,335
10212,7-9,7-9,,高等,一线,yīxiàn,名,335
10213,7-9,7-9,,高等,依依不舍,yīyī-bùshě,,335
10214,7-9,7-9,,高等,依照,yīzhào,动、介,335
10215,7-9,7-9,,高等,仪表,yíbiǎo,名,335
10216,7-9,7-9,,高等,一并,yíbìng,副,335
10217,7-9,7-9,,高等,疑点,yídiǎn,名,335
10218,7-9,7-9,,高等,一动不动,yídòng-búdòng,,335
10219,7-9,7-9,,高等,一度,yídù,数量、副,335
10220,7-9,7-9,,高等,一概,yígài,副,335
10221,7-9,7-9,,高等,一概而论,yígài’érlùn,,335
10222,7-9,7-9,,高等,一晃,yíhuàng,动,335
10223,7-9,7-9,,高等,移交,yíjiāo,动,335
10224,7-9,7-9,,高等,一技之长,yíjìzhīcháng,,335
10225,7-9,7-9,,高等,宜居,yíjū,形,335
10226,7-9,7-9,,高等,遗留,yíliú,动,335
10227,7-9,7-9,,高等,遗漏,yílòu,动,335
10228,7-9,7-9,,高等,疑虑,yílǜ,动、名,335
10229,7-9,7-9,,高等,一面,yímiàn,名、副,335
10230,7-9,7-9,,高等,一目了然,yímù-liǎorán,,335
10231,7-9,7-9,,高等,遗弃,yíqì,动,335
10232,7-9,7-9,,高等,怡然自得,yírán-zìdé,,335
10233,7-9,7-9,,高等,宜人,yírén,形,335
10234,7-9,7-9,,高等,遗失,yíshī,动,335
10235,7-9,7-9,,高等,一事无成,yíshì-wúchéng,,335
10236,7-9,7-9,,高等,遗体,yítǐ,名,335
10237,7-9,7-9,,高等,遗忘,yíwàng,动,335
10238,7-9,7-9,,高等,一味,yíwèi,副,335
10239,7-9,7-9,,高等,遗物,yíwù,名,335
10240,7-9,7-9,,高等,移植,yízhí,动,335
10241,7-9,7-9,,高等,遗嘱,yízhǔ,名,336
10242,7-9,7-9,,高等,矣,yǐ,助,336
10243,7-9,7-9,,高等,倚,yǐ,动,336
10244,7-9,7-9,,高等,以身作则,yǐshēn-zuòzé,,336
10245,7-9,7-9,,高等,以致,yǐzhì,连,336
10246,7-9,7-9,,高等,以至于,yǐzhìyú,连,336
10247,7-9,7-9,,高等,议,yì,动,336
10248,7-9,7-9,,高等,亦,yì,副,336
10249,7-9,7-9,,高等,译,yì,动,336
10250,7-9,7-9,,高等,溢,yì,动,336
10251,7-9,7-9,,高等,议程,yìchéng,名,336
10252,7-9,7-9,,高等,一成不变,yìchéng-búbiàn,,336
10253,7-9,7-9,,高等,一筹莫展,yìchóu-mòzhǎn,,336
10254,7-9,7-9,,高等,一干二净,yìgān-èrjìng,,336
10255,7-9,7-9,,高等,义工,yìgōng,名,336
10256,7-9,7-9,,高等,一鼓作气,yìgǔ-zuòqì,,336
10257,7-9,7-9,,高等,一经,yìjīng,副,336
10258,7-9,7-9,,高等,一举,yìjǔ,名、副,336
10259,7-9,7-9,,高等,一举两得,yìjǔ-liǎngdé,,336
10260,7-9,7-9,,高等,一举一动,yìjǔ-yídòng,,336
10261,7-9,7-9,,高等,异口同声,yìkǒu-tóngshēng,,336
10262,7-9,7-9,,高等,易拉罐,yìlāguàn,名,336
10263,7-9,7-9,,高等,一揽子,yìlǎnzi,形,336
10264,7-9,7-9,,高等,屹立,yìlì,动,336
10265,7-9,7-9,,高等,毅力,yìlì,名,336
10266,7-9,7-9,,高等,一连,yìlián,副,336
10267,7-9,7-9,,高等,一连串,yìliánchuàn,形,336
10268,7-9,7-9,,高等,意料,yìliào,动,336
10269,7-9,7-9,,高等,一毛不拔,yìmáo-bùbá,,336
10270,7-9,7-9,,高等,疫苗,yìmiáo,名,336
10271,7-9,7-9,,高等,一旁,yìpáng,名,336
10272,7-9,7-9,,高等,一齐,yìqí,副,336
10273,7-9,7-9,,高等,毅然,yìrán,副,336
10274,7-9,7-9,,高等,一如既往,yìrú-jìwǎng,,336
10275,7-9,7-9,,高等,一声不吭,yìshēng-bùkēng,,336
10276,7-9,7-9,,高等,一手,yìshǒu,名、副,336
10277,7-9,7-9,,高等,一丝不苟,yìsī-bùgǒu,,336
10278,7-9,7-9,,高等,一塌糊涂,yìtāhútú,,336
10279,7-9,7-9,,高等,议题,yìtí,名,336
10280,7-9,7-9,,高等,一体,yìtǐ,名,336
10281,7-9,7-9,,高等,一头,yìtóu,名、副,337
10282,7-9,7-9,,高等,意图,yìtú,动、名,337
10283,7-9,7-9,,高等,亿万,yìwàn,数,337
10284,7-9,7-9,,高等,意味,yìwèi,名,337
10285,7-9,7-9,,高等,一无所有,yìwúsuǒyǒu,,337
10286,7-9,7-9,,高等,一无所知,yìwúsuǒzhī,,337
10287,7-9,7-9,,高等,意向,yìxiàng,名,337
10288,7-9,7-9,,高等,意想不到,yìxiǎng-búdào,,337
10289,7-9,7-9,,高等,异想天开,yìxiǎng-tiānkāi,,337
10290,7-9,7-9,,高等,一心,yìxīn,副、形,337
10291,7-9,7-9,,高等,一行,yìxíng,名,337
10292,7-9,7-9,,高等,异性,yìxìng,形、名,337
10293,7-9,7-9,,高等,一心一意,yìxīn-yíyì,,337
10294,7-9,7-9,,高等,一言不发,yìyán-bùfā,,337
10295,7-9,7-9,,高等,抑扬顿挫,yìyáng-dùncuò,,337
10296,7-9,7-9,,高等,一言一行,yìyán-yìxíng,,337
10297,7-9,7-9,,高等,异议,yìyì,名,337
10298,7-9,7-9,,高等,一应俱全,yìyīng-jùquán,,337
10299,7-9,7-9,,高等,抑郁,yìyù,形,337
10300,7-9,7-9,,高等,意愿,yìyuàn,名,337
10301,7-9,7-9,,高等,抑郁症,yìyùzhèng,名,337
10302,7-9,7-9,,高等,一早,yìzǎo,名,337
10303,7-9,7-9,,高等,一针见血,yìzhēn-jiànxiě,,337
10304,7-9,7-9,,高等,意志,yìzhì,名,337
10305,7-9,7-9,,高等,阴暗,yīn’àn,形,337
10306,7-9,7-9,,高等,因地制宜,yīndì-zhìyí,,337
10307,7-9,7-9,,高等,阴历,yīnlì,名,337
10308,7-9,7-9,,高等,阴谋,yīnmóu,动、名,337
10309,7-9,7-9,,高等,殷勤,yīnqín,形,337
10310,7-9,7-9,,高等,因人而异,yīnrén’éryì,,337
10311,7-9,7-9,,高等,音响,yīnxiǎng,名,337
10312,7-9,7-9,,高等,阴性,yīnxìng,名,337
10313,7-9,7-9,,高等,阴影,yīnyǐng,名,337
10314,7-9,7-9,,高等,银幕,yínmù,名,337
10315,7-9,7-9,,高等,瘾,yǐn,名,337
10316,7-9,7-9,,高等,隐蔽,yǐnbì,动、形,337
10317,7-9,7-9,,高等,隐含,yǐnhán,动,337
10318,7-9,7-9,,高等,隐患,yǐnhuàn,名,337
10319,7-9,7-9,,高等,引荐,yǐnjiàn,动,337
10320,7-9,7-9,,高等,引经据典,yǐnjīng-jùdiǎn,,337
10321,7-9,7-9,,高等,引领,yǐnlǐng,动,338
10322,7-9,7-9,,高等,隐瞒,yǐnmán,动,338
10323,7-9,7-9,,高等,引擎,yǐnqíng,名,338
10324,7-9,7-9,,高等,隐情,yǐnqíng,名,338
10325,7-9,7-9,,高等,引人入胜,yǐnrén-rùshèng,,338
10326,7-9,7-9,,高等,引人注目,yǐnrén-zhùmù,,338
10327,7-9,7-9,,高等,隐形,yǐnxíng,形,338
10328,7-9,7-9,,高等,隐性,yǐnxìng,形,338
10329,7-9,7-9,,高等,引用,yǐnyòng,动,338
10330,7-9,7-9,,高等,引诱,yǐnyòu,动,338
10331,7-9,7-9,,高等,隐约,yǐnyuē,形,338
10332,7-9,7-9,,高等,印章,yìnzhāng,名,338
10333,7-9,7-9,,高等,印证,yìnzhèng,动、名,338
10334,7-9,7-9,,高等,鹰,yīng,名,338
10335,7-9,7-9,,高等,英俊,yīngjùn,形,338
10336,7-9,7-9,,高等,英明,yīngmíng,形,338
10337,7-9,7-9,,高等,英勇,yīngyǒng,形,338
10338,7-9,7-9,,高等,应有尽有,yīngyǒu-jìnyǒu,,338
10339,7-9,7-9,,高等,荧光,yíngguāng,名,338
10340,7-9,7-9,,高等,迎合,yínghé,动,338
10341,7-9,7-9,,高等,赢家,yíngjiā,名,338
10342,7-9,7-9,,高等,营救,yíngjiù,动,338
10343,7-9,7-9,,高等,盈利,yínglì,名,338
10344,7-9,7-9,,高等,营利,yínglì,动,338
10345,7-9,7-9,,高等,迎面,yíngmiàn,副,338
10346,7-9,7-9,,高等,营销,yíngxiāo,动,338
10347,7-9,7-9,,高等,营造,yíngzào,动,338
10348,7-9,7-9,,高等,影像,yǐngxiàng,名,338
10349,7-9,7-9,,高等,应,yìng,动,338
10350,7-9,7-9,,高等,硬币,yìngbì,名,338
10351,7-9,7-9,,高等,应酬,yìngchou,动、名,338
10352,7-9,7-9,,高等,应付,yìngfu,动,338
10353,7-9,7-9,,高等,应急,yìngjí,动,338
10354,7-9,7-9,,高等,硬朗,yìnglang,形,338
10355,7-9,7-9,,高等,硬盘,yìngpán,名,338
10356,7-9,7-9,,高等,应邀,yìngyāo,动,338
10357,7-9,7-9,,高等,拥护,yōnghù,动,338
10358,7-9,7-9,,高等,庸俗,yōngsú,形,338
10359,7-9,7-9,,高等,涌,yǒng,动,338
10360,7-9,7-9,,高等,永恒,yǒnghéng,形,338
10361,7-9,7-9,,高等,永久,yǒngjiǔ,形,339
10362,7-9,7-9,,高等,勇往直前,yǒngwǎng-zhíqián,,339
10363,7-9,7-9,,高等,踊跃,yǒngyuè,动、形,339
10364,7-9,7-9,,高等,用意,yòngyì,名,339
10365,7-9,7-9,,高等,忧愁,yōuchóu,形,339
10366,7-9,7-9,,高等,忧虑,yōulǜ,动,339
10367,7-9,7-9,,高等,优胜劣汰,yōushèng-liètài,,339
10368,7-9,7-9,,高等,悠闲,yōuxián,形,339
10369,7-9,7-9,,高等,优雅,yōuyǎ,形,339
10370,7-9,7-9,,高等,忧郁,yōuyù,形,339
10371,7-9,7-9,,高等,优越,yōuyuè,形,339
10372,7-9,7-9,,高等,邮编,yóubiān,名,339
10373,7-9,7-9,,高等,游船,yóuchuán,名,339
10374,7-9,7-9,,高等,油画,yóuhuà,名,339
10375,7-9,7-9,,高等,油腻,yóunì,形、名,339
10376,7-9,7-9,,高等,油漆,yóuqī,名、动,339
10377,7-9,7-9,,高等,尤为,yóuwéi,副,339
10378,7-9,7-9,,高等,游行,yóuxíng,动,339
10379,7-9,7-9,,高等,犹豫不决,yóuyù-bùjué,,339
10380,7-9,7-9,,高等,邮政,yóuzhèng,名,339
10381,7-9,7-9,,高等,由衷,yóuzhōng,动,339
10382,7-9,7-9,,高等,有待,yǒudài,动,339
10383,7-9,7-9,,高等,有的放矢,yǒudì-fàngshǐ,,339
10384,7-9,7-9,,高等,友人,yǒurén,名,339
10385,7-9,7-9,,高等,友善,yǒushàn,形,339
10386,7-9,7-9,,高等,有声有色,yǒushēng-yǒusè,,339
10387,7-9,7-9,,高等,有条不紊,yǒutiáo-bùwěn,,339
10388,7-9,7-9,,高等,有望,yǒuwàng,动,339
10389,7-9,7-9,,高等,有幸,yǒuxìng,形,339
10390,7-9,7-9,,高等,有意,yǒuyì,动、副,339
10391,7-9,7-9,,高等,有朝一日,yǒuzhāo-yírì,,339
10392,7-9,7-9,,高等,诱饵,yòu’ěr,名,339
10393,7-9,7-9,,高等,诱发,yòufā,动,339
10394,7-9,7-9,,高等,诱惑,yòuhuò,动、名,339
10395,7-9,7-9,,高等,诱人,yòurén,动、形,339
10396,7-9,7-9,,高等,幼稚,yòuzhì,形,339
10397,7-9,7-9,,高等,淤泥,yūní,名,339
10398,7-9,7-9,,高等,余,yú,动、数,339
10399,7-9,7-9,,高等,渔船,yúchuán,名,339
10400,7-9,7-9,,高等,愚蠢,yúchǔn,形,339
10401,7-9,7-9,,高等,余地,yúdì,名,340
10402,7-9,7-9,,高等,愚公移山,yúgōng-yíshān,,340
10403,7-9,7-9,,高等,舆论,yúlùn,名,340
10404,7-9,7-9,,高等,愚昧,yúmèi,形,340
10405,7-9,7-9,,高等,渔民,yúmín,名,340
10406,7-9,7-9,,高等,逾期,yúqī,动,340
10407,7-9,7-9,,高等,愉悦,yúyuè,形,340
10408,7-9,7-9,,高等,与否,yǔ fǒu,,340
10409,7-9,7-9,,高等,与日俱增,yǔrì-jùzēng,,340
10410,7-9,7-9,,高等,与时俱进,yǔshí-jùjìn,,340
10411,7-9,7-9,,高等,予以,yǔyǐ,动,340
10412,7-9,7-9,,高等,与众不同,yǔzhòng-bùtóng,,340
10413,7-9,7-9,,高等,宇宙,yǔzhòu,名,340
10414,7-9,7-9,,高等,玉,yù,名,340
10415,7-9,7-9,,高等,愈,yù,副,340
10416,7-9,7-9,,高等,预备,yùbèi,动,340
10417,7-9,7-9,,高等,预感,yùgǎn,动、名,340
10418,7-9,7-9,,高等,预告,yùgào,动、名,340
10419,7-9,7-9,,高等,愈合,yùhé,动,340
10420,7-9,7-9,,高等,愈加,yùjiā,副,340
10421,7-9,7-9,,高等,预见,yùjiàn,动、名,340
10422,7-9,7-9,,高等,预警,yùjǐng,动,340
10423,7-9,7-9,,高等,郁闷,yùmèn,形,340
10424,7-9,7-9,,高等,遇难,yùnàn,动,340
10425,7-9,7-9,,高等,预赛,yùsài,动、名,340
10426,7-9,7-9,,高等,预示,yùshì,动,340
10427,7-9,7-9,,高等,预售,yùshòu,动,340
10428,7-9,7-9,,高等,预算,yùsuàn,名、动,340
10429,7-9,7-9,,高等,遇险,yùxiǎn,动,340
10430,7-9,7-9,,高等,预先,yùxiān,副,340
10431,7-9,7-9,,高等,预言,yùyán,动、名,340
10432,7-9,7-9,,高等,寓言,yùyán,名,340
10433,7-9,7-9,,高等,愈演愈烈,yùyǎn-yùliè,,340
10434,7-9,7-9,,高等,寓意,yùyì,名,340
10435,7-9,7-9,,高等,预兆,yùzhào,名、动,340
10436,7-9,7-9,,高等,冤,yuān,名、形,340
10437,7-9,7-9,,高等,冤枉,yuānwang,形、动,340
10438,7-9,7-9,,高等,渊源,yuānyuán,名,340
10439,7-9,7-9,,高等,原创,yuánchuàng,动,340
10440,7-9,7-9,,高等,缘分,yuánfèn,名,340
10441,7-9,7-9,,高等,原告,yuángào,名,341
10442,7-9,7-9,,高等,缘故,yuángù,名,341
10443,7-9,7-9,,高等,元老,yuánlǎo,名,341
10444,7-9,7-9,,高等,园区,yuánqū,名,341
10445,7-9,7-9,,高等,源泉,yuánquán,名,341
10446,7-9,7-9,,高等,元首,yuánshǒu,名,341
10447,7-9,7-9,,高等,源头,yuántóu,名,341
10448,7-9,7-9,,高等,原型,yuánxíng,名,341
10449,7-9,7-9,,高等,源源不断,yuányuán-búduàn,,341
10450,7-9,7-9,,高等,源远流长,yuányuǎn-liúcháng,,341
10451,7-9,7-9,,高等,原汁原味,yuánzhī-yuánwèi,,341
10452,7-9,7-9,,高等,援助,yuánzhù,动,341
10453,7-9,7-9,,高等,原装,yuánzhuāng,形,341
10454,7-9,7-9,,高等,远见,yuǎnjiàn,名,341
10455,7-9,7-9,,高等,远近闻名,yuǎnjìn-wénmíng,,341
10456,7-9,7-9,,高等,怨,yuàn,动,341
10457,7-9,7-9,,高等,怨恨,yuànhèn,动、名,341
10458,7-9,7-9,,高等,怨气,yuànqì,名,341
10459,7-9,7-9,,高等,院士,yuànshì,名,341
10460,7-9,7-9,,高等,怨言,yuànyán,名,341
10461,7-9,7-9,,高等,曰,yuē,动,341
10462,7-9,7-9,,高等,约定俗成,yuēdìng-súchéng,,341
10463,7-9,7-9,,高等,乐队,yuèduì,名,341
10464,7-9,7-9,,高等,悦耳,yuè’ěr,形,341
10465,7-9,7-9,,高等,越发,yuèfā,副,341
10466,7-9,7-9,,高等,岳父,yuèfù,名,341
10467,7-9,7-9,,高等,越过,yuèguò,动,341
10468,7-9,7-9,,高等,阅览,yuèlǎn,动,341
10469,7-9,7-9,,高等,阅历,yuèlì,动、名,341
10470,7-9,7-9,,高等,岳母,yuèmǔ,名,341
10471,7-9,7-9,,高等,乐谱,yuèpǔ,名,341
10472,7-9,7-9,,高等,晕头转向,yūntóu-zhuànxiàng,,341
10473,7-9,7-9,,高等,陨石,yǔnshí,名,341
10474,7-9,7-9,,高等,熨,yùn,动,341
10475,7-9,7-9,,高等,蕴藏,yùncáng,动,341
10476,7-9,7-9,,高等,运筹帷幄,yùnchóu-wéiwò,,341
10477,7-9,7-9,,高等,孕妇,yùnfù,名,341
10478,7-9,7-9,,高等,蕴含,yùnhán,动,341
10479,7-9,7-9,,高等,运河,yùnhé,名,341
10480,7-9,7-9,,高等,酝酿,yùnniàng,动,341
10481,7-9,7-9,,高等,运算,yùnsuàn,动,342
10482,7-9,7-9,,高等,韵味,yùnwèi,名,342
10483,7-9,7-9,,高等,孕育,yùnyù,动,342
10484,7-9,7-9,,高等,运转,yùnzhuǎn,动,342
10485,7-9,7-9,,高等,运作,yùnzuò,动,342
10486,7-9,7-9,,高等,砸,zá,动,342
10487,7-9,7-9,,高等,杂技,zájì,名,342
10488,7-9,7-9,,高等,杂交,zájiāo,动,342
10489,7-9,7-9,,高等,杂乱无章,záluàn-wúzhāng,,342
10490,7-9,7-9,,高等,栽,zāi,动,342
10491,7-9,7-9,,高等,栽培,zāipéi,动,342
10492,7-9,7-9,,高等,栽赃,zāizāng,动,342
10493,7-9,7-9,,高等,宰,zǎi,动,342
10494,7-9,7-9,,高等,再度,zàidù,副,342
10495,7-9,7-9,,高等,再接再厉,zàijiē-zàilì,,342
10496,7-9,7-9,,高等,在所难免,zàisuǒnánmiǎn,,342
10497,7-9,7-9,,高等,载体,zàitǐ,名,342
10498,7-9,7-9,,高等,再现,zàixiàn,动,342
10499,7-9,7-9,,高等,在职,zàizhí,动,342
10500,7-9,7-9,,高等,攒,zǎn,动,342
10501,7-9,7-9,,高等,暂,zàn,副,342
10502,7-9,7-9,,高等,赞不绝口,zànbùjuékǒu,,342
10503,7-9,7-9,,高等,赞美,zànměi,动,342
10504,7-9,7-9,,高等,暂且,zànqiě,副,342
10505,7-9,7-9,,高等,赞叹,zàntàn,动,342
10506,7-9,7-9,,高等,赞许,zànxǔ,动,342
10507,7-9,7-9,,高等,赞扬,zànyáng,动,342
10508,7-9,7-9,,高等,赞助,zànzhù,动,342
10509,7-9,7-9,,高等,葬,zàng,动,342
10510,7-9,7-9,,高等,葬礼,zànglǐ,名,342
10511,7-9,7-9,,高等,糟粕,zāopò,名,342
10512,7-9,7-9,,高等,糟蹋,zāotà,动,342
10513,7-9,7-9,,高等,遭殃,zāoyāng,动,342
10514,7-9,7-9,,高等,凿,záo,动,342
10515,7-9,7-9,,高等,枣,zǎo,名,342
10516,7-9,7-9,,高等,早年,zǎonián,名,342
10517,7-9,7-9,,高等,早日,zǎorì,副、名,342
10518,7-9,7-9,,高等,灶,zào,名,342
10519,7-9,7-9,,高等,造福,zàofú,动,342
10520,7-9,7-9,,高等,造价,zàojià,名,342
10521,7-9,7-9,,高等,造假,zàojiǎ,动,343
10522,7-9,7-9,,高等,造就,zàojiù,动、名,343
10523,7-9,7-9,,高等,则2,zé,量,343
10524,7-9,7-9,,高等,责备,zébèi,动,343
10525,7-9,7-9,,高等,责怪,zéguài,动,343
10526,7-9,7-9,,高等,贼,zéi,名、形,343
10527,7-9,7-9,,高等,增产,zēngchǎn,动,343
10528,7-9,7-9,,高等,增收,zēngshōu,动,343
10529,7-9,7-9,,高等,增速,zēngsù,动,343
10530,7-9,7-9,,高等,增添,zēngtiān,动,343
10531,7-9,7-9,,高等,增值,zēngzhí,动,343
10532,7-9,7-9,,高等,渣,zhā,名,343
10533,7-9,7-9,,高等,扎根,zhāgēn,动,343
10534,7-9,7-9,,高等,扎实,zhāshi,形,343
10535,7-9,7-9,,高等,闸,zhá,名、动,343
10536,7-9,7-9,,高等,眨眼,zhǎyǎn,动,343
10537,7-9,7-9,,高等,榨,zhà,动,343
10538,7-9,7-9,,高等,炸弹,zhàdàn,名,343
10539,7-9,7-9,,高等,诈骗,zhàpiàn,动,343
10540,7-9,7-9,,高等,炸药,zhàyào,名,343
10541,7-9,7-9,,高等,摘要,zhāiyào,动、名,343
10542,7-9,7-9,,高等,债,zhài,名,343
10543,7-9,7-9,,高等,债券,zhàiquàn,名,343
10544,7-9,7-9,,高等,债务,zhàiwù,名,343
10545,7-9,7-9,,高等,沾,zhān,动,343
10546,7-9,7-9,,高等,占卜,zhānbǔ,动,343
10547,7-9,7-9,,高等,沾光,zhānguāng,动,343
10548,7-9,7-9,,高等,瞻仰,zhānyǎng,动,343
10549,7-9,7-9,,高等,斩,zhǎn,动,343
10550,7-9,7-9,,高等,盏,zhǎn,量,343
10551,7-9,7-9,,高等,斩钉截铁,zhǎndīng-jiétiě,,343
10552,7-9,7-9,,高等,展望,zhǎnwàng,动,343
10553,7-9,7-9,,高等,辗转,zhǎnzhuǎn,动,343
10554,7-9,7-9,,高等,蘸,zhàn,动,343
10555,7-9,7-9,,高等,战场,zhànchǎng,名,343
10556,7-9,7-9,,高等,绽放,zhànfàng,动,343
10557,7-9,7-9,,高等,站立,zhànlì,动,343
10558,7-9,7-9,,高等,占领,zhànlǐng,动,343
10559,7-9,7-9,,高等,战略,zhànlüè,名,343
10560,7-9,7-9,,高等,战士,zhànshì,名,343
10561,7-9,7-9,,高等,战术,zhànshù,名,344
10562,7-9,7-9,,高等,战役,zhànyì,名,344
10563,7-9,7-9,,高等,占用,zhànyòng,动,344
10564,7-9,7-9,,高等,战友,zhànyǒu,名,344
10565,7-9,7-9,,高等,章程,zhāngchéng,名,344
10566,7-9,7-9,,高等,张灯结彩,zhāngdēng-jiécǎi,,344
10567,7-9,7-9,,高等,张贴,zhāngtiē,动,344
10568,7-9,7-9,,高等,张扬,zhāngyáng,动,344
10569,7-9,7-9,,高等,掌舵,zhǎngduò,动、名,344
10570,7-9,7-9,,高等,涨幅,zhǎngfú,名,344
10571,7-9,7-9,,高等,掌管,zhǎngguǎn,动,344
10572,7-9,7-9,,高等,长相,zhǎngxiàng,名,344
10573,7-9,7-9,,高等,涨,zhàng,动,344
10574,7-9,7-9,,高等,胀,zhàng,动、形,344
10575,7-9,7-9,,高等,帐篷,zhàngpeng,名,344
10576,7-9,7-9,,高等,招标,zhāobiāo,动,344
10577,7-9,7-9,,高等,招揽,zhāolǎn,动,344
10578,7-9,7-9,,高等,招募,zhāomù,动,344
10579,7-9,7-9,,高等,招牌,zhāopai,名,344
10580,7-9,7-9,,高等,朝气蓬勃,zhāoqì-péngbó,,344
10581,7-9,7-9,,高等,朝三暮四,zhāosān-mùsì,,344
10582,7-9,7-9,,高等,招商,zhāoshāng,动,344
10583,7-9,7-9,,高等,招数,zhāoshù,名,344
10584,7-9,7-9,,高等,朝夕相处,zhāoxī-xiāngchǔ,,344
10585,7-9,7-9,,高等,着迷,zháomí,动,344
10586,7-9,7-9,,高等,沼泽,zhǎozé,名,344
10587,7-9,7-9,,高等,罩,zhào,动、名,344
10588,7-9,7-9,,高等,照办,zhàobàn,动,344
10589,7-9,7-9,,高等,照常,zhàocháng,副、动,344
10590,7-9,7-9,,高等,召集,zhàojí,动,344
10591,7-9,7-9,,高等,照例,zhàolì,副,344
10592,7-9,7-9,,高等,照料,zhàoliào,动,344
10593,7-9,7-9,,高等,照射,zhàoshè,动,344
10594,7-9,7-9,,高等,肇事,zhàoshì,动,344
10595,7-9,7-9,,高等,兆头,zhàotou,名,344
10596,7-9,7-9,,高等,照样,zhàoyàng,副、动,344
10597,7-9,7-9,,高等,照耀,zhàoyào,动,344
10598,7-9,7-9,,高等,遮,zhē,动,344
10599,7-9,7-9,,高等,遮挡,zhēdǎng,动、名,344
10600,7-9,7-9,,高等,遮盖,zhēgài,动,344
10601,7-9,7-9,,高等,折腾,zhēteng,动,345
10602,7-9,7-9,,高等,折叠,zhédié,动,345
10603,7-9,7-9,,高等,折合,zhéhé,动,345
10604,7-9,7-9,,高等,哲理,zhélǐ,名,345
10605,7-9,7-9,,高等,折磨,zhémó,动,345
10606,7-9,7-9,,高等,折射,zhéshè,动,345
10607,7-9,7-9,,高等,珍藏,zhēncáng,动、名,345
10608,7-9,7-9,,高等,侦查,zhēnchá,动,345
10609,7-9,7-9,,高等,针锋相对,zhēnfēng-xiāngduì,,345
10610,7-9,7-9,,高等,针灸,zhēnjiǔ,名,345
10611,7-9,7-9,,高等,真空,zhēnkōng,名,345
10612,7-9,7-9,,高等,真理,zhēnlǐ,名,345
10613,7-9,7-9,,高等,真情,zhēnqíng,名,345
10614,7-9,7-9,,高等,真是,zhēnshi,动,345
10615,7-9,7-9,,高等,珍视,zhēnshì,动,345
10616,7-9,7-9,,高等,侦探,zhēntàn,动、名,345
10617,7-9,7-9,,高等,珍稀,zhēnxī,形,345
10618,7-9,7-9,,高等,真心,zhēnxīn,名,345
10619,7-9,7-9,,高等,真挚,zhēnzhì,形,345
10620,7-9,7-9,,高等,珍重,zhēnzhòng,动,345
10621,7-9,7-9,,高等,斟酌,zhēnzhuó,动,345
10622,7-9,7-9,,高等,枕,zhěn,动,345
10623,7-9,7-9,,高等,诊所,zhěnsuǒ,名,345
10624,7-9,7-9,,高等,震,zhèn,动,345
10625,7-9,7-9,,高等,震荡,zhèndàng,动,345
10626,7-9,7-9,,高等,阵地,zhèndì,名,345
10627,7-9,7-9,,高等,镇定,zhèndìng,形、动,345
10628,7-9,7-9,,高等,振动,zhèndòng,动,345
10629,7-9,7-9,,高等,震动,zhèndòng,动,345
10630,7-9,7-9,,高等,振奋,zhènfèn,形、动,345
10631,7-9,7-9,,高等,震撼,zhènhàn,动,345
10632,7-9,7-9,,高等,镇静,zhènjìng,形、动,345
10633,7-9,7-9,,高等,震惊,zhènjīng,形、动,345
10634,7-9,7-9,,高等,阵容,zhènróng,名,345
10635,7-9,7-9,,高等,振兴,zhènxīng,动,345
10636,7-9,7-9,,高等,阵营,zhènyíng,名,345
10637,7-9,7-9,,高等,振作,zhènzuò,形、动,345
10638,7-9,7-9,,高等,征,zhēng,动,345
10639,7-9,7-9,,高等,蒸,zhēng,动,345
10640,7-9,7-9,,高等,争辩,zhēngbiàn,动,345
10641,7-9,7-9,,高等,争端,zhēngduān,名,346
10642,7-9,7-9,,高等,蒸发,zhēngfā,动,346
10643,7-9,7-9,,高等,争分夺秒,zhēngfēn-duómiǎo,,346
10644,7-9,7-9,,高等,征服,zhēngfú,动,346
10645,7-9,7-9,,高等,争光,zhēngguāng,动,346
10646,7-9,7-9,,高等,征集,zhēngjí,动,346
10647,7-9,7-9,,高等,症结,zhēngjié,名,346
10648,7-9,7-9,,高等,争气,zhēngqì,动,346
10649,7-9,7-9,,高等,征收,zhēngshōu,动,346
10650,7-9,7-9,,高等,争相,zhēngxiāng,副,346
10651,7-9,7-9,,高等,争先恐后,zhēngxiān-kǒnghòu,,346
10652,7-9,7-9,,高等,正月,zhēngyuè,名,346
10653,7-9,7-9,,高等,挣扎,zhēngzhá,动,346
10654,7-9,7-9,,高等,争执,zhēngzhí,动,346
10655,7-9,7-9,,高等,整顿,zhěngdùn,动,346
10656,7-9,7-9,,高等,整合,zhěnghé,动,346
10657,7-9,7-9,,高等,整洁,zhěngjié,形,346
10658,7-9,7-9,,高等,拯救,zhěngjiù,动,346
10659,7-9,7-9,,高等,整数,zhěngshù,名,346
10660,7-9,7-9,,高等,整治,zhěngzhì,动,346
10661,7-9,7-9,,高等,正版,zhèngbǎn,名,346
10662,7-9,7-9,,高等,正当,zhèngdàng,形,346
10663,7-9,7-9,,高等,政党,zhèngdǎng,名,346
10664,7-9,7-9,,高等,正经,zhèngjing,形,346
10665,7-9,7-9,,高等,正能量,zhèngnéngliàng,名,346
10666,7-9,7-9,,高等,正气,zhèngqì,名,346
10667,7-9,7-9,,高等,政权,zhèngquán,名,346
10668,7-9,7-9,,高等,证券,zhèngquàn,名,346
10669,7-9,7-9,,高等,证人,zhèngrén,名,346
10670,7-9,7-9,,高等,正视,zhèngshì,动,346
10671,7-9,7-9,,高等,正直,zhèngzhí,形,346
10672,7-9,7-9,,高等,郑重,zhèngzhòng,形,346
10673,7-9,7-9,,高等,正宗,zhèngzōng,名、形,346
10674,7-9,7-9,,高等,之2,zhī,代,346
10675,7-9,7-9,,高等,织,zhī,动,346
10676,7-9,7-9,,高等,之际,zhījì,名,346
10677,7-9,7-9,,高等,知己,zhījǐ,形、名,346
10678,7-9,7-9,,高等,支架,zhījià,名、动,346
10679,7-9,7-9,,高等,知觉,zhījué,名,346
10680,7-9,7-9,,高等,支流,zhīliú,名,346
10681,7-9,7-9,,高等,芝麻,zhīma,名,347
10682,7-9,7-9,,高等,支配,zhīpèi,动,347
10683,7-9,7-9,,高等,支票,zhīpiào,名,347
10684,7-9,7-9,,高等,知识分子,zhīshi fènzǐ,,347
10685,7-9,7-9,,高等,肢体,zhītǐ,名,347
10686,7-9,7-9,,高等,支援,zhīyuán,动,347
10687,7-9,7-9,,高等,支柱,zhīzhù,名,347
10688,7-9,7-9,,高等,知足,zhīzú,形,347
10689,7-9,7-9,,高等,知足常乐,zhīzú-chánglè,,347
10690,7-9,7-9,,高等,职称,zhíchēng,名,347
10691,7-9,7-9,,高等,直达,zhídá,动,347
10692,7-9,7-9,,高等,执法,zhífǎ,动,347
10693,7-9,7-9,,高等,直观,zhíguān,形,347
10694,7-9,7-9,,高等,直径,zhíjìng,名,347
10695,7-9,7-9,,高等,直觉,zhíjué,名,347
10696,7-9,7-9,,高等,职能,zhínéng,名,347
10697,7-9,7-9,,高等,值钱,zhíqián,形,347
10698,7-9,7-9,,高等,直升机,zhíshēngjī,名,347
10699,7-9,7-9,,高等,直视,zhíshì,动,347
10700,7-9,7-9,,高等,直线,zhíxiàn,名、形,347
10701,7-9,7-9,,高等,直辖市,zhíxiáshì,名,347
10702,7-9,7-9,,高等,执意,zhíyì,副,347
10703,7-9,7-9,,高等,执照,zhízhào,名,347
10704,7-9,7-9,,高等,直至,zhízhì,动,347
10705,7-9,7-9,,高等,执着,zhízhuó,形,347
10706,7-9,7-9,,高等,纸币,zhǐbì,名,347
10707,7-9,7-9,,高等,指标,zhǐbiāo,名,347
10708,7-9,7-9,,高等,止步,zhǐbù,动,347
10709,7-9,7-9,,高等,指点,zhǐdiǎn,动,347
10710,7-9,7-9,,高等,只管,zhǐguǎn,副,347
10711,7-9,7-9,,高等,指甲,zhǐjia,名,347
10712,7-9,7-9,,高等,指教,zhǐjiào,动,347
10713,7-9,7-9,,高等,指控,zhǐkòng,动,347
10714,7-9,7-9,,高等,指令,zhǐlìng,动、名,347
10715,7-9,7-9,,高等,指南,zhǐnán,名,347
10716,7-9,7-9,,高等,纸上谈兵,zhǐshàng-tánbīng,,347
10717,7-9,7-9,,高等,指手画脚,zhǐshǒu-huàjiǎo,,347
10718,7-9,7-9,,高等,指数,zhǐshù,名,347
10719,7-9,7-9,,高等,指望,zhǐwàng,动、名,347
10720,7-9,7-9,,高等,指纹,zhǐwén,名,347
10721,7-9,7-9,,高等,指向,zhǐxiàng,动、名,348
10722,7-9,7-9,,高等,指引,zhǐyǐn,动,348
10723,7-9,7-9,,高等,旨在,zhǐzài,动,348
10724,7-9,7-9,,高等,致,zhì,动,348
10725,7-9,7-9,,高等,置,zhì,动,348
10726,7-9,7-9,,高等,治安,zhì’ān,名,348
10727,7-9,7-9,,高等,制裁,zhìcái,动,348
10728,7-9,7-9,,高等,致辞,zhìcí,动,348
10729,7-9,7-9,,高等,至此,zhìcǐ,动,348
10730,7-9,7-9,,高等,质地,zhìdì,名,348
10731,7-9,7-9,,高等,制服1,zhìfú,名,348
10732,7-9,7-9,,高等,制服2,zhìfú,动,348
10733,7-9,7-9,,高等,致富,zhìfù,动,348
10734,7-9,7-9,,高等,滞后,zhìhòu,动,348
10735,7-9,7-9,,高等,致敬,zhìjìng,动,348
10736,7-9,7-9,,高等,滞留,zhìliú,动,348
10737,7-9,7-9,,高等,致力于,zhìlìyú,动,348
10738,7-9,7-9,,高等,致命,zhìmìng,动,348
10739,7-9,7-9,,高等,稚嫩,zhìnèn,形,348
10740,7-9,7-9,,高等,质朴,zhìpǔ,形,348
10741,7-9,7-9,,高等,志气,zhìqì,名,348
10742,7-9,7-9,,高等,智商,zhìshāng,名,348
10743,7-9,7-9,,高等,致使,zhìshǐ,动、连,348
10744,7-9,7-9,,高等,质问,zhìwèn,动,348
10745,7-9,7-9,,高等,窒息,zhìxī,动,348
10746,7-9,7-9,,高等,志向,zhìxiàng,名,348
10747,7-9,7-9,,高等,治愈,zhìyù,动,348
10748,7-9,7-9,,高等,志愿,zhìyuàn,名、动,348
10749,7-9,7-9,,高等,制约,zhìyuē,动,348
10750,7-9,7-9,,高等,制止,zhìzhǐ,动,348
10751,7-9,7-9,,高等,钟,zhōng,名,348
10752,7-9,7-9,,高等,忠诚,zhōngchéng,形,348
10753,7-9,7-9,,高等,终端,zhōngduān,名,348
10754,7-9,7-9,,高等,忠告,zhōnggào,动、名,348
10755,7-9,7-9,,高等,终极,zhōngjí,名,348
10756,7-9,7-9,,高等,终结,zhōngjié,动,348
10757,7-9,7-9,,高等,终究,zhōngjiū,副,348
10758,7-9,7-9,,高等,中立,zhōnglì,动,348
10759,7-9,7-9,,高等,终生,zhōngshēng,名,348
10760,7-9,7-9,,高等,忠实,zhōngshí,形、动,348
10761,7-9,7-9,,高等,中途,zhōngtú,名,349
10762,7-9,7-9,,高等,忠心,zhōngxīn,名,349
10763,7-9,7-9,,高等,衷心,zhōngxīn,形,349
10764,7-9,7-9,,高等,中性,zhōngxìng,名、形,349
10765,7-9,7-9,,高等,中叶,zhōngyè,名,349
10766,7-9,7-9,,高等,中庸,zhōngyōng,名、形,349
10767,7-9,7-9,,高等,忠于,zhōngyú,动,349
10768,7-9,7-9,,高等,忠贞,zhōngzhēn,形,349
10769,7-9,7-9,,高等,中止,zhōngzhǐ,动,349
10770,7-9,7-9,,高等,终止,zhōngzhǐ,动,349
10771,7-9,7-9,,高等,肿瘤,zhǒngliú,名,349
10772,7-9,7-9,,高等,种族,zhǒngzú,名,349
10773,7-9,7-9,,高等,仲裁,zhòngcái,动,349
10774,7-9,7-9,,高等,重创,zhòngchuāng,动,349
10775,7-9,7-9,,高等,重量级,zhòngliàngjí,形,349
10776,7-9,7-9,,高等,重任,zhòngrèn,名,349
10777,7-9,7-9,,高等,重型,zhòngxíng,形,349
10778,7-9,7-9,,高等,重用,zhòngyòng,动,349
10779,7-9,7-9,,高等,众志成城,zhòngzhì-chéngchéng,,349
10780,7-9,7-9,,高等,重中之重,zhòngzhōngzhīzhòng,,349
10781,7-9,7-9,,高等,周密,zhōumì,形,349
10782,7-9,7-9,,高等,周岁,zhōusuì,名,349
10783,7-9,7-9,,高等,周旋,zhōuxuán,动,349
10784,7-9,7-9,,高等,周折,zhōuzhé,名,349
10785,7-9,7-9,,高等,周转,zhōuzhuǎn,动,349
10786,7-9,7-9,,高等,皱,zhòu,名、动,349
10787,7-9,7-9,,高等,骤然,zhòurán,副,349
10788,7-9,7-9,,高等,皱纹,zhòuwén,名,349
10789,7-9,7-9,,高等,昼夜,zhòuyè,名,349
10790,7-9,7-9,,高等,朱红,zhūhóng,形,349
10791,7-9,7-9,,高等,诸如此类,zhūrú-cǐlèi,,349
10792,7-9,7-9,,高等,诸位,zhūwèi,代,349
10793,7-9,7-9,,高等,竹竿,zhúgān,名,349
10794,7-9,7-9,,高等,逐年,zhúnián,副,349
10795,7-9,7-9,,高等,逐一,zhúyī,副,349
10796,7-9,7-9,,高等,拄,zhǔ,动,349
10797,7-9,7-9,,高等,主编,zhǔbiān,动、名,349
10798,7-9,7-9,,高等,主打,zhǔdǎ,动,349
10799,7-9,7-9,,高等,嘱咐,zhǔfù,动,349
10800,7-9,7-9,,高等,主力,zhǔlì,名,349
10801,7-9,7-9,,高等,主权,zhǔquán,名,350
10802,7-9,7-9,,高等,主人公,zhǔréngōng,名,350
10803,7-9,7-9,,高等,主体,zhǔtǐ,名,350
10804,7-9,7-9,,高等,主题曲,zhǔtíqǔ,名,350
10805,7-9,7-9,,高等,嘱托,zhǔtuō,动,350
10806,7-9,7-9,,高等,主页,zhǔyè,名,350
10807,7-9,7-9,,高等,主义,zhǔyì,名,350
10808,7-9,7-9,,高等,主宰,zhǔzǎi,动、名,350
10809,7-9,7-9,,高等,注,zhù,动、名,350
10810,7-9,7-9,,高等,驻,zhù,动,350
10811,7-9,7-9,,高等,筑,zhù,动,350
10812,7-9,7-9,,高等,贮藏,zhùcáng,动,350
10813,7-9,7-9,,高等,著称,zhùchēng,动,350
10814,7-9,7-9,,高等,住处,zhùchù,名,350
10815,7-9,7-9,,高等,注定,zhùdìng,动,350
10816,7-9,7-9,,高等,住户,zhùhù,名,350
10817,7-9,7-9,,高等,助力,zhùlì,动、名,350
10818,7-9,7-9,,高等,注射,zhùshè,动,350
10819,7-9,7-9,,高等,注视,zhùshì,动,350
10820,7-9,7-9,,高等,注释,zhùshì,动、名,350
10821,7-9,7-9,,高等,助威,zhùwēi,动,350
10822,7-9,7-9,,高等,注销,zhùxiāo,动,350
10823,7-9,7-9,,高等,蛀牙,zhùyá,名,350
10824,7-9,7-9,,高等,铸造,zhùzào,动,350
10825,7-9,7-9,,高等,驻扎,zhùzhā,动,350
10826,7-9,7-9,,高等,柱子,zhùzi,名,350
10827,7-9,7-9,,高等,驻足,zhùzú,动,350
10828,7-9,7-9,,高等,爪子,zhuǎzi,名,350
10829,7-9,7-9,,高等,拽,zhuài,动,350
10830,7-9,7-9,,高等,专长,zhuāncháng,名,350
10831,7-9,7-9,,高等,专程,zhuānchéng,副,350
10832,7-9,7-9,,高等,专柜,zhuānguì,名,350
10833,7-9,7-9,,高等,专辑,zhuānjí,名,350
10834,7-9,7-9,,高等,专栏,zhuānlán,名,350
10835,7-9,7-9,,高等,专卖,zhuānmài,动,350
10836,7-9,7-9,,高等,专人,zhuānrén,名,350
10837,7-9,7-9,,高等,专项,zhuānxiàng,名,350
10838,7-9,7-9,,高等,专职,zhuānzhí,名,350
10839,7-9,7-9,,高等,专制,zhuānzhì,动、形,350
10840,7-9,7-9,,高等,专著,zhuānzhù,名,350
10841,7-9,7-9,,高等,转播,zhuǎnbō,动,351
10842,7-9,7-9,,高等,转达,zhuǎndá,动,351
10843,7-9,7-9,,高等,转化,zhuǎnhuà,动,351
10844,7-9,7-9,,高等,转机2,zhuǎnjī,名,351
10845,7-9,7-9,,高等,转型,zhuǎnxíng,动,351
10846,7-9,7-9,,高等,转眼,zhuǎnyǎn,动,351
10847,7-9,7-9,,高等,转载,zhuǎnzǎi,动,351
10848,7-9,7-9,,高等,转折,zhuǎnzhé,动,351
10849,7-9,7-9,,高等,转折点,zhuǎnzhédiǎn,名,351
10850,7-9,7-9,,高等,传,zhuàn,名,351
10851,7-9,7-9,,高等,传记,zhuànjì,名,351
10852,7-9,7-9,,高等,撰写,zhuànxiě,动,351
10853,7-9,7-9,,高等,转悠,zhuànyou,动,351
10854,7-9,7-9,,高等,桩,zhuāng,名、量,351
10855,7-9,7-9,,高等,装扮,zhuāngbàn,动,351
10856,7-9,7-9,,高等,庄严,zhuāngyán,形,351
10857,7-9,7-9,,高等,庄园,zhuāngyuán,名,351
10858,7-9,7-9,,高等,装置,zhuāngzhì,动、名,351
10859,7-9,7-9,,高等,庄重,zhuāngzhòng,形,351
10860,7-9,7-9,,高等,幢,zhuàng,量,351
10861,7-9,7-9,,高等,壮,zhuàng,形、动,351
10862,7-9,7-9,,高等,壮大,zhuàngdà,形、动,351
10863,7-9,7-9,,高等,壮观,zhuàngguān,名、形,351
10864,7-9,7-9,,高等,撞击,zhuàngjī,动,351
10865,7-9,7-9,,高等,壮丽,zhuànglì,形,351
10866,7-9,7-9,,高等,壮烈,zhuàngliè,形,351
10867,7-9,7-9,,高等,状元,zhuàngyuan,名,351
10868,7-9,7-9,,高等,追悼,zhuīdào,动,351
10869,7-9,7-9,,高等,追赶,zhuīgǎn,动,351
10870,7-9,7-9,,高等,追捧,zhuīpěng,动,351
10871,7-9,7-9,,高等,追溯,zhuīsù,动,351
10872,7-9,7-9,,高等,追随,zhuīsuí,动,351
10873,7-9,7-9,,高等,追尾,zhuīwěi,动,351
10874,7-9,7-9,,高等,追问,zhuīwèn,动,351
10875,7-9,7-9,,高等,追逐,zhuīzhú,动,351
10876,7-9,7-9,,高等,追踪,zhuīzōng,动,351
10877,7-9,7-9,,高等,坠,zhuì,动、名,351
10878,7-9,7-9,,高等,坠落,zhuìluò,动,351
10879,7-9,7-9,,高等,准许,zhǔnxǔ,动,351
10880,7-9,7-9,,高等,准则,zhǔnzé,名,351
10881,7-9,7-9,,高等,拙劣,zhuōliè,形,352
10882,7-9,7-9,,高等,捉迷藏,zhuōmícáng,,352
10883,7-9,7-9,,高等,着力,zhuólì,动,352
10884,7-9,7-9,,高等,着落,zhuóluò,名,352
10885,7-9,7-9,,高等,酌情,zhuóqíng,动,352
10886,7-9,7-9,,高等,灼热,zhuórè,形,352
10887,7-9,7-9,,高等,着实,zhuóshí,副,352
10888,7-9,7-9,,高等,着手,zhuóshǒu,动,352
10889,7-9,7-9,,高等,着想,zhuóxiǎng,动,352
10890,7-9,7-9,,高等,着眼,zhuóyǎn,动,352
10891,7-9,7-9,,高等,卓越,zhuóyuè,形,352
10892,7-9,7-9,,高等,着重,zhuózhòng,动,352
10893,7-9,7-9,,高等,茁壮,zhuózhuàng,形,352
10894,7-9,7-9,,高等,兹,zī,代,352
10895,7-9,7-9,,高等,资本主义,zīběn zhǔyì,,352
10896,7-9,7-9,,高等,资历,zīlì,名,352
10897,7-9,7-9,,高等,滋润,zīrùn,形、动,352
10898,7-9,7-9,,高等,资深,zīshēn,形,352
10899,7-9,7-9,,高等,滋生,zīshēng,动,352
10900,7-9,7-9,,高等,姿态,zītài,名,352
10901,7-9,7-9,,高等,滋味,zīwèi,名,352
10902,7-9,7-9,,高等,资讯,zīxùn,名,352
10903,7-9,7-9,,高等,资质,zīzhì,名,352
10904,7-9,7-9,,高等,资助,zīzhù,动,352
10905,7-9,7-9,,高等,籽,zǐ,名,352
10906,7-9,7-9,,高等,子弹,zǐdàn,名,352
10907,7-9,7-9,,高等,子弟,zǐdì,名,352
10908,7-9,7-9,,高等,子孙,zǐsūn,名,352
10909,7-9,7-9,,高等,自卑,zìbēi,形,352
10910,7-9,7-9,,高等,自称,zìchēng,动、名,352
10911,7-9,7-9,,高等,自发,zìfā,形,352
10912,7-9,7-9,,高等,自费,zìfèi,动,352
10913,7-9,7-9,,高等,自负1,zìfù,动,352
10914,7-9,7-9,,高等,自负2,zìfù,形,352
10915,7-9,7-9,,高等,字迹,zìjì,名,352
10916,7-9,7-9,,高等,自立,zìlì,动,352
10917,7-9,7-9,,高等,自理,zìlǐ,动,352
10918,7-9,7-9,,高等,自力更生,zìlì-gēngshēng,,352
10919,7-9,7-9,,高等,自满,zìmǎn,形,352
10920,7-9,7-9,,高等,自强不息,zìqiáng-bùxī,,352
10921,7-9,7-9,,高等,自然而然,zìrán’érrán,,353
10922,7-9,7-9,,高等,自然界,zìránjiè,名,353
10923,7-9,7-9,,高等,自如,zìrú,形,353
10924,7-9,7-9,,高等,自始至终,zìshǐ-zhìzhōng,,353
10925,7-9,7-9,,高等,自首,zìshǒu,动,353
10926,7-9,7-9,,高等,自私,zìsī,形,353
10927,7-9,7-9,,高等,字体,zìtǐ,名,353
10928,7-9,7-9,,高等,自卫,zìwèi,动,353
10929,7-9,7-9,,高等,自相矛盾,zìxiāng-máodùn,,353
10930,7-9,7-9,,高等,自行,zìxíng,副,353
10931,7-9,7-9,,高等,字眼,zìyǎn,名,353
10932,7-9,7-9,,高等,自以为是,zìyǐwéishì,,353
10933,7-9,7-9,,高等,自在,zìzai,形,353
10934,7-9,7-9,,高等,自责,zìzé,动,353
10935,7-9,7-9,,高等,自治区,zìzhìqū,名,353
10936,7-9,7-9,,高等,自主,zìzhǔ,动,353
10937,7-9,7-9,,高等,自尊,zìzūn,动,353
10938,7-9,7-9,,高等,宗,zōng,量,353
10939,7-9,7-9,,高等,踪迹,zōngjì,名,353
10940,7-9,7-9,,高等,宗教,zōngjiào,名,353
10941,7-9,7-9,,高等,综艺,zōngyì,名,353
10942,7-9,7-9,,高等,宗旨,zōngzhǐ,名,353
10943,7-9,7-9,,高等,总额,zǒng’é,名,353
10944,7-9,7-9,,高等,总而言之,zǒng’éryánzhī,,353
10945,7-9,7-9,,高等,总和,zǒnghé,名,353
10946,7-9,7-9,,高等,纵观,zòngguān,动,353
10947,7-9,7-9,,高等,纵横,zònghéng,形、动,353
10948,7-9,7-9,,高等,纵然,zòngrán,连,353
10949,7-9,7-9,,高等,纵容,zòngróng,动,353
10950,7-9,7-9,,高等,纵深,zòngshēn,名,353
10951,7-9,7-9,,高等,走过场,zǒu guòchǎng,,353
10952,7-9,7-9,,高等,走弯路,zǒu wānlù,,353
10953,7-9,7-9,,高等,走漏,zǒulòu,动,353
10954,7-9,7-9,,高等,走势,zǒushì,名,353
10955,7-9,7-9,,高等,走私,zǒusī,动,353
10956,7-9,7-9,,高等,走投无路,zǒutóu-wúlù,,353
10957,7-9,7-9,,高等,走向,zǒuxiàng,名,353
10958,7-9,7-9,,高等,揍,zòu,动,353
10959,7-9,7-9,,高等,奏效,zòuxiào,动,353
10960,7-9,7-9,,高等,租赁,zūlìn,动,353
10961,7-9,7-9,,高等,足不出户,zúbùchūhù,,354
10962,7-9,7-9,,高等,足迹,zújì,名,354
10963,7-9,7-9,,高等,足智多谋,zúzhì-duōmóu,,354
10964,7-9,7-9,,高等,祖传,zǔchuán,动,354
10965,7-9,7-9,,高等,祖父,zǔfù,名,354
10966,7-9,7-9,,高等,祖籍,zǔjí,名,354
10967,7-9,7-9,,高等,组建,zǔjiàn,动,354
10968,7-9,7-9,,高等,阻拦,zǔlán,动,354
10969,7-9,7-9,,高等,阻力,zǔlì,名,354
10970,7-9,7-9,,高等,祖母,zǔmǔ,名,354
10971,7-9,7-9,,高等,阻挠,zǔnáo,动,354
10972,7-9,7-9,,高等,组装,zǔzhuāng,动,354
10973,7-9,7-9,,高等,祖宗,zǔzong,名,354
10974,7-9,7-9,,高等,钻空子,zuān kòngzi,,354
10975,7-9,7-9,,高等,钻研,zuānyán,动,354
10976,7-9,7-9,,高等,钻石,zuànshí,名,354
10977,7-9,7-9,,高等,嘴唇,zuǐchún,名,354
10978,7-9,7-9,,高等,罪犯,zuìfàn,名,354
10979,7-9,7-9,,高等,罪魁祸首,zuìkuí-huòshǒu,,354
10980,7-9,7-9,,高等,尊贵,zūnguì,形,354
10981,7-9,7-9,,高等,遵循,zūnxún,动,354
10982,7-9,7-9,,高等,尊严,zūnyán,名,354
10983,7-9,7-9,,高等,遵照,zūnzhào,动,354
10984,7-9,7-9,,高等,琢磨,zuómo,动,354
10985,7-9,7-9,,高等,左顾右盼,zuǒgù-yòupàn,,354
10986,7-9,7-9,,高等,作弊,zuòbì,动,354
10987,7-9,7-9,,高等,作对,zuòduì,动,354
10988,7-9,7-9,,高等,作废,zuòfèi,动,354
10989,7-9,7-9,,高等,作风,zuòfēng,名,354
10990,7-9,7-9,,高等,作客,zuòkè,动,354
10991,7-9,7-9,,高等,作料,zuòliao,名,354
10992,7-9,7-9,,高等,坐落,zuòluò,动,354
10993,7-9,7-9,,高等,座谈,zuòtán,动,354
10994,7-9,7-9,,高等,作为2,zuòwéi,名、动,354
10995,7-9,7-9,,高等,作物,zuòwù,名,354
10996,7-9,7-9,,高等,作息,zuòxī,动,354
10997,7-9,7-9,,高等,座右铭,zuòyòumíng,名,354
10998,7-9,7-9,,高等,作战,zuòzhàn,动,354
10999,7-9,7-9,,高等,做证,zuòzhèng,动,354
11000,7-9,7-9,,高等,做主,zuòzhǔ,动,354
